timestamp,breathing_waveform
1630678967002,7376911
1630678967042,7376963
1630678967082,7377746
1630678967122,7377120
1630678967162,7375868
1630678967202,7376285
1630678967242,7375399
1630678967282,7376703
1630678967322,7378424
1630678967362,7380927
1630678967402,7382178
1630678967442,7384577
1630678967482,7386820
1630678967522,7388801
1630678967562,7392295
1630678967602,7394121
1630678967642,7396363
1630678967682,7398397
1630678967722,7400378
1630678967762,7402829
1630678967802,7404602
1630678967842,7407053
1630678967882,7407836
1630678967922,7409609
1630678967962,7411017
1630678968002,7412373
1630678968042,7412947
1630678968082,7412581
1630678968122,7411382
1630678968162,7410600
1630678968202,7409192
1630678968242,7408096
1630678968282,7407836
1630678968322,7406845
1630678968362,7405854
1630678968402,7405333
1630678968442,7404081
1630678968482,7402204
1630678968522,7400796
1630678968562,7400066
1630678968602,7399335
1630678968642,7398866
1630678968682,7397823
1630678968722,7397249
1630678968762,7397145
1630678968802,7396102
1630678968842,7396467
1630678968882,7396832
1630678968922,7397980
1630678968962,7395581
1630678969002,7395529
1630678969042,7394016
1630678969082,7392660
1630678969122,7391722
1630678969162,7390992
1630678969202,7392400
1630678969242,7394016
1630678969282,7393808
1630678969322,7394173
1630678969362,7392035
1630678969402,7390887
1630678969442,7389636
1630678969482,7388749
1630678969522,7389271
1630678969562,7389271
1630678969602,7389219
1630678969642,7389531
1630678969682,7388854
1630678969722,7387863
1630678969762,7387289
1630678969802,7386507
1630678969842,7386298
1630678969882,7385516
1630678969922,7386924
1630678969962,7388541
1630678970002,7390627
1630678970042,7391461
1630678970082,7393599
1630678970122,7394799
1630678970162,7396415
1630678970202,7398605
1630678970242,7400743
1630678970282,7403038
1630678970322,7404602
1630678970362,7406324
1630678970402,7408149
1630678970442,7410130
1630678970482,7412529
1630678970522,7414355
1630678970562,7415919
1630678970602,7417588
1630678970642,7418422
1630678970682,7419257
1630678970722,7420717
1630678970762,7420195
1630678970802,7418579
1630678970842,7418422
1630678970882,7418057
1630678970922,7417588
1630678970962,7416284
1630678971002,7414615
1630678971042,7413677
1630678971082,7412112
1630678971122,7410808
1630678971162,7410287
1630678971202,7408983
1630678971242,7407575
1630678971282,7407002
1630678971322,7406324
1630678971362,7406167
1630678971402,7407106
1630678971442,7407471
1630678971482,7407053
1630678971522,7405489
1630678971562,7404342
1630678971602,7402777
1630678971642,7401839
1630678971682,7401317
1630678971722,7402360
1630678971762,7402100
1630678971802,7401995
1630678971842,7401891
1630678971882,7401056
1630678971922,7399857
1630678971962,7400170
1630678972002,7399284
1630678972042,7399805
1630678972082,7399909
1630678972122,7399440
1630678972162,7399075
1630678972202,7398501
1630678972242,7397145
1630678972282,7395789
1630678972322,7395476
1630678972362,7395529
1630678972402,7395320
1630678972442,7394381
1630678972482,7393495
1630678972522,7392973
1630678972562,7391982
1630678972602,7391774
1630678972642,7393703
1630678972682,7395268
1630678972722,7397197
1630678972762,7399440
1630678972802,7401786
1630678972842,7405385
1630678972882,7407314
1630678972922,7410652
1630678972962,7411747
1630678973002,7412999
1630678973042,7415241
1630678973082,7416023
1630678973122,7417744
1630678973162,7419830
1630678973202,7421864
1630678973242,7423637
1630678973282,7424576
1630678973322,7426401
1630678973362,7426193
1630678973402,7424263
1630678973442,7422490
1630678973482,7420404
1630678973522,7418891
1630678973562,7418839
1630678973602,7419257
1630678973642,7418057
1630678973682,7417483
1630678973722,7417066
1630678973762,7416232
1630678973802,7415032
1630678973842,7414407
1630678973882,7414824
1630678973922,7413885
1630678973962,7414198
1630678974002,7414355
1630678974042,7413677
1630678974082,7413051
1630678974122,7412686
1630678974162,7412008
1630678974202,7411226
1630678974242,7410912
1630678974282,7410704
1630678974322,7410183
1630678974362,7410026
1630678974402,7410078
1630678974442,7410443
1630678974482,7409348
1630678974522,7409140
1630678974562,7408775
1630678974602,7408461
1630678974642,7408045
1630678974682,7407679
1630678974722,7407262
1630678974762,7407471
1630678974802,7407367
1630678974842,7407106
1630678974882,7406793
1630678974922,7405906
1630678974962,7405489
1630678975002,7406219
1630678975042,7405124
1630678975082,7405176
1630678975122,7405228
1630678975162,7404602
1630678975202,7404446
1630678975242,7404498
1630678975282,7404029
1630678975322,7402621
1630678975362,7401943
1630678975402,7401109
1630678975442,7400066
1630678975482,7398918
1630678975522,7398449
1630678975562,7397562
1630678975602,7397510
1630678975642,7396780
1630678975682,7396050
1630678975722,7394903
1630678975762,7393912
1630678975802,7393599
1630678975842,7393078
1630678975882,7393025
1630678975922,7393808
1630678975962,7394225
1630678976002,7396363
1630678976042,7397093
1630678976082,7398918
1630678976122,7400118
1630678976162,7401004
1630678976202,7402204
1630678976242,7404551
1630678976282,7406324
1630678976322,7408670
1630678976362,7410861
1630678976402,7413520
1630678976442,7415397
1630678976482,7416440
1630678976522,7416597
1630678976562,7416336
1630678976602,7415189
1630678976642,7414615
1630678976682,7414042
1630678976722,7414407
1630678976762,7413416
1630678976802,7412842
1630678976842,7412321
1630678976882,7410704
1630678976922,7409974
1630678976962,7409765
1630678977002,7410078
1630678977042,7409296
1630678977082,7407575
1630678977122,7406636
1630678977162,7407158
1630678977202,7406584
1630678977242,7405854
1630678977282,7406115
1630678977322,7405176
1630678977362,7404498
1630678977402,7404446
1630678977442,7402882
1630678977482,7402151
1630678977522,7401630
1630678977562,7400535
1630678977602,7399753
1630678977642,7398240
1630678977682,7398710
1630678977722,7397406
1630678977762,7396467
1630678977802,7396415
1630678977842,7395737
1630678977882,7395268
1630678977922,7394903
1630678977962,7394642
1630678978002,7393495
1630678978042,7393495
1630678978082,7392921
1630678978122,7393547
1630678978162,7393130
1630678978202,7393599
1630678978242,7394694
1630678978282,7395476
1630678978322,7394799
1630678978362,7393808
1630678978402,7392817
1630678978442,7390053
1630678978482,7388488
1630678978522,7388541
1630678978562,7388593
1630678978602,7389479
1630678978642,7390835
1630678978682,7391670
1630678978722,7393390
1630678978762,7395529
1630678978802,7396676
1630678978842,7398605
1630678978882,7400848
1630678978922,7402986
1630678978962,7405645
1630678979002,7408566
1630678979042,7412425
1630678979082,7415450
1630678979122,7418057
1630678979162,7420560
1630678979202,7421186
1630678979242,7422125
1630678979282,7422229
1630678979322,7421030
1630678979362,7420195
1630678979402,7418735
1630678979442,7418266
1630678979482,7416232
1630678979522,7414250
1630678979562,7413885
1630678979602,7413103
1630678979642,7411434
1630678979682,7410183
1630678979722,7409818
1630678979762,7409035
1630678979802,7409140
1630678979842,7408305
1630678979882,7407314
1630678979922,7407053
1630678979962,7406741
1630678980002,7406584
1630678980042,7405802
1630678980082,7405489
1630678980122,7405750
1630678980162,7405333
1630678980202,7405124
1630678980242,7405020
1630678980282,7404185
1630678980322,7404446
1630678980362,7404237
1630678980402,7404237
1630678980442,7404290
1630678980482,7402934
1630678980522,7402204
1630678980562,7400274
1630678980602,7399648
1630678980642,7398292
1630678980682,7396937
1630678980722,7396207
1630678980762,7395059
1630678980802,7394433
1630678980842,7393703
1630678980882,7393547
1630678980922,7393078
1630678980962,7393703
1630678981002,7392348
1630678981042,7391461
1630678981082,7391565
1630678981122,7391096
1630678981162,7391670
1630678981202,7391722
1630678981242,7390835
1630678981282,7391096
1630678981322,7389844
1630678981362,7390731
1630678981402,7391044
1630678981442,7391617
1630678981482,7393495
1630678981522,7395059
1630678981562,7395581
1630678981602,7396624
1630678981642,7398136
1630678981682,7399544
1630678981722,7400535
1630678981762,7401943
1630678981802,7403299
1630678981842,7404602
1630678981882,7406584
1630678981922,7407992
1630678981962,7409661
1630678982002,7410808
1630678982042,7412738
1630678982082,7413364
1630678982122,7415658
1630678982162,7416493
1630678982202,7417588
1630678982242,7418318
1630678982282,7418370
1630678982322,7418109
1630678982362,7417327
1630678982402,7416545
1630678982442,7415867
1630678982482,7415293
1630678982522,7413833
1630678982562,7412947
1630678982602,7412321
1630678982642,7411538
1630678982682,7410704
1630678982722,7409818
1630678982762,7409348
1630678982802,7409296
1630678982842,7408461
1630678982882,7407419
1630678982922,7407158
1630678982962,7405906
1630678983002,7405906
1630678983042,7406115
1630678983082,7404394
1630678983122,7404602
1630678983162,7403820
1630678983202,7403664
1630678983242,7403299
1630678983282,7403351
1630678983322,7403925
1630678983362,7404237
1630678983402,7404290
1630678983442,7404081
1630678983482,7403299
1630678983522,7402777
1630678983562,7402673
1630678983602,7402047
1630678983642,7401161
1630678983682,7401109
1630678983722,7400222
1630678983762,7399388
1630678983802,7398710
1630678983842,7398345
1630678983882,7397093
1630678983922,7397093
1630678983962,7396154
1630678984002,7396519
1630678984042,7397041
1630678984082,7398814
1630678984122,7400170
1630678984162,7401526
1630678984202,7403194
1630678984242,7404446
1630678984282,7405385
1630678984322,7407627
1630678984362,7410600
1630678984402,7414094
1630678984442,7416753
1630678984482,7419204
1630678984522,7420717
1630678984562,7420717
1630678984602,7418996
1630678984642,7416388
1630678984682,7414511
1630678984722,7414302
1630678984762,7413781
1630678984802,7412999
1630678984842,7413364
1630678984882,7412425
1630678984922,7412164
1630678984962,7411434
1630678985002,7410496
1630678985042,7409974
1630678985082,7409348
1630678985122,7409244
1630678985162,7409192
1630678985202,7409922
1630678985242,7408931
1630678985282,7408305
1630678985322,7408149
1630678985362,7407471
1630678985402,7407158
1630678985442,7406584
1630678985482,7406636
1630678985522,7406688
1630678985562,7407158
1630678985602,7407732
1630678985642,7406741
1630678985682,7407314
1630678985722,7407940
1630678985762,7407888
1630678985802,7408514
1630678985842,7408149
1630678985882,7408096
1630678985922,7408305
1630678985962,7407523
1630678986002,7406636
1630678986042,7406219
1630678986082,7406636
1630678986122,7406584
1630678986162,7406584
1630678986202,7406688
1630678986242,7406063
1630678986282,7405072
1630678986322,7405333
1630678986362,7405437
1630678986402,7405228
1630678986442,7404968
1630678986482,7404185
1630678986522,7404237
1630678986562,7404029
1630678986602,7403977
1630678986642,7403768
1630678986682,7403768
1630678986722,7403351
1630678986762,7403560
1630678986802,7404081
1630678986842,7403090
1630678986882,7402569
1630678986922,7402100
1630678986962,7400743
1630678987002,7400848
1630678987042,7400222
1630678987082,7399909
1630678987122,7398970
1630678987162,7398605
1630678987202,7398345
1630678987242,7398292
1630678987282,7397823
1630678987322,7397667
1630678987362,7397667
1630678987402,7397197
1630678987442,7397354
1630678987482,7397823
1630678987522,7398032
1630678987562,7397980
1630678987602,7399179
1630678987642,7400013
1630678987682,7401056
1630678987722,7401786
1630678987762,7403612
1630678987802,7404707
1630678987842,7406011
1630678987882,7407002
1630678987922,7408305
1630678987962,7409870
1630678988002,7412216
1630678988042,7413781
1630678988082,7415815
1630678988122,7417379
1630678988162,7418839
1630678988202,7420821
1630678988242,7421916
1630678988282,7424315
1630678988322,7424732
1630678988362,7426453
1630678988402,7426714
1630678988442,7426558
1630678988482,7425879
1630678988522,7424836
1630678988562,7423689
1630678988602,7422907
1630678988642,7421968
1630678988682,7421968
1630678988722,7421186
1630678988762,7420091
1630678988802,7419048
1630678988842,7418474
1630678988882,7417327
1630678988922,7416910
1630678988962,7416023
1630678989002,7415085
1630678989042,7414876
1630678989082,7414407
1630678989122,7413468
1630678989162,7413416
1630678989202,7413312
1630678989242,7412686
1630678989282,7412269
1630678989322,7412060
1630678989362,7412164
1630678989402,7411747
1630678989442,7411695
1630678989482,7412425
1630678989522,7411747
1630678989562,7411382
1630678989602,7409870
1630678989642,7409348
1630678989682,7409818
1630678989722,7409765
1630678989762,7409609
1630678989802,7409296
1630678989842,7408514
1630678989882,7408879
1630678989922,7408305
1630678989962,7408305
1630678990002,7407367
1630678990042,7406167
1630678990082,7405228
1630678990122,7404916
1630678990162,7404863
1630678990202,7404863
1630678990242,7404863
1630678990282,7404811
1630678990322,7403560
1630678990362,7403143
1630678990402,7402464
1630678990442,7402569
1630678990482,7404342
1630678990522,7404916
1630678990562,7406167
1630678990602,7407575
1630678990642,7409400
1630678990682,7412060
1630678990722,7414824
1630678990762,7417640
1630678990802,7418839
1630678990842,7420821
1630678990882,7421916
1630678990922,7423898
1630678990962,7425358
1630678991002,7426923
1630678991042,7428591
1630678991082,7430364
1630678991122,7431199
1630678991162,7431720
1630678991202,7432242
1630678991242,7432398
1630678991282,7431147
1630678991322,7431042
1630678991362,7429269
1630678991402,7428435
1630678991442,7427392
1630678991482,7427235
1630678991522,7427392
1630678991562,7426140
1630678991602,7425358
1630678991642,7425150
1630678991682,7424628
1630678991722,7424107
1630678991762,7424576
1630678991802,7423689
1630678991842,7423533
1630678991882,7423168
1630678991922,7423324
1630678991962,7423481
1630678992002,7423063
1630678992042,7423063
1630678992082,7422594
1630678992122,7422229
1630678992162,7422907
1630678992202,7423689
1630678992242,7423533
1630678992282,7423063
1630678992322,7423533
1630678992362,7422750
1630678992402,7421551
1630678992442,7421030
1630678992482,7420143
1630678992522,7419152
1630678992562,7418370
1630678992602,7417744
1630678992642,7417275
1630678992682,7416336
1630678992722,7416232
1630678992762,7415032
1630678992802,7415450
1630678992842,7415763
1630678992882,7415345
1630678992922,7415189
1630678992962,7414824
1630678993002,7414615
1630678993042,7414250
1630678993082,7413416
1630678993122,7413259
1630678993162,7411747
1630678993202,7411799
1630678993242,7410183
1630678993282,7409192
1630678993322,7408670
1630678993362,7408096
1630678993402,7407053
1630678993442,7406063
1630678993482,7405698
1630678993522,7405124
1630678993562,7406063
1630678993602,7405333
1630678993642,7405489
1630678993682,7406063
1630678993722,7407992
1630678993762,7410078
1630678993802,7411278
1630678993842,7413729
1630678993882,7415189
1630678993922,7416545
1630678993962,7419726
1630678994002,7421395
1630678994042,7423220
1630678994082,7425567
1630678994122,7427757
1630678994162,7428904
1630678994202,7429947
1630678994242,7427235
1630678994282,7424524
1630678994322,7421708
1630678994362,7420091
1630678994402,7419100
1630678994442,7418422
1630678994482,7418057
1630678994522,7418057
1630678994562,7417171
1630678994602,7416284
1630678994642,7414720
1630678994682,7414302
1630678994722,7413520
1630678994762,7413207
1630678994802,7413677
1630678994842,7412999
1630678994882,7412060
1630678994922,7411956
1630678994962,7411695
1630678995002,7412425
1630678995042,7411382
1630678995082,7410130
1630678995122,7407158
1630678995162,7404133
1630678995202,7400639
1630678995242,7399127
1630678995282,7397615
1630678995322,7396519
1630678995362,7395424
1630678995402,7394642
1630678995442,7393025
1630678995482,7392243
1630678995522,7392452
1630678995562,7391878
1630678995602,7390835
1630678995642,7389897
1630678995682,7388801
1630678995722,7388019
1630678995762,7387863
1630678995802,7387706
1630678995842,7387550
1630678995882,7387446
1630678995922,7388645
1630678995962,7387863
1630678996002,7388541
1630678996042,7387446
1630678996082,7387393
1630678996122,7386820
1630678996162,7387393
1630678996202,7388593
1630678996242,7390418
1630678996282,7393338
1630678996322,7395111
1630678996362,7398814
1630678996402,7400848
1630678996442,7403612
1630678996482,7405124
1630678996522,7408253
1630678996562,7410496
1630678996602,7413416
1630678996642,7415085
1630678996682,7417118
1630678996722,7418005
1630678996762,7418839
1630678996802,7418214
1630678996842,7415763
1630678996882,7414146
1630678996922,7413259
1630678996962,7413520
1630678997002,7412947
1630678997042,7413364
1630678997082,7413207
1630678997122,7412686
1630678997162,7412634
1630678997202,7410965
1630678997242,7411695
1630678997282,7410391
1630678997322,7410287
1630678997362,7409192
1630678997402,7408566
1630678997442,7407836
1630678997482,7407523
1630678997522,7407627
1630678997562,7407106
1630678997602,7405750
1630678997642,7404759
1630678997682,7404290
1630678997722,7404446
1630678997762,7404707
1630678997802,7404498
1630678997842,7404342
1630678997882,7405020
1630678997922,7404290
1630678997962,7404237
1630678998002,7404081
1630678998042,7403925
1630678998082,7404237
1630678998122,7403664
1630678998162,7402621
1630678998202,7402673
1630678998242,7402934
1630678998282,7403977
1630678998322,7404133
1630678998362,7406428
1630678998402,7407367
1630678998442,7409765
1630678998482,7412529
1630678998522,7414511
1630678998562,7416493
1630678998602,7418631
1630678998642,7419204
1630678998682,7417640
1630678998722,7416753
1630678998762,7415345
1630678998802,7414772
1630678998842,7415606
1630678998882,7414511
1630678998922,7413781
1630678998962,7413051
1630678999002,7412425
1630678999042,7411799
1630678999082,7410861
1630678999122,7410443
1630678999162,7410339
1630678999202,7409765
1630678999242,7407732
1630678999282,7407419
1630678999322,7405541
1630678999362,7406115
1630678999402,7404811
1630678999442,7404029
1630678999482,7403664
1630678999522,7402829
1630678999562,7402256
1630678999602,7402360
1630678999642,7401578
1630678999682,7401317
1630678999722,7402047
1630678999762,7403194
1630678999802,7404968
1630678999842,7406271
1630678999882,7408514
1630678999922,7411226
1630678999962,7413572
1630679000002,7416910
1630679000042,7418839
1630679000082,7420665
1630679000122,7422490
1630679000162,7423116
1630679000202,7424628
1630679000242,7425619
1630679000282,7426609
1630679000322,7427652
1630679000362,7428383
1630679000402,7428278
1630679000442,7428383
1630679000482,7428852
1630679000522,7428539
1630679000562,7429217
1630679000602,7429739
1630679000642,7430103
1630679000682,7429999
1630679000722,7429739
1630679000762,7429530
1630679000802,7428174
1630679000842,7427079
1630679000882,7427548
1630679000922,7425462
1630679000962,7425827
1630679001002,7425201
1630679001042,7425410
1630679001082,7425358
1630679001122,7425150
1630679001162,7424628
1630679001202,7423637
1630679001242,7424054
1630679001282,7423585
1630679001322,7423324
1630679001362,7424159
1630679001402,7422750
1630679001442,7422542
1630679001482,7421916
1630679001522,7420769
1630679001562,7420039
1630679001602,7420665
1630679001642,7419987
1630679001682,7418891
1630679001722,7418109
1630679001762,7417588
1630679001802,7416701
1630679001842,7416180
1630679001882,7415345
1630679001922,7414824
1630679001962,7413416
1630679002002,7412373
1630679002042,7411382
1630679002082,7410912
1630679002122,7409818
1630679002162,7409192
1630679002202,7408514
1630679002242,7408201
1630679002282,7407314
1630679002322,7405750
1630679002362,7405437
1630679002402,7405594
1630679002442,7405437
1630679002482,7404394
1630679002522,7405437
1630679002562,7404707
1630679002602,7405854
1630679002642,7406897
1630679002682,7407523
1630679002722,7408722
1630679002762,7409870
1630679002802,7410912
1630679002842,7412269
1630679002882,7413677
1630679002922,7415345
1630679002962,7417275
1630679003002,7417536
1630679003042,7419048
1630679003082,7420456
1630679003122,7422073
1630679003162,7422855
1630679003202,7424784
1630679003242,7425619
1630679003282,7427027
1630679003322,7428539
1630679003362,7429060
1630679003402,7430417
1630679003442,7431094
1630679003482,7431199
1630679003522,7432555
1630679003562,7432346
1630679003602,7432242
1630679003642,7431668
1630679003682,7431094
1630679003722,7430938
1630679003762,7428852
1630679003802,7427601
1630679003842,7425306
1630679003882,7424263
1630679003922,7422803
1630679003962,7422750
1630679004002,7422542
1630679004042,7422803
1630679004082,7422803
1630679004122,7421655
1630679004162,7421291
1630679004202,7420404
1630679004242,7419309
1630679004282,7418370
1630679004322,7417692
1630679004362,7417431
1630679004402,7416858
1630679004442,7417692
1630679004482,7416388
1630679004522,7415554
1630679004562,7415293
1630679004602,7412894
1630679004642,7411591
1630679004682,7411069
1630679004722,7411382
1630679004762,7410130
1630679004802,7409609
1630679004842,7409765
1630679004882,7409974
1630679004922,7409504
1630679004962,7409244
1630679005002,7408357
1630679005042,7409400
1630679005082,7409818
1630679005122,7410339
1630679005162,7411486
1630679005202,7411747
1630679005242,7411695
1630679005282,7410391
1630679005322,7409870
1630679005362,7409713
1630679005402,7408670
1630679005442,7408201
1630679005482,7408827
1630679005522,7408566
1630679005562,7408149
1630679005602,7408149
1630679005642,7408775
1630679005682,7407888
1630679005722,7408096
1630679005762,7408096
1630679005802,7408931
1630679005842,7408983
1630679005882,7409348
1630679005922,7408461
1630679005962,7408514
1630679006002,7407262
1630679006042,7407471
1630679006082,7407471
1630679006122,7406741
1630679006162,7406532
1630679006202,7406167
1630679006242,7406793
1630679006282,7405489
1630679006322,7406219
1630679006362,7405489
1630679006402,7404759
1630679006442,7404342
1630679006482,7404498
1630679006522,7404602
1630679006562,7404290
1630679006602,7403977
1630679006642,7403455
1630679006682,7402986
1630679006722,7403299
1630679006762,7403299
1630679006802,7404968
1630679006842,7404551
1630679006882,7406219
1630679006922,7407106
1630679006962,7409453
1630679007002,7410861
1630679007042,7413259
1630679007082,7414720
1630679007122,7416545
1630679007162,7417692
1630679007202,7418474
1630679007242,7419726
1630679007282,7421603
1630679007322,7422907
1630679007362,7425097
1630679007402,7426453
1630679007442,7429165
1630679007482,7431355
1630679007522,7432868
1630679007562,7434276
1630679007602,7434484
1630679007642,7434901
1630679007682,7434641
1630679007722,7434588
1630679007762,7434432
1630679007802,7434536
1630679007842,7433754
1630679007882,7433128
1630679007922,7432294
1630679007962,7431147
1630679008002,7429999
1630679008042,7429634
1630679008082,7428278
1630679008122,7427705
1630679008162,7426818
1630679008202,7426870
1630679008242,7425984
1630679008282,7425306
1630679008322,7425619
1630679008362,7424628
1630679008402,7424680
1630679008442,7423793
1630679008482,7423742
1630679008522,7423793
1630679008562,7423168
1630679008602,7423011
1630679008642,7422438
1630679008682,7422542
1630679008722,7421551
1630679008762,7420977
1630679008802,7420717
1630679008842,7420560
1630679008882,7419622
1630679008922,7419517
1630679008962,7418944
1630679009002,7419100
1630679009042,7418214
1630679009082,7417327
1630679009122,7417536
1630679009162,7417379
1630679009202,7417692
1630679009242,7417014
1630679009282,7418474
1630679009322,7417901
1630679009362,7417014
1630679009402,7416180
1630679009442,7414980
1630679009482,7415345
1630679009522,7415241
1630679009562,7413989
1630679009602,7413312
1630679009642,7413468
1630679009682,7412947
1630679009722,7412686
1630679009762,7411538
1630679009802,7411538
1630679009842,7411382
1630679009882,7410026
1630679009922,7409818
1630679009962,7409400
1630679010002,7408827
1630679010042,7409609
1630679010082,7409035
1630679010122,7407940
1630679010162,7407836
1630679010202,7407627
1630679010242,7406741
1630679010282,7406324
1630679010322,7406636
1630679010362,7406063
1630679010402,7405854
1630679010442,7405594
1630679010482,7405594
1630679010522,7405594
1630679010562,7404968
1630679010602,7403977
1630679010642,7404602
1630679010682,7404342
1630679010722,7404602
1630679010762,7403977
1630679010802,7403768
1630679010842,7403247
1630679010882,7402047
1630679010922,7402934
1630679010962,7402829
1630679011002,7403351
1630679011042,7404081
1630679011082,7405385
1630679011122,7405437
1630679011162,7404759
1630679011202,7404759
1630679011242,7404185
1630679011282,7403872
1630679011322,7402621
1630679011362,7403560
1630679011402,7403299
1630679011442,7403716
1630679011482,7403194
1630679011522,7403351
1630679011562,7403351
1630679011602,7401369
1630679011642,7401786
1630679011682,7401056
1630679011722,7399440
1630679011762,7399179
1630679011802,7399596
1630679011842,7400743
1630679011882,7400952
1630679011922,7402360
1630679011962,7403247
1630679012002,7405176
1630679012042,7406636
1630679012082,7407992
1630679012122,7410287
1630679012162,7412216
1630679012202,7413989
1630679012242,7416128
1630679012282,7417744
1630679012322,7420091
1630679012362,7421655
1630679012402,7424002
1630679012442,7426609
1630679012482,7427444
1630679012522,7430156
1630679012562,7431511
1630679012602,7433963
1630679012642,7436205
1630679012682,7437039
1630679012722,7436883
1630679012762,7436935
1630679012802,7436257
1630679012842,7435840
1630679012882,7435266
1630679012922,7433858
1630679012962,7433806
1630679013002,7432503
1630679013042,7431825
1630679013082,7430990
1630679013122,7431303
1630679013162,7430103
1630679013202,7429426
1630679013242,7428956
1630679013282,7428383
1630679013322,7427861
1630679013362,7428018
1630679013402,7427131
1630679013442,7426558
1630679013482,7425879
1630679013522,7425097
1630679013562,7424524
1630679013602,7424524
1630679013642,7424107
1630679013682,7422699
1630679013722,7422177
1630679013762,7420873
1630679013802,7419883
1630679013842,7418631
1630679013882,7417483
1630679013922,7417171
1630679013962,7415867
1630679014002,7415189
1630679014042,7414928
1630679014082,7414667
1630679014122,7414094
1630679014162,7413259
1630679014202,7412947
1630679014242,7412738
1630679014282,7412529
1630679014322,7413677
1630679014362,7414980
1630679014402,7415345
1630679014442,7418161
1630679014482,7419204
1630679014522,7421655
1630679014562,7423898
1630679014602,7425410
1630679014642,7427757
1630679014682,7429843
1630679014722,7432085
1630679014762,7432711
1630679014802,7434380
1630679014842,7435840
1630679014882,7436727
1630679014922,7436205
1630679014962,7435319
1630679015002,7434223
1630679015042,7433076
1630679015082,7432346
1630679015122,7431511
1630679015162,7431720
1630679015202,7430052
1630679015242,7429686
1630679015282,7428644
1630679015322,7428070
1630679015362,7426453
1630679015402,7426036
1630679015442,7426140
1630679015482,7424784
1630679015522,7424159
1630679015562,7423428
1630679015602,7423116
1630679015642,7421864
1630679015682,7421551
1630679015722,7420352
1630679015762,7419465
1630679015802,7419569
1630679015842,7418735
1630679015882,7418735
1630679015922,7418057
1630679015962,7417744
1630679016002,7417901
1630679016042,7418579
1630679016082,7418422
1630679016122,7419204
1630679016162,7420039
1630679016202,7420352
1630679016242,7421447
1630679016282,7423428
1630679016322,7424576
1630679016362,7426349
1630679016402,7426662
1630679016442,7426453
1630679016482,7425984
1630679016522,7427235
1630679016562,7428644
1630679016602,7428852
1630679016642,7429947
1630679016682,7430729
1630679016722,7430990
1630679016762,7431094
1630679016802,7431564
1630679016842,7432242
1630679016882,7431251
1630679016922,7431511
1630679016962,7430990
1630679017002,7430573
1630679017042,7430834
1630679017082,7429895
1630679017122,7429269
1630679017162,7428748
1630679017202,7427809
1630679017242,7426558
1630679017282,7425201
1630679017322,7424263
1630679017362,7423898
1630679017402,7423481
1630679017442,7423011
1630679017482,7422855
1630679017522,7422542
1630679017562,7422699
1630679017602,7422646
1630679017642,7422907
1630679017682,7423428
1630679017722,7422542
1630679017762,7423324
1630679017802,7423220
1630679017842,7423168
1630679017882,7422646
1630679017922,7422959
1630679017962,7423011
1630679018002,7423011
1630679018042,7422438
1630679018082,7421812
1630679018122,7420717
1630679018162,7420873
1630679018202,7420612
1630679018242,7420977
1630679018282,7420299
1630679018322,7420039
1630679018362,7420821
1630679018402,7420247
1630679018442,7420456
1630679018482,7419883
1630679018522,7419517
1630679018562,7418683
1630679018602,7418839
1630679018642,7418579
1630679018682,7418318
1630679018722,7418735
1630679018762,7419152
1630679018802,7419934
1630679018842,7419309
1630679018882,7418057
1630679018922,7417744
1630679018962,7415971
1630679019002,7415815
1630679019042,7414563
1630679019082,7413885
1630679019122,7413781
1630679019162,7413624
1630679019202,7414042
1630679019242,7415658
1630679019282,7416910
1630679019322,7418318
1630679019362,7419413
1630679019402,7420143
1630679019442,7421916
1630679019482,7424263
1630679019522,7425515
1630679019562,7428070
1630679019602,7430260
1630679019642,7434171
1630679019682,7436414
1630679019722,7438395
1630679019762,7440064
1630679019802,7441576
1630679019842,7441316
1630679019882,7440586
1630679019922,7440221
1630679019962,7439334
1630679020002,7436205
1630679020042,7434119
1630679020082,7434015
1630679020122,7432815
1630679020162,7432137
1630679020202,7431929
1630679020242,7431251
1630679020282,7430364
1630679020322,7430312
1630679020362,7428956
1630679020402,7428122
1630679020442,7426818
1630679020482,7426505
1630679020522,7425723
1630679020562,7424993
1630679020602,7424002
1630679020642,7423011
1630679020682,7422438
1630679020722,7421968
1630679020762,7421760
1630679020802,7422125
1630679020842,7421916
1630679020882,7421186
1630679020922,7420717
1630679020962,7420404
1630679021002,7420143
1630679021042,7419517
1630679021082,7419309
1630679021122,7418631
1630679021162,7419726
1630679021202,7419726
1630679021242,7419465
1630679021282,7419100
1630679021322,7419309
1630679021362,7418057
1630679021402,7417588
1630679021442,7416806
1630679021482,7416858
1630679021522,7416701
1630679021562,7414198
1630679021602,7409348
1630679021642,7405020
1630679021682,7401995
1630679021722,7399909
1630679021762,7397458
1630679021802,7397458
1630679021842,7399857
1630679021882,7400326
1630679021922,7399596
1630679021962,7399492
1630679022002,7399909
1630679022042,7399857
1630679022082,7399909
1630679022122,7399388
1630679022162,7399075
1630679022202,7399753
1630679022242,7399753
1630679022282,7399805
1630679022322,7399700
1630679022362,7399857
1630679022402,7399909
1630679022442,7399700
1630679022482,7398970
1630679022522,7398553
1630679022562,7397980
1630679022602,7397667
1630679022642,7398240
1630679022682,7399961
1630679022722,7400743
1630679022762,7402256
1630679022802,7404707
1630679022842,7406793
1630679022882,7408566
1630679022922,7411434
1630679022962,7413364
1630679023002,7415919
1630679023042,7418057
1630679023082,7420560
1630679023122,7423220
1630679023162,7424941
1630679023202,7428070
1630679023242,7429321
1630679023282,7431094
1630679023322,7431929
1630679023362,7432294
1630679023402,7432294
1630679023442,7431303
1630679023482,7429739
1630679023522,7428644
1630679023562,7428018
1630679023602,7426609
1630679023642,7424836
1630679023682,7424628
1630679023722,7424002
1630679023762,7423585
1630679023802,7421968
1630679023842,7421655
1630679023882,7421238
1630679023922,7421134
1630679023962,7420039
1630679024002,7418996
1630679024042,7418579
1630679024082,7417744
1630679024122,7417223
1630679024162,7416128
1630679024202,7415554
1630679024242,7414667
1630679024282,7413989
1630679024322,7413259
1630679024362,7413259
1630679024402,7412842
1630679024442,7412425
1630679024482,7411538
1630679024522,7411017
1630679024562,7410912
1630679024602,7410652
1630679024642,7410652
1630679024682,7410235
1630679024722,7409661
1630679024762,7409192
1630679024802,7408879
1630679024842,7409348
1630679024882,7409087
1630679024922,7409557
1630679024962,7410548
1630679025002,7411695
1630679025042,7413468
1630679025082,7414459
1630679025122,7416128
1630679025162,7417066
1630679025202,7419048
1630679025242,7420769
1630679025282,7422750
1630679025322,7423428
1630679025362,7426140
1630679025402,7426714
1630679025442,7429269
1630679025482,7430417
1630679025522,7433076
1630679025562,7434223
1630679025602,7436257
1630679025642,7437665
1630679025682,7439073
1630679025722,7438291
1630679025762,7437509
1630679025802,7436414
1630679025842,7435475
1630679025882,7434432
1630679025922,7434015
1630679025962,7432920
1630679026002,7432659
1630679026042,7430677
1630679026082,7430156
1630679026122,7427757
1630679026162,7426714
1630679026202,7424836
1630679026242,7424211
1630679026282,7422229
1630679026322,7421864
1630679026362,7420508
1630679026402,7419413
1630679026442,7418787
1630679026482,7417848
1630679026522,7416858
1630679026562,7416753
1630679026602,7415606
1630679026642,7415397
1630679026682,7415606
1630679026722,7414720
1630679026762,7414042
1630679026802,7413624
1630679026842,7412738
1630679026882,7412581
1630679026922,7412529
1630679026962,7411904
1630679027002,7411904
1630679027042,7411069
1630679027082,7410496
1630679027122,7410287
1630679027162,7411121
1630679027202,7411069
1630679027242,7410600
1630679027282,7411173
1630679027322,7412112
1630679027362,7412060
1630679027402,7411695
1630679027442,7412112
1630679027482,7411330
1630679027522,7410861
1630679027562,7410339
1630679027602,7410183
1630679027642,7410130
1630679027682,7410391
1630679027722,7410496
1630679027762,7410026
1630679027802,7410391
1630679027842,7410496
1630679027882,7410078
1630679027922,7409818
1630679027962,7409870
1630679028002,7410443
1630679028042,7410912
1630679028082,7411226
1630679028122,7412634
1630679028162,7413624
1630679028202,7414146
1630679028242,7414511
1630679028282,7413520
1630679028322,7413312
1630679028362,7412321
1630679028402,7411591
1630679028442,7411278
1630679028482,7410861
1630679028522,7410808
1630679028562,7410912
1630679028602,7410078
1630679028642,7410496
1630679028682,7410287
1630679028722,7409818
1630679028762,7409713
1630679028802,7410235
1630679028842,7409713
1630679028882,7409922
1630679028922,7410443
1630679028962,7410652
1630679029002,7410808
1630679029042,7410287
1630679029082,7409974
1630679029122,7409504
1630679029162,7409296
1630679029202,7409244
1630679029242,7409974
1630679029282,7409453
1630679029322,7410026
1630679029362,7410026
1630679029402,7410183
1630679029442,7409087
1630679029482,7408722
1630679029522,7408931
1630679029562,7408775
1630679029602,7409922
1630679029642,7409661
1630679029682,7410130
1630679029722,7409504
1630679029762,7409192
1630679029802,7409974
1630679029842,7411173
1630679029882,7412947
1630679029922,7415032
1630679029962,7417379
1630679030002,7419830
1630679030042,7422073
1630679030082,7423793
1630679030122,7424680
1630679030162,7426088
1630679030202,7428591
1630679030242,7430364
1630679030282,7432815
1630679030322,7434171
1630679030362,7434588
1630679030402,7435319
1630679030442,7434693
1630679030482,7433806
1630679030522,7432450
1630679030562,7430990
1630679030602,7429582
1630679030642,7428800
1630679030682,7427705
1630679030722,7426714
1630679030762,7425879
1630679030802,7425671
1630679030842,7424628
1630679030882,7424680
1630679030922,7424107
1630679030962,7424784
1630679031002,7425045
1630679031042,7425723
1630679031082,7425306
1630679031122,7425410
1630679031162,7425306
1630679031202,7424471
1630679031242,7424159
1630679031282,7423063
1630679031322,7422855
1630679031362,7423168
1630679031402,7422438
1630679031442,7421968
1630679031482,7422385
1630679031522,7422073
1630679031562,7422438
1630679031602,7422959
1630679031642,7422385
1630679031682,7422229
1630679031722,7421864
1630679031762,7421655
1630679031802,7421655
1630679031842,7421655
1630679031882,7421551
1630679031922,7420352
1630679031962,7420769
1630679032002,7419674
1630679032042,7419413
1630679032082,7419883
1630679032122,7418474
1630679032162,7417588
1630679032202,7416597
1630679032242,7416493
1630679032282,7416232
1630679032322,7414615
1630679032362,7413989
1630679032402,7414355
1630679032442,7413155
1630679032482,7413312
1630679032522,7412112
1630679032562,7412164
1630679032602,7412216
1630679032642,7410965
1630679032682,7411851
1630679032722,7411121
1630679032762,7411434
1630679032802,7411278
1630679032842,7411278
1630679032882,7411121
1630679032922,7411226
1630679032962,7410912
1630679033002,7410078
1630679033042,7410183
1630679033082,7411121
1630679033122,7410548
1630679033162,7412373
1630679033202,7413677
1630679033242,7415815
1630679033282,7416493
1630679033322,7417848
1630679033362,7419309
1630679033402,7421760
1630679033442,7423220
1630679033482,7423689
1630679033522,7425671
1630679033562,7427548
1630679033602,7428956
1630679033642,7430990
1630679033682,7431616
1630679033722,7432920
1630679033762,7434067
1630679033802,7436257
1630679033842,7437822
1630679033882,7439803
1630679033922,7441055
1630679033962,7442202
1630679034002,7442984
1630679034042,7442984
1630679034082,7443037
1630679034122,7442359
1630679034162,7442359
1630679034202,7441941
1630679034242,7441107
1630679034282,7440325
1630679034322,7439230
1630679034362,7438760
1630679034402,7439021
1630679034442,7437874
1630679034482,7437092
1630679034522,7436674
1630679034562,7436466
1630679034602,7436257
1630679034642,7436049
1630679034682,7436309
1630679034722,7435944
1630679034762,7435788
1630679034802,7435006
1630679034842,7434641
1630679034882,7434954
1630679034922,7434432
1630679034962,7434745
1630679035002,7433545
1630679035042,7433076
1630679035082,7432555
1630679035122,7432607
1630679035162,7431668
1630679035202,7431407
1630679035242,7431199
1630679035282,7430573
1630679035322,7430417
1630679035362,7429478
1630679035402,7428644
1630679035442,7428435
1630679035482,7427705
1630679035522,7427340
1630679035562,7426244
1630679035602,7425410
1630679035642,7425201
1630679035682,7424159
1630679035722,7423585
1630679035762,7422646
1630679035802,7422438
1630679035842,7421864
1630679035882,7419987
1630679035922,7419883
1630679035962,7418996
1630679036002,7418161
1630679036042,7418109
1630679036082,7417431
1630679036122,7417379
1630679036162,7416701
1630679036202,7416075
1630679036242,7415345
1630679036282,7415815
1630679036322,7414667
1630679036362,7415710
1630679036402,7415450
1630679036442,7415137
1630679036482,7415658
1630679036522,7414563
1630679036562,7414042
1630679036602,7414146
1630679036642,7414407
1630679036682,7415085
1630679036722,7415450
1630679036762,7416858
1630679036802,7418370
1630679036842,7419569
1630679036882,7420873
1630679036922,7422385
1630679036962,7423168
1630679037002,7424576
1630679037042,7425150
1630679037082,7426088
1630679037122,7428331
1630679037162,7430156
1630679037202,7430886
1630679037242,7432450
1630679037282,7433754
1630679037322,7433963
1630679037362,7435006
1630679037402,7436257
1630679037442,7438030
1630679037482,7438604
1630679037522,7439543
1630679037562,7440846
1630679037602,7441889
1630679037642,7442046
1630679037682,7442619
1630679037722,7441629
1630679037762,7440377
1630679037802,7439543
1630679037842,7438865
1630679037882,7439021
1630679037922,7437874
1630679037962,7437509
1630679038002,7436779
1630679038042,7435214
1630679038082,7434380
1630679038122,7433806
1630679038162,7433598
1630679038202,7433076
1630679038242,7432815
1630679038282,7431981
1630679038322,7431720
1630679038362,7430677
1630679038402,7430573
1630679038442,7430677
1630679038482,7429269
1630679038522,7429060
1630679038562,7429060
1630679038602,7428800
1630679038642,7428644
1630679038682,7427027
1630679038722,7426244
1630679038762,7425932
1630679038802,7425671
1630679038842,7425254
1630679038882,7423846
1630679038922,7423428
1630679038962,7422385
1630679039002,7422490
1630679039042,7422229
1630679039082,7421551
1630679039122,7421291
1630679039162,7420717
1630679039202,7420299
1630679039242,7419309
1630679039282,7419309
1630679039322,7419204
1630679039362,7418891
1630679039402,7418839
1630679039442,7417848
1630679039482,7417327
1630679039522,7416753
1630679039562,7416336
1630679039602,7416075
1630679039642,7415867
1630679039682,7415502
1630679039722,7415658
1630679039762,7415971
1630679039802,7417171
1630679039842,7417483
1630679039882,7418891
1630679039922,7420456
1630679039962,7420247
1630679040002,7422125
1630679040042,7423168
1630679040082,7424159
1630679040122,7426244
1630679040162,7427287
1630679040202,7428278
1630679040242,7429634
1630679040282,7430677
1630679040322,7431929
1630679040362,7432294
1630679040402,7433545
1630679040442,7434536
1630679040482,7435788
1630679040522,7437405
1630679040562,7439125
1630679040602,7439960
1630679040642,7442098
1630679040682,7442619
1630679040722,7443402
1630679040762,7445123
1630679040802,7445435
1630679040842,7445331
1630679040882,7446478
1630679040922,7445279
1630679040962,7444757
1630679041002,7443819
1630679041042,7443506
1630679041082,7443141
1630679041122,7442932
1630679041162,7442046
1630679041202,7441472
1630679041242,7440690
1630679041282,7440846
1630679041322,7440429
1630679041362,7440273
1630679041402,7439856
1630679041442,7439647
1630679041482,7439908
1630679041522,7439021
1630679041562,7439230
1630679041602,7439856
1630679041642,7438656
1630679041682,7438813
1630679041722,7437770
1630679041762,7437248
1630679041802,7436935
1630679041842,7436049
1630679041882,7435319
1630679041922,7434536
1630679041962,7434536
1630679042002,7433858
1630679042042,7433650
1630679042082,7432972
1630679042122,7432503
1630679042162,7431407
1630679042202,7430677
1630679042242,7430156
1630679042282,7429947
1630679042322,7429113
1630679042362,7428487
1630679042402,7427287
1630679042442,7426349
1630679042482,7425723
1630679042522,7424784
1630679042562,7423950
1630679042602,7423428
1630679042642,7422594
1630679042682,7422073
1630679042722,7421134
1630679042762,7420665
1630679042802,7419883
1630679042842,7419309
1630679042882,7419309
1630679042922,7418526
1630679042962,7418005
1630679043002,7418057
1630679043042,7417796
1630679043082,7417483
1630679043122,7417483
1630679043162,7416858
1630679043202,7417171
1630679043242,7417014
1630679043282,7416597
1630679043322,7416493
1630679043362,7416649
1630679043402,7416858
1630679043442,7417901
1630679043482,7418370
1630679043522,7419309
1630679043562,7420195
1630679043602,7421812
1630679043642,7422750
1630679043682,7424159
1630679043722,7425254
1630679043762,7427131
1630679043802,7427652
1630679043842,7428748
1630679043882,7430208
1630679043922,7431511
1630679043962,7433545
1630679044002,7434067
1630679044042,7435214
1630679044082,7436570
1630679044122,7437509
1630679044162,7438760
1630679044202,7440325
1630679044242,7441576
1630679044282,7442463
1630679044322,7443558
1630679044362,7444810
1630679044402,7445592
1630679044442,7445905
1630679044482,7445331
1630679044522,7445540
1630679044562,7444653
1630679044602,7443349
1630679044642,7443767
1630679044682,7442463
1630679044722,7441368
1630679044762,7440794
1630679044802,7439595
1630679044842,7439073
1630679044882,7437874
1630679044922,7437561
1630679044962,7435996
1630679045002,7435579
1630679045042,7435371
1630679045082,7433858
1630679045122,7433858
1630679045162,7432868
1630679045202,7432711
1630679045242,7432085
1630679045282,7431407
1630679045322,7430729
1630679045362,7429582
1630679045402,7429321
1630679045442,7429374
1630679045482,7428487
1630679045522,7427652
1630679045562,7427809
1630679045602,7426349
1630679045642,7425723
1630679045682,7424836
1630679045722,7423846
1630679045762,7424315
1630679045802,7422959
1630679045842,7422333
1630679045882,7422281
1630679045922,7421968
1630679045962,7421655
1630679046002,7421134
1630679046042,7420612
1630679046082,7420925
1630679046122,7420508
1630679046162,7420456
1630679046202,7420091
1630679046242,7419830
1630679046282,7419100
1630679046322,7419778
1630679046362,7418891
1630679046402,7418944
1630679046442,7418579
1630679046482,7418318
1630679046522,7417223
1630679046562,7417796
1630679046602,7417014
1630679046642,7417692
1630679046682,7417692
1630679046722,7417275
1630679046762,7417014
1630679046802,7417483
1630679046842,7418683
1630679046882,7419569
1630679046922,7420195
1630679046962,7421499
1630679047002,7422438
1630679047042,7423011
1630679047082,7424732
1630679047122,7425045
1630679047162,7426453
1630679047202,7428383
1630679047242,7429217
1630679047282,7429791
1630679047322,7431511
1630679047362,7432972
1630679047402,7433858
1630679047442,7434797
1630679047482,7436257
1630679047522,7437300
1630679047562,7438865
1630679047602,7439699
1630679047642,7440429
1630679047682,7441941
1630679047722,7443506
1630679047762,7444184
1630679047802,7444810
1630679047842,7444549
1630679047882,7444236
1630679047922,7444236
1630679047962,7443349
1630679048002,7442202
1630679048042,7442724
1630679048082,7442150
1630679048122,7440846
1630679048162,7440325
1630679048202,7439125
1630679048242,7439178
1630679048282,7438708
1630679048322,7437717
1630679048362,7437561
1630679048402,7436362
1630679048442,7436257
1630679048482,7436518
1630679048522,7436101
1630679048562,7435892
1630679048602,7434797
1630679048642,7434171
1630679048682,7433702
1630679048722,7433233
1630679048762,7433076
1630679048802,7433493
1630679048842,7432607
1630679048882,7431511
1630679048922,7429791
1630679048962,7430052
1630679049002,7429530
1630679049042,7428539
1630679049082,7428278
1630679049122,7427861
1630679049162,7427652
1630679049202,7427392
1630679049242,7426453
1630679049282,7425045
1630679049322,7425619
1630679049362,7424836
1630679049402,7424159
1630679049442,7423637
1630679049482,7422855
1630679049522,7422594
1630679049562,7422020
1630679049602,7422803
1630679049642,7421030
1630679049682,7421134
1630679049722,7420352
1630679049762,7419987
1630679049802,7419569
1630679049842,7419674
1630679049882,7419152
1630679049922,7418839
1630679049962,7418422
1630679050002,7418474
1630679050042,7418161
1630679050082,7418266
1630679050122,7418161
1630679050162,7417640
1630679050202,7418161
1630679050242,7418005
1630679050282,7417536
1630679050322,7417692
1630679050362,7418944
1630679050402,7418891
1630679050442,7419569
1630679050482,7419517
1630679050522,7419622
1630679050562,7421291
1630679050602,7421812
1630679050642,7422803
1630679050682,7423585
1630679050722,7425462
1630679050762,7425827
1630679050802,7427444
1630679050842,7428852
1630679050882,7429947
1630679050922,7430782
1630679050962,7432033
1630679051002,7433128
1630679051042,7434536
1630679051082,7435944
1630679051122,7437039
1630679051162,7437144
1630679051202,7437561
1630679051242,7438187
1630679051282,7438656
1630679051322,7439960
1630679051362,7441107
1630679051402,7442150
1630679051442,7442828
1630679051482,7443767
1630679051522,7443610
1630679051562,7443819
1630679051602,7443819
1630679051642,7443089
1630679051682,7442515
1630679051722,7442359
1630679051762,7441733
1630679051802,7441629
1630679051842,7440429
1630679051882,7440116
1630679051922,7439230
1630679051962,7439021
1630679052002,7437613
1630679052042,7435475
1630679052082,7434432
1630679052122,7433128
1630679052162,7431929
1630679052202,7431616
1630679052242,7431251
1630679052282,7431042
1630679052322,7430103
1630679052362,7429686
1630679052402,7429113
1630679052442,7429217
1630679052482,7428331
1630679052522,7428070
1630679052562,7427601
1630679052602,7426401
1630679052642,7426036
1630679052682,7424941
1630679052722,7424576
1630679052762,7423950
1630679052802,7423898
1630679052842,7423533
1630679052882,7422855
1630679052922,7421760
1630679052962,7420665
1630679053002,7420717
1630679053042,7419934
1630679053082,7420091
1630679053122,7419257
1630679053162,7419152
1630679053202,7419100
1630679053242,7418996
1630679053282,7418579
1630679053322,7418214
1630679053362,7417796
1630679053402,7417588
1630679053442,7417953
1630679053482,7417066
1630679053522,7417379
1630679053562,7417223
1630679053602,7416701
1630679053642,7417275
1630679053682,7417536
1630679053722,7416701
1630679053762,7416545
1630679053802,7416284
1630679053842,7416545
1630679053882,7416701
1630679053922,7417692
1630679053962,7418161
1630679054002,7418787
1630679054042,7420560
1630679054082,7421291
1630679054122,7422594
1630679054162,7423742
1630679054202,7423846
1630679054242,7424732
1630679054282,7426401
1630679054322,7427444
1630679054362,7429165
1630679054402,7430103
1630679054442,7431094
1630679054482,7432555
1630679054522,7433911
1630679054562,7434067
1630679054602,7435788
1630679054642,7436727
1630679054682,7438030
1630679054722,7439490
1630679054762,7441681
1630679054802,7441889
1630679054842,7443454
1630679054882,7445383
1630679054922,7447157
1630679054962,7447104
1630679055002,7447730
1630679055042,7447886
1630679055082,7447157
1630679055122,7446687
1630679055162,7446166
1630679055202,7445331
1630679055242,7444392
1630679055282,7443349
1630679055322,7442828
1630679055362,7442046
1630679055402,7441368
1630679055442,7439073
1630679055482,7438865
1630679055522,7436987
1630679055562,7435684
1630679055602,7435266
1630679055642,7434536
1630679055682,7432920
1630679055722,7432763
1630679055762,7431407
1630679055802,7430886
1630679055842,7429947
1630679055882,7429321
1630679055922,7428904
1630679055962,7428070
1630679056002,7426662
1630679056042,7426766
1630679056082,7425619
1630679056122,7424993
1630679056162,7424836
1630679056202,7424159
1630679056242,7424263
1630679056282,7423793
1630679056322,7423585
1630679056362,7423376
1630679056402,7422646
1630679056442,7422855
1630679056482,7423220
1630679056522,7422594
1630679056562,7422125
1630679056602,7422281
1630679056642,7422020
1630679056682,7422438
1630679056722,7421551
1630679056762,7421655
1630679056802,7421655
1630679056842,7421447
1630679056882,7421238
1630679056922,7420821
1630679056962,7420352
1630679057002,7419413
1630679057042,7419048
1630679057082,7419048
1630679057122,7418996
1630679057162,7418944
1630679057202,7418579
1630679057242,7418318
1630679057282,7419622
1630679057322,7419830
1630679057362,7421134
1630679057402,7421708
1630679057442,7422229
1630679057482,7423481
1630679057522,7423898
1630679057562,7425567
1630679057602,7426714
1630679057642,7428174
1630679057682,7429217
1630679057722,7430469
1630679057762,7431147
1630679057802,7432085
1630679057842,7433233
1630679057882,7434171
1630679057922,7435162
1630679057962,7436101
1630679058002,7437509
1630679058042,7438708
1630679058082,7439908
1630679058122,7441681
1630679058162,7442619
1630679058202,7443037
1630679058242,7444392
1630679058282,7445175
1630679058322,7445123
1630679058362,7445279
1630679058402,7444445
1630679058442,7442932
1630679058482,7441420
1630679058522,7441264
1630679058562,7439543
1630679058602,7438604
1630679058642,7436883
1630679058682,7436518
1630679058722,7434588
1630679058762,7434171
1630679058802,7433545
1630679058842,7432033
1630679058882,7431042
1630679058922,7430208
1630679058962,7429634
1630679059002,7429321
1630679059042,7428852
1630679059082,7428487
1630679059122,7428852
1630679059162,7427652
1630679059202,7427601
1630679059242,7427079
1630679059282,7426297
1630679059322,7425306
1630679059362,7425097
1630679059402,7424419
1630679059442,7423168
1630679059482,7423428
1630679059522,7423116
1630679059562,7422855
1630679059602,7422438
1630679059642,7421551
1630679059682,7420612
1630679059722,7420247
1630679059762,7419883
1630679059802,7420352
1630679059842,7419622
1630679059882,7419465
1630679059922,7419048
1630679059962,7418735
1630679060002,7418579
1630679060042,7418318
1630679060082,7419100
1630679060122,7417744
1630679060162,7418370
1630679060202,7417796
1630679060242,7417536
1630679060282,7417379
1630679060322,7417483
1630679060362,7416962
1630679060402,7418109
1630679060442,7418422
1630679060482,7419204
1630679060522,7420143
1630679060562,7421186
1630679060602,7421551
1630679060642,7421864
1630679060682,7422855
1630679060722,7424054
1630679060762,7425306
1630679060802,7426349
1630679060842,7427861
1630679060882,7429999
1630679060922,7430729
1630679060962,7431668
1630679061002,7432503
1630679061042,7434432
1630679061082,7435162
1630679061122,7437196
1630679061162,7438656
1630679061202,7439647
1630679061242,7441316
1630679061282,7443089
1630679061322,7444236
1630679061362,7445435
1630679061402,7446843
1630679061442,7447417
1630679061482,7448669
1630679061522,7449242
1630679061562,7449034
1630679061602,7447991
1630679061642,7446687
1630679061682,7446166
1630679061722,7444966
1630679061762,7443975
1630679061802,7443245
1630679061842,7441159
1630679061882,7440273
1630679061922,7439282
1630679061962,7437978
1630679062002,7437613
1630679062042,7436153
1630679062082,7435162
1630679062122,7434536
1630679062162,7433806
1630679062202,7433389
1630679062242,7432190
1630679062282,7430886
1630679062322,7431042
1630679062362,7429739
1630679062402,7428695
1630679062442,7428487
1630679062482,7428070
1630679062522,7427652
1630679062562,7425879
1630679062602,7425879
1630679062642,7424680
1630679062682,7424315
1630679062722,7423011
1630679062762,7423324
1630679062802,7421864
1630679062842,7422907
1630679062882,7421551
1630679062922,7421291
1630679062962,7420717
1630679063002,7420195
1630679063042,7420456
1630679063082,7420560
1630679063122,7420143
1630679063162,7420612
1630679063202,7419517
1630679063242,7419726
1630679063282,7419048
1630679063322,7419726
1630679063362,7419204
1630679063402,7418161
1630679063442,7418161
1630679063482,7418266
1630679063522,7418214
1630679063562,7418996
1630679063602,7418526
1630679063642,7419517
1630679063682,7419934
1630679063722,7421291
1630679063762,7421968
1630679063802,7423481
1630679063842,7423793
1630679063882,7425201
1630679063922,7426401
1630679063962,7427601
1630679064002,7428904
1630679064042,7430886
1630679064082,7432294
1630679064122,7433180
1630679064162,7434432
1630679064202,7435058
1630679064242,7437770
1630679064282,7437770
1630679064322,7439334
1630679064362,7440168
1630679064402,7440951
1630679064442,7442672
1630679064482,7443558
1630679064522,7444757
1630679064562,7446531
1630679064602,7447365
1630679064642,7448877
1630679064682,7449086
1630679064722,7449555
1630679064762,7448982
1630679064802,7448200
1630679064842,7447678
1630679064882,7446166
1630679064922,7444914
1630679064962,7444288
1630679065002,7442515
1630679065042,7441576
1630679065082,7440690
1630679065122,7439125
1630679065162,7437717
1630679065202,7436362
1630679065242,7435996
1630679065282,7434745
1630679065322,7434223
1630679065362,7433076
1630679065402,7432763
1630679065442,7432450
1630679065482,7430573
1630679065522,7430208
1630679065562,7429269
1630679065602,7428748
1630679065642,7427966
1630679065682,7427444
1630679065722,7425827
1630679065762,7426088
1630679065802,7424159
1630679065842,7424054
1630679065882,7423585
1630679065922,7423846
1630679065962,7423220
1630679066002,7422907
1630679066042,7422594
1630679066082,7422281
1630679066122,7421655
1630679066162,7421186
1630679066202,7420769
1630679066242,7420352
1630679066282,7420717
1630679066322,7420299
1630679066362,7420091
1630679066402,7419413
1630679066442,7419204
1630679066482,7418579
1630679066522,7418631
1630679066562,7418683
1630679066602,7418422
1630679066642,7418839
1630679066682,7418683
1630679066722,7418944
1630679066762,7419100
1630679066802,7419934
1630679066842,7420769
1630679066882,7421603
1630679066922,7423481
1630679066962,7424211
1630679067002,7425150
1630679067042,7426401
1630679067082,7427183
1630679067122,7428904
1630679067162,7431042
1630679067202,7431981
1630679067242,7432346
1630679067282,7434119
1630679067322,7434849
1630679067362,7435736
1630679067402,7437300
1630679067442,7438969
1630679067482,7440325
1630679067522,7441211
1630679067562,7442463
1630679067602,7443506
1630679067642,7445123
1630679067682,7446583
1630679067722,7447782
1630679067762,7448669
1630679067802,7448512
1630679067842,7448251
1630679067882,7447834
1630679067922,7447417
1630679067962,7445540
1630679068002,7444341
1630679068042,7443715
1630679068082,7442672
1630679068122,7440846
1630679068162,7440325
1630679068202,7439125
1630679068242,7438291
1630679068282,7436727
1630679068322,7435684
1630679068362,7435162
1630679068402,7434276
1630679068442,7433337
1630679068482,7432346
1630679068522,7431564
1630679068562,7430886
1630679068602,7430156
1630679068642,7429530
1630679068682,7429478
1630679068722,7428226
1630679068762,7428383
1630679068802,7426609
1630679068842,7425410
1630679068882,7425515
1630679068922,7424628
1630679068962,7423846
1630679069002,7423220
1630679069042,7423898
1630679069082,7422959
1630679069122,7422646
1630679069162,7422281
1630679069202,7422073
1630679069242,7422385
1630679069282,7421760
1630679069322,7420821
1630679069362,7420977
1630679069402,7420299
1630679069442,7420247
1630679069482,7420560
1630679069522,7420299
1630679069562,7420039
1630679069602,7419204
1630679069642,7419048
1630679069682,7418996
1630679069722,7418735
1630679069762,7419100
1630679069802,7419204
1630679069842,7419152
1630679069882,7420612
1630679069922,7421238
1630679069962,7422073
1630679070002,7424159
1630679070042,7424941
1630679070082,7426036
1630679070122,7426297
1630679070162,7428748
1630679070202,7429686
1630679070242,7431929
1630679070282,7432868
1630679070322,7434328
1630679070362,7435214
1630679070402,7436153
1630679070442,7437613
1630679070482,7438447
1630679070522,7439908
1630679070562,7440325
1630679070602,7442359
1630679070642,7443193
1630679070682,7444601
1630679070722,7446166
1630679070762,7446218
1630679070802,7446478
1630679070842,7445749
1630679070882,7445592
1630679070922,7443349
1630679070962,7443558
1630679071002,7441837
1630679071042,7441472
1630679071082,7440377
1630679071122,7439595
1630679071162,7438552
1630679071202,7437665
1630679071242,7437405
1630679071282,7436779
1630679071322,7436309
1630679071362,7435736
1630679071402,7434797
1630679071442,7434171
1630679071482,7433650
1630679071522,7432763
1630679071562,7432190
1630679071602,7432242
1630679071642,7431042
1630679071682,7430782
1630679071722,7429739
1630679071762,7429478
1630679071802,7429269
1630679071842,7428644
1630679071882,7428383
1630679071922,7427652
1630679071962,7426818
1630679072002,7425984
1630679072042,7425984
1630679072082,7425045
1630679072122,7423950
1630679072162,7423585
1630679072202,7422333
1630679072242,7422855
1630679072282,7422803
1630679072322,7421968
1630679072362,7422073
1630679072402,7421551
1630679072442,7420925
1630679072482,7420143
1630679072522,7420039
1630679072562,7420039
1630679072602,7420717
1630679072642,7419257
1630679072682,7419204
1630679072722,7418318
1630679072762,7417953
1630679072802,7418370
1630679072842,7418057
1630679072882,7418057
1630679072922,7417953
1630679072962,7418005
1630679073002,7417744
1630679073042,7418526
1630679073082,7419100
1630679073122,7419726
1630679073162,7421030
1630679073202,7421968
1630679073242,7423742
1630679073282,7424576
1630679073322,7425723
1630679073362,7427861
1630679073402,7428644
1630679073442,7430052
1630679073482,7430521
1630679073522,7432398
1630679073562,7432815
1630679073602,7434484
1630679073642,7435214
1630679073682,7437039
1630679073722,7438500
1630679073762,7439282
1630679073802,7441107
1630679073842,7442359
1630679073882,7443297
1630679073922,7444914
1630679073962,7446009
1630679074002,7447365
1630679074042,7448512
1630679074082,7449034
1630679074122,7448460
1630679074162,7447000
1630679074202,7445800
1630679074242,7444080
1630679074282,7443193
1630679074322,7442202
1630679074362,7440846
1630679074402,7439595
1630679074442,7439751
1630679074482,7438135
1630679074522,7437822
1630679074562,7436674
1630679074602,7436049
1630679074642,7434954
1630679074682,7433806
1630679074722,7433233
1630679074762,7433233
1630679074802,7432398
1630679074842,7431407
1630679074882,7430782
1630679074922,7428956
1630679074962,7429009
1630679075002,7427809
1630679075042,7427340
1630679075082,7427131
1630679075122,7426140
1630679075162,7425567
1630679075202,7425306
1630679075242,7424002
1630679075282,7424002
1630679075322,7423742
1630679075362,7422699
1630679075402,7422594
1630679075442,7421968
1630679075482,7422229
1630679075522,7422594
1630679075562,7422281
1630679075602,7421603
1630679075642,7420352
1630679075682,7420091
1630679075722,7419987
1630679075762,7419778
1630679075802,7419517
1630679075842,7418526
1630679075882,7419100
1630679075922,7419987
1630679075962,7420247
1630679076002,7420977
1630679076042,7421551
1630679076082,7423376
1630679076122,7424107
1630679076162,7424732
1630679076202,7425723
1630679076242,7427809
1630679076282,7429009
1630679076322,7430312
1630679076362,7431407
1630679076402,7432398
1630679076442,7433128
1630679076482,7434223
1630679076522,7434901
1630679076562,7436779
1630679076602,7437561
1630679076642,7439021
1630679076682,7440377
1630679076722,7441994
1630679076762,7442984
1630679076802,7444601
1630679076842,7445227
1630679076882,7445957
1630679076922,7447157
1630679076962,7448929
1630679077002,7449086
1630679077042,7449659
1630679077082,7449973
1630679077122,7449555
1630679077162,7449138
1630679077202,7447939
1630679077242,7448460
1630679077282,7446739
1630679077322,7447313
1630679077362,7446113
1630679077402,7445488
1630679077442,7445018
1630679077482,7444862
1630679077522,7444288
1630679077562,7443349
1630679077602,7443402
1630679077642,7442724
1630679077682,7442098
1630679077722,7441837
1630679077762,7441264
1630679077802,7441368
1630679077842,7440273
1630679077882,7439803
1630679077922,7439021
1630679077962,7438656
1630679078002,7437561
1630679078042,7437092
1630679078082,7436362
1630679078122,7435788
1630679078162,7435736
1630679078202,7434588
1630679078242,7434276
1630679078282,7434015
1630679078322,7432868
1630679078362,7433180
1630679078402,7431720
1630679078442,7431564
1630679078482,7430729
1630679078522,7430729
1630679078562,7430156
1630679078602,7429999
1630679078642,7429321
1630679078682,7428226
1630679078722,7427548
1630679078762,7427705
1630679078802,7426244
1630679078842,7426401
1630679078882,7425827
1630679078922,7425201
1630679078962,7424419
1630679079002,7424680
1630679079042,7424263
1630679079082,7423846
1630679079122,7424107
1630679079162,7423689
1630679079202,7423585
1630679079242,7423793
1630679079282,7423533
1630679079322,7422959
1630679079362,7423533
1630679079402,7422959
1630679079442,7422646
1630679079482,7422959
1630679079522,7421916
1630679079562,7422020
1630679079602,7421603
1630679079642,7421760
1630679079682,7421655
1630679079722,7421760
1630679079762,7421551
1630679079802,7421655
1630679079842,7421812
1630679079882,7422073
1630679079922,7421499
1630679079962,7422385
1630679080002,7421447
1630679080042,7420821
1630679080082,7421291
1630679080122,7421291
1630679080162,7421551
1630679080202,7421499
1630679080242,7421395
1630679080282,7420821
1630679080322,7420456
1630679080362,7420612
1630679080402,7420665
1630679080442,7421134
1630679080482,7422438
1630679080522,7422803
1630679080562,7423846
1630679080602,7424367
1630679080642,7426609
1630679080682,7426609
1630679080722,7428383
1630679080762,7429217
1630679080802,7430469
1630679080842,7431668
1630679080882,7433285
1630679080922,7434380
1630679080962,7435527
1630679081002,7437248
1630679081042,7437874
1630679081082,7439438
1630679081122,7440377
1630679081162,7440898
1630679081202,7441785
1630679081242,7442984
1630679081282,7443767
1630679081322,7444341
1630679081362,7444914
1630679081402,7446792
1630679081442,7446635
1630679081482,7447052
1630679081522,7446843
1630679081562,7446113
1630679081602,7445175
1630679081642,7444445
1630679081682,7444288
1630679081722,7444080
1630679081762,7442567
1630679081802,7442254
1630679081842,7441576
1630679081882,7441159
1630679081922,7440377
1630679081962,7439856
1630679082002,7438708
1630679082042,7438760
1630679082082,7438030
1630679082122,7437509
1630679082162,7436883
1630679082202,7436831
1630679082242,7435840
1630679082282,7434954
1630679082322,7435006
1630679082362,7434015
1630679082402,7433911
1630679082442,7433754
1630679082482,7432503
1630679082522,7432294
1630679082562,7430990
1630679082602,7429791
1630679082642,7429478
1630679082682,7429165
1630679082722,7427809
1630679082762,7427496
1630679082802,7427444
1630679082842,7426244
1630679082882,7426818
1630679082922,7425932
1630679082962,7424784
1630679083002,7425150
1630679083042,7424680
1630679083082,7424732
1630679083122,7424054
1630679083162,7423168
1630679083202,7424211
1630679083242,7423428
1630679083282,7423376
1630679083322,7423168
1630679083362,7422229
1630679083402,7422750
1630679083442,7422594
1630679083482,7421551
1630679083522,7421916
1630679083562,7421603
1630679083602,7422333
1630679083642,7421760
1630679083682,7422020
1630679083722,7422542
1630679083762,7422803
1630679083802,7424367
1630679083842,7423533
1630679083882,7425671
1630679083922,7425879
1630679083962,7427809
1630679084002,7428852
1630679084042,7430156
1630679084082,7431460
1630679084122,7431199
1630679084162,7432972
1630679084202,7434119
1630679084242,7435266
1630679084282,7435944
1630679084322,7437092
1630679084362,7437978
1630679084402,7439334
1630679084442,7440794
1630679084482,7441629
1630679084522,7443245
1630679084562,7444236
1630679084602,7445435
1630679084642,7445749
1630679084682,7448251
1630679084722,7449294
1630679084762,7450546
1630679084802,7451485
1630679084842,7452006
1630679084882,7451798
1630679084922,7451641
1630679084962,7451328
1630679085002,7450807
1630679085042,7450807
1630679085082,7450963
1630679085122,7449451
1630679085162,7449399
1630679085202,7448304
1630679085242,7448877
1630679085282,7447886
1630679085322,7447834
1630679085362,7446792
1630679085402,7446218
1630679085442,7445383
1630679085482,7444757
1630679085522,7444601
1630679085562,7443871
1630679085602,7442828
1630679085642,7441681
1630679085682,7440429
1630679085722,7440273
1630679085762,7439438
1630679085802,7439021
1630679085842,7438082
1630679085882,7437405
1630679085922,7436570
1630679085962,7436101
1630679086002,7435006
1630679086042,7433911
1630679086082,7433702
1630679086122,7433337
1630679086162,7431877
1630679086202,7431720
1630679086242,7431511
1630679086282,7431355
1630679086322,7430990
1630679086362,7429895
1630679086402,7429686
1630679086442,7429009
1630679086482,7428383
1630679086522,7427652
1630679086562,7426766
1630679086602,7426193
1630679086642,7425984
1630679086682,7425619
1630679086722,7424628
1630679086762,7425097
1630679086802,7424836
1630679086842,7424107
1630679086882,7424732
1630679086922,7424419
1630679086962,7423793
1630679087002,7423793
1630679087042,7423533
1630679087082,7423220
1630679087122,7423689
1630679087162,7424159
1630679087202,7423793
1630679087242,7423898
1630679087282,7424263
1630679087322,7424211
1630679087362,7424680
1630679087402,7425619
1630679087442,7426244
1630679087482,7426609
1630679087522,7427966
1630679087562,7429582
1630679087602,7430364
1630679087642,7432294
1630679087682,7433545
1630679087722,7434745
1630679087762,7435944
1630679087802,7436987
1630679087842,7438447
1630679087882,7439856
1630679087922,7441211
1630679087962,7442672
1630679088002,7443871
1630679088042,7444341
1630679088082,7445488
1630679088122,7446531
1630679088162,7447417
1630679088202,7448825
1630679088242,7449764
1630679088282,7450807
1630679088322,7451120
1630679088362,7452319
1630679088402,7452632
1630679088442,7451902
1630679088482,7451433
1630679088522,7450337
1630679088562,7449816
1630679088602,7448877
1630679088642,7447782
1630679088682,7447939
1630679088722,7446739
1630679088762,7445905
1630679088802,7444757
1630679088842,7444027
1630679088882,7443349
1630679088922,7442672
1630679088962,7441211
1630679089002,7440221
1630679089042,7438656
1630679089082,7438187
1630679089122,7437300
1630679089162,7436309
1630679089202,7435475
1630679089242,7435110
1630679089282,7434901
1630679089322,7433233
1630679089362,7433024
1630679089402,7432294
1630679089442,7432033
1630679089482,7431042
1630679089522,7430677
1630679089562,7430208
1630679089602,7430052
1630679089642,7428383
1630679089682,7427913
1630679089722,7426297
1630679089762,7425827
1630679089802,7425201
1630679089842,7424732
1630679089882,7423533
1630679089922,7423272
1630679089962,7423689
1630679090002,7423324
1630679090042,7423116
1630679090082,7423272
1630679090122,7422750
1630679090162,7423116
1630679090202,7422281
1630679090242,7422699
1630679090282,7422646
1630679090322,7422073
1630679090362,7423324
1630679090402,7423533
1630679090442,7423324
1630679090482,7423585
1630679090522,7424836
1630679090562,7424889
1630679090602,7426193
1630679090642,7427966
1630679090682,7428800
1630679090722,7430729
1630679090762,7430782
1630679090802,7433233
1630679090842,7434223
1630679090882,7435944
1630679090922,7437509
1630679090962,7438604
1630679091002,7440273
1630679091042,7441420
1630679091082,7442411
1630679091122,7443402
1630679091162,7444341
1630679091202,7445644
1630679091242,7446792
1630679091282,7447782
1630679091322,7449242
1630679091362,7449973
1630679091402,7451433
1630679091442,7452163
1630679091482,7453206
1630679091522,7453988
1630679091562,7455240
1630679091602,7455448
1630679091642,7455553
1630679091682,7455344
1630679091722,7454666
1630679091762,7454405
1630679091802,7452893
1630679091842,7452945
1630679091882,7452163
1630679091922,7450442
1630679091962,7449608
1630679092002,7448929
1630679092042,7448929
1630679092082,7449138
1630679092122,7447886
1630679092162,7447261
1630679092202,7447157
1630679092242,7446478
1630679092282,7446583
1630679092322,7446113
1630679092362,7445175
1630679092402,7445383
1630679092442,7444705
1630679092482,7443975
1630679092522,7443610
1630679092562,7443454
1630679092602,7442724
1630679092642,7441629
1630679092682,7441211
1630679092722,7440742
1630679092762,7439803
1630679092802,7438604
1630679092842,7438500
1630679092882,7437457
1630679092922,7437978
1630679092962,7436414
1630679093002,7436309
1630679093042,7435892
1630679093082,7435110
1630679093122,7434849
1630679093162,7433598
1630679093202,7433858
1630679093242,7431877
1630679093282,7432555
1630679093322,7431668
1630679093362,7430625
1630679093402,7430990
1630679093442,7429999
1630679093482,7429009
1630679093522,7428383
1630679093562,7427966
1630679093602,7427601
1630679093642,7426662
1630679093682,7426505
1630679093722,7426088
1630679093762,7427027
1630679093802,7425515
1630679093842,7426401
1630679093882,7425462
1630679093922,7424941
1630679093962,7425410
1630679094002,7425567
1630679094042,7424784
1630679094082,7424784
1630679094122,7424732
1630679094162,7426088
1630679094202,7425619
1630679094242,7426140
1630679094282,7427079
1630679094322,7428174
1630679094362,7429426
1630679094402,7430260
1630679094442,7431094
1630679094482,7432711
1630679094522,7433911
1630679094562,7435214
1630679094602,7436727
1630679094642,7437300
1630679094682,7439334
1630679094722,7439751
1630679094762,7441107
1630679094802,7442567
1630679094842,7443141
1630679094882,7444497
1630679094922,7445696
1630679094962,7446687
1630679095002,7447886
1630679095042,7448982
1630679095082,7449816
1630679095122,7450181
1630679095162,7450859
1630679095202,7451589
1630679095242,7450807
1630679095282,7450337
1630679095322,7449920
1630679095362,7448877
1630679095402,7448251
1630679095442,7447886
1630679095482,7447574
1630679095522,7446374
1630679095562,7446218
1630679095602,7445175
1630679095642,7444341
1630679095682,7443923
1630679095722,7444392
1630679095762,7443349
1630679095802,7442098
1630679095842,7441576
1630679095882,7440638
1630679095922,7440221
1630679095962,7439386
1630679096002,7439125
1630679096042,7437717
1630679096082,7437978
1630679096122,7437509
1630679096162,7436570
1630679096202,7435996
1630679096242,7435944
1630679096282,7435214
1630679096322,7434380
1630679096362,7433702
1630679096402,7433180
1630679096442,7432659
1630679096482,7432033
1630679096522,7432503
1630679096562,7431355
1630679096602,7430782
1630679096642,7429686
1630679096682,7428644
1630679096722,7427757
1630679096762,7427027
1630679096802,7426401
1630679096842,7425775
1630679096882,7425097
1630679096922,7424889
1630679096962,7424315
1630679097002,7424576
1630679097042,7424002
1630679097082,7424471
1630679097122,7424524
1630679097162,7425254
1630679097202,7426349
1630679097242,7427287
1630679097282,7428644
1630679097322,7430677
1630679097362,7431616
1630679097402,7432555
1630679097442,7433285
1630679097482,7434536
1630679097522,7436153
1630679097562,7437300
1630679097602,7438813
1630679097642,7439543
1630679097682,7440586
1630679097722,7442619
1630679097762,7444445
1630679097802,7445383
1630679097842,7446635
1630679097882,7448251
1630679097922,7449190
1630679097962,7450911
1630679098002,7452476
1630679098042,7452841
1630679098082,7453206
1630679098122,7453102
1630679098162,7452319
1630679098202,7452059
1630679098242,7451381
1630679098282,7450546
1630679098322,7448825
1630679098362,7448043
1630679098402,7447365
1630679098442,7446843
1630679098482,7446061
1630679098522,7445227
1630679098562,7444601
1630679098602,7443819
1630679098642,7442932
1630679098682,7442567
1630679098722,7441159
1630679098762,7440533
1630679098802,7440221
1630679098842,7439438
1630679098882,7439334
1630679098922,7437717
1630679098962,7436362
1630679099002,7435788
1630679099042,7435214
1630679099082,7434849
1630679099122,7433598
1630679099162,7433128
1630679099202,7432711
1630679099242,7432190
1630679099282,7431877
1630679099322,7431199
1630679099362,7430990
1630679099402,7429374
1630679099442,7429060
1630679099482,7428435
1630679099522,7428644
1630679099562,7427652
1630679099602,7427652
1630679099642,7425984
1630679099682,7426244
1630679099722,7425045
1630679099762,7424471
1630679099802,7424628
1630679099842,7424524
1630679099882,7424159
1630679099922,7424315
1630679099962,7424263
1630679100002,7424054
1630679100042,7424263
1630679100082,7424002
1630679100122,7424107
1630679100162,7426088
1630679100202,7425827
1630679100242,7427652
1630679100282,7428904
1630679100322,7430469
1630679100362,7431407
1630679100402,7431511
1630679100442,7432711
1630679100482,7434223
1630679100522,7434849
1630679100562,7436466
1630679100602,7437248
1630679100642,7439282
1630679100682,7440273
1630679100722,7441889
1630679100762,7443193
1630679100802,7444392
1630679100842,7445488
1630679100882,7446687
1630679100922,7446843
1630679100962,7448929
1630679101002,7449973
1630679101042,7450702
1630679101082,7451381
1630679101122,7451433
1630679101162,7450859
1630679101202,7450755
1630679101242,7449868
1630679101282,7449294
1630679101322,7448565
1630679101362,7447365
1630679101402,7447052
1630679101442,7447104
1630679101482,7445957
1630679101522,7445488
1630679101562,7443819
1630679101602,7443297
1630679101642,7442202
1630679101682,7442046
1630679101722,7441629
1630679101762,7440846
1630679101802,7440325
1630679101842,7438865
1630679101882,7437405
1630679101922,7436935
1630679101962,7436362
1630679102002,7435996
1630679102042,7434901
1630679102082,7435266
1630679102122,7434015
1630679102162,7434276
1630679102202,7433128
1630679102242,7432503
1630679102282,7432137
1630679102322,7431147
1630679102362,7430573
1630679102402,7430103
1630679102442,7429947
1630679102482,7429426
1630679102522,7428852
1630679102562,7428122
1630679102602,7427392
1630679102642,7426401
1630679102682,7426401
1630679102722,7425775
1630679102762,7425723
1630679102802,7424836
1630679102842,7424524
1630679102882,7424315
1630679102922,7424159
1630679102962,7424002
1630679103002,7424054
1630679103042,7424576
1630679103082,7423585
1630679103122,7424107
1630679103162,7424784
1630679103202,7425775
1630679103242,7426297
1630679103282,7427392
1630679103322,7427966
1630679103362,7429009
1630679103402,7429895
1630679103442,7430990
1630679103482,7432085
1630679103522,7433754
1630679103562,7434901
1630679103602,7436309
1630679103642,7437874
1630679103682,7439073
1630679103722,7440794
1630679103762,7441733
1630679103802,7443037
1630679103842,7444341
1630679103882,7446113
1630679103922,7446792
1630679103962,7447834
1630679104002,7448095
1630679104042,7449764
1630679104082,7450598
1630679104122,7451693
1630679104162,7452059
1630679104202,7453362
1630679104242,7453206
1630679104282,7453049
1630679104322,7453310
1630679104362,7453518
1630679104402,7452736
1630679104442,7451693
1630679104482,7451433
1630679104522,7450337
1630679104562,7449868
1630679104602,7449608
1630679104642,7449086
1630679104682,7448773
1630679104722,7449294
1630679104762,7447939
1630679104802,7447991
1630679104842,7447782
1630679104882,7446739
1630679104922,7446896
1630679104962,7446322
1630679105002,7445957
1630679105042,7445853
1630679105082,7446583
1630679105122,7446218
1630679105162,7446009
1630679105202,7446478
1630679105242,7445279
1630679105282,7445331
1630679105322,7446009
1630679105362,7445592
1630679105402,7445696
1630679105442,7445331
1630679105482,7445175
1630679105522,7444810
1630679105562,7444862
1630679105602,7443975
1630679105642,7444236
1630679105682,7443767
1630679105722,7443610
1630679105762,7443767
1630679105802,7444027
1630679105842,7443402
1630679105882,7443662
1630679105922,7443349
1630679105962,7442619
1630679106002,7442567
1630679106042,7442463
1630679106082,7442880
1630679106122,7442254
1630679106162,7441316
1630679106202,7440794
1630679106242,7440168
1630679106282,7439021
1630679106322,7438500
1630679106362,7438343
1630679106402,7437561
1630679106442,7436727
1630679106482,7436049
1630679106522,7436049
1630679106562,7435319
1630679106602,7433963
1630679106642,7433806
1630679106682,7433128
1630679106722,7432815
1630679106762,7431460
1630679106802,7430938
1630679106842,7429791
1630679106882,7429791
1630679106922,7429009
1630679106962,7427966
1630679107002,7426923
1630679107042,7427027
1630679107082,7426609
1630679107122,7426505
1630679107162,7426401
1630679107202,7425567
1630679107242,7425984
1630679107282,7426244
1630679107322,7426297
1630679107362,7425567
1630679107402,7425515
1630679107442,7425671
1630679107482,7425254
1630679107522,7426193
1630679107562,7427392
1630679107602,7429060
1630679107642,7429478
1630679107682,7430208
1630679107722,7430417
1630679107762,7432033
1630679107802,7433128
1630679107842,7434797
1630679107882,7434849
1630679107922,7436518
1630679107962,7437613
1630679108002,7439125
1630679108042,7440064
1630679108082,7441524
1630679108122,7442515
1630679108162,7443506
1630679108202,7444288
1630679108242,7445905
1630679108282,7446635
1630679108322,7448825
1630679108362,7448825
1630679108402,7450077
1630679108442,7451276
1630679108482,7452267
1630679108522,7454092
1630679108562,7454718
1630679108602,7455240
1630679108642,7455813
1630679108682,7455187
1630679108722,7455761
1630679108762,7454614
1630679108802,7455500
1630679108842,7454561
1630679108882,7454770
1630679108922,7453936
1630679108962,7454144
1630679109002,7452893
1630679109042,7453153
1630679109082,7453414
1630679109122,7451954
1630679109162,7451954
1630679109202,7452006
1630679109242,7451276
1630679109282,7451068
1630679109322,7450963
1630679109362,7449190
1630679109402,7449086
1630679109442,7448460
1630679109482,7448408
1630679109522,7447313
1630679109562,7447104
1630679109602,7446061
1630679109642,7445957
1630679109682,7445227
1630679109722,7444392
1630679109762,7443767
1630679109802,7443923
1630679109842,7442359
1630679109882,7442463
1630679109922,7441316
1630679109962,7439699
1630679110002,7439386
1630679110042,7439021
1630679110082,7438552
1630679110122,7437822
1630679110162,7437405
1630679110202,7436831
1630679110242,7436727
1630679110282,7436205
1630679110322,7435840
1630679110362,7436049
1630679110402,7435214
1630679110442,7434536
1630679110482,7434432
1630679110522,7433858
1630679110562,7433337
1630679110602,7433337
1630679110642,7433233
1630679110682,7433076
1630679110722,7432033
1630679110762,7431460
1630679110802,7429686
1630679110842,7430103
1630679110882,7429895
1630679110922,7429426
1630679110962,7429269
1630679111002,7429217
1630679111042,7428331
1630679111082,7428644
1630679111122,7428122
1630679111162,7427757
1630679111202,7427652
1630679111242,7427913
1630679111282,7427601
1630679111322,7427705
1630679111362,7428018
1630679111402,7428018
1630679111442,7429009
1630679111482,7430208
1630679111522,7430990
1630679111562,7431303
1630679111602,7432294
1630679111642,7433806
1630679111682,7435579
1630679111722,7436622
1630679111762,7436779
1630679111802,7439073
1630679111842,7440690
1630679111882,7441576
1630679111922,7443871
1630679111962,7444705
1630679112002,7445749
1630679112042,7447365
1630679112082,7448929
1630679112122,7449242
1630679112162,7449764
1630679112202,7451589
1630679112242,7452945
1630679112282,7453467
1630679112322,7454457
1630679112362,7455553
1630679112402,7456856
1630679112442,7456804
1630679112482,7456804
1630679112522,7455918
1630679112562,7454561
1630679112602,7454144
1630679112642,7453258
1630679112682,7452632
1630679112722,7451954
1630679112762,7451485
1630679112802,7450546
1630679112842,7450442
1630679112882,7449190
1630679112922,7448460
1630679112962,7447730
1630679113002,7447157
1630679113042,7445749
1630679113082,7445435
1630679113122,7444757
1630679113162,7443871
1630679113202,7443297
1630679113242,7442306
1630679113282,7441524
1630679113322,7441107
1630679113362,7440586
1630679113402,7439856
1630679113442,7440012
1630679113482,7438969
1630679113522,7437352
1630679113562,7436987
1630679113602,7436153
1630679113642,7435892
1630679113682,7434536
1630679113722,7434745
1630679113762,7434171
1630679113802,7433337
1630679113842,7431772
1630679113882,7431147
1630679113922,7430677
1630679113962,7429739
1630679114002,7429060
1630679114042,7428956
1630679114082,7428278
1630679114122,7427548
1630679114162,7427131
1630679114202,7426870
1630679114242,7426818
1630679114282,7426870
1630679114322,7426662
1630679114362,7426140
1630679114402,7427131
1630679114442,7427131
1630679114482,7427548
1630679114522,7429113
1630679114562,7429791
1630679114602,7430469
1630679114642,7432398
1630679114682,7433337
1630679114722,7434276
1630679114762,7435579
1630679114802,7437665
1630679114842,7438708
1630679114882,7439960
1630679114922,7441681
1630679114962,7442828
1630679115002,7443297
1630679115042,7445227
1630679115082,7445905
1630679115122,7446843
1630679115162,7448982
1630679115202,7449764
1630679115242,7450807
1630679115282,7452110
1630679115322,7453414
1630679115362,7454510
1630679115402,7455240
1630679115442,7454561
1630679115482,7454040
1630679115522,7453571
1630679115562,7452789
1630679115602,7452580
1630679115642,7452163
1630679115682,7450546
1630679115722,7449608
1630679115762,7448825
1630679115802,7448460
1630679115842,7446948
1630679115882,7447157
1630679115922,7445644
1630679115962,7444236
1630679116002,7443662
1630679116042,7443141
1630679116082,7442254
1630679116122,7441316
1630679116162,7439803
1630679116202,7439751
1630679116242,7439073
1630679116282,7438917
1630679116322,7438082
1630679116362,7437509
1630679116402,7436987
1630679116442,7436101
1630679116482,7434954
1630679116522,7433858
1630679116562,7433337
1630679116602,7432711
1630679116642,7432659
1630679116682,7432137
1630679116722,7431251
1630679116762,7429895
1630679116802,7429113
1630679116842,7428174
1630679116882,7427652
1630679116922,7425984
1630679116962,7426297
1630679117002,7425306
1630679117042,7424836
1630679117082,7424941
1630679117122,7424367
1630679117162,7424263
1630679117202,7424732
1630679117242,7424732
1630679117282,7424889
1630679117322,7426297
1630679117362,7426401
1630679117402,7427966
1630679117442,7429113
1630679117482,7430417
1630679117522,7431720
1630679117562,7431616
1630679117602,7433180
1630679117642,7434276
1630679117682,7435475
1630679117722,7436831
1630679117762,7438239
1630679117802,7439125
1630679117842,7440377
1630679117882,7442411
1630679117922,7443662
1630679117962,7445070
1630679118002,7446166
1630679118042,7446843
1630679118082,7448512
1630679118122,7449034
1630679118162,7449816
1630679118202,7451381
1630679118242,7452841
1630679118282,7453936
1630679118322,7454092
1630679118362,7454510
1630679118402,7454510
1630679118442,7454249
1630679118482,7453310
1630679118522,7452841
1630679118562,7452267
1630679118602,7451433
1630679118642,7449920
1630679118682,7449712
1630679118722,7448773
1630679118762,7448460
1630679118802,7447991
1630679118842,7447261
1630679118882,7447104
1630679118922,7445749
1630679118962,7444757
1630679119002,7444757
1630679119042,7444914
1630679119082,7442984
1630679119122,7443037
1630679119162,7441524
1630679119202,7441368
1630679119242,7440377
1630679119282,7439595
1630679119322,7438917
1630679119362,7437978
1630679119402,7437874
1630679119442,7436466
1630679119482,7435892
1630679119522,7435527
1630679119562,7434588
1630679119602,7433441
1630679119642,7432815
1630679119682,7433702
1630679119722,7433285
1630679119762,7431929
1630679119802,7431303
1630679119842,7430417
1630679119882,7430938
1630679119922,7430260
1630679119962,7428852
1630679120002,7428278
1630679120042,7428070
1630679120082,7427652
1630679120122,7427601
1630679120162,7427392
1630679120202,7426714
1630679120242,7426453
1630679120282,7426818
1630679120322,7426453
1630679120362,7428018
1630679120402,7428174
1630679120442,7429060
1630679120482,7430521
1630679120522,7431251
1630679120562,7432033
1630679120602,7433806
1630679120642,7435214
1630679120682,7436466
1630679120722,7437613
1630679120762,7438187
1630679120802,7439386
1630679120842,7440586
1630679120882,7441368
1630679120922,7442828
1630679120962,7443819
1630679121002,7444914
1630679121042,7446792
1630679121082,7448408
1630679121122,7449242
1630679121162,7450807
1630679121202,7451902
1630679121242,7453258
1630679121282,7455031
1630679121322,7454353
1630679121362,7455396
1630679121402,7456022
1630679121442,7454510
1630679121482,7453832
1630679121522,7452997
1630679121562,7451693
1630679121602,7450859
1630679121642,7449973
1630679121682,7449034
1630679121722,7447991
1630679121762,7447104
1630679121802,7445592
1630679121842,7445749
1630679121882,7444705
1630679121922,7443506
1630679121962,7442932
1630679122002,7442672
1630679122042,7441941
1630679122082,7441889
1630679122122,7440846
1630679122162,7439856
1630679122202,7438760
1630679122242,7438291
1630679122282,7436987
1630679122322,7435892
1630679122362,7435319
1630679122402,7434536
1630679122442,7434276
1630679122482,7433389
1630679122522,7433493
1630679122562,7432190
1630679122602,7431616
1630679122642,7430469
1630679122682,7430260
1630679122722,7429113
1630679122762,7429060
1630679122802,7428695
1630679122842,7428748
1630679122882,7428487
1630679122922,7428018
1630679122962,7426036
1630679123002,7426088
1630679123042,7426349
1630679123082,7425827
1630679123122,7425879
1630679123162,7426453
1630679123202,7427131
1630679123242,7428331
1630679123282,7429426
1630679123322,7430938
1630679123362,7431981
1630679123402,7433076
1630679123442,7435006
1630679123482,7436570
1630679123522,7436674
1630679123562,7439282
1630679123602,7440221
1630679123642,7441472
1630679123682,7442202
1630679123722,7443610
1630679123762,7444288
1630679123802,7446322
1630679123842,7446166
1630679123882,7447730
1630679123922,7449138
1630679123962,7450598
1630679124002,7451641
1630679124042,7451954
1630679124082,7453049
1630679124122,7454614
1630679124162,7454405
1630679124202,7453414
1630679124242,7452841
1630679124282,7452580
1630679124322,7451537
1630679124362,7450390
1630679124402,7450077
1630679124442,7449555
1630679124482,7447782
1630679124522,7447313
1630679124562,7445800
1630679124602,7445018
1630679124642,7444080
1630679124682,7443610
1630679124722,7443193
1630679124762,7442150
1630679124802,7442046
1630679124842,7441733
1630679124882,7441055
1630679124922,7439178
1630679124962,7439334
1630679125002,7438291
1630679125042,7437926
1630679125082,7437613
1630679125122,7437352
1630679125162,7437300
1630679125202,7437561
1630679125242,7436466
1630679125282,7436883
1630679125322,7436101
1630679125362,7435214
1630679125402,7434588
1630679125442,7433858
1630679125482,7433337
1630679125522,7433128
1630679125562,7432607
1630679125602,7432242
1630679125642,7430886
1630679125682,7430364
1630679125722,7429947
1630679125762,7429426
1630679125802,7429321
1630679125842,7429113
1630679125882,7429009
1630679125922,7429165
1630679125962,7428956
1630679126002,7429791
1630679126042,7430886
1630679126082,7432033
1630679126122,7433858
1630679126162,7434380
1630679126202,7435684
1630679126242,7437405
1630679126282,7438813
1630679126322,7440898
1630679126362,7442463
1630679126402,7444288
1630679126442,7445383
1630679126482,7447208
1630679126522,7448669
1630679126562,7450181
1630679126602,7451224
1630679126642,7452632
1630679126682,7454092
1630679126722,7455344
1630679126762,7456908
1630679126802,7458056
1630679126842,7459307
1630679126882,7460820
1630679126922,7462384
1630679126962,7463375
1630679127002,7464626
1630679127042,7465826
1630679127082,7466817
1630679127122,7467964
1630679127162,7468016
1630679127202,7467807
1630679127242,7468433
1630679127282,7467807
1630679127322,7467442
1630679127362,7467182
1630679127402,7467130
1630679127442,7466660
1630679127482,7465200
1630679127522,7465513
1630679127562,7465409
1630679127602,7464418
1630679127642,7464418
1630679127682,7464053
1630679127722,7464001
1630679127762,7463427
1630679127802,7463218
1630679127842,7462958
1630679127882,7461497
1630679127922,7461341
1630679127962,7460663
1630679128002,7460037
1630679128042,7459568
1630679128082,7458734
1630679128122,7458264
1630679128162,7457743
1630679128202,7457169
1630679128242,7456908
1630679128282,7455292
1630679128322,7454822
1630679128362,7453832
1630679128402,7452319
1630679128442,7451693
1630679128482,7451328
1630679128522,7450651
1630679128562,7449503
1630679128602,7448877
1630679128642,7448200
1630679128682,7447574
1630679128722,7447261
1630679128762,7445853
1630679128802,7445435
1630679128842,7445383
1630679128882,7444341
1630679128922,7443923
1630679128962,7444288
1630679129002,7442463
1630679129042,7441889
1630679129082,7441316
1630679129122,7440273
1630679129162,7439334
1630679129202,7439334
1630679129242,7438239
1630679129282,7437665
1630679129322,7437352
1630679129362,7436257
1630679129402,7435110
1630679129442,7434641
1630679129482,7433911
1630679129522,7434015
1630679129562,7432503
1630679129602,7432868
1630679129642,7432450
1630679129682,7432085
1630679129722,7431929
1630679129762,7431407
1630679129802,7431355
1630679129842,7431460
1630679129882,7430677
1630679129922,7430052
1630679129962,7430156
1630679130002,7430469
1630679130042,7431199
1630679130082,7431511
1630679130122,7432294
1630679130162,7432972
1630679130202,7434067
1630679130242,7434693
1630679130282,7436205
1630679130322,7437352
1630679130362,7438291
1630679130402,7439803
1630679130442,7441316
1630679130482,7442411
1630679130522,7443662
1630679130562,7445644
1630679130602,7446583
1630679130642,7447939
1630679130682,7448617
1630679130722,7449608
1630679130762,7451328
1630679130802,7451902
1630679130842,7453832
1630679130882,7455292
1630679130922,7456230
1630679130962,7457743
1630679131002,7458786
1630679131042,7459881
1630679131082,7461237
1630679131122,7462436
1630679131162,7463427
1630679131202,7465826
1630679131242,7466504
1630679131282,7468225
1630679131322,7468277
1630679131362,7467912
1630679131402,7467130
1630679131442,7466817
1630679131482,7465930
1630679131522,7465878
1630679131562,7464418
1630679131602,7463427
1630679131642,7463114
1630679131682,7462071
1630679131722,7461185
1630679131762,7459777
1630679131802,7460037
1630679131842,7458160
1630679131882,7457430
1630679131922,7456700
1630679131962,7455500
1630679132002,7454092
1630679132042,7454666
1630679132082,7452684
1630679132122,7451902
1630679132162,7451016
1630679132202,7449294
1630679132242,7448929
1630679132282,7448043
1630679132322,7447417
1630679132362,7446687
1630679132402,7445592
1630679132442,7445123
1630679132482,7444445
1630679132522,7444288
1630679132562,7443558
1630679132602,7442880
1630679132642,7441681
1630679132682,7441316
1630679132722,7440794
1630679132762,7440586
1630679132802,7439803
1630679132842,7439490
1630679132882,7439178
1630679132922,7438395
1630679132962,7437822
1630679133002,7436987
1630679133042,7436883
1630679133082,7436205
1630679133122,7436049
1630679133162,7435110
1630679133202,7435162
1630679133242,7434588
1630679133282,7434901
1630679133322,7433806
1630679133362,7434119
1630679133402,7433285
1630679133442,7432972
1630679133482,7432815
1630679133522,7431877
1630679133562,7431720
1630679133602,7431564
1630679133642,7431407
1630679133682,7432137
1630679133722,7431460
1630679133762,7430834
1630679133802,7430417
1630679133842,7429999
1630679133882,7430573
1630679133922,7431147
1630679133962,7431772
1630679134002,7433337
1630679134042,7434328
1630679134082,7435162
1630679134122,7436622
1630679134162,7437770
1630679134202,7439230
1630679134242,7440429
1630679134282,7441941
1630679134322,7442724
1630679134362,7444445
1630679134402,7445749
1630679134442,7446843
1630679134482,7448565
1630679134522,7449451
1630679134562,7451589
1630679134602,7453102
1630679134642,7453571
1630679134682,7455240
1630679134722,7456283
1630679134762,7457638
1630679134802,7458577
1630679134842,7459464
1630679134882,7460454
1630679134922,7460767
1630679134962,7461445
1630679135002,7462071
1630679135042,7461289
1630679135082,7460872
1630679135122,7460715
1630679135162,7459516
1630679135202,7459359
1630679135242,7458160
1630679135282,7458108
1630679135322,7457169
1630679135362,7455709
1630679135402,7455292
1630679135442,7453884
1630679135482,7453310
1630679135522,7452684
1630679135562,7451641
1630679135602,7450598
1630679135642,7450285
1630679135682,7449399
1630679135722,7448251
1630679135762,7447886
1630679135802,7447782
1630679135842,7446583
1630679135882,7446061
1630679135922,7445435
1630679135962,7444288
1630679136002,7444080
1630679136042,7443141
1630679136082,7442984
1630679136122,7442515
1630679136162,7442046
1630679136202,7441264
1630679136242,7440012
1630679136282,7438500
1630679136322,7438030
1630679136362,7437405
1630679136402,7436205
1630679136442,7435996
1630679136482,7435684
1630679136522,7435475
1630679136562,7434849
1630679136602,7434328
1630679136642,7434588
1630679136682,7433806
1630679136722,7433650
1630679136762,7433180
1630679136802,7433180
1630679136842,7432137
1630679136882,7432346
1630679136922,7432659
1630679136962,7432137
1630679137002,7431772
1630679137042,7431407
1630679137082,7431042
1630679137122,7430677
1630679137162,7431407
1630679137202,7431511
1630679137242,7431825
1630679137282,7433441
1630679137322,7434380
1630679137362,7435840
1630679137402,7437561
1630679137442,7438030
1630679137482,7439647
1630679137522,7441576
1630679137562,7442098
1630679137602,7444392
1630679137642,7445279
1630679137682,7446739
1630679137722,7448773
1630679137762,7449086
1630679137802,7450233
1630679137842,7451433
1630679137882,7452945
1630679137922,7454405
1630679137962,7455605
1630679138002,7455657
1630679138042,7457534
1630679138082,7458316
1630679138122,7460194
1630679138162,7460611
1630679138202,7460246
1630679138242,7459203
1630679138282,7459046
1630679138322,7458421
1630679138362,7457169
1630679138402,7456543
1630679138442,7455605
1630679138482,7454770
1630679138522,7454457
1630679138562,7452371
1630679138602,7451850
1630679138642,7449920
1630679138682,7449190
1630679138722,7447939
1630679138762,7447052
1630679138802,7445592
1630679138842,7445227
1630679138882,7444392
1630679138922,7443558
1630679138962,7442567
1630679139002,7441785
1630679139042,7440481
1630679139082,7440116
1630679139122,7439073
1630679139162,7438708
1630679139202,7437978
1630679139242,7437248
1630679139282,7436518
1630679139322,7435631
1630679139362,7434797
1630679139402,7434641
1630679139442,7433858
1630679139482,7432450
1630679139522,7432659
1630679139562,7431616
1630679139602,7430938
1630679139642,7430834
1630679139682,7429791
1630679139722,7430156
1630679139762,7430103
1630679139802,7430260
1630679139842,7429895
1630679139882,7429478
1630679139922,7428070
1630679139962,7429686
1630679140002,7430208
1630679140042,7430260
1630679140082,7430052
1630679140122,7430312
1630679140162,7430417
1630679140202,7431511
1630679140242,7432868
1630679140282,7433806
1630679140322,7435214
1630679140362,7436779
1630679140402,7437822
1630679140442,7439386
1630679140482,7441003
1630679140522,7442150
1630679140562,7444341
1630679140602,7444914
1630679140642,7446583
1630679140682,7448565
1630679140722,7449451
1630679140762,7451172
1630679140802,7451954
1630679140842,7453258
1630679140882,7454092
1630679140922,7455865
1630679140962,7457117
1630679141002,7458108
1630679141042,7458473
1630679141082,7458734
1630679141122,7458786
1630679141162,7457482
1630679141202,7457638
1630679141242,7456908
1630679141282,7455918
1630679141322,7455083
1630679141362,7453727
1630679141402,7452163
1630679141442,7451068
1630679141482,7450025
1630679141522,7449034
1630679141562,7447939
1630679141602,7446739
1630679141642,7445540
1630679141682,7443349
1630679141722,7442932
1630679141762,7441889
1630679141802,7440690
1630679141842,7439334
1630679141882,7438447
1630679141922,7437874
1630679141962,7437144
1630679142002,7437352
1630679142042,7435371
1630679142082,7434536
1630679142122,7434276
1630679142162,7434119
1630679142202,7433963
1630679142242,7433598
1630679142282,7432763
1630679142322,7432815
1630679142362,7431825
1630679142402,7431303
1630679142442,7430625
1630679142482,7429895
1630679142522,7429321
1630679142562,7429009
1630679142602,7429269
1630679142642,7429426
1630679142682,7428852
1630679142722,7428644
1630679142762,7427966
1630679142802,7428904
1630679142842,7428695
1630679142882,7428226
1630679142922,7428122
1630679142962,7428904
1630679143002,7429530
1630679143042,7430573
1630679143082,7431564
1630679143122,7433389
1630679143162,7433441
1630679143202,7434901
1630679143242,7435944
1630679143282,7437770
1630679143322,7439178
1630679143362,7439595
1630679143402,7441055
1630679143442,7442984
1630679143482,7444132
1630679143522,7445070
1630679143562,7446792
1630679143602,7448200
1630679143642,7449138
1630679143682,7449973
1630679143722,7451641
1630679143762,7452789
1630679143802,7454249
1630679143842,7456126
1630679143882,7457586
1630679143922,7457899
1630679143962,7458838
1630679144002,7458681
1630679144042,7458369
1630679144082,7457221
1630679144122,7456283
1630679144162,7455187
1630679144202,7455605
1630679144242,7455292
1630679144282,7455761
1630679144322,7456283
1630679144362,7456126
1630679144402,7456022
1630679144442,7455500
1630679144482,7455344
1630679144522,7454770
1630679144562,7454301
1630679144602,7453467
1630679144642,7452163
1630679144682,7451328
1630679144722,7450911
1630679144762,7450285
1630679144802,7448669
1630679144842,7448460
1630679144882,7446739
1630679144922,7445853
1630679144962,7444288
1630679145002,7443193
1630679145042,7442515
1630679145082,7441576
1630679145122,7440794
1630679145162,7439230
1630679145202,7438082
1630679145242,7436674
1630679145282,7436362
1630679145322,7436205
1630679145362,7436309
1630679145402,7437457
1630679145442,7436570
1630679145482,7436518
1630679145522,7436622
1630679145562,7436257
1630679145602,7436257
1630679145642,7436987
1630679145682,7438187
1630679145722,7439803
1630679145762,7440742
1630679145802,7441941
1630679145842,7444236
1630679145882,7445123
1630679145922,7446009
1630679145962,7446531
1630679146002,7446531
1630679146042,7448408
1630679146082,7449451
1630679146122,7449920
1630679146162,7450337
1630679146202,7450598
1630679146242,7449920
1630679146282,7448825
1630679146322,7448460
1630679146362,7447678
1630679146402,7445749
1630679146442,7444810
1630679146482,7444080
1630679146522,7442932
1630679146562,7441889
1630679146602,7439230
1630679146642,7438239
1630679146682,7436935
1630679146722,7435214
1630679146762,7433911
1630679146802,7432137
1630679146842,7430729
1630679146882,7430156
1630679146922,7428695
1630679146962,7426036
1630679147002,7424471
1630679147042,7423898
1630679147082,7423168
1630679147122,7422646
1630679147162,7422385
1630679147202,7422907
1630679147242,7422177
1630679147282,7421551
1630679147322,7421082
1630679147362,7420873
1630679147402,7421082
1630679147442,7420560
1630679147482,7419778
1630679147522,7419100
1630679147562,7419152
1630679147602,7418683
1630679147642,7418787
1630679147682,7417848
1630679147722,7418370
1630679147762,7417901
1630679147802,7417744
1630679147842,7417171
1630679147882,7416962
1630679147922,7416597
1630679147962,7417379
1630679148002,7417692
1630679148042,7418474
1630679148082,7420352
1630679148122,7421238
1630679148162,7422594
1630679148202,7423898
1630679148242,7425879
1630679148282,7427757
1630679148322,7429686
1630679148362,7431199
1630679148402,7432711
1630679148442,7433233
1630679148482,7435423
1630679148522,7437196
1630679148562,7437770
1630679148602,7438917
1630679148642,7439438
1630679148682,7439960
1630679148722,7440586
1630679148762,7441785
1630679148802,7442672
1630679148842,7443245
1630679148882,7443297
1630679148922,7444341
1630679148962,7443193
1630679149002,7442359
1630679149042,7441368
1630679149082,7441211
1630679149122,7439230
1630679149162,7438447
1630679149202,7438030
1630679149242,7436205
1630679149282,7435371
1630679149322,7435110
1630679149362,7434536
1630679149402,7433806
1630679149442,7433076
1630679149482,7432555
1630679149522,7431720
1630679149562,7430886
1630679149602,7429217
1630679149642,7428644
1630679149682,7427235
1630679149722,7426088
1630679149762,7425723
1630679149802,7425045
1630679149842,7424576
1630679149882,7424732
1630679149922,7423742
1630679149962,7423116
1630679150002,7423428
1630679150042,7422281
1630679150082,7422073
1630679150122,7421812
1630679150162,7421760
1630679150202,7421603
1630679150242,7420769
1630679150282,7421551
1630679150322,7420404
1630679150362,7419674
1630679150402,7419622
1630679150442,7419100
1630679150482,7418944
1630679150522,7418944
1630679150562,7418735
1630679150602,7418996
1630679150642,7419048
1630679150682,7418787
1630679150722,7419465
1630679150762,7420612
1630679150802,7421551
1630679150842,7421864
1630679150882,7423063
1630679150922,7424054
1630679150962,7425306
1630679151002,7426453
1630679151042,7426923
1630679151082,7428383
1630679151122,7429269
1630679151162,7430052
1630679151202,7430364
1630679151242,7430938
1630679151282,7432555
1630679151322,7433076
1630679151362,7433911
1630679151402,7434693
1630679151442,7436153
1630679151482,7435840
1630679151522,7435996
1630679151562,7436414
1630679151602,7437717
1630679151642,7437196
1630679151682,7437457
1630679151722,7436622
1630679151762,7436674
1630679151802,7435684
1630679151842,7435527
1630679151882,7434484
1630679151922,7434119
1630679151962,7433598
1630679152002,7432815
1630679152042,7433180
1630679152082,7432242
1630679152122,7431042
1630679152162,7431355
1630679152202,7430260
1630679152242,7430312
1630679152282,7429843
1630679152322,7429113
1630679152362,7429060
1630679152402,7428591
1630679152442,7427705
1630679152482,7427809
1630679152522,7426714
1630679152562,7425462
1630679152602,7425097
1630679152642,7423846
1630679152682,7424054
1630679152722,7423481
1630679152762,7422177
1630679152802,7421603
1630679152842,7420977
1630679152882,7421134
1630679152922,7420404
1630679152962,7420195
1630679153002,7419778
1630679153042,7419257
1630679153082,7419674
1630679153122,7419257
1630679153162,7418579
1630679153202,7418579
1630679153242,7418214
1630679153282,7417848
1630679153322,7418526
1630679153362,7416910
1630679153402,7417118
1630679153442,7417275
1630679153482,7416075
1630679153522,7416232
1630679153562,7415397
1630679153602,7416232
1630679153642,7415658
1630679153682,7415397
1630679153722,7415189
1630679153762,7415919
1630679153802,7416284
1630679153842,7416701
1630679153882,7416910
1630679153922,7418161
1630679153962,7419622
1630679154002,7420091
1630679154042,7420091
1630679154082,7421030
1630679154122,7421812
1630679154162,7422594
1630679154202,7423742
1630679154242,7424680
1630679154282,7424732
1630679154322,7426140
1630679154362,7427705
1630679154402,7427861
1630679154442,7428852
1630679154482,7430573
1630679154522,7431355
1630679154562,7431720
1630679154602,7432242
1630679154642,7432972
1630679154682,7434067
1630679154722,7433754
1630679154762,7433650
1630679154802,7433337
1630679154842,7433650
1630679154882,7432972
1630679154922,7432920
1630679154962,7431511
1630679155002,7430312
1630679155042,7429686
1630679155082,7429374
1630679155122,7429374
1630679155162,7429843
1630679155202,7429113
1630679155242,7428644
1630679155282,7427392
1630679155322,7427027
1630679155362,7426297
1630679155402,7426244
1630679155442,7424836
1630679155482,7423793
1630679155522,7423481
1630679155562,7423324
1630679155602,7423116
1630679155642,7422594
1630679155682,7422125
1630679155722,7422333
1630679155762,7421655
1630679155802,7420456
1630679155842,7420039
1630679155882,7420456
1630679155922,7419830
1630679155962,7418735
1630679156002,7418005
1630679156042,7418474
1630679156082,7417848
1630679156122,7417014
1630679156162,7417692
1630679156202,7416649
1630679156242,7417014
1630679156282,7416753
1630679156322,7416388
1630679156362,7416075
1630679156402,7416649
1630679156442,7416232
1630679156482,7416493
1630679156522,7416597
1630679156562,7415971
1630679156602,7417275
1630679156642,7417692
1630679156682,7418996
1630679156722,7419674
1630679156762,7420925
1630679156802,7421603
1630679156842,7422542
1630679156882,7424107
1630679156922,7424159
1630679156962,7425254
1630679157002,7425932
1630679157042,7427079
1630679157082,7427601
1630679157122,7428278
1630679157162,7429321
1630679157202,7429686
1630679157242,7430729
1630679157282,7432450
1630679157322,7433911
1630679157362,7435840
1630679157402,7437978
1630679157442,7440690
1630679157482,7443506
1630679157522,7446218
1630679157562,7446896
1630679157602,7448721
1630679157642,7447991
1630679157682,7445644
1630679157722,7441733
1630679157762,7438291
1630679157802,7434901
1630679157842,7433024
1630679157882,7430677
1630679157922,7429895
1630679157962,7430782
1630679158002,7432294
1630679158042,7433233
1630679158082,7431564
1630679158122,7428748
1630679158162,7426401
1630679158202,7423689
1630679158242,7422125
1630679158282,7419569
1630679158322,7418109
1630679158362,7415658
1630679158402,7414772
1630679158442,7414511
1630679158482,7413103
1630679158522,7413624
1630679158562,7412686
1630679158602,7411956
1630679158642,7411226
1630679158682,7411017
1630679158722,7410026
1630679158762,7409244
1630679158802,7409609
1630679158842,7409348
1630679158882,7409400
1630679158922,7409557
1630679158962,7409504
1630679159002,7410235
1630679159042,7411069
1630679159082,7411956
1630679159122,7412842
1630679159162,7414198
1630679159202,7414720
1630679159242,7415606
1630679159282,7417640
1630679159322,7418370
1630679159362,7418944
1630679159402,7419517
1630679159442,7421864
1630679159482,7424211
1630679159522,7425567
1630679159562,7429478
1630679159602,7432763
1630679159642,7436570
1630679159682,7440481
1630679159722,7442776
1630679159762,7442567
1630679159802,7442567
1630679159842,7441889
1630679159882,7441785
1630679159922,7441159
1630679159962,7439647
1630679160002,7438760
1630679160042,7437926
1630679160082,7437613
1630679160122,7437300
1630679160162,7436622
1630679160202,7436883
1630679160242,7435579
1630679160282,7434536
1630679160322,7434588
1630679160362,7432763
1630679160402,7431303
1630679160442,7430208
1630679160482,7429843
1630679160522,7429582
1630679160562,7429269
1630679160602,7428748
1630679160642,7428122
1630679160682,7427548
1630679160722,7427079
1630679160762,7426609
1630679160802,7425567
1630679160842,7425306
1630679160882,7423950
1630679160922,7423637
1630679160962,7423324
1630679161002,7423063
1630679161042,7422803
1630679161082,7421551
1630679161122,7420821
1630679161162,7420299
1630679161202,7419309
1630679161242,7419934
1630679161282,7419778
1630679161322,7418891
1630679161362,7417640
1630679161402,7418526
1630679161442,7418214
1630679161482,7418266
1630679161522,7418005
1630679161562,7418318
1630679161602,7418057
1630679161642,7417536
1630679161682,7417953
1630679161722,7417171
1630679161762,7416336
1630679161802,7416440
1630679161842,7416180
1630679161882,7416075
1630679161922,7416806
1630679161962,7417327
1630679162002,7418109
1630679162042,7418579
1630679162082,7419569
1630679162122,7420612
1630679162162,7421916
1630679162202,7422594
1630679162242,7423689
1630679162282,7424107
1630679162322,7424941
1630679162362,7425879
1630679162402,7427287
1630679162442,7428226
1630679162482,7429321
1630679162522,7429374
1630679162562,7429791
1630679162602,7431355
1630679162642,7434484
1630679162682,7437352
1630679162722,7439021
1630679162762,7441837
1630679162802,7444132
1630679162842,7445644
1630679162882,7444184
1630679162922,7442619
1630679162962,7439178
1630679163002,7436674
1630679163042,7434171
1630679163082,7432137
1630679163122,7429530
1630679163162,7428539
1630679163202,7427079
1630679163242,7425254
1630679163282,7423793
1630679163322,7422542
1630679163362,7422073
1630679163402,7420560
1630679163442,7420195
1630679163482,7418891
1630679163522,7419100
1630679163562,7418161
1630679163602,7418422
1630679163642,7417848
1630679163682,7417744
1630679163722,7417066
1630679163762,7417223
1630679163802,7416023
1630679163842,7416128
1630679163882,7415085
1630679163922,7415763
1630679163962,7415345
1630679164002,7414511
1630679164042,7414250
1630679164082,7414302
1630679164122,7413885
1630679164162,7413833
1630679164202,7413677
1630679164242,7413468
1630679164282,7412373
1630679164322,7412686
1630679164362,7412373
1630679164402,7411643
1630679164442,7411486
1630679164482,7410756
1630679164522,7411173
1630679164562,7410600
1630679164602,7410652
1630679164642,7411121
1630679164682,7410078
1630679164722,7410078
1630679164762,7409348
1630679164802,7409140
1630679164842,7408827
1630679164882,7409244
1630679164922,7410756
1630679164962,7410808
1630679165002,7412060
1630679165042,7413364
1630679165082,7413833
1630679165122,7414615
1630679165162,7415971
1630679165202,7416806
1630679165242,7417483
1630679165282,7419100
1630679165322,7420769
1630679165362,7421655
1630679165402,7422490
1630679165442,7422855
1630679165482,7423846
1630679165522,7424524
1630679165562,7425150
1630679165602,7425879
1630679165642,7426714
1630679165682,7427652
1630679165722,7428122
1630679165762,7429217
1630679165802,7429739
1630679165842,7430573
1630679165882,7431199
1630679165922,7430782
1630679165962,7431094
1630679166002,7431147
1630679166042,7430469
1630679166082,7429843
1630679166122,7429060
1630679166162,7427861
1630679166202,7427287
1630679166242,7426558
1630679166282,7425879
1630679166322,7424889
1630679166362,7424576
1630679166402,7424054
1630679166442,7424211
1630679166482,7424211
1630679166522,7424680
1630679166562,7424732
1630679166602,7424941
1630679166642,7424524
1630679166682,7424367
1630679166722,7424471
1630679166762,7423793
1630679166802,7423063
1630679166842,7422699
1630679166882,7421603
1630679166922,7421447
1630679166962,7420404
1630679167002,7421030
1630679167042,7420873
1630679167082,7420299
1630679167122,7420352
1630679167162,7420404
1630679167202,7420404
1630679167242,7420560
1630679167282,7420665
1630679167322,7420612
1630679167362,7420612
1630679167402,7420091
1630679167442,7419987
1630679167482,7419048
1630679167522,7418422
1630679167562,7417901
1630679167602,7417901
1630679167642,7417536
1630679167682,7416649
1630679167722,7416962
1630679167762,7415867
1630679167802,7415345
1630679167842,7415293
1630679167882,7415085
1630679167922,7414563
1630679167962,7414667
1630679168002,7413729
1630679168042,7414146
1630679168082,7413416
1630679168122,7413416
1630679168162,7412529
1630679168202,7412269
1630679168242,7412686
1630679168282,7412686
1630679168322,7412477
1630679168362,7412581
1630679168402,7411956
1630679168442,7412477
1630679168482,7413468
1630679168522,7413416
1630679168562,7414772
1630679168602,7415710
1630679168642,7416440
1630679168682,7418266
1630679168722,7419465
1630679168762,7419413
1630679168802,7420352
1630679168842,7421864
1630679168882,7422333
1630679168922,7423742
1630679168962,7424211
1630679169002,7425410
1630679169042,7426453
1630679169082,7427652
1630679169122,7428122
1630679169162,7429321
1630679169202,7430156
1630679169242,7431042
1630679169282,7432294
1630679169322,7433389
1630679169362,7433337
1630679169402,7433806
1630679169442,7433911
1630679169482,7432398
1630679169522,7432868
1630679169562,7430729
1630679169602,7430782
1630679169642,7429478
1630679169682,7429321
1630679169722,7428591
1630679169762,7427496
1630679169802,7427496
1630679169842,7427340
1630679169882,7426453
1630679169922,7425775
1630679169962,7424784
1630679170002,7424784
1630679170042,7423428
1630679170082,7423689
1630679170122,7422646
1630679170162,7422699
1630679170202,7421499
1630679170242,7421603
1630679170282,7420821
1630679170322,7420299
1630679170362,7420091
1630679170402,7419569
1630679170442,7418996
1630679170482,7418996
1630679170522,7417744
1630679170562,7418057
1630679170602,7417118
1630679170642,7416858
1630679170682,7415971
1630679170722,7415710
1630679170762,7415032
1630679170802,7415189
1630679170842,7414876
1630679170882,7414615
1630679170922,7414615
1630679170962,7414615
1630679171002,7414355
1630679171042,7415710
1630679171082,7416388
1630679171122,7416753
1630679171162,7418214
1630679171202,7419100
1630679171242,7419830
1630679171282,7420821
1630679171322,7421655
1630679171362,7423324
1630679171402,7423637
1630679171442,7424367
1630679171482,7425671
1630679171522,7426088
1630679171562,7426870
1630679171602,7427601
1630679171642,7428435
1630679171682,7430260
1630679171722,7430364
1630679171762,7431772
1630679171802,7433337
1630679171842,7434067
1630679171882,7433545
1630679171922,7433650
1630679171962,7432868
1630679172002,7432920
1630679172042,7431564
1630679172082,7431460
1630679172122,7431042
1630679172162,7430208
1630679172202,7429060
1630679172242,7429321
1630679172282,7428278
1630679172322,7428070
1630679172362,7426975
1630679172402,7426193
1630679172442,7425775
1630679172482,7425201
1630679172522,7424889
1630679172562,7423742
1630679172602,7423742
1630679172642,7424107
1630679172682,7423063
1630679172722,7422699
1630679172762,7422438
1630679172802,7421708
1630679172842,7421812
1630679172882,7421291
1630679172922,7420299
1630679172962,7420873
1630679173002,7419830
1630679173042,7419048
1630679173082,7418839
1630679173122,7418996
1630679173162,7418787
1630679173202,7418266
1630679173242,7418161
1630679173282,7417796
1630679173322,7417171
1630679173362,7416180
1630679173402,7416910
1630679173442,7415919
1630679173482,7415345
1630679173522,7415397
1630679173562,7415293
1630679173602,7414876
1630679173642,7414720
1630679173682,7414198
1630679173722,7414615
1630679173762,7415189
1630679173802,7414876
1630679173842,7416388
1630679173882,7416858
1630679173922,7417848
1630679173962,7418735
1630679174002,7419830
1630679174042,7420508
1630679174082,7421916
1630679174122,7424002
1630679174162,7427131
1630679174202,7431094
1630679174242,7434954
1630679174282,7439021
1630679174322,7441837
1630679174362,7444080
1630679174402,7442984
1630679174442,7440533
1630679174482,7437144
1630679174522,7432763
1630679174562,7430469
1630679174602,7428695
1630679174642,7428174
1630679174682,7428956
1630679174722,7432190
1630679174762,7434693
1630679174802,7437352
1630679174842,7436831
1630679174882,7436205
1630679174922,7436622
1630679174962,7438969
1630679175002,7441472
1630679175042,7444288
1630679175082,7442932
1630679175122,7440481
1630679175162,7436257
1630679175202,7432763
1630679175242,7429791
1630679175282,7428591
1630679175322,7427548
1630679175362,7426297
1630679175402,7427444
1630679175442,7429217
1630679175482,7429686
1630679175522,7431772
1630679175562,7432815
1630679175602,7433806
1630679175642,7435006
1630679175682,7435631
1630679175722,7436674
1630679175762,7437092
1630679175802,7437926
1630679175842,7437926
1630679175882,7437874
1630679175922,7437874
1630679175962,7437092
1630679176002,7436674
1630679176042,7436831
1630679176082,7435840
1630679176122,7435058
1630679176162,7434797
1630679176202,7434849
1630679176242,7434588
1630679176282,7434067
1630679176322,7433545
1630679176362,7433806
1630679176402,7433806
1630679176442,7433754
1630679176482,7433806
1630679176522,7432868
1630679176562,7431355
1630679176602,7428695
1630679176642,7426870
1630679176682,7424002
1630679176722,7423689
1630679176762,7423637
1630679176802,7426766
1630679176842,7430260
1630679176882,7432450
1630679176922,7433911
1630679176962,7434432
1630679177002,7435788
1630679177042,7436257
1630679177082,7437665
1630679177122,7437874
1630679177162,7437874
1630679177202,7439073
1630679177242,7439438
1630679177282,7439803
1630679177322,7441211
1630679177362,7441733
1630679177402,7441681
1630679177442,7442672
1630679177482,7441733
1630679177522,7441576
1630679177562,7440325
1630679177602,7438291
1630679177642,7436153
1630679177682,7432659
1630679177722,7430417
1630679177762,7427913
1630679177802,7426453
1630679177842,7426401
1630679177882,7425358
1630679177922,7424107
1630679177962,7422907
1630679178002,7421864
1630679178042,7419987
1630679178082,7418891
1630679178122,7417431
1630679178162,7416180
1630679178202,7415867
1630679178242,7415658
1630679178282,7415293
1630679178322,7414980
1630679178362,7414824
1630679178402,7415293
1630679178442,7416597
1630679178482,7417118
1630679178522,7417901
1630679178562,7418579
1630679178602,7421551
1630679178642,7422855
1630679178682,7424054
1630679178722,7424889
1630679178762,7425775
1630679178802,7428331
1630679178842,7429165
1630679178882,7430417
1630679178922,7431981
1630679178962,7434432
1630679179002,7436779
1630679179042,7438343
1630679179082,7439595
1630679179122,7441055
1630679179162,7442724
1630679179202,7443037
1630679179242,7442932
1630679179282,7442150
1630679179322,7441264
1630679179362,7440221
1630679179402,7439073
1630679179442,7438135
1630679179482,7436727
1630679179522,7436205
1630679179562,7435684
1630679179602,7435214
1630679179642,7433754
1630679179682,7432711
1630679179722,7431407
1630679179762,7429999
1630679179802,7429009
1630679179842,7427131
1630679179882,7427340
1630679179922,7426558
1630679179962,7425775
1630679180002,7425150
1630679180042,7424576
1630679180082,7423950
1630679180122,7422385
1630679180162,7421499
1630679180202,7420404
1630679180242,7418683
1630679180282,7418109
1630679180322,7417796
1630679180362,7417848
1630679180402,7417275
1630679180442,7417483
1630679180482,7417066
1630679180522,7416440
1630679180562,7415971
1630679180602,7417223
1630679180642,7417692
1630679180682,7419100
1630679180722,7419987
1630679180762,7421551
1630679180802,7424107
1630679180842,7425515
1630679180882,7427548
1630679180922,7429165
1630679180962,7430521
1630679181002,7431616
1630679181042,7432607
1630679181082,7433493
1630679181122,7434641
1630679181162,7436466
1630679181202,7438135
1630679181242,7439856
1630679181282,7441055
1630679181322,7441785
1630679181362,7443193
1630679181402,7442724
1630679181442,7442619
1630679181482,7442254
1630679181522,7441264
1630679181562,7439595
1630679181602,7439751
1630679181642,7439334
1630679181682,7438552
1630679181722,7437509
1630679181762,7436622
1630679181802,7435423
1630679181842,7433806
1630679181882,7432607
1630679181922,7432555
1630679181962,7431303
1630679182002,7430729
1630679182042,7429791
1630679182082,7429478
1630679182122,7429426
1630679182162,7429478
1630679182202,7428904
1630679182242,7430103
1630679182282,7429269
1630679182322,7427444
1630679182362,7426505
1630679182402,7425150
1630679182442,7424889
1630679182482,7425201
1630679182522,7425984
1630679182562,7425879
1630679182602,7424836
1630679182642,7422855
1630679182682,7420977
1630679182722,7419152
1630679182762,7418214
1630679182802,7418526
1630679182842,7418422
1630679182882,7419778
1630679182922,7421760
1630679182962,7422385
1630679183002,7423742
1630679183042,7424680
1630679183082,7425671
1630679183122,7426401
1630679183162,7426297
1630679183202,7427861
1630679183242,7429217
1630679183282,7431460
1630679183322,7433337
1630679183362,7434849
1630679183402,7436153
1630679183442,7436518
1630679183482,7437092
1630679183522,7438865
1630679183562,7439751
1630679183602,7441576
1630679183642,7442202
1630679183682,7442515
1630679183722,7440898
1630679183762,7439647
1630679183802,7436935
1630679183842,7436153
1630679183882,7435371
1630679183922,7435162
1630679183962,7435214
1630679184002,7435475
1630679184042,7435162
1630679184082,7434484
1630679184122,7433076
1630679184162,7432137
1630679184202,7431460
1630679184242,7430469
1630679184282,7430260
1630679184322,7429739
1630679184362,7429634
1630679184402,7429739
1630679184442,7429374
1630679184482,7428956
1630679184522,7428174
1630679184562,7428018
1630679184602,7427131
1630679184642,7426975
1630679184682,7426140
1630679184722,7425619
1630679184762,7424784
1630679184802,7424054
1630679184842,7423585
1630679184882,7423793
1630679184922,7423324
1630679184962,7423376
1630679185002,7423168
1630679185042,7422073
1630679185082,7421655
1630679185122,7419883
1630679185162,7419883
1630679185202,7419204
1630679185242,7418996
1630679185282,7418996
1630679185322,7419204
1630679185362,7418109
1630679185402,7417692
1630679185442,7417744
1630679185482,7416806
1630679185522,7417431
1630679185562,7416545
1630679185602,7416545
1630679185642,7416440
1630679185682,7416388
1630679185722,7417014
1630679185762,7416597
1630679185802,7417066
1630679185842,7418214
1630679185882,7419100
1630679185922,7419726
1630679185962,7420508
1630679186002,7420821
1630679186042,7421551
1630679186082,7422959
1630679186122,7424054
1630679186162,7424471
1630679186202,7424993
1630679186242,7426714
1630679186282,7427392
1630679186322,7428539
1630679186362,7429791
1630679186402,7431147
1630679186442,7432815
1630679186482,7433911
1630679186522,7434223
1630679186562,7435579
1630679186602,7436779
1630679186642,7437874
1630679186682,7438030
1630679186722,7439334
1630679186762,7440064
1630679186802,7439803
1630679186842,7439490
1630679186882,7439021
1630679186922,7438604
1630679186962,7437770
1630679187002,7437717
1630679187042,7437509
1630679187082,7436518
1630679187122,7436518
1630679187162,7436049
1630679187202,7435266
1630679187242,7435840
1630679187282,7434641
1630679187322,7434223
1630679187362,7433702
1630679187402,7432346
1630679187442,7432450
1630679187482,7431720
1630679187522,7431564
1630679187562,7431616
1630679187602,7430573
1630679187642,7430208
1630679187682,7429165
1630679187722,7428748
1630679187762,7427079
1630679187802,7425879
1630679187842,7424941
1630679187882,7423950
1630679187922,7423220
1630679187962,7422803
1630679188002,7422959
1630679188042,7421291
1630679188082,7419987
1630679188122,7419726
1630679188162,7418422
1630679188202,7418526
1630679188242,7418161
1630679188282,7417379
1630679188322,7416753
1630679188362,7416910
1630679188402,7416336
1630679188442,7416962
1630679188482,7416806
1630679188522,7415815
1630679188562,7416388
1630679188602,7416440
1630679188642,7416701
1630679188682,7416388
1630679188722,7417066
1630679188762,7417744
1630679188802,7418057
1630679188842,7419517
1630679188882,7420925
1630679188922,7422699
1630679188962,7424263
1630679189002,7426609
1630679189042,7431094
1630679189082,7434693
1630679189122,7438813
1630679189162,7439543
1630679189202,7438969
1630679189242,7438656
1630679189282,7437926
1630679189322,7437196
1630679189362,7435110
1630679189402,7435788
1630679189442,7436153
1630679189482,7436518
1630679189522,7437926
1630679189562,7439125
1630679189602,7439803
1630679189642,7440273
1630679189682,7440325
1630679189722,7440064
1630679189762,7439021
1630679189802,7439021
1630679189842,7437926
1630679189882,7437926
1630679189922,7437926
1630679189962,7436987
1630679190002,7436570
1630679190042,7435579
1630679190082,7435527
1630679190122,7435006
1630679190162,7435162
1630679190202,7434380
1630679190242,7433180
1630679190282,7432190
1630679190322,7430625
1630679190362,7428435
1630679190402,7428070
1630679190442,7426870
1630679190482,7427340
1630679190522,7426140
1630679190562,7424471
1630679190602,7424263
1630679190642,7423481
1630679190682,7423481
1630679190722,7422959
1630679190762,7422177
1630679190802,7422229
1630679190842,7423063
1630679190882,7422699
1630679190922,7422855
1630679190962,7422177
1630679191002,7422177
1630679191042,7421708
1630679191082,7421551
1630679191122,7421447
1630679191162,7420404
1630679191202,7419934
1630679191242,7419569
1630679191282,7419674
1630679191322,7418474
1630679191362,7417901
1630679191402,7417014
1630679191442,7417483
1630679191482,7415919
1630679191522,7415763
1630679191562,7414563
1630679191602,7414302
1630679191642,7413155
1630679191682,7413103
1630679191722,7412477
1630679191762,7411695
1630679191802,7411017
1630679191842,7411278
1630679191882,7411747
1630679191922,7412947
1630679191962,7412947
1630679192002,7413833
1630679192042,7414355
1630679192082,7416284
1630679192122,7418214
1630679192162,7420873
1630679192202,7421603
1630679192242,7422594
1630679192282,7424211
1630679192322,7424889
1630679192362,7425045
1630679192402,7424941
1630679192442,7425201
1630679192482,7425827
1630679192522,7426558
1630679192562,7427235
1630679192602,7428018
1630679192642,7429739
1630679192682,7430677
1630679192722,7432815
1630679192762,7433911
1630679192802,7434432
1630679192842,7434901
1630679192882,7436101
1630679192922,7435788
1630679192962,7435736
1630679193002,7436309
1630679193042,7436101
1630679193082,7435892
1630679193122,7435527
1630679193162,7434901
1630679193202,7433858
1630679193242,7434693
1630679193282,7433650
1630679193322,7433545
1630679193362,7433389
1630679193402,7434067
1630679193442,7434171
1630679193482,7433128
1630679193522,7432190
1630679193562,7431251
1630679193602,7429843
1630679193642,7429426
1630679193682,7428539
1630679193722,7427287
1630679193762,7428174
1630679193802,7426870
1630679193842,7425984
1630679193882,7425879
1630679193922,7426297
1630679193962,7427027
1630679194002,7426297
1630679194042,7426036
1630679194082,7425775
1630679194122,7425097
1630679194162,7425045
1630679194202,7425462
1630679194242,7425045
1630679194282,7425775
1630679194322,7425515
1630679194362,7425150
1630679194402,7424315
1630679194442,7424367
1630679194482,7424524
1630679194522,7425097
1630679194562,7426558
1630679194602,7429009
1630679194642,7429478
1630679194682,7431094
1630679194722,7431616
1630679194762,7432398
1630679194802,7432659
1630679194842,7432920
1630679194882,7435162
1630679194922,7436101
1630679194962,7436518
1630679195002,7436831
1630679195042,7437405
1630679195082,7437457
1630679195122,7437457
1630679195162,7436518
1630679195202,7436831
1630679195242,7436674
1630679195282,7435631
1630679195322,7434223
1630679195362,7432920
1630679195402,7432815
1630679195442,7431877
1630679195482,7431720
1630679195522,7432346
1630679195562,7433650
1630679195602,7434380
1630679195642,7436205
1630679195682,7437613
1630679195722,7437717
1630679195762,7435214
1630679195802,7431772
1630679195842,7428331
1630679195882,7426036
1630679195922,7423063
1630679195962,7420456
1630679196002,7418735
1630679196042,7418005
1630679196082,7417223
1630679196122,7416858
1630679196162,7415658
1630679196202,7415606
1630679196242,7414355
1630679196282,7414198
1630679196322,7413781
1630679196362,7413416
1630679196402,7413155
1630679196442,7412216
1630679196482,7411851
1630679196522,7410235
1630679196562,7410130
1630679196602,7410078
1630679196642,7410600
1630679196682,7411226
1630679196722,7412321
1630679196762,7413729
1630679196802,7414355
1630679196842,7415815
1630679196882,7415658
1630679196922,7417118
1630679196962,7418109
1630679197002,7419152
1630679197042,7419622
1630679197082,7420091
1630679197122,7420143
1630679197162,7422281
1630679197202,7422385
1630679197242,7423793
1630679197282,7423220
1630679197322,7424576
1630679197362,7425254
1630679197402,7426088
1630679197442,7426975
1630679197482,7427392
1630679197522,7427340
1630679197562,7428435
1630679197602,7428644
1630679197642,7429999
1630679197682,7430156
1630679197722,7430156
1630679197762,7430052
1630679197802,7429374
1630679197842,7428904
1630679197882,7428644
1630679197922,7428226
1630679197962,7427861
1630679198002,7427757
1630679198042,7426453
1630679198082,7425827
1630679198122,7425879
1630679198162,7425410
1630679198202,7424628
1630679198242,7423637
1630679198282,7423533
1630679198322,7422490
1630679198362,7421916
1630679198402,7421447
1630679198442,7420299
1630679198482,7418683
1630679198522,7418370
1630679198562,7416388
1630679198602,7414042
1630679198642,7412373
1630679198682,7411538
1630679198722,7411382
1630679198762,7410287
1630679198802,7409296
1630679198842,7410026
1630679198882,7409609
1630679198922,7409192
1630679198962,7409348
1630679199002,7408201
1630679199042,7408461
1630679199082,7408357
1630679199122,7408931
1630679199162,7410183
1630679199202,7412112
1630679199242,7414667
1630679199282,7416493
1630679199322,7417588
1630679199362,7419152
1630679199402,7420352
1630679199442,7421082
1630679199482,7422750
1630679199522,7423898
1630679199562,7424836
1630679199602,7426036
1630679199642,7428956
1630679199682,7429739
1630679199722,7430364
1630679199762,7430834
1630679199802,7430312
1630679199842,7430782
1630679199882,7429947
1630679199922,7429530
1630679199962,7429217
1630679200002,7428800
1630679200042,7428800
1630679200082,7428070
1630679200122,7427496
1630679200162,7426870
1630679200202,7426088
1630679200242,7425723
1630679200282,7426453
1630679200322,7426870
1630679200362,7426453
1630679200402,7425671
1630679200442,7424993
1630679200482,7423272
1630679200522,7423168
1630679200562,7421186
1630679200602,7421655
1630679200642,7420717
1630679200682,7420091
1630679200722,7420195
1630679200762,7420143
1630679200802,7419778
1630679200842,7419726
1630679200882,7418474
1630679200922,7418005
1630679200962,7417275
1630679201002,7416545
1630679201042,7416128
1630679201082,7415085
1630679201122,7414302
1630679201162,7413885
1630679201202,7413364
1630679201242,7413624
1630679201282,7413937
1630679201322,7414980
1630679201362,7415085
1630679201402,7415502
1630679201442,7414355
1630679201482,7416180
1630679201522,7418787
1630679201562,7420404
1630679201602,7422020
1630679201642,7423533
1630679201682,7424941
1630679201722,7425254
1630679201762,7426818
1630679201802,7428383
1630679201842,7430573
1630679201882,7432711
1630679201922,7434067
1630679201962,7437144
1630679202002,7439647
1630679202042,7443662
1630679202082,7448982
1630679202122,7456230
1630679202162,7463271
1630679202202,7468016
1630679202242,7472605
1630679202282,7476360
1630679202322,7479593
1630679202362,7483922
1630679202402,7486998
1630679202442,7492265
1630679202482,7495551
1630679202522,7496020
1630679202562,7496750
1630679202602,7501079
1630679202642,7512499
1630679202682,7525798
1630679202722,7532942
1630679202762,7537792
1630679202802,7541442
1630679202842,7546032
1630679202882,7555783
1630679202922,7570125
1630679202962,7580920
1630679203002,7574609
1630679203042,7567204
1630679203082,7560007
1630679203122,7548795
1630679203162,7537583
1630679203202,7531534
1630679203242,7522721
1630679203282,7515785
1630679203322,7509214
1630679203362,7506242
1630679203402,7505251
1630679203442,7505616
1630679203482,7500244
1630679203522,7491066
1630679203562,7481679
1630679203602,7469633
1630679203642,7460350
1630679203682,7454197
1630679203722,7450233
1630679203762,7447104
1630679203802,7444236
1630679203842,7442254
1630679203882,7440638
1630679203922,7438969
1630679203962,7438813
1630679204002,7441941
1630679204042,7441889
1630679204082,7439073
1630679204122,7437144
1630679204162,7435162
1630679204202,7434849
1630679204242,7434276
1630679204282,7433806
1630679204322,7433806
1630679204362,7433128
1630679204402,7434223
1630679204442,7436622
1630679204482,7439230
1630679204522,7440325
1630679204562,7440951
1630679204602,7441003
1630679204642,7440586
1630679204682,7440377
1630679204722,7440533
1630679204762,7440012
1630679204802,7439803
1630679204842,7439282
1630679204882,7438917
1630679204922,7437874
1630679204962,7437457
1630679205002,7436570
1630679205042,7436153
1630679205082,7435736
1630679205122,7436935
1630679205162,7437144
1630679205202,7438082
1630679205242,7438656
1630679205282,7439230
1630679205322,7439595
1630679205362,7439073
1630679205402,7438813
1630679205442,7438917
1630679205482,7439073
1630679205522,7438917
1630679205562,7438343
1630679205602,7438082
1630679205642,7438135
1630679205682,7437926
1630679205722,7437561
1630679205762,7436622
1630679205802,7435944
1630679205842,7435423
1630679205882,7434693
1630679205922,7434328
1630679205962,7434328
1630679206002,7433233
1630679206042,7433024
1630679206082,7432503
1630679206122,7431877
1630679206162,7431094
1630679206202,7430782
1630679206242,7430312
1630679206282,7429739
1630679206322,7429791
1630679206362,7429217
1630679206402,7429269
1630679206442,7428695
1630679206482,7428904
1630679206522,7428435
1630679206562,7427131
1630679206602,7427131
1630679206642,7427235
1630679206682,7426349
1630679206722,7425932
1630679206762,7425358
1630679206802,7425723
1630679206842,7425358
1630679206882,7425254
1630679206922,7425410
1630679206962,7424836
1630679207002,7424680
1630679207042,7424680
1630679207082,7423898
1630679207122,7423585
1630679207162,7423950
1630679207202,7423689
1630679207242,7424419
1630679207282,7424889
1630679207322,7425723
1630679207362,7426505
1630679207402,7428018
1630679207442,7429634
1630679207482,7431251
1630679207522,7431668
1630679207562,7434067
1630679207602,7434276
1630679207642,7435996
1630679207682,7437874
1630679207722,7438082
1630679207762,7439856
1630679207802,7441055
1630679207842,7442619
1630679207882,7443245
1630679207922,7445175
1630679207962,7446478
1630679208002,7447261
1630679208042,7448565
1630679208082,7448877
1630679208122,7449608
1630679208162,7449555
1630679208202,7450337
1630679208242,7449868
1630679208282,7449816
1630679208322,7448877
1630679208362,7448565
1630679208402,7447991
1630679208442,7446739
1630679208482,7445957
1630679208522,7446374
1630679208562,7446061
1630679208602,7444445
1630679208642,7443871
1630679208682,7442515
1630679208722,7442880
1630679208762,7442932
1630679208802,7442619
1630679208842,7442046
1630679208882,7441003
1630679208922,7439699
1630679208962,7440064
1630679209002,7439595
1630679209042,7438500
1630679209082,7438760
1630679209122,7437926
1630679209162,7437144
1630679209202,7436779
1630679209242,7436518
1630679209282,7436414
1630679209322,7434954
1630679209362,7435058
1630679209402,7434276
1630679209442,7433963
1630679209482,7433911
1630679209522,7433493
1630679209562,7433911
1630679209602,7433285
1630679209642,7433076
1630679209682,7433024
1630679209722,7432085
1630679209762,7431564
1630679209802,7431147
1630679209842,7430469
1630679209882,7430156
1630679209922,7430312
1630679209962,7430938
1630679210002,7429999
1630679210042,7429165
1630679210082,7429060
1630679210122,7429217
1630679210162,7429060
1630679210202,7428956
1630679210242,7429060
1630679210282,7428904
1630679210322,7428226
1630679210362,7427601
1630679210402,7426818
1630679210442,7426453
1630679210482,7426818
1630679210522,7426349
1630679210562,7426401
1630679210602,7426297
1630679210642,7426193
1630679210682,7425410
1630679210722,7425932
1630679210762,7425932
1630679210802,7425879
1630679210842,7425932
1630679210882,7425932
1630679210922,7426505
1630679210962,7424784
1630679211002,7424211
1630679211042,7424263
1630679211082,7424107
1630679211122,7424941
1630679211162,7423637
1630679211202,7424211
1630679211242,7423637
1630679211282,7423585
1630679211322,7423376
1630679211362,7423533
1630679211402,7424054
1630679211442,7423063
1630679211482,7424367
1630679211522,7423950
1630679211562,7423272
1630679211602,7423637
1630679211642,7423376
1630679211682,7422750
1630679211722,7422907
1630679211762,7423011
1630679211802,7423846
1630679211842,7423272
1630679211882,7423898
1630679211922,7424941
1630679211962,7425410
1630679212002,7427548
1630679212042,7428487
1630679212082,7429582
1630679212122,7430521
1630679212162,7432033
1630679212202,7433806
1630679212242,7434536
1630679212282,7435162
1630679212322,7436987
1630679212362,7437978
1630679212402,7438500
1630679212442,7439073
1630679212482,7440116
1630679212522,7441785
1630679212562,7442150
1630679212602,7443349
1630679212642,7443715
1630679212682,7445331
1630679212722,7445957
1630679212762,7445540
1630679212802,7446322
1630679212842,7446531
1630679212882,7446113
1630679212922,7445800
1630679212962,7445644
1630679213002,7445123
1630679213042,7444705
1630679213082,7444549
1630679213122,7443610
1630679213162,7442880
1630679213202,7442150
1630679213242,7442411
1630679213282,7441420
1630679213322,7441003
1630679213362,7440638
1630679213402,7440221
1630679213442,7439751
1630679213482,7438865
1630679213522,7439386
1630679213562,7438447
1630679213602,7436935
1630679213642,7436883
1630679213682,7436622
1630679213722,7435423
1630679213762,7434954
1630679213802,7434588
1630679213842,7434119
1630679213882,7434484
1630679213922,7433233
1630679213962,7433858
1630679214002,7433337
1630679214042,7433233
1630679214082,7431720
1630679214122,7431720
1630679214162,7431720
1630679214202,7430834
1630679214242,7429374
1630679214282,7428800
1630679214322,7428435
1630679214362,7428122
1630679214402,7428070
1630679214442,7427340
1630679214482,7426923
1630679214522,7426714
1630679214562,7426558
1630679214602,7425827
1630679214642,7425410
1630679214682,7425410
1630679214722,7424732
1630679214762,7424836
1630679214802,7424784
1630679214842,7424211
1630679214882,7423846
1630679214922,7423272
1630679214962,7423011
1630679215002,7422385
1630679215042,7422229
1630679215082,7422177
1630679215122,7422229
1630679215162,7422699
1630679215202,7423376
1630679215242,7423898
1630679215282,7423793
1630679215322,7423428
1630679215362,7422490
1630679215402,7419152
1630679215442,7416232
1630679215482,7414876
1630679215522,7411904
1630679215562,7409661
1630679215602,7407627
1630679215642,7406480
1630679215682,7405959
1630679215722,7406480
1630679215762,7408096
1630679215802,7410183
1630679215842,7411330
1630679215882,7412425
1630679215922,7413729
1630679215962,7414355
1630679216002,7415137
1630679216042,7415658
1630679216082,7417483
1630679216122,7418631
1630679216162,7419934
1630679216202,7420560
1630679216242,7421708
1630679216282,7421968
1630679216322,7423168
1630679216362,7423168
1630679216402,7423585
1630679216442,7422646
1630679216482,7422594
1630679216522,7421864
1630679216562,7419987
1630679216602,7418683
1630679216642,7416858
1630679216682,7415345
1630679216722,7413677
1630679216762,7412634
1630679216802,7411330
1630679216842,7410130
1630679216882,7409765
1630679216922,7408931
1630679216962,7409140
1630679217002,7407784
1630679217042,7407053
1630679217082,7406688
1630679217122,7406480
1630679217162,7406271
1630679217202,7405489
1630679217242,7405020
1630679217282,7404811
1630679217322,7404968
1630679217362,7404394
1630679217402,7404237
1630679217442,7403716
1630679217482,7403247
1630679217522,7402777
1630679217562,7401578
1630679217602,7401421
1630679217642,7401265
1630679217682,7401369
1630679217722,7399857
1630679217762,7399075
1630679217802,7398397
1630679217842,7398292
1630679217882,7397093
1630679217922,7396780
1630679217962,7396884
1630679218002,7396572
1630679218042,7396415
1630679218082,7395007
1630679218122,7394955
1630679218162,7395111
1630679218202,7394329
1630679218242,7394694
1630679218282,7394590
1630679218322,7394173
1630679218362,7394694
1630679218402,7394694
1630679218442,7393912
1630679218482,7393390
1630679218522,7393078
1630679218562,7393390
1630679218602,7393547
1630679218642,7394068
1630679218682,7395007
1630679218722,7395581
1630679218762,7396676
1630679218802,7397302
1630679218842,7398553
1630679218882,7399596
1630679218922,7400692
1630679218962,7401056
1630679219002,7402308
1630679219042,7403768
1630679219082,7404811
1630679219122,7406428
1630679219162,7407314
1630679219202,7407210
1630679219242,7409244
1630679219282,7409870
1630679219322,7410912
1630679219362,7411330
1630679219402,7412634
1630679219442,7413364
1630679219482,7415241
1630679219522,7414980
1630679219562,7415397
1630679219602,7416128
1630679219642,7415502
1630679219682,7414980
1630679219722,7413989
1630679219762,7413155
1630679219802,7412112
1630679219842,7411747
1630679219882,7410496
1630679219922,7410496
1630679219962,7409400
1630679220002,7408410
1630679220042,7407732
1630679220082,7406688
1630679220122,7406845
1630679220162,7406271
1630679220202,7405489
1630679220242,7405489
1630679220282,7404916
1630679220322,7405594
1630679220362,7405333
1630679220402,7405959
1630679220442,7405437
1630679220482,7405385
1630679220522,7404759
1630679220562,7402569
1630679220602,7403247
1630679220642,7402412
1630679220682,7401526
1630679220722,7401004
1630679220762,7401161
1630679220802,7400692
1630679220842,7401578
1630679220882,7401369
1630679220922,7402517
1630679220962,7403560
1630679221002,7405228
1630679221042,7406011
1630679221082,7407158
1630679221122,7408305
1630679221162,7409870
1630679221202,7411538
1630679221242,7412529
1630679221282,7413781
1630679221322,7415189
1630679221362,7416545
1630679221402,7418161
1630679221442,7419830
1630679221482,7420143
1630679221522,7421395
1630679221562,7423011
1630679221602,7423846
1630679221642,7425045
1630679221682,7425879
1630679221722,7425827
1630679221762,7426140
1630679221802,7426766
1630679221842,7425515
1630679221882,7425358
1630679221922,7425306
1630679221962,7424211
1630679222002,7422959
1630679222042,7423220
1630679222082,7422020
1630679222122,7421864
1630679222162,7419934
1630679222202,7419309
1630679222242,7418631
1630679222282,7417483
1630679222322,7416284
1630679222362,7415919
1630679222402,7414459
1630679222442,7413416
1630679222482,7412947
1630679222522,7411747
1630679222562,7410078
1630679222602,7409504
1630679222642,7407992
1630679222682,7407210
1630679222722,7406376
1630679222762,7404863
1630679222802,7403872
1630679222842,7402986
1630679222882,7401161
1630679222922,7400743
1630679222962,7399961
1630679223002,7399231
1630679223042,7398501
1630679223082,7397667
1630679223122,7397093
1630679223162,7396728
1630679223202,7395894
1630679223242,7395216
1630679223282,7394016
1630679223322,7394016
1630679223362,7394329
1630679223402,7394225
1630679223442,7394016
1630679223482,7394381
1630679223522,7394173
1630679223562,7395424
1630679223602,7396363
1630679223642,7397197
1630679223682,7398605
1630679223722,7399909
1630679223762,7401109
1630679223802,7401265
1630679223842,7402725
1630679223882,7404707
1630679223922,7405802
1630679223962,7406584
1630679224002,7407732
1630679224042,7408722
1630679224082,7410026
1630679224122,7410652
1630679224162,7411382
1630679224202,7412738
1630679224242,7413468
1630679224282,7414250
1630679224322,7415502
1630679224362,7416388
1630679224402,7417223
1630679224442,7419100
1630679224482,7418370
1630679224522,7418109
1630679224562,7418631
1630679224602,7417692
1630679224642,7416649
1630679224682,7416284
1630679224722,7415867
1630679224762,7415397
1630679224802,7414302
1630679224842,7413103
1630679224882,7412321
1630679224922,7411904
1630679224962,7410912
1630679225002,7409870
1630679225042,7409087
1630679225082,7408253
1630679225122,7407992
1630679225162,7407314
1630679225202,7406167
1630679225242,7405176
1630679225282,7404342
1630679225322,7404342
1630679225362,7403664
1630679225402,7403194
1630679225442,7402934
1630679225482,7402725
1630679225522,7401943
1630679225562,7401474
1630679225602,7401735
1630679225642,7400848
1630679225682,7400639
1630679225722,7399961
1630679225762,7400483
1630679225802,7399648
1630679225842,7399231
1630679225882,7399388
1630679225922,7398397
1630679225962,7399127
1630679226002,7399023
1630679226042,7398240
1630679226082,7398397
1630679226122,7397719
1630679226162,7398345
1630679226202,7398240
1630679226242,7398032
1630679226282,7397667
1630679226322,7398605
1630679226362,7397875
1630679226402,7398658
1630679226442,7398240
1630679226482,7399284
1630679226522,7399700
1630679226562,7400743
1630679226602,7401474
1630679226642,7401839
1630679226682,7403143
1630679226722,7404133
1630679226762,7405072
1630679226802,7406584
1630679226842,7407314
1630679226882,7407836
1630679226922,7408722
1630679226962,7409713
1630679227002,7410183
1630679227042,7411591
1630679227082,7413103
1630679227122,7413677
1630679227162,7413885
1630679227202,7414667
1630679227242,7414720
1630679227282,7415919
1630679227322,7415971
1630679227362,7416753
1630679227402,7416962
1630679227442,7416440
1630679227482,7415345
1630679227522,7415085
1630679227562,7414511
1630679227602,7414615
1630679227642,7413364
1630679227682,7413781
1630679227722,7412477
1630679227762,7411121
1630679227802,7411121
1630679227842,7410548
1630679227882,7409870
1630679227922,7409713
1630679227962,7408514
1630679228002,7406011
1630679228042,7404290
1630679228082,7404290
1630679228122,7403403
1630679228162,7401682
1630679228202,7400222
1630679228242,7398866
1630679228282,7397875
1630679228322,7397145
1630679228362,7395998
1630679228402,7396259
1630679228442,7395424
1630679228482,7395111
1630679228522,7394173
1630679228562,7394173
1630679228602,7394173
1630679228642,7393599
1630679228682,7393338
1630679228722,7393338
1630679228762,7393130
1630679228802,7393078
1630679228842,7392817
1630679228882,7392504
1630679228922,7394068
1630679228962,7394068
1630679229002,7395581
1630679229042,7396832
1630679229082,7397927
1630679229122,7399440
1630679229162,7400222
1630679229202,7401265
1630679229242,7402934
1630679229282,7404029
1630679229322,7404916
1630679229362,7404916
1630679229402,7407053
1630679229442,7408253
1630679229482,7409296
1630679229522,7411486
1630679229562,7412008
1630679229602,7413051
1630679229642,7413520
1630679229682,7414928
1630679229722,7414511
1630679229762,7414980
1630679229802,7416232
1630679229842,7415345
1630679229882,7415502
1630679229922,7414511
1630679229962,7414824
1630679230002,7414667
1630679230042,7413364
1630679230082,7412634
1630679230122,7410965
1630679230162,7410600
1630679230202,7409818
1630679230242,7408410
1630679230282,7407367
1630679230322,7406897
1630679230362,7405541
1630679230402,7405228
1630679230442,7404133
1630679230482,7402986
1630679230522,7401943
1630679230562,7401004
1630679230602,7400692
1630679230642,7399544
1630679230682,7399231
1630679230722,7398345
1630679230762,7397823
1630679230802,7398292
1630679230842,7397249
1630679230882,7397145
1630679230922,7396415
1630679230962,7396050
1630679231002,7396311
1630679231042,7395111
1630679231082,7395424
1630679231122,7394955
1630679231162,7394903
1630679231202,7394903
1630679231242,7394694
1630679231282,7394590
1630679231322,7394955
1630679231362,7394538
1630679231402,7394590
1630679231442,7395581
1630679231482,7395581
1630679231522,7397615
1630679231562,7397562
1630679231602,7398866
1630679231642,7399700
1630679231682,7400639
1630679231722,7401943
1630679231762,7402151
1630679231802,7403508
1630679231842,7404342
1630679231882,7404185
1630679231922,7405228
1630679231962,7405645
1630679232002,7406011
1630679232042,7407262
1630679232082,7407888
1630679232122,7409557
1630679232162,7409818
1630679232202,7410496
1630679232242,7410912
1630679232282,7410912
1630679232322,7411486
1630679232362,7411486
1630679232402,7411434
1630679232442,7410652
1630679232482,7409818
1630679232522,7409192
1630679232562,7407784
1630679232602,7407992
1630679232642,7406428
1630679232682,7405802
1630679232722,7405385
1630679232762,7404394
1630679232802,7403560
1630679232842,7402934
1630679232882,7402256
1630679232922,7401735
1630679232962,7401265
1630679233002,7400013
1630679233042,7399805
1630679233082,7399492
1630679233122,7398658
1630679233162,7398397
1630679233202,7397771
1630679233242,7397041
1630679233282,7396832
1630679233322,7396154
1630679233362,7396519
1630679233402,7396102
1630679233442,7395946
1630679233482,7395320
1630679233522,7395268
1630679233562,7395007
1630679233602,7394381
1630679233642,7394486
1630679233682,7394642
1630679233722,7393964
1630679233762,7394173
1630679233802,7394173
1630679233842,7394068
1630679233882,7393286
1630679233922,7393756
1630679233962,7393808
1630679234002,7394746
1630679234042,7394694
1630679234082,7395946
1630679234122,7396572
1630679234162,7396832
1630679234202,7398084
1630679234242,7399284
1630679234282,7399388
1630679234322,7400326
1630679234362,7401839
1630679234402,7402777
1630679234442,7403194
1630679234482,7403768
1630679234522,7404394
1630679234562,7404968
1630679234602,7405959
1630679234642,7406584
1630679234682,7406741
1630679234722,7407627
1630679234762,7408149
1630679234802,7408461
1630679234842,7409035
1630679234882,7409504
1630679234922,7409870
1630679234962,7409974
1630679235002,7409870
1630679235042,7409713
1630679235082,7409818
1630679235122,7409609
1630679235162,7409765
1630679235202,7408670
1630679235242,7408931
1630679235282,7408305
1630679235322,7408305
1630679235362,7407679
1630679235402,7407106
1630679235442,7406949
1630679235482,7405959
1630679235522,7405906
1630679235562,7405176
1630679235602,7404551
1630679235642,7403872
1630679235682,7402986
1630679235722,7402360
1630679235762,7401839
1630679235802,7400796
1630679235842,7399857
1630679235882,7399596
1630679235922,7398032
1630679235962,7396937
1630679236002,7396937
1630679236042,7396572
1630679236082,7396102
1630679236122,7395685
1630679236162,7394799
1630679236202,7394799
1630679236242,7394799
1630679236282,7394173
1630679236322,7393756
1630679236362,7393182
1630679236402,7392817
1630679236442,7392817
1630679236482,7392660
1630679236522,7392035
1630679236562,7392817
1630679236602,7393025
1630679236642,7394173
1630679236682,7394225
1630679236722,7395007
1630679236762,7395789
1630679236802,7396363
1630679236842,7397510
1630679236882,7398292
1630679236922,7399127
1630679236962,7399596
1630679237002,7400900
1630679237042,7401056
1630679237082,7402100
1630679237122,7403038
1630679237162,7403090
1630679237202,7403455
1630679237242,7404133
1630679237282,7404759
1630679237322,7405072
1630679237362,7406897
1630679237402,7407367
1630679237442,7407471
1630679237482,7408149
1630679237522,7408983
1630679237562,7409504
1630679237602,7409348
1630679237642,7410548
1630679237682,7409713
1630679237722,7409296
1630679237762,7408566
1630679237802,7407314
1630679237842,7407053
1630679237882,7406584
1630679237922,7405020
1630679237962,7403872
1630679238002,7403768
1630679238042,7402725
1630679238082,7401735
1630679238122,7400848
1630679238162,7400587
1630679238202,7399127
1630679238242,7398658
1630679238282,7397980
1630679238322,7397927
1630679238362,7396832
1630679238402,7396467
1630679238442,7396415
1630679238482,7396050
1630679238522,7395059
1630679238562,7394590
1630679238602,7394068
1630679238642,7394225
1630679238682,7394016
1630679238722,7393651
1630679238762,7393495
1630679238802,7392452
1630679238842,7392452
1630679238882,7392504
1630679238922,7392243
1630679238962,7391826
1630679239002,7391513
1630679239042,7391722
1630679239082,7391774
1630679239122,7390939
1630679239162,7391252
1630679239202,7392400
1630679239242,7392452
1630679239282,7393599
1630679239322,7394121
1630679239362,7395111
1630679239402,7396311
1630679239442,7396624
1630679239482,7397719
1630679239522,7398658
1630679239562,7399023
1630679239602,7399700
1630679239642,7400274
1630679239682,7401474
1630679239722,7402308
1630679239762,7403194
1630679239802,7403508
1630679239842,7404290
1630679239882,7405802
1630679239922,7406011
1630679239962,7406741
1630679240002,7406845
1630679240042,7406897
1630679240082,7407992
1630679240122,7408305
1630679240162,7408410
1630679240202,7408827
1630679240242,7407627
1630679240282,7408045
1630679240322,7408201
1630679240362,7406949
1630679240402,7406897
1630679240442,7406324
1630679240482,7406011
1630679240522,7405333
1630679240562,7404498
1630679240602,7404811
1630679240642,7403768
1630679240682,7403508
1630679240722,7402882
1630679240762,7401630
1630679240802,7401161
1630679240842,7399700
1630679240882,7399388
1630679240922,7398397
1630679240962,7396989
1630679241002,7396363
1630679241042,7395476
1630679241082,7394694
1630679241122,7394225
1630679241162,7393703
1630679241202,7392921
1630679241242,7391878
1630679241282,7391878
1630679241322,7392295
1630679241362,7392139
1630679241402,7391200
1630679241442,7391826
1630679241482,7391096
1630679241522,7391670
1630679241562,7389792
1630679241602,7390522
1630679241642,7390887
1630679241682,7390627
1630679241722,7390679
1630679241762,7390627
1630679241802,7390731
1630679241842,7390992
1630679241882,7392713
1630679241922,7393234
1630679241962,7394068
1630679242002,7394433
1630679242042,7396050
1630679242082,7396467
1630679242122,7397041
1630679242162,7398136
1630679242202,7399648
1630679242242,7399596
1630679242282,7400535
1630679242322,7400118
1630679242362,7401265
1630679242402,7401891
1630679242442,7402151
1630679242482,7402882
1630679242522,7404602
1630679242562,7404342
1630679242602,7405437
1630679242642,7406584
1630679242682,7407262
1630679242722,7407471
1630679242762,7407471
1630679242802,7407262
1630679242842,7408618
1630679242882,7407419
1630679242922,7407627
1630679242962,7406741
1630679243002,7406636
1630679243042,7406741
1630679243082,7405802
1630679243122,7405437
1630679243162,7405228
1630679243202,7404342
1630679243242,7404498
1630679243282,7403560
1630679243322,7403768
1630679243362,7403768
1630679243402,7402777
1630679243442,7402569
1630679243482,7402673
1630679243522,7402464
1630679243562,7401474
1630679243602,7401943
1630679243642,7401735
1630679243682,7401004
1630679243722,7401213
1630679243762,7400743
1630679243802,7400170
1630679243842,7398970
1630679243882,7398814
1630679243922,7398292
1630679243962,7398292
1630679244002,7397145
1630679244042,7396363
1630679244082,7396832
1630679244122,7395841
1630679244162,7395841
1630679244202,7394903
1630679244242,7394642
1630679244282,7393234
1630679244322,7393860
1630679244362,7392869
1630679244402,7393338
1630679244442,7392660
1630679244482,7392035
1630679244522,7392660
1630679244562,7392348
1630679244602,7391305
1630679244642,7391722
1630679244682,7391200
1630679244722,7390939
1630679244762,7391044
1630679244802,7391617
1630679244842,7392869
1630679244882,7392973
1630679244922,7394225
1630679244962,7394433
1630679245002,7395633
1630679245042,7396311
1630679245082,7397562
1630679245122,7397927
1630679245162,7398918
1630679245202,7399805
1630679245242,7399961
1630679245282,7400848
1630679245322,7401891
1630679245362,7402204
1630679245402,7402621
1630679245442,7402986
1630679245482,7404133
1630679245522,7404446
1630679245562,7405020
1630679245602,7405802
1630679245642,7406376
1630679245682,7407419
1630679245722,7407419
1630679245762,7408201
1630679245802,7408149
1630679245842,7408357
1630679245882,7408045
1630679245922,7406949
1630679245962,7406532
1630679246002,7406376
1630679246042,7405489
1630679246082,7405594
1630679246122,7404707
1630679246162,7404759
1630679246202,7403612
1630679246242,7403977
1630679246282,7403403
1630679246322,7403038
1630679246362,7402464
1630679246402,7401786
1630679246442,7401943
1630679246482,7401578
1630679246522,7401161
1630679246562,7400378
1630679246602,7401317
1630679246642,7400796
1630679246682,7400535
1630679246722,7400013
1630679246762,7399753
1630679246802,7399544
1630679246842,7398762
1630679246882,7398501
1630679246922,7398240
1630679246962,7398658
1630679247002,7397615
1630679247042,7397458
1630679247082,7397249
1630679247122,7396415
1630679247162,7396415
1630679247202,7396728
1630679247242,7396311
1630679247282,7395007
1630679247322,7394851
1630679247362,7394329
1630679247402,7394173
1630679247442,7394538
1630679247482,7394277
1630679247522,7393025
1630679247562,7393338
1630679247602,7392713
1630679247642,7393025
1630679247682,7393756
1630679247722,7394225
1630679247762,7395007
1630679247802,7395946
1630679247842,7397510
1630679247882,7397667
1630679247922,7398866
1630679247962,7399961
1630679248002,7400639
1630679248042,7402151
1630679248082,7403299
1630679248122,7404237
1630679248162,7405124
1630679248202,7405645
1630679248242,7407210
1630679248282,7408566
1630679248322,7409035
1630679248362,7409661
1630679248402,7410287
1630679248442,7411486
1630679248482,7411747
1630679248522,7412581
1630679248562,7412999
1630679248602,7413781
1630679248642,7414720
1630679248682,7413833
1630679248722,7413937
1630679248762,7412581
1630679248802,7412634
1630679248842,7412164
1630679248882,7411069
1630679248922,7410443
1630679248962,7410026
1630679249002,7409192
1630679249042,7407575
1630679249082,7407262
1630679249122,7406636
1630679249162,7405124
1630679249202,7404290
1630679249242,7403247
1630679249282,7401891
1630679249322,7401317
1630679249362,7399961
1630679249402,7399753
1630679249442,7398292
1630679249482,7396832
1630679249522,7396207
1630679249562,7396519
1630679249602,7395841
1630679249642,7395372
1630679249682,7394799
1630679249722,7394694
1630679249762,7393390
1630679249802,7393495
1630679249842,7393495
1630679249882,7392921
1630679249922,7392869
1630679249962,7392243
1630679250002,7392400
1630679250042,7392295
1630679250082,7392765
1630679250122,7393495
1630679250162,7394903
1630679250202,7394799
1630679250242,7395998
1630679250282,7397041
1630679250322,7398032
1630679250362,7399388
1630679250402,7399127
1630679250442,7401004
1630679250482,7401213
1630679250522,7402725
1630679250562,7403560
1630679250602,7403925
1630679250642,7405228
1630679250682,7405802
1630679250722,7407002
1630679250762,7407419
1630679250802,7408566
1630679250842,7408931
1630679250882,7409922
1630679250922,7410496
1630679250962,7411017
1630679251002,7411591
1630679251042,7411591
1630679251082,7411226
1630679251122,7410808
1630679251162,7409400
1630679251202,7409453
1630679251242,7407940
1630679251282,7407471
1630679251322,7406219
1630679251362,7405541
1630679251402,7405280
1630679251442,7404602
1630679251482,7403664
1630679251522,7403455
1630679251562,7402621
1630679251602,7402100
1630679251642,7400796
1630679251682,7401109
1630679251722,7400066
1630679251762,7399335
1630679251802,7399075
1630679251842,7398292
1630679251882,7397562
1630679251922,7397145
1630679251962,7397302
1630679252002,7396780
1630679252042,7396467
1630679252082,7395789
1630679252122,7395529
1630679252162,7394590
1630679252202,7394486
1630679252242,7394225
1630679252282,7393286
1630679252322,7392869
1630679252362,7392869
1630679252402,7392400
1630679252442,7391878
1630679252482,7391513
1630679252522,7392035
1630679252562,7391617
1630679252602,7392660
1630679252642,7392608
1630679252682,7392504
1630679252722,7393078
1630679252762,7394277
1630679252802,7395424
1630679252842,7396311
1630679252882,7397771
1630679252922,7397354
1630679252962,7398970
1630679253002,7400013
1630679253042,7400952
1630679253082,7401526
1630679253122,7402934
1630679253162,7404133
1630679253202,7404759
1630679253242,7406271
1630679253282,7406793
1630679253322,7407784
1630679253362,7407836
1630679253402,7409296
1630679253442,7409922
1630679253482,7410496
1630679253522,7411121
1630679253562,7410861
1630679253602,7411330
1630679253642,7411069
1630679253682,7411017
1630679253722,7410183
1630679253762,7410183
1630679253802,7409922
1630679253842,7409870
1630679253882,7408931
1630679253922,7408149
1630679253962,7407627
1630679254002,7408045
1630679254042,7407210
1630679254082,7406532
1630679254122,7405959
1630679254162,7404759
1630679254202,7404551
1630679254242,7403612
1630679254282,7402464
1630679254322,7401995
1630679254362,7401317
1630679254402,7400013
1630679254442,7399596
1630679254482,7398292
1630679254522,7397249
1630679254562,7396728
1630679254602,7395841
1630679254642,7395789
1630679254682,7394694
1630679254722,7394590
1630679254762,7394433
1630679254802,7394016
1630679254842,7393078
1630679254882,7392921
1630679254922,7392139
1630679254962,7392660
1630679255002,7391409
1630679255042,7392243
1630679255082,7392191
1630679255122,7393182
1630679255162,7393390
1630679255202,7393756
1630679255242,7393703
1630679255282,7393443
1630679255322,7392765
1630679255362,7393495
1630679255402,7393286
1630679255442,7392295
1630679255482,7392660
1630679255522,7392504
1630679255562,7390992
1630679255602,7391461
1630679255642,7391982
1630679255682,7391148
1630679255722,7391617
1630679255762,7390992
1630679255802,7391044
1630679255842,7391565
1630679255882,7390992
1630679255922,7391148
1630679255962,7390992
1630679256002,7391044
1630679256042,7390627
1630679256082,7390574
1630679256122,7390262
1630679256162,7389114
1630679256202,7389844
1630679256242,7389062
1630679256282,7388332
1630679256322,7389010
1630679256362,7390053
1630679256402,7390262
1630679256442,7391617
1630679256482,7392400
1630679256522,7393234
1630679256562,7394433
1630679256602,7395841
1630679256642,7396519
1630679256682,7397771
1630679256722,7398188
1630679256762,7400692
1630679256802,7400118
1630679256842,7401526
1630679256882,7402412
1630679256922,7403351
1630679256962,7403872
1630679257002,7405541
1630679257042,7406376
1630679257082,7406741
1630679257122,7407523
1630679257162,7408983
1630679257202,7409192
1630679257242,7410339
1630679257282,7410443
1630679257322,7409453
1630679257362,7408983
1630679257402,7408514
1630679257442,7407784
1630679257482,7407523
1630679257522,7406063
1630679257562,7405124
1630679257602,7404916
1630679257642,7403768
1630679257682,7403508
1630679257722,7402412
1630679257762,7401839
1630679257802,7400483
1630679257842,7399231
1630679257882,7398710
1630679257922,7398032
1630679257962,7397197
1630679258002,7396311
1630679258042,7395424
1630679258082,7394329
1630679258122,7393390
1630679258162,7393025
1630679258202,7392504
1630679258242,7391096
1630679258282,7390418
1630679258322,7390053
1630679258362,7390209
1630679258402,7389479
1630679258442,7389427
1630679258482,7388801
1630679258522,7388906
1630679258562,7389114
1630679258602,7388958
1630679258642,7389219
1630679258682,7388488
1630679258722,7388071
1630679258762,7387706
1630679258802,7387811
1630679258842,7388123
1630679258882,7387602
1630679258922,7388176
1630679258962,7389792
1630679259002,7389844
1630679259042,7390992
1630679259082,7391200
1630679259122,7392869
1630679259162,7393495
1630679259202,7394068
1630679259242,7395789
1630679259282,7396415
1630679259322,7397667
1630679259362,7398449
1630679259402,7399753
1630679259442,7401161
1630679259482,7402360
1630679259522,7403090
1630679259562,7403768
1630679259602,7404916
1630679259642,7406115
1630679259682,7406897
1630679259722,7407523
1630679259762,7409192
1630679259802,7410339
1630679259842,7411382
1630679259882,7412477
1630679259922,7412947
1630679259962,7413677
1630679260002,7413833
1630679260042,7412738
1630679260082,7413416
1630679260122,7413520
1630679260162,7413312
1630679260202,7412790
1630679260242,7413416
1630679260282,7412894
1630679260322,7412686
1630679260362,7412112
1630679260402,7411486
1630679260442,7410965
1630679260482,7410339
1630679260522,7409192
1630679260562,7409400
1630679260602,7409087
1630679260642,7407627
1630679260682,7407002
1630679260722,7406167
1630679260762,7405698
1630679260802,7404237
1630679260842,7403560
1630679260882,7403038
1630679260922,7401735
1630679260962,7400952
1630679261002,7400013
1630679261042,7398345
1630679261082,7397145
1630679261122,7396363
1630679261162,7395946
1630679261202,7394694
1630679261242,7395007
1630679261282,7393703
1630679261322,7393234
1630679261362,7392139
1630679261402,7392035
1630679261442,7391409
1630679261482,7391305
1630679261522,7390627
1630679261562,7390314
1630679261602,7390157
1630679261642,7390001
1630679261682,7390627
1630679261722,7390887
1630679261762,7390522
1630679261802,7391305
1630679261842,7392400
1630679261882,7393703
1630679261922,7394433
1630679261962,7394955
1630679262002,7396050
1630679262042,7396102
1630679262082,7397249
1630679262122,7398397
1630679262162,7399805
1630679262202,7400848
1630679262242,7401161
1630679262282,7402621
1630679262322,7403299
1630679262362,7404185
1630679262402,7405176
1630679262442,7405333
1630679262482,7406584
1630679262522,7407367
1630679262562,7407679
1630679262602,7408879
1630679262642,7409870
1630679262682,7409974
1630679262722,7409661
1630679262762,7409400
1630679262802,7409244
1630679262842,7408357
1630679262882,7408461
1630679262922,7407210
1630679262962,7406324
1630679263002,7406167
1630679263042,7405228
1630679263082,7404029
1630679263122,7403612
1630679263162,7402986
1630679263202,7402151
1630679263242,7401109
1630679263282,7399909
1630679263322,7399075
1630679263362,7397667
1630679263402,7397354
1630679263442,7396884
1630679263482,7395529
1630679263522,7394694
1630679263562,7394225
1630679263602,7393912
1630679263642,7393234
1630679263682,7392400
1630679263722,7391982
1630679263762,7392243
1630679263802,7391409
1630679263842,7391148
1630679263882,7391200
1630679263922,7390939
1630679263962,7390522
1630679264002,7390783
1630679264042,7390105
1630679264082,7390105
1630679264122,7390992
1630679264162,7390574
1630679264202,7390627
1630679264242,7391148
1630679264282,7392608
1630679264322,7393547
1630679264362,7394016
1630679264402,7394694
1630679264442,7395476
1630679264482,7396728
1630679264522,7397771
1630679264562,7398814
1630679264602,7399440
1630679264642,7400274
1630679264682,7401265
1630679264722,7401891
1630679264762,7402934
1630679264802,7404498
1630679264842,7404237
1630679264882,7405228
1630679264922,7406897
1630679264962,7407106
1630679265002,7408149
1630679265042,7409400
1630679265082,7409870
1630679265122,7410652
1630679265162,7411747
1630679265202,7412321
1630679265242,7412999
1630679265282,7412738
1630679265322,7413155
1630679265362,7412529
1630679265402,7412008
1630679265442,7411069
1630679265482,7410391
1630679265522,7409765
1630679265562,7408722
1630679265602,7409244
1630679265642,7408670
1630679265682,7407158
1630679265722,7406688
1630679265762,7405906
1630679265802,7405541
1630679265842,7404446
1630679265882,7403872
1630679265922,7404498
1630679265962,7403247
1630679266002,7402673
1630679266042,7402464
1630679266082,7401265
1630679266122,7400692
1630679266162,7400118
1630679266202,7399284
1630679266242,7399388
1630679266282,7398710
1630679266322,7397980
1630679266362,7397406
1630679266402,7396989
1630679266442,7396519
1630679266482,7395059
1630679266522,7394799
1630679266562,7393756
1630679266602,7392921
1630679266642,7393599
1630679266682,7392869
1630679266722,7391200
1630679266762,7391044
1630679266802,7390835
1630679266842,7390105
1630679266882,7390731
1630679266922,7389740
1630679266962,7389897
1630679267002,7389375
1630679267042,7389584
1630679267082,7389219
1630679267122,7388958
1630679267162,7389323
1630679267202,7389531
1630679267242,7389375
1630679267282,7389949
1630679267322,7390627
1630679267362,7391774
1630679267402,7393338
1630679267442,7393025
1630679267482,7394590
1630679267522,7395007
1630679267562,7396050
1630679267602,7397041
1630679267642,7397823
1630679267682,7398970
1630679267722,7399596
1630679267762,7401056
1630679267802,7401317
1630679267842,7401526
1630679267882,7402725
1630679267922,7403612
1630679267962,7404394
1630679268002,7405594
1630679268042,7406011
1630679268082,7405750
1630679268122,7406584
1630679268162,7408201
1630679268202,7408566
1630679268242,7408931
1630679268282,7409192
1630679268322,7408879
1630679268362,7408983
1630679268402,7409296
1630679268442,7408618
1630679268482,7407679
1630679268522,7407367
1630679268562,7406584
1630679268602,7405802
1630679268642,7404916
1630679268682,7404290
1630679268722,7403403
1630679268762,7403247
1630679268802,7401891
1630679268842,7401004
1630679268882,7400170
1630679268922,7399544
1630679268962,7399179
1630679269002,7398292
1630679269042,7397719
1630679269082,7396624
1630679269122,7396311
1630679269162,7396207
1630679269202,7395059
1630679269242,7394381
1630679269282,7394068
1630679269322,7393338
1630679269362,7392452
1630679269402,7392713
1630679269442,7392191
1630679269482,7391409
1630679269522,7390992
1630679269562,7389949
1630679269602,7390105
1630679269642,7390209
1630679269682,7389949
1630679269722,7390418
1630679269762,7390262
1630679269802,7391044
1630679269842,7391774
1630679269882,7393286
1630679269922,7394225
1630679269962,7395372
1630679270002,7395737
1630679270042,7396259
1630679270082,7397249
1630679270122,7398188
1630679270162,7398762
1630679270202,7399648
1630679270242,7399805
1630679270282,7400952
1630679270322,7401578
1630679270362,7402047
1630679270402,7404081
1630679270442,7404342
1630679270482,7405750
1630679270522,7406428
1630679270562,7408357
1630679270602,7408827
1630679270642,7409453
1630679270682,7409504
1630679270722,7410130
1630679270762,7410235
1630679270802,7409557
1630679270842,7409557
1630679270882,7408670
1630679270922,7408983
1630679270962,7407992
1630679271002,7406532
1630679271042,7406480
1630679271082,7405906
1630679271122,7405228
1630679271162,7403820
1630679271202,7403977
1630679271242,7402517
1630679271282,7402100
1630679271322,7401369
1630679271362,7400222
1630679271402,7399596
1630679271442,7398970
1630679271482,7398397
1630679271522,7396728
1630679271562,7395894
1630679271602,7395111
1630679271642,7394433
1630679271682,7393234
1630679271722,7392400
1630679271762,7391565
1630679271802,7391670
1630679271842,7390939
1630679271882,7390627
1630679271922,7390001
1630679271962,7389531
1630679272002,7389531
1630679272042,7388436
1630679272082,7388958
1630679272122,7388697
1630679272162,7388332
1630679272202,7388228
1630679272242,7387915
1630679272282,7387967
1630679272322,7388071
1630679272362,7388436
1630679272402,7388906
1630679272442,7388801
1630679272482,7389897
1630679272522,7390314
1630679272562,7391148
1630679272602,7392608
1630679272642,7393025
1630679272682,7394016
1630679272722,7394851
1630679272762,7395998
1630679272802,7397041
1630679272842,7398240
1630679272882,7398762
1630679272922,7399388
1630679272962,7400535
1630679273002,7400952
1630679273042,7401995
1630679273082,7402204
1630679273122,7402725
1630679273162,7402308
1630679273202,7402256
1630679273242,7403351
1630679273282,7404446
1630679273322,7405489
1630679273362,7405959
1630679273402,7406428
1630679273442,7406741
1630679273482,7405959
1630679273522,7405124
1630679273562,7405228
1630679273602,7404185
1630679273642,7403560
1630679273682,7403612
1630679273722,7403403
1630679273762,7402569
1630679273802,7402100
1630679273842,7401630
1630679273882,7400587
1630679273922,7399961
1630679273962,7399909
1630679274002,7399231
1630679274042,7398658
1630679274082,7398292
1630679274122,7398345
1630679274162,7397197
1630679274202,7396832
1630679274242,7396415
1630679274282,7395789
1630679274322,7394955
1630679274362,7394329
1630679274402,7393651
1630679274442,7393390
1630679274482,7392191
1630679274522,7391826
1630679274562,7390783
1630679274602,7390209
1630679274642,7390314
1630679274682,7389375
1630679274722,7389323
1630679274762,7388332
1630679274802,7388906
1630679274842,7388019
1630679274882,7388228
1630679274922,7388228
1630679274962,7388123
1630679275002,7388697
1630679275042,7389323
1630679275082,7389688
1630679275122,7390835
1630679275162,7391617
1630679275202,7392452
1630679275242,7392765
1630679275282,7393651
1630679275322,7394277
1630679275362,7395581
1630679275402,7396102
1630679275442,7397145
1630679275482,7396937
1630679275522,7398345
1630679275562,7398918
1630679275602,7400222
1630679275642,7401004
1630679275682,7401682
1630679275722,7402308
1630679275762,7403820
1630679275802,7404237
1630679275842,7404655
1630679275882,7406011
1630679275922,7406219
1630679275962,7406949
1630679276002,7407053
1630679276042,7407419
1630679276082,7406793
1630679276122,7406271
1630679276162,7405854
1630679276202,7405280
1630679276242,7405280
1630679276282,7404185
1630679276322,7403716
1630679276362,7402621
1630679276402,7402204
1630679276442,7401421
1630679276482,7400535
1630679276522,7401056
1630679276562,7399805
1630679276602,7398605
1630679276642,7398710
1630679276682,7397719
1630679276722,7396937
1630679276762,7396780
1630679276802,7395946
1630679276842,7394381
1630679276882,7393338
1630679276922,7392973
1630679276962,7393182
1630679277002,7392660
1630679277042,7391565
1630679277082,7390627
1630679277122,7390731
1630679277162,7390835
1630679277202,7389949
1630679277242,7389740
1630679277282,7389271
1630679277322,7389062
1630679277362,7388749
1630679277402,7388801
1630679277442,7388801
1630679277482,7387863
1630679277522,7388332
1630679277562,7388176
1630679277602,7388801
1630679277642,7390053
1630679277682,7391096
1630679277722,7391930
1630679277762,7392400
1630679277802,7393286
1630679277842,7394277
1630679277882,7394121
1630679277922,7395111
1630679277962,7396259
1630679278002,7396884
1630679278042,7397823
1630679278082,7398866
1630679278122,7400013
1630679278162,7400326
1630679278202,7401213
1630679278242,7402621
1630679278282,7403560
1630679278322,7404446
1630679278362,7405333
1630679278402,7405750
1630679278442,7406688
1630679278482,7407679
1630679278522,7407158
1630679278562,7407523
1630679278602,7406793
1630679278642,7406741
1630679278682,7406480
1630679278722,7405698
1630679278762,7405645
1630679278802,7404811
1630679278842,7405176
1630679278882,7403455
1630679278922,7403299
1630679278962,7402673
1630679279002,7401578
1630679279042,7401578
1630679279082,7400378
1630679279122,7400118
1630679279162,7399335
1630679279202,7398553
1630679279242,7397667
1630679279282,7397041
1630679279322,7396311
1630679279362,7395320
1630679279402,7394225
1630679279442,7393547
1630679279482,7393443
1630679279522,7391982
1630679279562,7391357
1630679279602,7390314
1630679279642,7390522
1630679279682,7389740
1630679279722,7389584
1630679279762,7389114
1630679279802,7388645
1630679279842,7388541
1630679279882,7389010
1630679279922,7388749
1630679279962,7389323
1630679280002,7389949
1630679280042,7391096
1630679280082,7391044
1630679280122,7392973
1630679280162,7393286
1630679280202,7393808
1630679280242,7394016
1630679280282,7395581
1630679280322,7395998
1630679280362,7397041
1630679280402,7396884
1630679280442,7397980
1630679280482,7399231
1630679280522,7399492
1630679280562,7400222
1630679280602,7400952
1630679280642,7401735
1630679280682,7402986
1630679280722,7404133
1630679280762,7404394
1630679280802,7406324
1630679280842,7406011
1630679280882,7407367
1630679280922,7407210
1630679280962,7407158
1630679281002,7407106
1630679281042,7406063
1630679281082,7405541
1630679281122,7404916
1630679281162,7404133
1630679281202,7404029
1630679281242,7403299
1630679281282,7402673
1630679281322,7402100
1630679281362,7401056
1630679281402,7400796
1630679281442,7399700
1630679281482,7398658
1630679281522,7397980
1630679281562,7397771
1630679281602,7396363
1630679281642,7396207
1630679281682,7394851
1630679281722,7393964
1630679281762,7393599
1630679281802,7392921
1630679281842,7392087
1630679281882,7391200
1630679281922,7390992
1630679281962,7390783
1630679282002,7390105
1630679282042,7390157
1630679282082,7389219
1630679282122,7389114
1630679282162,7388280
1630679282202,7387811
1630679282242,7388228
1630679282282,7388332
1630679282322,7387393
1630679282362,7388436
1630679282402,7388280
1630679282442,7388228
1630679282482,7389219
1630679282522,7390314
1630679282562,7390992
1630679282602,7392504
1630679282642,7392713
1630679282682,7393756
1630679282722,7395372
1630679282762,7396207
1630679282802,7397771
1630679282842,7398449
1630679282882,7399805
1630679282922,7401056
1630679282962,7401578
1630679283002,7401995
1630679283042,7402882
1630679283082,7404029
1630679283122,7405645
1630679283162,7405280
1630679283202,7405854
1630679283242,7406532
1630679283282,7407627
1630679283322,7407314
1630679283362,7407262
1630679283402,7407627
1630679283442,7406897
1630679283482,7406741
1630679283522,7406271
1630679283562,7406219
1630679283602,7404968
1630679283642,7404237
1630679283682,7403664
1630679283722,7403455
1630679283762,7403455
1630679283802,7402204
1630679283842,7401526
1630679283882,7401161
1630679283922,7399648
1630679283962,7399284
1630679284002,7399335
1630679284042,7397771
1630679284082,7397667
1630679284122,7396519
1630679284162,7395894
1630679284202,7395424
1630679284242,7394068
1630679284282,7393756
1630679284322,7392713
1630679284362,7392035
1630679284402,7391670
1630679284442,7390731
1630679284482,7390522
1630679284522,7389792
1630679284562,7389792
1630679284602,7389375
1630679284642,7389219
1630679284682,7388958
1630679284722,7388593
1630679284762,7388697
1630679284802,7388123
1630679284842,7389062
1630679284882,7390470
1630679284922,7390262
1630679284962,7390939
1630679285002,7391878
1630679285042,7392921
1630679285082,7393912
1630679285122,7394381
1630679285162,7395372
1630679285202,7395946
1630679285242,7396832
1630679285282,7397875
1630679285322,7398345
1630679285362,7399127
1630679285402,7400118
1630679285442,7400900
1630679285482,7401109
1630679285522,7402308
1630679285562,7403560
1630679285602,7403664
1630679285642,7404290
1630679285682,7404133
1630679285722,7404498
1630679285762,7403247
1630679285802,7402777
1630679285842,7402360
1630679285882,7401474
1630679285922,7401474
1630679285962,7400692
1630679286002,7399909
1630679286042,7400118
1630679286082,7398970
1630679286122,7399127
1630679286162,7398292
1630679286202,7397510
1630679286242,7396832
1630679286282,7396519
1630679286322,7395998
1630679286362,7395268
1630679286402,7394746
1630679286442,7394225
1630679286482,7394121
1630679286522,7393860
1630679286562,7393390
1630679286602,7393443
1630679286642,7392608
1630679286682,7391878
1630679286722,7392243
1630679286762,7391200
1630679286802,7390887
1630679286842,7390783
1630679286882,7389949
1630679286922,7389740
1630679286962,7388801
1630679287002,7388801
1630679287042,7389010
1630679287082,7388697
1630679287122,7387863
1630679287162,7387863
1630679287202,7388123
1630679287242,7387602
1630679287282,7387602
1630679287322,7387967
1630679287362,7388906
1630679287402,7389688
1630679287442,7390731
1630679287482,7392504
1630679287522,7393338
1630679287562,7393964
1630679287602,7395111
1630679287642,7396519
1630679287682,7397771
1630679287722,7398449
1630679287762,7399596
1630679287802,7401161
1630679287842,7401786
1630679287882,7402464
1630679287922,7403872
1630679287962,7404290
1630679288002,7405541
1630679288042,7406584
1630679288082,7408045
1630679288122,7408357
1630679288162,7409087
1630679288202,7410287
1630679288242,7411069
1630679288282,7411382
1630679288322,7412060
1630679288362,7412269
1630679288402,7411591
1630679288442,7411017
1630679288482,7410652
1630679288522,7409504
1630679288562,7409244
1630679288602,7408983
1630679288642,7407471
1630679288682,7406688
1630679288722,7405802
1630679288762,7405072
1630679288802,7404446
1630679288842,7403716
1630679288882,7402464
1630679288922,7402464
1630679288962,7401630
1630679289002,7401161
1630679289042,7400274
1630679289082,7399648
1630679289122,7398397
1630679289162,7397562
1630679289202,7396624
1630679289242,7396780
1630679289282,7395476
1630679289322,7395424
1630679289362,7394746
1630679289402,7394068
1630679289442,7392973
1630679289482,7392348
1630679289522,7392087
1630679289562,7392295
1630679289602,7391670
1630679289642,7392035
1630679289682,7391200
1630679289722,7391200
1630679289762,7390679
1630679289802,7390209
1630679289842,7391200
1630679289882,7391044
1630679289922,7392504
1630679289962,7393078
1630679290002,7393860
1630679290042,7394121
1630679290082,7394068
1630679290122,7395633
1630679290162,7396207
1630679290202,7397354
1630679290242,7397823
1630679290282,7397927
1630679290322,7399075
1630679290362,7400170
1630679290402,7400848
1630679290442,7401786
1630679290482,7401943
1630679290522,7403716
1630679290562,7403977
1630679290602,7404602
1630679290642,7405385
1630679290682,7406376
1630679290722,7407053
1630679290762,7407471
1630679290802,7407940
1630679290842,7407627
1630679290882,7407627
1630679290922,7407471
1630679290962,7407523
1630679291002,7406376
1630679291042,7406271
1630679291082,7405541
1630679291122,7405228
1630679291162,7404133
1630679291202,7403664
1630679291242,7402882
1630679291282,7401474
1630679291322,7401056
1630679291362,7400170
1630679291402,7398710
1630679291442,7398188
1630679291482,7396989
1630679291522,7396050
1630679291562,7394746
1630679291602,7393599
1630679291642,7392608
1630679291682,7390887
1630679291722,7389688
1630679291762,7388488
1630679291802,7387498
1630679291842,7386454
1630679291882,7385568
1630679291922,7385046
1630679291962,7385046
1630679292002,7385099
1630679292042,7386037
1630679292082,7386350
1630679292122,7387393
1630679292162,7388332
1630679292202,7390731
1630679292242,7394068
1630679292282,7397458
1630679292322,7399388
1630679292362,7402569
1630679292402,7402256
1630679292442,7402569
1630679292482,7401474
1630679292522,7400535
1630679292562,7401317
1630679292602,7401213
1630679292642,7402464
1630679292682,7403455
1630679292722,7405437
1630679292762,7406480
1630679292802,7406688
1630679292842,7408357
1630679292882,7410078
1630679292922,7411851
1630679292962,7412790
1630679293002,7413729
1630679293042,7413937
1630679293082,7413624
1630679293122,7412947
1630679293162,7411956
1630679293202,7411330
1630679293242,7410235
1630679293282,7409974
1630679293322,7408931
1630679293362,7408618
1630679293402,7408566
1630679293442,7407106
1630679293482,7406480
1630679293522,7405645
1630679293562,7404081
1630679293602,7402673
1630679293642,7401839
1630679293682,7400013
1630679293722,7398762
1630679293762,7397771
1630679293802,7396207
1630679293842,7395424
1630679293882,7394068
1630679293922,7393025
1630679293962,7391409
1630679294002,7390574
1630679294042,7388906
1630679294082,7388332
1630679294122,7387654
1630679294162,7387654
1630679294202,7387863
1630679294242,7389166
1630679294282,7390835
1630679294322,7392400
1630679294362,7394590
1630679294402,7397562
1630679294442,7398970
1630679294482,7398553
1630679294522,7397771
1630679294562,7397197
1630679294602,7397197
1630679294642,7395111
1630679294682,7393338
1630679294722,7391670
1630679294762,7390366
1630679294802,7390418
1630679294842,7390314
1630679294882,7389897
1630679294922,7390209
1630679294962,7390731
1630679295002,7392087
1630679295042,7393964
1630679295082,7394329
1630679295122,7395841
1630679295162,7397041
1630679295202,7397719
1630679295242,7399648
1630679295282,7399596
1630679295322,7400170
1630679295362,7400587
1630679295402,7401004
1630679295442,7400796
1630679295482,7400743
1630679295522,7400692
1630679295562,7400796
1630679295602,7399596
1630679295642,7399753
1630679295682,7399805
1630679295722,7399805
1630679295762,7401109
1630679295802,7402934
1630679295842,7406480
1630679295882,7410808
1630679295922,7414042
1630679295962,7413572
1630679296002,7412269
1630679296042,7409035
1630679296082,7407106
1630679296122,7404498
1630679296162,7402673
1630679296202,7400535
1630679296242,7397771
1630679296282,7395164
1630679296322,7393338
1630679296362,7391513
1630679296402,7390679
1630679296442,7391044
1630679296482,7390418
1630679296522,7390731
1630679296562,7391044
1630679296602,7392556
1630679296642,7393234
1630679296682,7393703
1630679296722,7392556
1630679296762,7393338
1630679296802,7394121
1630679296842,7395894
1630679296882,7396884
1630679296922,7398240
1630679296962,7399127
1630679297002,7399805
1630679297042,7401265
1630679297082,7401995
1630679297122,7403612
1630679297162,7405280
1630679297202,7407367
1630679297242,7407732
1630679297282,7408775
1630679297322,7409713
1630679297362,7409609
1630679297402,7408566
1630679297442,7408201
1630679297482,7406845
1630679297522,7406741
1630679297562,7405750
1630679297602,7405489
1630679297642,7404811
1630679297682,7404029
1630679297722,7402882
1630679297762,7401735
1630679297802,7399857
1630679297842,7399388
1630679297882,7397823
1630679297922,7396989
1630679297962,7396467
1630679298002,7395581
1630679298042,7394173
1630679298082,7394486
1630679298122,7394225
1630679298162,7393078
1630679298202,7392817
1630679298242,7392139
1630679298282,7391565
1630679298322,7390835
1630679298362,7389949
1630679298402,7389531
1630679298442,7388906
1630679298482,7388697
1630679298522,7387863
1630679298562,7388280
1630679298602,7387758
1630679298642,7387706
1630679298682,7387133
1630679298722,7387550
1630679298762,7386924
1630679298802,7386298
1630679298842,7385777
1630679298882,7385568
1630679298922,7386454
1630679298962,7385464
1630679299002,7385464
1630679299042,7384734
1630679299082,7384682
1630679299122,7384629
1630679299162,7384212
1630679299202,7384473
1630679299242,7384473
1630679299282,7385099
1630679299322,7386298
1630679299362,7387654
1630679299402,7388958
1630679299442,7390887
1630679299482,7392139
1630679299522,7392869
1630679299562,7394121
1630679299602,7394955
1630679299642,7397197
1630679299682,7396832
1630679299722,7397823
1630679299762,7398710
1630679299802,7400952
1630679299842,7401317
1630679299882,7402464
1630679299922,7404290
1630679299962,7406376
1630679300002,7406428
1630679300042,7407836
1630679300082,7408566
1630679300122,7408305
1630679300162,7409192
1630679300202,7407523
1630679300242,7407471
1630679300282,7406793
1630679300322,7405645
1630679300362,7405072
1630679300402,7405072
1630679300442,7403664
1630679300482,7402882
1630679300522,7401786
1630679300562,7401682
1630679300602,7400587
1630679300642,7400535
1630679300682,7399700
1630679300722,7399335
1630679300762,7397980
1630679300802,7397875
1630679300842,7396937
1630679300882,7396259
1630679300922,7395737
1630679300962,7395216
1630679301002,7394225
1630679301042,7394121
1630679301082,7392400
1630679301122,7392921
1630679301162,7392035
1630679301202,7391252
1630679301242,7390627
1630679301282,7390053
1630679301322,7390209
1630679301362,7389271
1630679301402,7389114
1630679301442,7389114
1630679301482,7388436
1630679301522,7387758
1630679301562,7387393
1630679301602,7387028
1630679301642,7387237
1630679301682,7386715
1630679301722,7386298
1630679301762,7386246
1630679301802,7386403
1630679301842,7385881
1630679301882,7386403
1630679301922,7386507
1630679301962,7385360
1630679302002,7385568
1630679302042,7384995
1630679302082,7385046
1630679302122,7384682
1630679302162,7384473
1630679302202,7384473
1630679302242,7384786
1630679302282,7384577
1630679302322,7385151
1630679302362,7386663
1630679302402,7387185
1630679302442,7388176
1630679302482,7389114
1630679302522,7390053
1630679302562,7390835
1630679302602,7392504
1630679302642,7392817
1630679302682,7393912
1630679302722,7394538
1630679302762,7396259
1630679302802,7396884
1630679302842,7397719
1630679302882,7399284
1630679302922,7399805
1630679302962,7401474
1630679303002,7402047
1630679303042,7403090
1630679303082,7403612
1630679303122,7405437
1630679303162,7405176
1630679303202,7406167
1630679303242,7406949
1630679303282,7406897
1630679303322,7407106
1630679303362,7406115
1630679303402,7405802
1630679303442,7404498
1630679303482,7404342
1630679303522,7403351
1630679303562,7403299
1630679303602,7402621
1630679303642,7401265
1630679303682,7400848
1630679303722,7400900
1630679303762,7399284
1630679303802,7399023
1630679303842,7398345
1630679303882,7396728
1630679303922,7396415
1630679303962,7395424
1630679304002,7394173
1630679304042,7394433
1630679304082,7393182
1630679304122,7392765
1630679304162,7392504
1630679304202,7392087
1630679304242,7391461
1630679304282,7391200
1630679304322,7389949
1630679304362,7389219
1630679304402,7388958
1630679304442,7388749
1630679304482,7388123
1630679304522,7387393
1630679304562,7387863
1630679304602,7386872
1630679304642,7386142
1630679304682,7385829
1630679304722,7386350
1630679304762,7387080
1630679304802,7387185
1630679304842,7387237
1630679304882,7386611
1630679304922,7386403
1630679304962,7386090
1630679305002,7385985
1630679305042,7386194
1630679305082,7385985
1630679305122,7384890
1630679305162,7385099
1630679305202,7384890
1630679305242,7384942
1630679305282,7384577
1630679305322,7385464
1630679305362,7386350
1630679305402,7387185
1630679305442,7387341
1630679305482,7388645
1630679305522,7389375
1630679305562,7390470
1630679305602,7391722
1630679305642,7392295
1630679305682,7394381
1630679305722,7395111
1630679305762,7396259
1630679305802,7396884
1630679305842,7397249
1630679305882,7398762
1630679305922,7399753
1630679305962,7400639
1630679306002,7401682
1630679306042,7402308
1630679306082,7403143
1630679306122,7404394
1630679306162,7404655
1630679306202,7405594
1630679306242,7406480
1630679306282,7406584
1630679306322,7406167
1630679306362,7405437
1630679306402,7404759
1630679306442,7404237
1630679306482,7403716
1630679306522,7402777
1630679306562,7401995
1630679306602,7401056
1630679306642,7401213
1630679306682,7400535
1630679306722,7399335
1630679306762,7398032
1630679306802,7397458
1630679306842,7396467
1630679306882,7395581
1630679306922,7395164
1630679306962,7394590
1630679307002,7393860
1630679307042,7393338
1630679307082,7392713
1630679307122,7392504
1630679307162,7392295
1630679307202,7391461
1630679307242,7390522
1630679307282,7390053
1630679307322,7389323
1630679307362,7388384
1630679307402,7388332
1630679307442,7388019
1630679307482,7387446
1630679307522,7386924
1630679307562,7386037
1630679307602,7385620
1630679307642,7385099
1630679307682,7384734
1630679307722,7384577
1630679307762,7384838
1630679307802,7384629
1630679307842,7383795
1630679307882,7384160
1630679307922,7383743
1630679307962,7383378
1630679308002,7383534
1630679308042,7383326
1630679308082,7383534
1630679308122,7383013
1630679308162,7382752
1630679308202,7383534
1630679308242,7384473
1630679308282,7384734
1630679308322,7386090
1630679308362,7387967
1630679308402,7389323
1630679308442,7389427
1630679308482,7390835
1630679308522,7392243
1630679308562,7393286
1630679308602,7394433
1630679308642,7395268
1630679308682,7396102
1630679308722,7397406
1630679308762,7398188
1630679308802,7398918
1630679308842,7400013
1630679308882,7401109
1630679308922,7401943
1630679308962,7403403
1630679309002,7404237
1630679309042,7405280
1630679309082,7406219
1630679309122,7407053
1630679309162,7407053
1630679309202,7406793
1630679309242,7406219
1630679309282,7405906
1630679309322,7404498
1630679309362,7404029
1630679309402,7403038
1630679309442,7401943
1630679309482,7401265
1630679309522,7400692
1630679309562,7398814
1630679309602,7397980
1630679309642,7397197
1630679309682,7396102
1630679309722,7394955
1630679309762,7393964
1630679309802,7393547
1630679309842,7392869
1630679309882,7392087
1630679309922,7391044
1630679309962,7390679
1630679310002,7390262
1630679310042,7388854
1630679310082,7388019
1630679310122,7387863
1630679310162,7387654
1630679310202,7387393
1630679310242,7385672
1630679310282,7385620
1630679310322,7385307
1630679310362,7385203
1630679310402,7384734
1630679310442,7384786
1630679310482,7384160
1630679310522,7384003
1630679310562,7383899
1630679310602,7383326
1630679310642,7383117
1630679310682,7383638
1630679310722,7383274
1630679310762,7383169
1630679310802,7383638
1630679310842,7383482
1630679310882,7383117
1630679310922,7383013
1630679310962,7383638
1630679311002,7384525
1630679311042,7384942
1630679311082,7385829
1630679311122,7386820
1630679311162,7387863
1630679311202,7388384
1630679311242,7389427
1630679311282,7390627
1630679311322,7391930
1630679311362,7393025
1630679311402,7393808
1630679311442,7394486
1630679311482,7396102
1630679311522,7396780
1630679311562,7397980
1630679311602,7398658
1630679311642,7400431
1630679311682,7401474
1630679311722,7402047
1630679311762,7403455
1630679311802,7404551
1630679311842,7404655
1630679311882,7405645
1630679311922,7406688
1630679311962,7406584
1630679312002,7406897
1630679312042,7406376
1630679312082,7405906
1630679312122,7404916
1630679312162,7403664
1630679312202,7402829
1630679312242,7401735
1630679312282,7401161
1630679312322,7400118
1630679312362,7399284
1630679312402,7398762
1630679312442,7397823
1630679312482,7396728
1630679312522,7395320
1630679312562,7394746
1630679312602,7393703
1630679312642,7393130
1630679312682,7392608
1630679312722,7391200
1630679312762,7390835
1630679312802,7389844
1630679312842,7389897
1630679312882,7389062
1630679312922,7388123
1630679312962,7387758
1630679313002,7387185
1630679313042,7386611
1630679313082,7386663
1630679313122,7386194
1630679313162,7385933
1630679313202,7385307
1630679313242,7384108
1630679313282,7384577
1630679313322,7384264
1630679313362,7384734
1630679313402,7383482
1630679313442,7383430
1630679313482,7383899
1630679313522,7383013
1630679313562,7382909
1630679313602,7382856
1630679313642,7383117
1630679313682,7382700
1630679313722,7383534
1630679313762,7384003
1630679313802,7385255
1630679313842,7386715
1630679313882,7387550
1630679313922,7388541
1630679313962,7389844
1630679314002,7391305
1630679314042,7391826
1630679314082,7393025
1630679314122,7393808
1630679314162,7394955
1630679314202,7395581
1630679314242,7397354
1630679314282,7398292
1630679314322,7399179
1630679314362,7401265
1630679314402,7402047
1630679314442,7403455
1630679314482,7403925
1630679314522,7404968
1630679314562,7405854
1630679314602,7406115
1630679314642,7406688
1630679314682,7407210
1630679314722,7407940
1630679314762,7408096
1630679314802,7408149
1630679314842,7407836
1630679314882,7407106
1630679314922,7406428
1630679314962,7406219
1630679315002,7404811
1630679315042,7403820
1630679315082,7403612
1630679315122,7402882
1630679315162,7401682
1630679315202,7401161
1630679315242,7400639
1630679315282,7398866
1630679315322,7398397
1630679315362,7397980
1630679315402,7396937
1630679315442,7395998
1630679315482,7395111
1630679315522,7394590
1630679315562,7394121
1630679315602,7392504
1630679315642,7392869
1630679315682,7391617
1630679315722,7390314
1630679315762,7389531
1630679315802,7390105
1630679315842,7389688
1630679315882,7388436
1630679315922,7388280
1630679315962,7387654
1630679316002,7387185
1630679316042,7386872
1630679316082,7386037
1630679316122,7385829
1630679316162,7384838
1630679316202,7384056
1630679316242,7384264
1630679316282,7384160
1630679316322,7384003
1630679316362,7383691
1630679316402,7383587
1630679316442,7383378
1630679316482,7382961
1630679316522,7383899
1630679316562,7383013
1630679316602,7383117
1630679316642,7382283
1630679316682,7383117
1630679316722,7383378
1630679316762,7384056
1630679316802,7384682
1630679316842,7386194
1630679316882,7387393
1630679316922,7388593
1630679316962,7389584
1630679317002,7390627
1630679317042,7392660
1630679317082,7393599
1630679317122,7395111
1630679317162,7395685
1630679317202,7397093
1630679317242,7397980
1630679317282,7398136
1630679317322,7399909
1630679317362,7400848
1630679317402,7401578
1630679317442,7401839
1630679317482,7403612
1630679317522,7404237
1630679317562,7405176
1630679317602,7405489
1630679317642,7406845
1630679317682,7407314
1630679317722,7407419
1630679317762,7407419
1630679317802,7406324
1630679317842,7406167
1630679317882,7405176
1630679317922,7404081
1630679317962,7403977
1630679318002,7402464
1630679318042,7401786
1630679318082,7400326
1630679318122,7399492
1630679318162,7398866
1630679318202,7398136
1630679318242,7397562
1630679318282,7396572
1630679318322,7395529
1630679318362,7394746
1630679318402,7394538
1630679318442,7393599
1630679318482,7392452
1630679318522,7392556
1630679318562,7391670
1630679318602,7390939
1630679318642,7389636
1630679318682,7389114
1630679318722,7388071
1630679318762,7387863
1630679318802,7387028
1630679318842,7386872
1630679318882,7385985
1630679318922,7385933
1630679318962,7385881
1630679319002,7385046
1630679319042,7384629
1630679319082,7384682
1630679319122,7384682
1630679319162,7383899
1630679319202,7384577
1630679319242,7383795
1630679319282,7384473
1630679319322,7384942
1630679319362,7384264
1630679319402,7383221
1630679319442,7383534
1630679319482,7383378
1630679319522,7383847
1630679319562,7385099
1630679319602,7386142
1630679319642,7387237
1630679319682,7388749
1630679319722,7390262
1630679319762,7390314
1630679319802,7392660
1630679319842,7393078
1630679319882,7394277
1630679319922,7395633
1630679319962,7396989
1630679320002,7397980
1630679320042,7398866
1630679320082,7399127
1630679320122,7400326
1630679320162,7401056
1630679320202,7402308
1630679320242,7403194
1630679320282,7404029
1630679320322,7404707
1630679320362,7405645
1630679320402,7405437
1630679320442,7405280
1630679320482,7405072
1630679320522,7404237
1630679320562,7404081
1630679320602,7404290
1630679320642,7402673
1630679320682,7400796
1630679320722,7400483
1630679320762,7399544
1630679320802,7398449
1630679320842,7397354
1630679320882,7397354
1630679320922,7396780
1630679320962,7395320
1630679321002,7394642
1630679321042,7394433
1630679321082,7393443
1630679321122,7392973
1630679321162,7391670
1630679321202,7390783
1630679321242,7390053
1630679321282,7389219
1630679321322,7389010
1630679321362,7388176
1630679321402,7387393
1630679321442,7386507
1630679321482,7386663
1630679321522,7385464
1630679321562,7384942
1630679321602,7384473
1630679321642,7383952
1630679321682,7383587
1630679321722,7384003
1630679321762,7383274
1630679321802,7382178
1630679321842,7382595
1630679321882,7383065
1630679321922,7382178
1630679321962,7382126
1630679322002,7382126
1630679322042,7382230
1630679322082,7382439
1630679322122,7382909
1630679322162,7382595
1630679322202,7383534
1630679322242,7385099
1630679322282,7386194
1630679322322,7387133
1630679322362,7388541
1630679322402,7388801
1630679322442,7389949
1630679322482,7391148
1630679322522,7392400
1630679322562,7393547
1630679322602,7394381
1630679322642,7395216
1630679322682,7396415
1630679322722,7397562
1630679322762,7398292
1630679322802,7399231
1630679322842,7400326
1630679322882,7400639
1630679322922,7402100
1630679322962,7402829
1630679323002,7404029
1630679323042,7405385
1630679323082,7405854
1630679323122,7406219
1630679323162,7406324
1630679323202,7406376
1630679323242,7405698
1630679323282,7404551
1630679323322,7404133
1630679323362,7403768
1630679323402,7402412
1630679323442,7401474
1630679323482,7400535
1630679323522,7399388
1630679323562,7398918
1630679323602,7397458
1630679323642,7397249
1630679323682,7395737
1630679323722,7394746
1630679323762,7394381
1630679323802,7394068
1630679323842,7392869
1630679323882,7392139
1630679323922,7390939
1630679323962,7390314
1630679324002,7389688
1630679324042,7389062
1630679324082,7388228
1630679324122,7386872
1630679324162,7385933
1630679324202,7384682
1630679324242,7384056
1630679324282,7382804
1630679324322,7382335
1630679324362,7380927
1630679324402,7380510
1630679324442,7379779
1630679324482,7379571
1630679324522,7379467
1630679324562,7379154
1630679324602,7378580
1630679324642,7378789
1630679324682,7378841
1630679324722,7379154
1630679324762,7379936
1630679324802,7379988
1630679324842,7380666
1630679324882,7381448
1630679324922,7381396
1630679324962,7381918
1630679325002,7382595
1630679325042,7382491
1630679325082,7382439
1630679325122,7383638
1630679325162,7384056
1630679325202,7384629
1630679325242,7385464
1630679325282,7386298
1630679325322,7387654
1630679325362,7388749
1630679325402,7389949
1630679325442,7391722
1630679325482,7392921
1630679325522,7393338
1630679325562,7394746
1630679325602,7394381
1630679325642,7393964
1630679325682,7394903
1630679325722,7394642
1630679325762,7394694
1630679325802,7394694
1630679325842,7394486
1630679325882,7393912
1630679325922,7394121
1630679325962,7393078
1630679326002,7392139
1630679326042,7391982
1630679326082,7390992
1630679326122,7390105
1630679326162,7389897
1630679326202,7389219
1630679326242,7388123
1630679326282,7387758
1630679326322,7387341
1630679326362,7386037
1630679326402,7385307
1630679326442,7384786
1630679326482,7385046
1630679326522,7384108
1630679326562,7383691
1630679326602,7383065
1630679326642,7383169
1630679326682,7383430
1630679326722,7382178
1630679326762,7381813
1630679326802,7381187
1630679326842,7381136
1630679326882,7380093
1630679326922,7380718
1630679326962,7380144
1630679327002,7379258
1630679327042,7378685
1630679327082,7378580
1630679327122,7378267
1630679327162,7377328
1630679327202,7377746
1630679327242,7378111
1630679327282,7379310
1630679327322,7379936
1630679327362,7380666
1630679327402,7381240
1630679327442,7381761
1630679327482,7382178
1630679327522,7382909
1630679327562,7382909
1630679327602,7384577
1630679327642,7384212
1630679327682,7385307
1630679327722,7387498
1630679327762,7388541
1630679327802,7390470
1630679327842,7392869
1630679327882,7393860
1630679327922,7394746
1630679327962,7394381
1630679328002,7394329
1630679328042,7395216
1630679328082,7396467
1630679328122,7397615
1630679328162,7397354
1630679328202,7398397
1630679328242,7397771
1630679328282,7397041
1630679328322,7395946
1630679328362,7395529
1630679328402,7394486
1630679328442,7394538
1630679328482,7393547
1630679328522,7393443
1630679328562,7392295
1630679328602,7391982
1630679328642,7390835
1630679328682,7390105
1630679328722,7389427
1630679328762,7388071
1630679328802,7386820
1630679328842,7385516
1630679328882,7385046
1630679328922,7384629
1630679328962,7383691
1630679329002,7383169
1630679329042,7382491
1630679329082,7381657
1630679329122,7381552
1630679329162,7380144
1630679329202,7379675
1630679329242,7379310
1630679329282,7378685
1630679329322,7378163
1630679329362,7377850
1630679329402,7377850
1630679329442,7376911
1630679329482,7377224
1630679329522,7377016
1630679329562,7376703
1630679329602,7376911
1630679329642,7376703
1630679329682,7375973
1630679329722,7376755
1630679329762,7376703
1630679329802,7377798
1630679329842,7378163
1630679329882,7378997
1630679329922,7378841
1630679329962,7379414
1630679330002,7380718
1630679330042,7381918
1630679330082,7383691
1630679330122,7383952
1630679330162,7385985
1630679330202,7387080
1630679330242,7388176
1630679330282,7389740
1630679330322,7391305
1630679330362,7391357
1630679330402,7392295
1630679330442,7393495
1630679330482,7394277
1630679330522,7394746
1630679330562,7396467
1630679330602,7396937
1630679330642,7397354
1630679330682,7398136
1630679330722,7398240
1630679330762,7398762
1630679330802,7397875
1630679330842,7396676
1630679330882,7396467
1630679330922,7396154
1630679330962,7395581
1630679331002,7395216
1630679331042,7393912
1630679331082,7393860
1630679331122,7392817
1630679331162,7392191
1630679331202,7391148
1630679331242,7390835
1630679331282,7389897
1630679331322,7389219
1630679331362,7389010
1630679331402,7388123
1630679331442,7387393
1630679331482,7387237
1630679331522,7385725
1630679331562,7385360
1630679331602,7384838
1630679331642,7384160
1630679331682,7383795
1630679331722,7383430
1630679331762,7382648
1630679331802,7381866
1630679331842,7381605
1630679331882,7381344
1630679331922,7380562
1630679331962,7380458
1630679332002,7379988
1630679332042,7378841
1630679332082,7378945
1630679332122,7378580
1630679332162,7378736
1630679332202,7378580
1630679332242,7378424
1630679332282,7378424
1630679332322,7378580
1630679332362,7378789
1630679332402,7378945
1630679332442,7379623
1630679332482,7380144
1630679332522,7379884
1630679332562,7381605
1630679332602,7382700
1630679332642,7383274
1630679332682,7384577
1630679332722,7385099
1630679332762,7386350
1630679332802,7387341
1630679332842,7388488
1630679332882,7389271
1630679332922,7390366
1630679332962,7390783
1630679333002,7392452
1630679333042,7392295
1630679333082,7393547
1630679333122,7394277
1630679333162,7395111
1630679333202,7396102
1630679333242,7396780
1630679333282,7396728
1630679333322,7397093
1630679333362,7396519
1630679333402,7395529
1630679333442,7394746
1630679333482,7394642
1630679333522,7394277
1630679333562,7392556
1630679333602,7392295
1630679333642,7391461
1630679333682,7391044
1630679333722,7391096
1630679333762,7389584
1630679333802,7388801
1630679333842,7388280
1630679333882,7388488
1630679333922,7387811
1630679333962,7386820
1630679334002,7386507
1630679334042,7386037
1630679334082,7385933
1630679334122,7385464
1630679334162,7385568
1630679334202,7384421
1630679334242,7384317
1630679334282,7382856
1630679334322,7381918
1630679334362,7381970
1630679334402,7381709
1630679334442,7381552
1630679334482,7380614
1630679334522,7380614
1630679334562,7380614
1630679334602,7379258
1630679334642,7378945
1630679334682,7378945
1630679334722,7378476
1630679334762,7378945
1630679334802,7378371
1630679334842,7378528
1630679334882,7378841
1630679334922,7378476
1630679334962,7379988
1630679335002,7380614
1630679335042,7381344
1630679335082,7382074
1630679335122,7382804
1630679335162,7384108
1630679335202,7384786
1630679335242,7385672
1630679335282,7386768
1630679335322,7387967
1630679335362,7388749
1630679335402,7389792
1630679335442,7390053
1630679335482,7390783
1630679335522,7392295
1630679335562,7392400
1630679335602,7393286
1630679335642,7394694
1630679335682,7394903
1630679335722,7395685
1630679335762,7395894
1630679335802,7396519
1630679335842,7397249
1630679335882,7397980
1630679335922,7398501
1630679335962,7397719
1630679336002,7397980
1630679336042,7396624
1630679336082,7396259
1630679336122,7395059
1630679336162,7394642
1630679336202,7394068
1630679336242,7393703
1630679336282,7393599
1630679336322,7392139
1630679336362,7391982
1630679336402,7391200
1630679336442,7390627
1630679336482,7390939
1630679336522,7390053
1630679336562,7390053
1630679336602,7388854
1630679336642,7388071
1630679336682,7387863
1630679336722,7387237
1630679336762,7386924
1630679336802,7386507
1630679336842,7386820
1630679336882,7385725
1630679336922,7384786
1630679336962,7384525
1630679337002,7384682
1630679337042,7383378
1630679337082,7383378
1630679337122,7382022
1630679337162,7381709
1630679337202,7380979
1630679337242,7381136
1630679337282,7380770
1630679337322,7379467
1630679337362,7379675
1630679337402,7379050
1630679337442,7378632
1630679337482,7378111
1630679337522,7378685
1630679337562,7378841
1630679337602,7377850
1630679337642,7378528
1630679337682,7378267
1630679337722,7378267
1630679337762,7378736
1630679337802,7378997
1630679337842,7379519
1630679337882,7380666
1630679337922,7381709
1630679337962,7382752
1630679338002,7382439
1630679338042,7384003
1630679338082,7384734
1630679338122,7385360
1630679338162,7386559
1630679338202,7387341
1630679338242,7387498
1630679338282,7388906
1630679338322,7389584
1630679338362,7390470
1630679338402,7391148
1630679338442,7391252
1630679338482,7391930
1630679338522,7393756
1630679338562,7393808
1630679338602,7394538
1630679338642,7394955
1630679338682,7394590
1630679338722,7395059
1630679338762,7394590
1630679338802,7393651
1630679338842,7393808
1630679338882,7393599
1630679338922,7392660
1630679338962,7392400
1630679339002,7390731
1630679339042,7390731
1630679339082,7389584
1630679339122,7388801
1630679339162,7387915
1630679339202,7388123
1630679339242,7386872
1630679339282,7386298
1630679339322,7385568
1630679339362,7384369
1630679339402,7383899
1630679339442,7382335
1630679339482,7382595
1630679339522,7381657
1630679339562,7381761
1630679339602,7380875
1630679339642,7380197
1630679339682,7380197
1630679339722,7379362
1630679339762,7379414
1630679339802,7378945
1630679339842,7379206
1630679339882,7378476
1630679339922,7378841
1630679339962,7378006
1630679340002,7377120
1630679340042,7377172
1630679340082,7376703
1630679340122,7377381
1630679340162,7376703
1630679340202,7377172
1630679340242,7377589
1630679340282,7378006
1630679340322,7378736
1630679340362,7379362
1630679340402,7380353
1630679340442,7380510
1630679340482,7381813
1630679340522,7383326
1630679340562,7384160
1630679340602,7385046
1630679340642,7386924
1630679340682,7387706
1630679340722,7388176
1630679340762,7389114
1630679340802,7390053
1630679340842,7391044
1630679340882,7391930
1630679340922,7392556
1630679340962,7393078
1630679341002,7393182
1630679341042,7394173
1630679341082,7395476
1630679341122,7395581
1630679341162,7395685
1630679341202,7395476
1630679341242,7395164
1630679341282,7394799
1630679341322,7394433
1630679341362,7393599
1630679341402,7393182
1630679341442,7393078
1630679341482,7392139
1630679341522,7391982
1630679341562,7390887
1630679341602,7390783
1630679341642,7389844
1630679341682,7389114
1630679341722,7388593
1630679341762,7388645
1630679341802,7387811
1630679341842,7386924
1630679341882,7386820
1630679341922,7386194
1630679341962,7385307
1630679342002,7384995
1630679342042,7384160
1630679342082,7383847
1630679342122,7383221
1630679342162,7382595
1630679342202,7381918
1630679342242,7382074
1630679342282,7381083
1630679342322,7380144
1630679342362,7379832
1630679342402,7379467
1630679342442,7379936
1630679342482,7379467
1630679342522,7379623
1630679342562,7378841
1630679342602,7378215
1630679342642,7378945
1630679342682,7378371
1630679342722,7378528
1630679342762,7378736
1630679342802,7380093
1630679342842,7380822
1630679342882,7381448
1630679342922,7381187
1630679342962,7382074
1630679343002,7383117
1630679343042,7383221
1630679343082,7384629
1630679343122,7385099
1630679343162,7386142
1630679343202,7387446
1630679343242,7387133
1630679343282,7388906
1630679343322,7388854
1630679343362,7389949
1630679343402,7391044
1630679343442,7391878
1630679343482,7392921
1630679343522,7393338
1630679343562,7394851
1630679343602,7395216
1630679343642,7396728
1630679343682,7396832
1630679343722,7397823
1630679343762,7399023
1630679343802,7399753
1630679343842,7401265
1630679343882,7401526
1630679343922,7402412
1630679343962,7401995
1630679344002,7402047
1630679344042,7401056
1630679344082,7399961
1630679344122,7399335
1630679344162,7398970
1630679344202,7398136
1630679344242,7397823
1630679344282,7397041
1630679344322,7396102
1630679344362,7394799
1630679344402,7394121
1630679344442,7393390
1630679344482,7393599
1630679344522,7392191
1630679344562,7392400
1630679344602,7391826
1630679344642,7391565
1630679344682,7391617
1630679344722,7390574
1630679344762,7390262
1630679344802,7390731
1630679344842,7389375
1630679344882,7389792
1630679344922,7388801
1630679344962,7387967
1630679345002,7388019
1630679345042,7387446
1630679345082,7386820
1630679345122,7386507
1630679345162,7386768
1630679345202,7385777
1630679345242,7385516
1630679345282,7384473
1630679345322,7384317
1630679345362,7384317
1630679345402,7383482
1630679345442,7382439
1630679345482,7382752
1630679345522,7382752
1630679345562,7382178
1630679345602,7381448
1630679345642,7381970
1630679345682,7380822
1630679345722,7380666
1630679345762,7381136
1630679345802,7380770
1630679345842,7380770
1630679345882,7380927
1630679345922,7381552
1630679345962,7381187
1630679346002,7382648
1630679346042,7383065
1630679346082,7383743
1630679346122,7384473
1630679346162,7385568
1630679346202,7386820
1630679346242,7387028
1630679346282,7388280
1630679346322,7388280
1630679346362,7389323
1630679346402,7390418
1630679346442,7391096
1630679346482,7392400
1630679346522,7393443
1630679346562,7394433
1630679346602,7394433
1630679346642,7395111
1630679346682,7395946
1630679346722,7396311
1630679346762,7397093
1630679346802,7398136
1630679346842,7399127
1630679346882,7400066
1630679346922,7401109
1630679346962,7401161
1630679347002,7402569
1630679347042,7403768
1630679347082,7403768
1630679347122,7404029
1630679347162,7404342
1630679347202,7404551
1630679347242,7403194
1630679347282,7402621
1630679347322,7402412
1630679347362,7401995
1630679347402,7400743
1630679347442,7400274
1630679347482,7401056
1630679347522,7400483
1630679347562,7400013
1630679347602,7398970
1630679347642,7397823
1630679347682,7397302
1630679347722,7397249
1630679347762,7396363
1630679347802,7396102
1630679347842,7396259
1630679347882,7394694
1630679347922,7394381
1630679347962,7394486
1630679348002,7393338
1630679348042,7393130
1630679348082,7393286
1630679348122,7392765
1630679348162,7392035
1630679348202,7391774
1630679348242,7391044
1630679348282,7390679
1630679348322,7390366
1630679348362,7390105
1630679348402,7388436
1630679348442,7388854
1630679348482,7388332
1630679348522,7387706
1630679348562,7386820
1630679348602,7387080
1630679348642,7385516
1630679348682,7385516
1630679348722,7384264
1630679348762,7384995
1630679348802,7384942
1630679348842,7384629
1630679348882,7383899
1630679348922,7383899
1630679348962,7382126
1630679349002,7382230
1630679349042,7382283
1630679349082,7380979
1630679349122,7380770
1630679349162,7380510
1630679349202,7378945
1630679349242,7379102
1630679349282,7379310
1630679349322,7378736
1630679349362,7378580
1630679349402,7378736
1630679349442,7378945
1630679349482,7379102
1630679349522,7379779
1630679349562,7379832
1630679349602,7380249
1630679349642,7380979
1630679349682,7382126
1630679349722,7382230
1630679349762,7383065
1630679349802,7384734
1630679349842,7386037
1630679349882,7386611
1630679349922,7387602
1630679349962,7389010
1630679350002,7389897
1630679350042,7390887
1630679350082,7391878
1630679350122,7393130
1630679350162,7393703
1630679350202,7394799
1630679350242,7395529
1630679350282,7395685
1630679350322,7396884
1630679350362,7396989
1630679350402,7397458
1630679350442,7398136
1630679350482,7399284
1630679350522,7398866
1630679350562,7398918
1630679350602,7399023
1630679350642,7398032
1630679350682,7397562
1630679350722,7397197
1630679350762,7396467
1630679350802,7396102
1630679350842,7395216
1630679350882,7395007
1630679350922,7394068
1630679350962,7394746
1630679351002,7393599
1630679351042,7393234
1630679351082,7392817
1630679351122,7391930
1630679351162,7392295
1630679351202,7392139
1630679351242,7392035
1630679351282,7391148
1630679351322,7391305
1630679351362,7391044
1630679351402,7390627
1630679351442,7390366
1630679351482,7390314
1630679351522,7389949
1630679351562,7389844
1630679351602,7389479
1630679351642,7389479
1630679351682,7388906
1630679351722,7388071
1630679351762,7388228
1630679351802,7388697
1630679351842,7387967
1630679351882,7387550
1630679351922,7387498
1630679351962,7387654
1630679352002,7386924
1630679352042,7386663
1630679352082,7386820
1630679352122,7387237
1630679352162,7386507
1630679352202,7385412
1630679352242,7385881
1630679352282,7385360
1630679352322,7384942
1630679352362,7384421
1630679352402,7385151
1630679352442,7384838
1630679352482,7384421
1630679352522,7383952
1630679352562,7384890
1630679352602,7384682
1630679352642,7383274
1630679352682,7383899
1630679352722,7383430
1630679352762,7383221
1630679352802,7383534
1630679352842,7383430
1630679352882,7383534
1630679352922,7382491
1630679352962,7381709
1630679353002,7381136
1630679353042,7380927
1630679353082,7380458
1630679353122,7380770
1630679353162,7380875
1630679353202,7380197
1630679353242,7380614
1630679353282,7379988
1630679353322,7379832
1630679353362,7379884
1630679353402,7379884
1630679353442,7379362
1630679353482,7379675
1630679353522,7379154
1630679353562,7378945
1630679353602,7378893
1630679353642,7379310
1630679353682,7378163
1630679353722,7378006
1630679353762,7378424
1630679353802,7378371
1630679353842,7377746
1630679353882,7378371
1630679353922,7379050
1630679353962,7379779
1630679354002,7380353
1630679354042,7381501
1630679354082,7382856
1630679354122,7383482
1630679354162,7384682
1630679354202,7385099
1630679354242,7385985
1630679354282,7387133
1630679354322,7388280
1630679354362,7388645
1630679354402,7390418
1630679354442,7391617
1630679354482,7391826
1630679354522,7392817
1630679354562,7394173
1630679354602,7394903
1630679354642,7395372
1630679354682,7396363
1630679354722,7397719
1630679354762,7398397
1630679354802,7399492
1630679354842,7400066
1630679354882,7401056
1630679354922,7401109
1630679354962,7401578
1630679355002,7401839
1630679355042,7401995
1630679355082,7402464
1630679355122,7401630
1630679355162,7401161
1630679355202,7400900
1630679355242,7401109
1630679355282,7400274
1630679355322,7399805
1630679355362,7399857
1630679355402,7399127
1630679355442,7398345
1630679355482,7398032
1630679355522,7396989
1630679355562,7397093
1630679355602,7397249
1630679355642,7395685
1630679355682,7395998
1630679355722,7395841
1630679355762,7395111
1630679355802,7394746
1630679355842,7394590
1630679355882,7394642
1630679355922,7392869
1630679355962,7392921
1630679356002,7392348
1630679356042,7392295
1630679356082,7392660
1630679356122,7392139
1630679356162,7391148
1630679356202,7390939
1630679356242,7390366
1630679356282,7389219
1630679356322,7389792
1630679356362,7388801
1630679356402,7387967
1630679356442,7387237
1630679356482,7386924
1630679356522,7386559
1630679356562,7386090
1630679356602,7385829
1630679356642,7385464
1630679356682,7384786
1630679356722,7384995
1630679356762,7384369
1630679356802,7384056
1630679356842,7383638
1630679356882,7383117
1630679356922,7382961
1630679356962,7382387
1630679357002,7382491
1630679357042,7382178
1630679357082,7382387
1630679357122,7382178
1630679357162,7381396
1630679357202,7381136
1630679357242,7380979
1630679357282,7380562
1630679357322,7381031
1630679357362,7381605
1630679357402,7382595
1630679357442,7382804
1630679357482,7383013
1630679357522,7384264
1630679357562,7384682
1630679357602,7385568
1630679357642,7386820
1630679357682,7386924
1630679357722,7388228
1630679357762,7388384
1630679357802,7388801
1630679357842,7389062
1630679357882,7390053
1630679357922,7390262
1630679357962,7391617
1630679358002,7392191
1630679358042,7393130
1630679358082,7394538
1630679358122,7394903
1630679358162,7395581
1630679358202,7396572
1630679358242,7395946
1630679358282,7397406
1630679358322,7396728
1630679358362,7396624
1630679358402,7396676
1630679358442,7397041
1630679358482,7395946
1630679358522,7395946
1630679358562,7395894
1630679358602,7395424
1630679358642,7395320
1630679358682,7394173
1630679358722,7394590
1630679358762,7393703
1630679358802,7393651
1630679358842,7392869
1630679358882,7392400
1630679358922,7392556
1630679358962,7391930
1630679359002,7391826
1630679359042,7390835
1630679359082,7390522
1630679359122,7389688
1630679359162,7389427
1630679359202,7388645
1630679359242,7388593
1630679359282,7387811
1630679359322,7388176
1630679359362,7387915
1630679359402,7387028
1630679359442,7387498
1630679359482,7386976
1630679359522,7387080
1630679359562,7386715
1630679359602,7385725
1630679359642,7385620
1630679359682,7386090
1630679359722,7386037
1630679359762,7385151
1630679359802,7384995
1630679359842,7384525
1630679359882,7384056
1630679359922,7384160
1630679359962,7383795
1630679360002,7383952
1630679360042,7383065
1630679360082,7382856
1630679360122,7383117
1630679360162,7382804
1630679360202,7382491
1630679360242,7382074
1630679360282,7382752
1630679360322,7382230
1630679360362,7382126
1630679360402,7381292
1630679360442,7381552
1630679360482,7381292
1630679360522,7381448
1630679360562,7380927
1630679360602,7381448
1630679360642,7380875
1630679360682,7380614
1630679360722,7382126
1630679360762,7381709
1630679360802,7382700
1630679360842,7383274
1630679360882,7384473
1630679360922,7385360
1630679360962,7386820
1630679361002,7387393
1630679361042,7388436
1630679361082,7388906
1630679361122,7390783
1630679361162,7391357
1630679361202,7392035
1630679361242,7392921
1630679361282,7393912
1630679361322,7394486
1630679361362,7396415
1630679361402,7396572
1630679361442,7396989
1630679361482,7397510
1630679361522,7398553
1630679361562,7398814
1630679361602,7399335
1630679361642,7399127
1630679361682,7398240
1630679361722,7398501
1630679361762,7398397
1630679361802,7397875
1630679361842,7396832
1630679361882,7396624
1630679361922,7396259
1630679361962,7395529
1630679362002,7394746
1630679362042,7394590
1630679362082,7394694
1630679362122,7394016
1630679362162,7393756
1630679362202,7393390
1630679362242,7392973
1630679362282,7393078
1630679362322,7392243
1630679362362,7392191
1630679362402,7392348
1630679362442,7391513
1630679362482,7391722
1630679362522,7391148
1630679362562,7390001
1630679362602,7390731
1630679362642,7390627
1630679362682,7390418
1630679362722,7389897
1630679362762,7390262
1630679362802,7389949
1630679362842,7389323
1630679362882,7389792
1630679362922,7389166
1630679362962,7388436
1630679363002,7388645
1630679363042,7388123
1630679363082,7388906
1630679363122,7387654
1630679363162,7387863
1630679363202,7387393
1630679363242,7387706
1630679363282,7386507
1630679363322,7386768
1630679363362,7386611
1630679363402,7386663
1630679363442,7386194
1630679363482,7385829
1630679363522,7384942
1630679363562,7384421
1630679363602,7384682
1630679363642,7384003
1630679363682,7383430
1630679363722,7382961
1630679363762,7382387
1630679363802,7382700
1630679363842,7382074
1630679363882,7381970
1630679363922,7382230
1630679363962,7382909
1630679364002,7383691
1630679364042,7384682
1630679364082,7385046
1630679364122,7386559
1630679364162,7387446
1630679364202,7388384
1630679364242,7389062
1630679364282,7389584
1630679364322,7390627
1630679364362,7391722
1630679364402,7392608
1630679364442,7393234
1630679364482,7393860
1630679364522,7394277
1630679364562,7396102
1630679364602,7396832
1630679364642,7397667
1630679364682,7398501
1630679364722,7399492
1630679364762,7400118
1630679364802,7400692
1630679364842,7401578
1630679364882,7401265
1630679364922,7402621
1630679364962,7402151
1630679365002,7401891
1630679365042,7401682
1630679365082,7401786
1630679365122,7400431
1630679365162,7400274
1630679365202,7399805
1630679365242,7399648
1630679365282,7398710
1630679365322,7398397
1630679365362,7398553
1630679365402,7397458
1630679365442,7397406
1630679365482,7396728
1630679365522,7396311
1630679365562,7395529
1630679365602,7395111
1630679365642,7394590
1630679365682,7394694
1630679365722,7393964
1630679365762,7393078
1630679365802,7393130
1630679365842,7391982
1630679365882,7391878
1630679365922,7390731
1630679365962,7390053
1630679366002,7389584
1630679366042,7388645
1630679366082,7388019
1630679366122,7387446
1630679366162,7386768
1630679366202,7386663
1630679366242,7386246
1630679366282,7385672
1630679366322,7384786
1630679366362,7384212
1630679366402,7384838
1630679366442,7383430
1630679366482,7383743
1630679366522,7383274
1630679366562,7382804
1630679366602,7383169
1630679366642,7382491
1630679366682,7383117
1630679366722,7382022
1630679366762,7383221
1630679366802,7383221
1630679366842,7383847
1630679366882,7384577
1630679366922,7384734
1630679366962,7386037
1630679367002,7387237
1630679367042,7387393
1630679367082,7388436
1630679367122,7388958
1630679367162,7390053
1630679367202,7391617
1630679367242,7391461
1630679367282,7393338
1630679367322,7394016
1630679367362,7394277
1630679367402,7395320
1630679367442,7396207
1630679367482,7397041
1630679367522,7398188
1630679367562,7398084
1630679367602,7399284
1630679367642,7400326
1630679367682,7400692
1630679367722,7401786
1630679367762,7401995
1630679367802,7403194
1630679367842,7402517
1630679367882,7402412
1630679367922,7401735
1630679367962,7401839
1630679368002,7401630
1630679368042,7400118
1630679368082,7400900
1630679368122,7399700
1630679368162,7399075
1630679368202,7398449
1630679368242,7397562
1630679368282,7397562
1630679368322,7396780
1630679368362,7397093
1630679368402,7396780
1630679368442,7395894
1630679368482,7395529
1630679368522,7394225
1630679368562,7393495
1630679368602,7393234
1630679368642,7393443
1630679368682,7392139
1630679368722,7392295
1630679368762,7390835
1630679368802,7390366
1630679368842,7389949
1630679368882,7389166
1630679368922,7387550
1630679368962,7387133
1630679369002,7387133
1630679369042,7386246
1630679369082,7386350
1630679369122,7385568
1630679369162,7384734
1630679369202,7384369
1630679369242,7384577
1630679369282,7384108
1630679369322,7383430
1630679369362,7383638
1630679369402,7383117
1630679369442,7383274
1630679369482,7383795
1630679369522,7383169
1630679369562,7382491
1630679369602,7382804
1630679369642,7382909
1630679369682,7383378
1630679369722,7383065
1630679369762,7384003
1630679369802,7384577
1630679369842,7384786
1630679369882,7385725
1630679369922,7386037
1630679369962,7387393
1630679370002,7388280
1630679370042,7388749
1630679370082,7389792
1630679370122,7391096
1630679370162,7391200
1630679370202,7392348
1630679370242,7393599
1630679370282,7394538
1630679370322,7395111
1630679370362,7395633
1630679370402,7396728
1630679370442,7396884
1630679370482,7398032
1630679370522,7398032
1630679370562,7398084
1630679370602,7397875
1630679370642,7397615
1630679370682,7397458
1630679370722,7396154
1630679370762,7396311
1630679370802,7395737
1630679370842,7395581
1630679370882,7394590
1630679370922,7394381
1630679370962,7393443
1630679371002,7393286
1630679371042,7392973
1630679371082,7392139
1630679371122,7391722
1630679371162,7390939
1630679371202,7390574
1630679371242,7390731
1630679371282,7389897
1630679371322,7389271
1630679371362,7389584
1630679371402,7388906
1630679371442,7389114
1630679371482,7388645
1630679371522,7387758
1630679371562,7387967
1630679371602,7387237
1630679371642,7387341
1630679371682,7387028
1630679371722,7386768
1630679371762,7385985
1630679371802,7386924
1630679371842,7386090
1630679371882,7386142
1630679371922,7385777
1630679371962,7385151
1630679372002,7385933
1630679372042,7385307
1630679372082,7385829
1630679372122,7385412
1630679372162,7384421
1630679372202,7383795
1630679372242,7383847
1630679372282,7383221
1630679372322,7383691
1630679372362,7383274
1630679372402,7383952
1630679372442,7384421
1630679372482,7385516
1630679372522,7386403
1630679372562,7386350
1630679372602,7387706
1630679372642,7388071
1630679372682,7389688
1630679372722,7390627
1630679372762,7392139
1630679372802,7392921
1630679372842,7393547
1630679372882,7394851
1630679372922,7395476
1630679372962,7396259
1630679373002,7397302
1630679373042,7398501
1630679373082,7399753
1630679373122,7400900
1630679373162,7401839
1630679373202,7402360
1630679373242,7404029
1630679373282,7404707
1630679373322,7404916
1630679373362,7405280
1630679373402,7405594
1630679373442,7405750
1630679373482,7404916
1630679373522,7403925
1630679373562,7403455
1630679373602,7402517
1630679373642,7401786
1630679373682,7401474
1630679373722,7400274
1630679373762,7399492
1630679373802,7399335
1630679373842,7398553
1630679373882,7398084
1630679373922,7397458
1630679373962,7396624
1630679374002,7396207
1630679374042,7396363
1630679374082,7395320
1630679374122,7395424
1630679374162,7394799
1630679374202,7394329
1630679374242,7394068
1630679374282,7393495
1630679374322,7392817
1630679374362,7392973
1630679374402,7392400
1630679374442,7391878
1630679374482,7390679
1630679374522,7390835
1630679374562,7391722
1630679374602,7389740
1630679374642,7390001
1630679374682,7388958
1630679374722,7389114
1630679374762,7389219
1630679374802,7388593
1630679374842,7388280
1630679374882,7387967
1630679374922,7387550
1630679374962,7387758
1630679375002,7386768
1630679375042,7386559
1630679375082,7386142
1630679375122,7385099
1630679375162,7384995
1630679375202,7385151
1630679375242,7384473
1630679375282,7385151
1630679375322,7384838
1630679375362,7383743
1630679375402,7384160
1630679375442,7384160
1630679375482,7383847
1630679375522,7383378
1630679375562,7383534
1630679375602,7383013
1630679375642,7384056
1630679375682,7383221
1630679375722,7383952
1630679375762,7384525
1630679375802,7385360
1630679375842,7385777
1630679375882,7386663
1630679375922,7387654
1630679375962,7388071
1630679376002,7389323
1630679376042,7389792
1630679376082,7390627
1630679376122,7392348
1630679376162,7393078
1630679376202,7393651
1630679376242,7394329
1630679376282,7395268
1630679376322,7396311
1630679376362,7397562
1630679376402,7397980
1630679376442,7398918
1630679376482,7399335
1630679376522,7399753
1630679376562,7400535
1630679376602,7401109
1630679376642,7401839
1630679376682,7402464
1630679376722,7403612
1630679376762,7404029
1630679376802,7403872
1630679376842,7403560
1630679376882,7403560
1630679376922,7403403
1630679376962,7402412
1630679377002,7401786
1630679377042,7401369
1630679377082,7400692
1630679377122,7400274
1630679377162,7399179
1630679377202,7399388
1630679377242,7398814
1630679377282,7398136
1630679377322,7397719
1630679377362,7397249
1630679377402,7396363
1630679377442,7396154
1630679377482,7396259
1630679377522,7394903
1630679377562,7394642
1630679377602,7393756
1630679377642,7394486
1630679377682,7393912
1630679377722,7393078
1630679377762,7392921
1630679377802,7393130
1630679377842,7392400
1630679377882,7391722
1630679377922,7391461
1630679377962,7390835
1630679378002,7389636
1630679378042,7389427
1630679378082,7388019
1630679378122,7387967
1630679378162,7386454
1630679378202,7386611
1630679378242,7386715
1630679378282,7386142
1630679378322,7385151
1630679378362,7384734
1630679378402,7384629
1630679378442,7384108
1630679378482,7384317
1630679378522,7383691
1630679378562,7383221
1630679378602,7383847
1630679378642,7383274
1630679378682,7383117
1630679378722,7382804
1630679378762,7382283
1630679378802,7382074
1630679378842,7381970
1630679378882,7381866
1630679378922,7381709
1630679378962,7381813
1630679379002,7381918
1630679379042,7382700
1630679379082,7383274
1630679379122,7383378
1630679379162,7383638
1630679379202,7384734
1630679379242,7384995
1630679379282,7386246
1630679379322,7386924
1630679379362,7387811
1630679379402,7388854
1630679379442,7389479
1630679379482,7390053
1630679379522,7391409
1630679379562,7392660
1630679379602,7393130
1630679379642,7393495
1630679379682,7394590
1630679379722,7395476
1630679379762,7396154
1630679379802,7397458
1630679379842,7397719
1630679379882,7398292
1630679379922,7399388
1630679379962,7399596
1630679380002,7400796
1630679380042,7401161
1630679380082,7401839
1630679380122,7402360
1630679380162,7402725
1630679380202,7401682
1630679380242,7401421
1630679380282,7401056
1630679380322,7401474
1630679380362,7400013
1630679380402,7399440
1630679380442,7400170
1630679380482,7398970
1630679380522,7398605
1630679380562,7398136
1630679380602,7398553
1630679380642,7398345
1630679380682,7397719
1630679380722,7397093
1630679380762,7397719
1630679380802,7396572
1630679380842,7396207
1630679380882,7396207
1630679380922,7396363
1630679380962,7395841
1630679381002,7395164
1630679381042,7394746
1630679381082,7394799
1630679381122,7394955
1630679381162,7394903
1630679381202,7394277
1630679381242,7393025
1630679381282,7393547
1630679381322,7392765
1630679381362,7392973
1630679381402,7392921
1630679381442,7392504
1630679381482,7391982
1630679381522,7391200
1630679381562,7391200
1630679381602,7389897
1630679381642,7389479
1630679381682,7389219
1630679381722,7388384
1630679381762,7387602
1630679381802,7387498
1630679381842,7386090
1630679381882,7386454
1630679381922,7385307
1630679381962,7385360
1630679382002,7385099
1630679382042,7384890
1630679382082,7384160
1630679382122,7384264
1630679382162,7384264
1630679382202,7383847
1630679382242,7384369
1630679382282,7384682
1630679382322,7386090
1630679382362,7387550
1630679382402,7388384
1630679382442,7388488
1630679382482,7389375
1630679382522,7389375
1630679382562,7390835
1630679382602,7391096
1630679382642,7391409
1630679382682,7392035
1630679382722,7392973
1630679382762,7393443
1630679382802,7394694
1630679382842,7395946
1630679382882,7397302
1630679382922,7397562
1630679382962,7398658
1630679383002,7399700
1630679383042,7401004
1630679383082,7402151
1630679383122,7404551
1630679383162,7406167
1630679383202,7408045
1630679383242,7409609
1630679383282,7410600
1630679383322,7412477
1630679383362,7414302
1630679383402,7415606
1630679383442,7417171
1630679383482,7418474
1630679383522,7420612
1630679383562,7422020
1630679383602,7423950
1630679383642,7426244
1630679383682,7428070
1630679383722,7429582
1630679383762,7432763
1630679383802,7435058
1630679383842,7438343
1630679383882,7442515
1630679383922,7445175
1630679383962,7449294
1630679384002,7449659
1630679384042,7448669
1630679384082,7444027
1630679384122,7441629
1630679384162,7437978
1630679384202,7434328
1630679384242,7431460
1630679384282,7429374
1630679384322,7426975
1630679384362,7424732
1630679384402,7422594
1630679384442,7420769
1630679384482,7418996
1630679384522,7417327
1630679384562,7415502
1630679384602,7413833
1630679384642,7412425
1630679384682,7411226
1630679384722,7410548
1630679384762,7409296
1630679384802,7408305
1630679384842,7406688
1630679384882,7406428
1630679384922,7405541
1630679384962,7405594
1630679385002,7404446
1630679385042,7403194
1630679385082,7402464
1630679385122,7401891
1630679385162,7401161
1630679385202,7400587
1630679385242,7400118
1630679385282,7399753
1630679385322,7399023
1630679385362,7397875
1630679385402,7397354
1630679385442,7397093
1630679385482,7396780
1630679385522,7396780
1630679385562,7396050
1630679385602,7395216
1630679385642,7394173
1630679385682,7394016
1630679385722,7393964
1630679385762,7392817
1630679385802,7392713
1630679385842,7392139
1630679385882,7391670
1630679385922,7391357
1630679385962,7390157
1630679386002,7391252
1630679386042,7390731
1630679386082,7391096
1630679386122,7391670
1630679386162,7392348
1630679386202,7392400
1630679386242,7392608
1630679386282,7392556
1630679386322,7391722
1630679386362,7391565
1630679386402,7390835
1630679386442,7391722
1630679386482,7391044
1630679386522,7390992
1630679386562,7390314
1630679386602,7390783
1630679386642,7390209
1630679386682,7389844
1630679386722,7390366
1630679386762,7390209
1630679386802,7390001
1630679386842,7389740
1630679386882,7390366
1630679386922,7390053
1630679386962,7390157
1630679387002,7389688
1630679387042,7389323
1630679387082,7389636
1630679387122,7389375
1630679387162,7389427
1630679387202,7389166
1630679387242,7388176
1630679387282,7388176
1630679387322,7387915
1630679387362,7388123
1630679387402,7387550
1630679387442,7387289
1630679387482,7387237
1630679387522,7387967
1630679387562,7387758
1630679387602,7387185
1630679387642,7387341
1630679387682,7386976
1630679387722,7387602
1630679387762,7387028
1630679387802,7386820
1630679387842,7386715
1630679387882,7386350
1630679387922,7386663
1630679387962,7386142
1630679388002,7386403
1630679388042,7386142
1630679388082,7385777
1630679388122,7386246
1630679388162,7386037
1630679388202,7385568
1630679388242,7386037
1630679388282,7385620
1630679388322,7386090
1630679388362,7385933
1630679388402,7386194
1630679388442,7386611
1630679388482,7386350
1630679388522,7385777
1630679388562,7385672
1630679388602,7384942
1630679388642,7385829
1630679388682,7385360
1630679388722,7384942
1630679388762,7384838
1630679388802,7384786
1630679388842,7384629
1630679388882,7384369
1630679388922,7384629
1630679388962,7384369
1630679389002,7384734
1630679389042,7384629
1630679389082,7384473
1630679389122,7383847
1630679389162,7384108
1630679389202,7384629
1630679389242,7384369
1630679389282,7383847
1630679389322,7384160
1630679389362,7383638
1630679389402,7383795
1630679389442,7383065
1630679389482,7383638
1630679389522,7382439
1630679389562,7382491
1630679389602,7382439
1630679389642,7382856
1630679389682,7382126
1630679389722,7382335
1630679389762,7382022
1630679389802,7382544
1630679389842,7381918
1630679389882,7381552
1630679389922,7381709
1630679389962,7382178
1630679390002,7381866
1630679390042,7381344
1630679390082,7381240
1630679390122,7380666
1630679390162,7381918
1630679390202,7380822
1630679390242,7381709
1630679390282,7382648
1630679390322,7382439
1630679390362,7383430
1630679390402,7384003
1630679390442,7384682
1630679390482,7385412
1630679390522,7386663
1630679390562,7387498
1630679390602,7388384
1630679390642,7389271
1630679390682,7390522
1630679390722,7390939
1630679390762,7391826
1630679390802,7392504
1630679390842,7393286
1630679390882,7394173
1630679390922,7394903
1630679390962,7395737
1630679391002,7396102
1630679391042,7397458
1630679391082,7398084
1630679391122,7398136
1630679391162,7399857
1630679391202,7399805
1630679391242,7399648
1630679391282,7399648
1630679391322,7399596
1630679391362,7399388
1630679391402,7398292
1630679391442,7397980
1630679391482,7397980
1630679391522,7397875
1630679391562,7396572
1630679391602,7396467
1630679391642,7396780
1630679391682,7395894
1630679391722,7395059
1630679391762,7394433
1630679391802,7394590
1630679391842,7393390
1630679391882,7392608
1630679391922,7393495
1630679391962,7391982
1630679392002,7392191
1630679392042,7392400
1630679392082,7391670
1630679392122,7391044
1630679392162,7391044
1630679392202,7391096
1630679392242,7390992
1630679392282,7391096
1630679392322,7390262
1630679392362,7389219
1630679392402,7390157
1630679392442,7388854
1630679392482,7388801
1630679392522,7388801
1630679392562,7388645
1630679392602,7388123
1630679392642,7387915
1630679392682,7387811
1630679392722,7387028
1630679392762,7387237
1630679392802,7387811
1630679392842,7387706
1630679392882,7387133
1630679392922,7387393
1630679392962,7387602
1630679393002,7387028
1630679393042,7386194
1630679393082,7386350
1630679393122,7386454
1630679393162,7386090
1630679393202,7385933
1630679393242,7385046
1630679393282,7385464
1630679393322,7385933
1630679393362,7385307
1630679393402,7385568
1630679393442,7384734
1630679393482,7385360
1630679393522,7384682
1630679393562,7385151
1630679393602,7385829
1630679393642,7385046
1630679393682,7384995
1630679393722,7384682
1630679393762,7384473
1630679393802,7384995
1630679393842,7384838
1630679393882,7385360
1630679393922,7385255
1630679393962,7387237
1630679394002,7388332
1630679394042,7389844
1630679394082,7390992
1630679394122,7391670
1630679394162,7392556
1630679394202,7393130
1630679394242,7394433
1630679394282,7395789
1630679394322,7397510
1630679394362,7398553
1630679394402,7400170
1630679394442,7401839
1630679394482,7401943
1630679394522,7403716
1630679394562,7403872
1630679394602,7404811
1630679394642,7404863
1630679394682,7406063
1630679394722,7405698
1630679394762,7407053
1630679394802,7408096
1630679394842,7408827
1630679394882,7408566
1630679394922,7408410
1630679394962,7407523
1630679395002,7404342
1630679395042,7401474
1630679395082,7398292
1630679395122,7396415
1630679395162,7392817
1630679395202,7390418
1630679395242,7387863
1630679395282,7384786
1630679395322,7381813
1630679395362,7377589
1630679395402,7375034
1630679395442,7373626
1630679395482,7370914
1630679395522,7369767
1630679395562,7368202
1630679395602,7367264
1630679395642,7365334
1630679395682,7364135
1630679395722,7361736
1630679395762,7360432
1630679395802,7359806
1630679395842,7359963
1630679395882,7358398
1630679395922,7359598
1630679395962,7358555
1630679396002,7359911
1630679396042,7361423
1630679396082,7364187
1630679396122,7365960
1630679396162,7366012
1630679396202,7367264
1630679396242,7367003
1630679396282,7366742
1630679396322,7366481
1630679396362,7366273
1630679396402,7364343
1630679396442,7362727
1630679396482,7362153
1630679396522,7360745
1630679396562,7358815
1630679396602,7358137
1630679396642,7357512
1630679396682,7356417
1630679396722,7355478
1630679396762,7355113
1630679396802,7354018
1630679396842,7353966
1630679396882,7352766
1630679396922,7352088
1630679396962,7350993
1630679397002,7350732
1630679397042,7350941
1630679397082,7353496
1630679397122,7354591
1630679397162,7353861
1630679397202,7353027
1630679397242,7354070
1630679397282,7355791
1630679397322,7358659
1630679397362,7361006
1630679397402,7361319
1630679397442,7360276
1630679397482,7359754
1630679397522,7358920
1630679397562,7358920
1630679397602,7359494
1630679397642,7358294
1630679397682,7358137
1630679397722,7357877
1630679397762,7356834
1630679397802,7356729
1630679397842,7356208
1630679397882,7355478
1630679397922,7354331
1630679397962,7353966
1630679398002,7354122
1630679398042,7352558
1630679398082,7350159
1630679398122,7349064
1630679398162,7348594
1630679398202,7348699
1630679398242,7347812
1630679398282,7347134
1630679398322,7347499
1630679398362,7347030
1630679398402,7345309
1630679398442,7344527
1630679398482,7344579
1630679398522,7343692
1630679398562,7342754
1630679398602,7340824
1630679398642,7340407
1630679398682,7339155
1630679398722,7338321
1630679398762,7339468
1630679398802,7341867
1630679398842,7343275
1630679398882,7346508
1630679398922,7347395
1630679398962,7347343
1630679399002,7347238
1630679399042,7347603
1630679399082,7348177
1630679399122,7348021
1630679399162,7348125
1630679399202,7349064
1630679399242,7349064
1630679399282,7350784
1630679399322,7353235
1630679399362,7359076
1630679399402,7362622
1630679399442,7360588
1630679399482,7360902
1630679399522,7361945
1630679399562,7361579
1630679399602,7362257
1630679399642,7361162
1630679399682,7358451
1630679399722,7355791
1630679399762,7354487
1630679399802,7354696
1630679399842,7352245
1630679399882,7348699
1630679399922,7345622
1630679399962,7344214
1630679400002,7344266
1630679400042,7341867
1630679400082,7333836
1630679400122,7332741
1630679400162,7337017
1630679400202,7336339
1630679400242,7332636
1630679400282,7333679
1630679400322,7336495
1630679400362,7335244
1630679400402,7333523
1630679400442,7333054
1630679400482,7335036
1630679400522,7337643
1630679400562,7340407
1630679400602,7341397
1630679400642,7341971
1630679400682,7341189
1630679400722,7343797
1630679400762,7343014
1630679400802,7348281
1630679400842,7354956
1630679400882,7355113
1630679400922,7355582
1630679400962,7356990
1630679401002,7357981
1630679401042,7359859
1630679401082,7359702
1630679401122,7359650
1630679401162,7359024
1630679401202,7355791
1630679401242,7354487
1630679401282,7356208
1630679401322,7358763
1630679401362,7363404
1630679401402,7357355
1630679401442,7352192
1630679401482,7352975
1630679401522,7354487
1630679401562,7354435
1630679401602,7352610
1630679401642,7349324
1630679401682,7347082
1630679401722,7347447
1630679401762,7347760
1630679401802,7348699
1630679401842,7350315
1630679401882,7352558
1630679401922,7356260
1630679401962,7359128
1630679402002,7359598
1630679402042,7357512
1630679402082,7359285
1630679402122,7357616
1630679402162,7351775
1630679402202,7347186
1630679402242,7347343
1630679402282,7350054
1630679402322,7351410
1630679402362,7351671
1630679402402,7352297
1630679402442,7353027
1630679402482,7353340
1630679402522,7353601
1630679402562,7355321
1630679402602,7355374
1630679402642,7354227
1630679402682,7354696
1630679402722,7355374
1630679402762,7357668
1630679402802,7358033
1630679402842,7357460
1630679402882,7356052
1630679402922,7352975
1630679402962,7344944
1630679403002,7338790
1630679403042,7339885
1630679403082,7343901
1630679403122,7346821
1630679403162,7346091
1630679403202,7346456
1630679403242,7349689
1630679403282,7353966
1630679403322,7354122
1630679403362,7351671
1630679403402,7349376
1630679403442,7346248
1630679403482,7344683
1630679403522,7345361
1630679403562,7341293
1630679403602,7340772
1630679403642,7341919
1630679403682,7340615
1630679403722,7342076
1630679403762,7344318
1630679403802,7345882
1630679403842,7345622
1630679403882,7345257
1630679403922,7344840
1630679403962,7345100
1630679404002,7348594
1630679404042,7352610
1630679404082,7355686
1630679404122,7355165
1630679404162,7355635
1630679404202,7356729
1630679404242,7356990
1630679404282,7351932
1630679404322,7345726
1630679404362,7338946
1630679404402,7337538
1630679404442,7337330
1630679404482,7336809
1630679404522,7335713
1630679404562,7335557
1630679404602,7336079
1630679404642,7336913
1630679404682,7338217
1630679404722,7341033
1630679404762,7343692
1630679404802,7344735
1630679404842,7344683
1630679404882,7345935
1630679404922,7346352
1630679404962,7346925
1630679405002,7348490
1630679405042,7350419
1630679405082,7352818
1630679405122,7356052
1630679405162,7362049
1630679405202,7368985
1630679405242,7373574
1630679405282,7371696
1630679405322,7369663
1630679405362,7368620
1630679405402,7367890
1630679405442,7365073
1630679405482,7362101
1630679405522,7358033
1630679405562,7354643
1630679405602,7351880
1630679405642,7348907
1630679405682,7345465
1630679405722,7343484
1630679405762,7341450
1630679405802,7339729
1630679405842,7335609
1630679405882,7333158
1630679405922,7331854
1630679405962,7335765
1630679406002,7340407
1630679406042,7340615
1630679406082,7337799
1630679406122,7336287
1630679406162,7334201
1630679406202,7332741
1630679406242,7334149
1630679406282,7336183
1630679406322,7337852
1630679406362,7338738
1630679406402,7338842
1630679406442,7339989
1630679406482,7340824
1630679406522,7338738
1630679406562,7336495
1630679406602,7342023
1630679406642,7340303
1630679406682,7336861
1630679406722,7335661
1630679406762,7335870
1630679406802,7337226
1630679406842,7336704
1630679406882,7337591
1630679406922,7337382
1630679406962,7336183
1630679407002,7333314
1630679407042,7334879
1630679407082,7334775
1630679407122,7344214
1630679407162,7340980
1630679407202,7338164
1630679407242,7342493
1630679407282,7343901
1630679407322,7343901
1630679407362,7343066
1630679407402,7341658
1630679407442,7340198
1630679407482,7342754
1630679407522,7346248
1630679407562,7340980
1630679407602,7339938
1630679407642,7342336
1630679407682,7346143
1630679407722,7346352
1630679407762,7346978
1630679407802,7348646
1630679407842,7350315
1630679407882,7355635
1630679407922,7357616
1630679407962,7359963
1630679408002,7362518
1630679408042,7363770
1630679408082,7360171
1630679408122,7362414
1630679408162,7371227
1630679408202,7373887
1630679408242,7373157
1630679408282,7373417
1630679408322,7375034
1630679408362,7374043
1630679408402,7371957
1630679408442,7370080
1630679408482,7370184
1630679408522,7369871
1630679408562,7368255
1630679408602,7367420
1630679408642,7365543
1630679408682,7362049
1630679408722,7360119
1630679408762,7363926
1630679408802,7368098
1630679408842,7367420
1630679408882,7364030
1630679408922,7363457
1630679408962,7358972
1630679409002,7355269
1630679409042,7353027
1630679409082,7349898
1630679409122,7350315
1630679409162,7351150
1630679409202,7350889
1630679409242,7350941
1630679409282,7351097
1630679409322,7350576
1630679409362,7350732
1630679409402,7350524
1630679409442,7348490
1630679409482,7348646
1630679409522,7348021
1630679409562,7350263
1630679409602,7351254
1630679409642,7352714
1630679409682,7353027
1630679409722,7354383
1630679409762,7353183
1630679409802,7352558
1630679409842,7351254
1630679409882,7351723
1630679409922,7351202
1630679409962,7352036
1630679410002,7350941
1630679410042,7351202
1630679410082,7352662
1630679410122,7352140
1630679410162,7351932
1630679410202,7351410
1630679410242,7349585
1630679410282,7347760
1630679410322,7345778
1630679410362,7344787
1630679410402,7343223
1630679410442,7342597
1630679410482,7344162
1630679410522,7345413
1630679410562,7345830
1630679410602,7346143
1630679410642,7346456
1630679410682,7349116
1630679410722,7350680
1630679410762,7352610
1630679410802,7353079
1630679410842,7354643
1630679410882,7355321
1630679410922,7358190
1630679410962,7360432
1630679411002,7361840
1630679411042,7362310
1630679411082,7364500
1630679411122,7366325
1630679411162,7367264
1630679411202,7367785
1630679411242,7367264
1630679411282,7365908
1630679411322,7363926
1630679411362,7362101
1630679411402,7361423
1630679411442,7360693
1630679411482,7359024
1630679411522,7358659
1630679411562,7357720
1630679411602,7357825
1630679411642,7357355
1630679411682,7357877
1630679411722,7357147
1630679411762,7356886
1630679411802,7355999
1630679411842,7356312
1630679411882,7355269
1630679411922,7355374
1630679411962,7354852
1630679412002,7354487
1630679412042,7354383
1630679412082,7354852
1630679412122,7354748
1630679412162,7354748
1630679412202,7355113
1630679412242,7354539
1630679412282,7353861
1630679412322,7352923
1630679412362,7352297
1630679412402,7352558
1630679412442,7353079
1630679412482,7355635
1630679412522,7359180
1630679412562,7362988
1630679412602,7364500
1630679412642,7363613
1630679412682,7362466
1630679412722,7362153
1630679412762,7362257
1630679412802,7362935
1630679412842,7364865
1630679412882,7365334
1630679412922,7365543
1630679412962,7363926
1630679413002,7362518
1630679413042,7360276
1630679413082,7358555
1630679413122,7357877
1630679413162,7356678
1630679413202,7355999
1630679413242,7355113
1630679413282,7354331
1630679413322,7353705
1630679413362,7353757
1630679413402,7352401
1630679413442,7351775
1630679413482,7350941
1630679413522,7349898
1630679413562,7349481
1630679413602,7348803
1630679413642,7348959
1630679413682,7348281
1630679413722,7347395
1630679413762,7346091
1630679413802,7346352
1630679413842,7345778
1630679413882,7345882
1630679413922,7345726
1630679413962,7344787
1630679414002,7345205
1630679414042,7344631
1630679414082,7344422
1630679414122,7345048
1630679414162,7344162
1630679414202,7345309
1630679414242,7345205
1630679414282,7346613
1630679414322,7347343
1630679414362,7348751
1630679414402,7349637
1630679414442,7351306
1630679414482,7352714
1630679414522,7353966
1630679414562,7354331
1630679414602,7354591
1630679414642,7355582
1630679414682,7356573
1630679414722,7357825
1630679414762,7358868
1630679414802,7360171
1630679414842,7360902
1630679414882,7361371
1630679414922,7362205
1630679414962,7361996
1630679415002,7362831
1630679415042,7361736
1630679415082,7361631
1630679415122,7361110
1630679415162,7360484
1630679415202,7359963
1630679415242,7359441
1630679415282,7359337
1630679415322,7358294
1630679415362,7357043
1630679415402,7355426
1630679415442,7353392
1630679415482,7351932
1630679415522,7351462
1630679415562,7350263
1630679415602,7350732
1630679415642,7350837
1630679415682,7350576
1630679415722,7351567
1630679415762,7352245
1630679415802,7352923
1630679415842,7354383
1630679415882,7355217
1630679415922,7354904
1630679415962,7353079
1630679416002,7351984
1630679416042,7350680
1630679416082,7348751
1630679416122,7349011
1630679416162,7349220
1630679416202,7349846
1630679416242,7349168
1630679416282,7348438
1630679416322,7348438
1630679416362,7347134
1630679416402,7346978
1630679416442,7347134
1630679416482,7348490
1630679416522,7349168
1630679416562,7348646
1630679416602,7349846
1630679416642,7349950
1630679416682,7352297
1630679416722,7353079
1630679416762,7354904
1630679416802,7355478
1630679416842,7356208
1630679416882,7356625
1630679416922,7357929
1630679416962,7360067
1630679417002,7360797
1630679417042,7362779
1630679417082,7362831
1630679417122,7363822
1630679417162,7363665
1630679417202,7362727
1630679417242,7361475
1630679417282,7360015
1630679417322,7359754
1630679417362,7358451
1630679417402,7357929
1630679417442,7355635
1630679417482,7355009
1630679417522,7354643
1630679417562,7354383
1630679417602,7352923
1630679417642,7352558
1630679417682,7352297
1630679417722,7350837
1630679417762,7350524
1630679417802,7350419
1630679417842,7349689
1630679417882,7348907
1630679417922,7349533
1630679417962,7348490
1630679418002,7348229
1630679418042,7347760
1630679418082,7347134
1630679418122,7347186
1630679418162,7346613
1630679418202,7346613
1630679418242,7345726
1630679418282,7345413
1630679418322,7345413
1630679418362,7345830
1630679418402,7345257
1630679418442,7345309
1630679418482,7345570
1630679418522,7345205
1630679418562,7345361
1630679418602,7345257
1630679418642,7346456
1630679418682,7347291
1630679418722,7348438
1630679418762,7348542
1630679418802,7350211
1630679418842,7351202
1630679418882,7351150
1630679418922,7351932
1630679418962,7353653
1630679419002,7355582
1630679419042,7358503
1630679419082,7359180
1630679419122,7358346
1630679419162,7358086
1630679419202,7357668
1630679419242,7358086
1630679419282,7359963
1630679419322,7362831
1630679419362,7365908
1630679419402,7366169
1630679419442,7363718
1630679419482,7361631
1630679419522,7359024
1630679419562,7357616
1630679419602,7356573
1630679419642,7355582
1630679419682,7355791
1630679419722,7355061
1630679419762,7353809
1630679419802,7352192
1630679419842,7351567
1630679419882,7350524
1630679419922,7350315
1630679419962,7349794
1630679420002,7349950
1630679420042,7348438
1630679420082,7347395
1630679420122,7347447
1630679420162,7346665
1630679420202,7346404
1630679420242,7345830
1630679420282,7345935
1630679420322,7345205
1630679420362,7345882
1630679420402,7345309
1630679420442,7345882
1630679420482,7345100
1630679420522,7345309
1630679420562,7345726
1630679420602,7348177
1630679420642,7349272
1630679420682,7349272
1630679420722,7348490
1630679420762,7348542
1630679420802,7348542
1630679420842,7350107
1630679420882,7351306
1630679420922,7354174
1630679420962,7357303
1630679421002,7359859
1630679421042,7361006
1630679421082,7361788
1630679421122,7361162
1630679421162,7361006
1630679421202,7361110
1630679421242,7361788
1630679421282,7362570
1630679421322,7363874
1630679421362,7363404
1630679421402,7361736
1630679421442,7360902
1630679421482,7358555
1630679421522,7357825
1630679421562,7356886
1630679421602,7355635
1630679421642,7355374
1630679421682,7355009
1630679421722,7354383
1630679421762,7354539
1630679421802,7353653
1630679421842,7353340
1630679421882,7353183
1630679421922,7352714
1630679421962,7351619
1630679422002,7350889
1630679422042,7349846
1630679422082,7349950
1630679422122,7350524
1630679422162,7349272
1630679422202,7348907
1630679422242,7348073
1630679422282,7348125
1630679422322,7347238
1630679422362,7347082
1630679422402,7347499
1630679422442,7346143
1630679422482,7346456
1630679422522,7345882
1630679422562,7346091
1630679422602,7345830
1630679422642,7346456
1630679422682,7347395
1630679422722,7348229
1630679422762,7350054
1630679422802,7353027
1630679422842,7356782
1630679422882,7359076
1630679422922,7361110
1630679422962,7361371
1630679423002,7361684
1630679423042,7360484
1630679423082,7358868
1630679423122,7356312
1630679423162,7355165
1630679423202,7354643
1630679423242,7354435
1630679423282,7354070
1630679423322,7354539
1630679423362,7355635
1630679423402,7355061
1630679423442,7355478
1630679423482,7355686
1630679423522,7355217
1630679423562,7355009
1630679423602,7353966
1630679423642,7352662
1630679423682,7352558
1630679423722,7352088
1630679423762,7352297
1630679423802,7351671
1630679423842,7352036
1630679423882,7351150
1630679423922,7351254
1630679423962,7350002
1630679424002,7349116
1630679424042,7348907
1630679424082,7347812
1630679424122,7347656
1630679424162,7347291
1630679424202,7347238
1630679424242,7346821
1630679424282,7346404
1630679424322,7346978
1630679424362,7346404
1630679424402,7346404
1630679424442,7347134
1630679424482,7349011
1630679424522,7349324
1630679424562,7350054
1630679424602,7351671
1630679424642,7353444
1630679424682,7353705
1630679424722,7355113
1630679424762,7355843
1630679424802,7357772
1630679424842,7357877
1630679424882,7359963
1630679424922,7361475
1630679424962,7362675
1630679425002,7362153
1630679425042,7363822
1630679425082,7363665
1630679425122,7364030
1630679425162,7362935
1630679425202,7361945
1630679425242,7361267
1630679425282,7360171
1630679425322,7358920
1630679425362,7358294
1630679425402,7356938
1630679425442,7356573
1630679425482,7355374
1630679425522,7354070
1630679425562,7353288
1630679425602,7352558
1630679425642,7352662
1630679425682,7352662
1630679425722,7351515
1630679425762,7349794
1630679425802,7348177
1630679425842,7347812
1630679425882,7347447
1630679425922,7348229
1630679425962,7348542
1630679426002,7348281
1630679426042,7346978
1630679426082,7345882
1630679426122,7344787
1630679426162,7345361
1630679426202,7345361
1630679426242,7345830
1630679426282,7346560
1630679426322,7346352
1630679426362,7347447
1630679426402,7347186
1630679426442,7348333
1630679426482,7348907
1630679426522,7350419
1630679426562,7352610
1630679426602,7354331
1630679426642,7355061
1630679426682,7354174
1630679426722,7353392
1630679426762,7354539
1630679426802,7355009
1630679426842,7356521
1630679426882,7358607
1630679426922,7360641
1630679426962,7362622
1630679427002,7363718
1630679427042,7363353
1630679427082,7361892
1630679427122,7361110
1630679427162,7361058
1630679427202,7359650
1630679427242,7357825
1630679427282,7356678
1630679427322,7355530
1630679427362,7354696
1630679427402,7354643
1630679427442,7353861
1630679427482,7353027
1630679427522,7352818
1630679427562,7351827
1630679427602,7351515
1630679427642,7350576
1630679427682,7350159
1630679427722,7349898
1630679427762,7348907
1630679427802,7348907
1630679427842,7348959
1630679427882,7348594
1630679427922,7348021
1630679427962,7347968
1630679428002,7347134
1630679428042,7347186
1630679428082,7347395
1630679428122,7346821
1630679428162,7346091
1630679428202,7346769
1630679428242,7346560
1630679428282,7346665
1630679428322,7346873
1630679428362,7347134
1630679428402,7346821
1630679428442,7348490
1630679428482,7349116
1630679428522,7350054
1630679428562,7350993
1630679428602,7351827
1630679428642,7352870
1630679428682,7353131
1630679428722,7353757
1630679428762,7355113
1630679428802,7355374
1630679428842,7356678
1630679428882,7357981
1630679428922,7358346
1630679428962,7359337
1630679429002,7360276
1630679429042,7360902
1630679429082,7360954
1630679429122,7361736
1630679429162,7361736
1630679429202,7360328
1630679429242,7360276
1630679429282,7359806
1630679429322,7359337
1630679429362,7359389
1630679429402,7359650
1630679429442,7359441
1630679429482,7359545
1630679429522,7359494
1630679429562,7359598
1630679429602,7358659
1630679429642,7357981
1630679429682,7357929
1630679429722,7357251
1630679429762,7356156
1630679429802,7354748
1630679429842,7354070
1630679429882,7352870
1630679429922,7351306
1630679429962,7350524
1630679430002,7349481
1630679430042,7348438
1630679430082,7348855
1630679430122,7349220
1630679430162,7349220
1630679430202,7349794
1630679430242,7351045
1630679430282,7350889
1630679430322,7352140
1630679430362,7354487
1630679430402,7355478
1630679430442,7357772
1630679430482,7359963
1630679430522,7360276
1630679430562,7360328
1630679430602,7360641
1630679430642,7358972
1630679430682,7358607
1630679430722,7358920
1630679430762,7359806
1630679430802,7361214
1630679430842,7362257
1630679430882,7361319
1630679430922,7360119
1630679430962,7359128
1630679431002,7358711
1630679431042,7358607
1630679431082,7358451
1630679431122,7358033
1630679431162,7357512
1630679431202,7356573
1630679431242,7355478
1630679431282,7354852
1630679431322,7354331
1630679431362,7352870
1630679431402,7352714
1630679431442,7351984
1630679431482,7350837
1630679431522,7350419
1630679431562,7350107
1630679431602,7349846
1630679431642,7349950
1630679431682,7350628
1630679431722,7350732
1630679431762,7351358
1630679431802,7352349
1630679431842,7352192
1630679431882,7351880
1630679431922,7352818
1630679431962,7352349
1630679432002,7353705
1630679432042,7354331
1630679432082,7355791
1630679432122,7357564
1630679432162,7358137
1630679432202,7359702
1630679432242,7360641
1630679432282,7361006
1630679432322,7361840
1630679432362,7362310
1630679432402,7363144
1630679432442,7364135
1630679432482,7364813
1630679432522,7366847
1630679432562,7366794
1630679432602,7366847
1630679432642,7366899
1630679432682,7365804
1630679432722,7366169
1630679432762,7365647
1630679432802,7365073
1630679432842,7363092
1630679432882,7362518
1630679432922,7362153
1630679432962,7362570
1630679433002,7361736
1630679433042,7361267
1630679433082,7360902
1630679433122,7359494
1630679433162,7357772
1630679433202,7356938
1630679433242,7356625
1630679433282,7355374
1630679433322,7355217
1630679433362,7355635
1630679433402,7354539
1630679433442,7354643
1630679433482,7353079
1630679433522,7352453
1630679433562,7350472
1630679433602,7350054
1630679433642,7351150
1630679433682,7351827
1630679433722,7352818
1630679433762,7351671
1630679433802,7348803
1630679433842,7346300
1630679433882,7344422
1630679433922,7343901
1630679433962,7344057
1630679434002,7345674
1630679434042,7346143
1630679434082,7345152
1630679434122,7343171
1630679434162,7342023
1630679434202,7341137
1630679434242,7341502
1630679434282,7342076
1630679434322,7343588
1630679434362,7345152
1630679434402,7345517
1630679434442,7345517
1630679434482,7344944
1630679434522,7343171
1630679434562,7341815
1630679434602,7340355
1630679434642,7339885
1630679434682,7339103
1630679434722,7339572
1630679434762,7340772
1630679434802,7342128
1630679434842,7343901
1630679434882,7342962
1630679434922,7341815
1630679434962,7339677
1630679435002,7338217
1630679435042,7337904
1630679435082,7338008
1630679435122,7339938
1630679435162,7342545
1630679435202,7344057
1630679435242,7345048
1630679435282,7345048
1630679435322,7346560
1630679435362,7347708
1630679435402,7349481
1630679435442,7351932
1630679435482,7355269
1630679435522,7356312
1630679435562,7357877
1630679435602,7357772
1630679435642,7359963
1630679435682,7361267
1630679435722,7363770
1630679435762,7366221
1630679435802,7367159
1630679435842,7367055
1630679435882,7368046
1630679435922,7367681
1630679435962,7367264
1630679436002,7365647
1630679436042,7365126
1630679436082,7363300
1630679436122,7361996
1630679436162,7359911
1630679436202,7357720
1630679436242,7354956
1630679436282,7353131
1630679436322,7350732
1630679436362,7350263
1630679436402,7349272
1630679436442,7348751
1630679436482,7348594
1630679436522,7350002
1630679436562,7349742
1630679436602,7350263
1630679436642,7348177
1630679436682,7348803
1630679436722,7348959
1630679436762,7348386
1630679436802,7347238
1630679436842,7347238
1630679436882,7346613
1630679436922,7346248
1630679436962,7346665
1630679437002,7346560
1630679437042,7346613
1630679437082,7346091
1630679437122,7346143
1630679437162,7345935
1630679437202,7345726
1630679437242,7346091
1630679437282,7346300
1630679437322,7345830
1630679437362,7346508
1630679437402,7346560
1630679437442,7346821
1630679437482,7346717
1630679437522,7346665
1630679437562,7347708
1630679437602,7348229
1630679437642,7348490
1630679437682,7348542
1630679437722,7349116
1630679437762,7350211
1630679437802,7350419
1630679437842,7351619
1630679437882,7352818
1630679437922,7352975
1630679437962,7353653
1630679438002,7354904
1630679438042,7355374
1630679438082,7355686
1630679438122,7355478
1630679438162,7354696
1630679438202,7353913
1630679438242,7352975
1630679438282,7352558
1630679438322,7352401
1630679438362,7352453
1630679438402,7352036
1630679438442,7351775
1630679438482,7350993
1630679438522,7351827
1630679438562,7350732
1630679438602,7350628
1630679438642,7350054
1630679438682,7350263
1630679438722,7350002
1630679438762,7349637
1630679438802,7348855
1630679438842,7349168
1630679438882,7349064
1630679438922,7348907
1630679438962,7348333
1630679439002,7348281
1630679439042,7347656
1630679439082,7348177
1630679439122,7347291
1630679439162,7347291
1630679439202,7347343
1630679439242,7347134
1630679439282,7346508
1630679439322,7346925
1630679439362,7346821
1630679439402,7346978
1630679439442,7347030
1630679439482,7346873
1630679439522,7346873
1630679439562,7346613
1630679439602,7346978
1630679439642,7347186
1630679439682,7347030
1630679439722,7347656
1630679439762,7347760
1630679439802,7347864
1630679439842,7349168
1630679439882,7348803
1630679439922,7349742
1630679439962,7350263
1630679440002,7352192
1630679440042,7352766
1630679440082,7354122
1630679440122,7353131
1630679440162,7353653
1630679440202,7354643
1630679440242,7355009
1630679440282,7356052
1630679440322,7356052
1630679440362,7356990
1630679440402,7358294
1630679440442,7358868
1630679440482,7359441
1630679440522,7359441
1630679440562,7359494
1630679440602,7359076
1630679440642,7358920
1630679440682,7358763
1630679440722,7358033
1630679440762,7358137
1630679440802,7356990
1630679440842,7356938
1630679440882,7355530
1630679440922,7355113
1630679440962,7354800
1630679441002,7355530
1630679441042,7354227
1630679441082,7354539
1630679441122,7353601
1630679441162,7353392
1630679441202,7353288
1630679441242,7353705
1630679441282,7353183
1630679441322,7353079
1630679441362,7352349
1630679441402,7351932
1630679441442,7350837
1630679441482,7351932
1630679441522,7351254
1630679441562,7350993
1630679441602,7350315
1630679441642,7350054
1630679441682,7349637
1630679441722,7349898
1630679441762,7350159
1630679441802,7349846
1630679441842,7349481
1630679441882,7349742
1630679441922,7349898
1630679441962,7349637
1630679442002,7350367
1630679442042,7350159
1630679442082,7349637
1630679442122,7350367
1630679442162,7350837
1630679442202,7351932
1630679442242,7351723
1630679442282,7352453
1630679442322,7352818
1630679442362,7353183
1630679442402,7353601
1630679442442,7353288
1630679442482,7354278
1630679442522,7355061
1630679442562,7356678
1630679442602,7357407
1630679442642,7357512
1630679442682,7357043
1630679442722,7356678
1630679442762,7355791
1630679442802,7357407
1630679442842,7357512
1630679442882,7357355
1630679442922,7357094
1630679442962,7357616
1630679443002,7356938
1630679443042,7355061
1630679443082,7352714
1630679443122,7351984
1630679443162,7352610
1630679443202,7352401
1630679443242,7352923
1630679443282,7351880
1630679443322,7350472
1630679443362,7349011
1630679443402,7348021
1630679443442,7345465
1630679443482,7343588
1630679443522,7341606
1630679443562,7339416
1630679443602,7336548
1630679443642,7335036
1630679443682,7335505
1630679443722,7337173
1630679443762,7339520
1630679443802,7341971
1630679443842,7344579
1630679443882,7346039
1630679443922,7345987
1630679443962,7348281
1630679444002,7348125
1630679444042,7349429
1630679444082,7351254
1630679444122,7354331
1630679444162,7356364
1630679444202,7359389
1630679444242,7358920
1630679444282,7359702
1630679444322,7359441
1630679444362,7356782
1630679444402,7355582
1630679444442,7361162
1630679444482,7366221
1630679444522,7366742
1630679444562,7365230
1630679444602,7363248
1630679444642,7361162
1630679444682,7357564
1630679444722,7353966
1630679444762,7349637
1630679444802,7348125
1630679444842,7347968
1630679444882,7348333
1630679444922,7351723
1630679444962,7353288
1630679445002,7350472
1630679445042,7351202
1630679445082,7349794
1630679445122,7349116
1630679445162,7350002
1630679445202,7349168
1630679445242,7348542
1630679445282,7346821
1630679445322,7339833
1630679445362,7337226
1630679445402,7344579
1630679445442,7349742
1630679445482,7349637
1630679445522,7347134
1630679445562,7344527
1630679445602,7342806
1630679445642,7342962
1630679445682,7345048
1630679445722,7344735
1630679445762,7346143
1630679445802,7351775
1630679445842,7364708
1630679445882,7369558
1630679445922,7367837
1630679445962,7365595
1630679446002,7364291
1630679446042,7360223
1630679446082,7356938
1630679446122,7354643
1630679446162,7354487
1630679446202,7353288
1630679446242,7349689
1630679446282,7353757
1630679446322,7360015
1630679446362,7361579
1630679446402,7357251
1630679446442,7350837
1630679446482,7343066
1630679446522,7339155
1630679446562,7339260
1630679446602,7340668
1630679446642,7343744
1630679446682,7347603
1630679446722,7354174
1630679446762,7358242
1630679446802,7356052
1630679446842,7351827
1630679446882,7349689
1630679446922,7347291
1630679446962,7345778
1630679447002,7345152
1630679447042,7341293
1630679447082,7335765
1630679447122,7345622
1630679447162,7355791
1630679447202,7353183
1630679447242,7347864
1630679447282,7341397
1630679447322,7339989
1630679447362,7341606
1630679447402,7343327
1630679447442,7346039
1630679447482,7346613
1630679447522,7350837
1630679447562,7362935
1630679447602,7360849
1630679447642,7357251
1630679447682,7355009
1630679447722,7354904
1630679447762,7356834
1630679447802,7356782
1630679447842,7351723
1630679447882,7341346
1630679447922,7347082
1630679447962,7361840
1630679448002,7352088
1630679448042,7344944
1630679448082,7338008
1630679448122,7337330
1630679448162,7339625
1630679448202,7344005
1630679448242,7344683
1630679448282,7338790
1630679448322,7341919
1630679448362,7350472
1630679448402,7345778
1630679448442,7342128
1630679448482,7345830
1630679448522,7350211
1630679448562,7350367
1630679448602,7350107
1630679448642,7346821
1630679448682,7339416
1630679448722,7352975
1630679448762,7367994
1630679448802,7356729
1630679448842,7351619
1630679448882,7344787
1630679448922,7343588
1630679448962,7344579
1630679449002,7350576
1630679449042,7351150
1630679449082,7345830
1630679449122,7346195
1630679449162,7351619
1630679449202,7344579
1630679449242,7341189
1630679449282,7345361
1630679449322,7349533
1630679449362,7350993
1630679449402,7352766
1630679449442,7340407
1630679449482,7331854
1630679449522,7348646
1630679449562,7350576
1630679449602,7339468
1630679449642,7332689
1630679449682,7330811
1630679449722,7336339
1630679449762,7340772
1630679449802,7347551
1630679449842,7342232
1630679449882,7332636
1630679449922,7344683
1630679449962,7342597
1630679450002,7334618
1630679450042,7340772
1630679450082,7354539
1630679450122,7358815
1630679450162,7359076
1630679450202,7360380
1630679450242,7342232
1630679450282,7357147
1630679450322,7374617
1630679450362,7356729
1630679450402,7349324
1630679450442,7338842
1630679450482,7338217
1630679450522,7343223
1630679450562,7349376
1630679450602,7349324
1630679450642,7339572
1630679450682,7343797
1630679450722,7357094
1630679450762,7344735
1630679450802,7333002
1630679450842,7338895
1630679450882,7345570
1630679450922,7343901
1630679450962,7346560
1630679451002,7342597
1630679451042,7323928
1630679451082,7343744
1630679451122,7357616
1630679451162,7342180
1630679451202,7337487
1630679451242,7335661
1630679451282,7340824
1630679451322,7348281
1630679451362,7357251
1630679451402,7354227
1630679451442,7344474
1630679451482,7356469
1630679451522,7361423
1630679451562,7346508
1630679451602,7337956
1630679451642,7347186
1630679451682,7355113
1630679451722,7354487
1630679451762,7354227
1630679451802,7346039
1630679451842,7328621
1630679451882,7347499
1630679451922,7357251
1630679451962,7339989
1630679452002,7334462
1630679452042,7328830
1630679452082,7331385
1630679452122,7338842
1630679452162,7343901
1630679452202,7336861
1630679452242,7320434
1630679452282,7336965
1630679452322,7339260
1630679452362,7329195
1630679452402,7335557
1630679452442,7351358
1630679452482,7355061
1630679452522,7355686
1630679452562,7353392
1630679452602,7338686
1630679452642,7357564
1630679452682,7378736
1630679452722,7362727
1630679452762,7352610
1630679452802,7343171
1630679452842,7346248
1630679452882,7351202
1630679452922,7356521
1630679452962,7345413
1630679453002,7327422
1630679453042,7344735
1630679453082,7342858
1630679453122,7328882
1630679453162,7333419
1630679453202,7347447
1630679453242,7345048
1630679453282,7340511
1630679453322,7343119
1630679453362,7329664
1630679453402,7331437
1630679453442,7353496
1630679453482,7346560
1630679453522,7338738
1630679453562,7330446
1630679453602,7332219
1630679453642,7341397
1630679453682,7349689
1630679453722,7348125
1630679453762,7332532
1630679453802,7337017
1630679453842,7348751
1630679453882,7338581
1630679453922,7337904
1630679453962,7350211
1630679454002,7359754
1630679454042,7355947
1630679454082,7355478
1630679454122,7346456
1630679454162,7337226
1630679454202,7354539
1630679454242,7357564
1630679454282,7343484
1630679454322,7335818
1630679454362,7331385
1630679454402,7336183
1630679454442,7339989
1630679454482,7340772
1630679454522,7327839
1630679454562,7296914
1630679454602,7330185
1630679454642,7323615
1630679454682,7317826
1630679454722,7335087
1630679454762,7350784
1630679454802,7346195
1630679454842,7347291
1630679454882,7345361
1630679454922,7333367
1630679454962,7361110
1630679455002,7370445
1630679455042,7360902
1630679455082,7354018
1630679455122,7341763
1630679455162,7342232
1630679455202,7348177
1630679455242,7352245
1630679455282,7341189
1630679455322,7327839
1630679455362,7347291
1630679455402,7340772
1630679455442,7328986
1630679455482,7329977
1630679455522,7344527
1630679455562,7341971
1630679455602,7337434
1630679455642,7337173
1630679455682,7320798
1630679455722,7334410
1630679455762,7350159
1630679455802,7334670
1630679455842,7331281
1630679455882,7329508
1630679455922,7335087
1630679455962,7340511
1630679456002,7344892
1630679456042,7342128
1630679456082,7330916
1630679456122,7338581
1630679456162,7355582
1630679456202,7340094
1630679456242,7334305
1630679456282,7349376
1630679456322,7359806
1630679456362,7356104
1630679456402,7352453
1630679456442,7344057
1630679456482,7329508
1630679456522,7352818
1630679456562,7353183
1630679456602,7342023
1630679456642,7333262
1630679456682,7325075
1630679456722,7329299
1630679456762,7335348
1630679456802,7338738
1630679456842,7333158
1630679456882,7319912
1630679456922,7326952
1630679456962,7338999
1630679457002,7324032
1630679457042,7322207
1630679457082,7342441
1630679457122,7353548
1630679457162,7350211
1630679457202,7352766
1630679457242,7346195
1630679457282,7349272
1630679457322,7365855
1630679457362,7373730
1630679457402,7366899
1630679457442,7362622
1630679457482,7348177
1630679457522,7351723
1630679457562,7358815
1630679457602,7364552
1630679457642,7353653
1630679457682,7338008
1630679457722,7371279
1630679457762,7372374
1630679457802,7366899
1630679457842,7362310
1630679457882,7372583
1630679457922,7366534
1630679457962,7359806
1630679458002,7356834
1630679458042,7353496
1630679458082,7342962
1630679458122,7354748
1630679458162,7373834
1630679458202,7354227
1630679458242,7344944
1630679458282,7333471
1630679458322,7332949
1630679458362,7340876
1630679458402,7345935
1630679458442,7341971
1630679458482,7325961
1630679458522,7316262
1630679458562,7345152
1630679458602,7329403
1630679458642,7323302
1630679458682,7331594
1630679458722,7337904
1630679458762,7335765
1630679458802,7332115
1630679458842,7333210
1630679458882,7320955
1630679458922,7329247
1630679458962,7340720
1630679459002,7336339
1630679459042,7333419
1630679459082,7331333
1630679459122,7332115
1630679459162,7337747
1630679459202,7345674
1630679459242,7345570
1630679459282,7331385
1630679459322,7326066
1630679459362,7351150
1630679459402,7337121
1630679459442,7329873
1630679459482,7346195
1630679459522,7356260
1630679459562,7357303
1630679459602,7354539
1630679459642,7355739
1630679459682,7338164
1630679459722,7341554
1630679459762,7362466
1630679459802,7354018
1630679459842,7347708
1630679459882,7339103
1630679459922,7333732
1630679459962,7340459
1630679460002,7345361
1630679460042,7346091
1630679460082,7331698
1630679460122,7308491
1630679460162,7339781
1630679460202,7331594
1630679460242,7314384
1630679460282,7321372
1630679460322,7338634
1630679460362,7337173
1630679460402,7330707
1630679460442,7332428
1630679460482,7328830
1630679460522,7313863
1630679460562,7341346
1630679460602,7348177
1630679460642,7338530
1630679460682,7335348
1630679460722,7328204
1630679460762,7333940
1630679460802,7344787
1630679460842,7351932
1630679460882,7343901
1630679460922,7331385
1630679460962,7348386
1630679461002,7350159
1630679461042,7337382
1630679461082,7341711
1630679461122,7363978
1630679461162,7369558
1630679461202,7370810
1630679461242,7371071
1630679461282,7359963
1630679461322,7362883
1630679461362,7379467
1630679461402,7381240
1630679461442,7366012
1630679461482,7354227
1630679461522,7339207
1630679461562,7340094
1630679461602,7346352
1630679461642,7350263
1630679461682,7343953
1630679461722,7328047
1630679461762,7332585
1630679461802,7347708
1630679461842,7334149
1630679461882,7318661
1630679461922,7335765
1630679461962,7346039
1630679462002,7339260
1630679462042,7336704
1630679462082,7336913
1630679462122,7325179
1630679462162,7336548
1630679462202,7355739
1630679462242,7343379
1630679462282,7338373
1630679462322,7335609
1630679462362,7332428
1630679462402,7341971
1630679462442,7349898
1630679462482,7350628
1630679462522,7337643
1630679462562,7332897
1630679462602,7356156
1630679462642,7346195
1630679462682,7339103
1630679462722,7345830
1630679462762,7356364
1630679462802,7359963
1630679462842,7352714
1630679462882,7349637
1630679462922,7340459
1630679462962,7350628
1630679463002,7366534
1630679463042,7361162
1630679463082,7347968
1630679463122,7341137
1630679463162,7332115
1630679463202,7336391
1630679463242,7339938
1630679463282,7339781
1630679463322,7330968
1630679463362,7314854
1630679463402,7338738
1630679463442,7339885
1630679463482,7323875
1630679463522,7328777
1630679463562,7343744
1630679463602,7346039
1630679463642,7339312
1630679463682,7340772
1630679463722,7333679
1630679463762,7336391
1630679463802,7357303
1630679463842,7352923
1630679463882,7347134
1630679463922,7343692
1630679463962,7336391
1630679464002,7341397
1630679464042,7347447
1630679464082,7353705
1630679464122,7343327
1630679464162,7337278
1630679464202,7352453
1630679464242,7347186
1630679464282,7336756
1630679464322,7346143
1630679464362,7363144
1630679464402,7366116
1630679464442,7363561
1630679464482,7362310
1630679464522,7345257
1630679464562,7359911
1630679464602,7377172
1630679464642,7363770
1630679464682,7355165
1630679464722,7346560
1630679464762,7338269
1630679464802,7341033
1630679464842,7346821
1630679464882,7347291
1630679464922,7333575
1630679464962,7318400
1630679465002,7342701
1630679465042,7338060
1630679465082,7321998
1630679465122,7327004
1630679465162,7343223
1630679465202,7343536
1630679465242,7337226
1630679465282,7337434
1630679465322,7329977
1630679465362,7316053
1630679465402,7340980
1630679465442,7343431
1630679465482,7335348
1630679465522,7333262
1630679465562,7328465
1630679465602,7329351
1630679465642,7336600
1630679465682,7342493
1630679465722,7337538
1630679465762,7318452
1630679465802,7332636
1630679465842,7341711
1630679465882,7329508
1630679465922,7328256
1630679465962,7339103
1630679466002,7347082
1630679466042,7344631
1630679466082,7344005
1630679466122,7346404
1630679466162,7332376
1630679466202,7337487
1630679466242,7361579
1630679466282,7350211
1630679466322,7346665
1630679466362,7341658
1630679466402,7334305
1630679466442,7337434
1630679466482,7343692
1630679466522,7346613
1630679466562,7333575
1630679466602,7325231
1630679466642,7343275
1630679466682,7341137
1630679466722,7327004
1630679466762,7330603
1630679466802,7347812
1630679466842,7346613
1630679466882,7342858
1630679466922,7342336
1630679466962,7328517
1630679467002,7321529
1630679467042,7341085
1630679467082,7340146
1630679467122,7334879
1630679467162,7333575
1630679467202,7326066
1630679467242,7326222
1630679467282,7331802
1630679467322,7336391
1630679467362,7327004
1630679467402,7304685
1630679467442,7331020
1630679467482,7332376
1630679467522,7322207
1630679467562,7321164
1630679467602,7333106
1630679467642,7338946
1630679467682,7334305
1630679467722,7334097
1630679467762,7322363
1630679467802,7307605
1630679467842,7330394
1630679467882,7332271
1630679467922,7323615
1630679467962,7324814
1630679468002,7322102
1630679468042,7320642
1630679468082,7326848
1630679468122,7332741
1630679468162,7325440
1630679468202,7299209
1630679468242,7320173
1630679468282,7335922
1630679468322,7325649
1630679468362,7318869
1630679468402,7330394
1630679468442,7334931
1630679468482,7328360
1630679468522,7328986
1630679468562,7325544
1630679468602,7304319
1630679468642,7319286
1630679468682,7335609
1630679468722,7321946
1630679468762,7322937
1630679468802,7318296
1630679468842,7317096
1630679468882,7319912
1630679468922,7327943
1630679468962,7323823
1630679469002,7308491
1630679469042,7312611
1630679469082,7325805
1630679469122,7313185
1630679469162,7312403
1630679469202,7329455
1630679469242,7336548
1630679469282,7329873
1630679469322,7331437
1630679469362,7327526
1630679469402,7314071
1630679469442,7335087
1630679469482,7343484
1630679469522,7333784
1630679469562,7331489
1630679469602,7328673
1630679469642,7330081
1630679469682,7338530
1630679469722,7348386
1630679469762,7346091
1630679469802,7328830
1630679469842,7338425
1630679469882,7352975
1630679469922,7336183
1630679469962,7329508
1630679470002,7334670
1630679470042,7340094
1630679470082,7343171
1630679470122,7344735
1630679470162,7342232
1630679470202,7325388
1630679470242,7341711
1630679470282,7349429
1630679470322,7339938
1630679470362,7339312
1630679470402,7336809
1630679470442,7332793
1630679470482,7336704
1630679470522,7340198
1630679470562,7334931
1630679470602,7319130
1630679470642,7326118
1630679470682,7331177
1630679470722,7324762
1630679470762,7322467
1630679470802,7333314
1630679470842,7342284
1630679470882,7339938
1630679470922,7336652
1630679470962,7320851
1630679471002,7298166
1630679471042,7326014
1630679471082,7326379
1630679471122,7321268
1630679471162,7318400
1630679471202,7316835
1630679471242,7322415
1630679471282,7328569
1630679471322,7332949
1630679471362,7317670
1630679471402,7306562
1630679471442,7326900
1630679471482,7323823
1630679471522,7321998
1630679471562,7333575
1630679471602,7347343
1630679471642,7346560
1630679471682,7347968
1630679471722,7342493
1630679471762,7335661
1630679471802,7353548
1630679471842,7365386
1630679471882,7352245
1630679471922,7344109
1630679471962,7338634
1630679472002,7337643
1630679472042,7339051
1630679472082,7343066
1630679472122,7333158
1630679472162,7308596
1630679472202,7329351
1630679472242,7332167
1630679472282,7322155
1630679472322,7319234
1630679472362,7332532
1630679472402,7334462
1630679472442,7326900
1630679472482,7326744
1630679472522,7316888
1630679472562,7316418
1630679472602,7334775
1630679472642,7339729
1630679472682,7333158
1630679472722,7330133
1630679472762,7325596
1630679472802,7330342
1630679472842,7335296
1630679472882,7340459
1630679472922,7332532
1630679472962,7318661
1630679473002,7332115
1630679473042,7336600
1630679473082,7327474
1630679473122,7324710
1630679473162,7331698
1630679473202,7337799
1630679473242,7333628
1630679473282,7331072
1630679473322,7317513
1630679473362,7315584
1630679473402,7324397
1630679473442,7323198
1630679473482,7317931
1630679473522,7316679
1630679473562,7316522
1630679473602,7321894
1630679473642,7325701
1630679473682,7328100
1630679473722,7312403
1630679473762,7280018
1630679473802,7312924
1630679473842,7317618
1630679473882,7318504
1630679473922,7326431
1630679473962,7333836
1630679474002,7339051
1630679474042,7337747
1630679474082,7338738
1630679474122,7322311
1630679474162,7340146
1630679474202,7348542
1630679474242,7340355
1630679474282,7339416
1630679474322,7331281
1630679474362,7324136
1630679474402,7325857
1630679474442,7329403
1630679474482,7323719
1630679474522,7308387
1630679474562,7305467
1630679474602,7314488
1630679474642,7312142
1630679474682,7309795
1630679474722,7326014
1630679474762,7330707
1630679474802,7325649
1630679474842,7327109
1630679474882,7313498
1630679474922,7305571
1630679474962,7317565
1630679475002,7316105
1630679475042,7312403
1630679475082,7315323
1630679475122,7315166
1630679475162,7320851
1630679475202,7328152
1630679475242,7325440
1630679475282,7312246
1630679475322,7314749
1630679475362,7322780
1630679475402,7318400
1630679475442,7322728
1630679475482,7333784
1630679475522,7333940
1630679475562,7330133
1630679475602,7329925
1630679475642,7317670
1630679475682,7299209
1630679475722,7324136
1630679475762,7321790
1630679475802,7315010
1630679475842,7313237
1630679475882,7311203
1630679475922,7316001
1630679475962,7316992
1630679476002,7321216
1630679476042,7312507
1630679476082,7282417
1630679476122,7304632
1630679476162,7307970
1630679476202,7303224
1630679476242,7314176
1630679476282,7325596
1630679476322,7331281
1630679476362,7332115
1630679476402,7330968
1630679476442,7316731
1630679476482,7325336
1630679476522,7336079
1630679476562,7331333
1630679476602,7331541
1630679476642,7323458
1630679476682,7321529
1630679476722,7326639
1630679476762,7329560
1630679476802,7328256
1630679476842,7311151
1630679476882,7296497
1630679476922,7320069
1630679476962,7314332
1630679477002,7313080
1630679477042,7319651
1630679477082,7329560
1630679477122,7332532
1630679477162,7334410
1630679477202,7324814
1630679477242,7311203
1630679477282,7321633
1630679477322,7324188
1630679477362,7318869
1630679477402,7318608
1630679477442,7314280
1630679477482,7320225
1630679477522,7324397
1630679477562,7326066
1630679477602,7321216
1630679477642,7298062
1630679477682,7284398
1630679477722,7314071
1630679477762,7302077
1630679477802,7304685
1630679477842,7315375
1630679477882,7316470
1630679477922,7310578
1630679477962,7313341
1630679478002,7309170
1630679478042,7279809
1630679478082,7299417
1630679478122,7315010
1630679478162,7308804
1630679478202,7304215
1630679478242,7299522
1630679478282,7306040
1630679478322,7312611
1630679478362,7318973
1630679478402,7312663
1630679478442,7299157
1630679478482,7308648
1630679478522,7321581
1630679478562,7311516
1630679478602,7319547
1630679478642,7329090
1630679478682,7329560
1630679478722,7324345
1630679478762,7326900
1630679478802,7313602
1630679478842,7307501
1630679478882,7332115
1630679478922,7329195
1630679478962,7324449
1630679479002,7318921
1630679479042,7307761
1630679479082,7310212
1630679479122,7315480
1630679479162,7317044
1630679479202,7311464
1630679479242,7285285
1630679479282,7284712
1630679479322,7308961
1630679479362,7299365
1630679479402,7298844
1630679479442,7310108
1630679479482,7318973
1630679479522,7314071
1630679479562,7316053
1630679479602,7316888
1630679479642,7303433
1630679479682,7313758
1630679479722,7335453
1630679479762,7326431
1630679479802,7326274
1630679479842,7316574
1630679479882,7312559
1630679479922,7320486
1630679479962,7325336
1630679480002,7325075
1630679480042,7310578
1630679480082,7295193
1630679480122,7323198
1630679480162,7314749
1630679480202,7308074
1630679480242,7317253
1630679480282,7323928
1630679480322,7318713
1630679480362,7314906
1630679480402,7315949
1630679480442,7300721
1630679480482,7272456
1630679480522,7314541
1630679480562,7310525
1630679480602,7308648
1630679480642,7307135
1630679480682,7301138
1630679480722,7303694
1630679480762,7306823
1630679480802,7309847
1630679480842,7296966
1630679480882,7269797
1630679480922,7302755
1630679480962,7302859
1630679481002,7305310
1630679481042,7316418
1630679481082,7330185
1630679481122,7333158
1630679481162,7328569
1630679481202,7330603
1630679481242,7323510
1630679481282,7317670
1630679481322,7347603
1630679481362,7347186
1630679481402,7346195
1630679481442,7344996
1630679481482,7335974
1630679481522,7337799
1630679481562,7344318
1630679481602,7353861
1630679481642,7349585
1630679481682,7332376
1630679481722,7350419
1630679481762,7357668
1630679481802,7342701
1630679481842,7334045
1630679481882,7344892
1630679481922,7353444
1630679481962,7349742
1630679482002,7350576
1630679482042,7346091
1630679482082,7330655
1630679482122,7350211
1630679482162,7369298
1630679482202,7356678
1630679482242,7344422
1630679482282,7336548
1630679482322,7342023
1630679482362,7352245
1630679482402,7358607
1630679482442,7348073
1630679482482,7330029
1630679482522,7347551
1630679482562,7353340
1630679482602,7337538
1630679482642,7330238
1630679482682,7341033
1630679482722,7346821
1630679482762,7343327
1630679482802,7342701
1630679482842,7330863
1630679482882,7322259
1630679482922,7342545
1630679482962,7352766
1630679483002,7342962
1630679483042,7333993
1630679483082,7322467
1630679483122,7320955
1630679483162,7329247
1630679483202,7334201
1630679483242,7317670
1630679483282,7310786
1630679483322,7330968
1630679483362,7322885
1630679483402,7314071
1630679483442,7320590
1630679483482,7333628
1630679483522,7332011
1630679483562,7327422
1630679483602,7321529
1630679483642,7306145
1630679483682,7317774
1630679483722,7327995
1630679483762,7322572
1630679483802,7316418
1630679483842,7311360
1630679483882,7312037
1630679483922,7313758
1630679483962,7315427
1630679484002,7316366
1630679484042,7304372
1630679484082,7299470
1630679484122,7312768
1630679484162,7303172
1630679484202,7295976
1630679484242,7309795
1630679484282,7324606
1630679484322,7323719
1630679484362,7320069
1630679484402,7324762
1630679484442,7316210
1630679484482,7332845
1630679484522,7345100
1630679484562,7340668
1630679484602,7334201
1630679484642,7328673
1630679484682,7325127
1630679484722,7332585
1630679484762,7342336
1630679484802,7340355
1630679484842,7322467
1630679484882,7340668
1630679484922,7350732
1630679484962,7335348
1630679485002,7326379
1630679485042,7336861
1630679485082,7347916
1630679485122,7345257
1630679485162,7342806
1630679485202,7339781
1630679485242,7326483
1630679485282,7343275
1630679485322,7354748
1630679485362,7340824
1630679485402,7331020
1630679485442,7324136
1630679485482,7322937
1630679485522,7329664
1630679485562,7333106
1630679485602,7330029
1630679485642,7312872
1630679485682,7285859
1630679485722,7321581
1630679485762,7312350
1630679485802,7303642
1630679485842,7319130
1630679485882,7338895
1630679485922,7337121
1630679485962,7335036
1630679486002,7336913
1630679486042,7325179
1630679486082,7351097
1630679486122,7364239
1630679486162,7354748
1630679486202,7352192
1630679486242,7344787
1630679486282,7343588
1630679486322,7350993
1630679486362,7359754
1630679486402,7359180
1630679486442,7344162
1630679486482,7340459
1630679486522,7357460
1630679486562,7338842
1630679486602,7322155
1630679486642,7322155
1630679486682,7340198
1630679486722,7342336
1630679486762,7335661
1630679486802,7335453
1630679486842,7326170
1630679486882,7322937
1630679486922,7338946
1630679486962,7341293
1630679487002,7328360
1630679487042,7321529
1630679487082,7314437
1630679487122,7321581
1630679487162,7328517
1630679487202,7330968
1630679487242,7322311
1630679487282,7301138
1630679487322,7316835
1630679487362,7325075
1630679487402,7309430
1630679487442,7310890
1630679487482,7334410
1630679487522,7346717
1630679487562,7341867
1630679487602,7342493
1630679487642,7334670
1630679487682,7333628
1630679487722,7357929
1630679487762,7362414
1630679487802,7356729
1630679487842,7352870
1630679487882,7340824
1630679487922,7340303
1630679487962,7346769
1630679488002,7348751
1630679488042,7335609
1630679488082,7325492
1630679488122,7342023
1630679488162,7338790
1630679488202,7325857
1630679488242,7321268
1630679488282,7336026
1630679488322,7340668
1630679488362,7337904
1630679488402,7336913
1630679488442,7329769
1630679488482,7316783
1630679488522,7336600
1630679488562,7339677
1630679488602,7325649
1630679488642,7321685
1630679488682,7313967
1630679488722,7316574
1630679488762,7325179
1630679488802,7328152
1630679488842,7321268
1630679488882,7300669
1630679488922,7303068
1630679488962,7320173
1630679489002,7311464
1630679489042,7307918
1630679489082,7327213
1630679489122,7341293
1630679489162,7341450
1630679489202,7341033
1630679489242,7334410
1630679489282,7324710
1630679489322,7350002
1630679489362,7361058
1630679489402,7354331
1630679489442,7349950
1630679489482,7337799
1630679489522,7339103
1630679489562,7346873
1630679489602,7352088
1630679489642,7341137
1630679489682,7325440
1630679489722,7341502
1630679489762,7344422
1630679489802,7328621
1630679489842,7316157
1630679489882,7332480
1630679489922,7343536
1630679489962,7338842
1630679490002,7335870
1630679490042,7331437
1630679490082,7321112
1630679490122,7339833
1630679490162,7344527
1630679490202,7332376
1630679490242,7324188
1630679490282,7318452
1630679490322,7320747
1630679490362,7325961
1630679490402,7329977
1630679490442,7327787
1630679490482,7314384
1630679490522,7291804
1630679490562,7330029
1630679490602,7323198
1630679490642,7311360
1630679490682,7323980
1630679490722,7341658
1630679490762,7342180
1630679490802,7338999
1630679490842,7341919
1630679490882,7329143
1630679490922,7342389
1630679490962,7359128
1630679491002,7349950
1630679491042,7346613
1630679491082,7335713
1630679491122,7332949
1630679491162,7339677
1630679491202,7345413
1630679491242,7342023
1630679491282,7329090
1630679491322,7317305
1630679491362,7339312
1630679491402,7330603
1630679491442,7314228
1630679491482,7323771
1630679491522,7337069
1630679491562,7332689
1630679491602,7330342
1630679491642,7331802
1630679491682,7322937
1630679491722,7324710
1630679491762,7340668
1630679491802,7336235
1630679491842,7323928
1630679491882,7320538
1630679491922,7319390
1630679491962,7326639
1630679492002,7331959
1630679492042,7332741
1630679492082,7321477
1630679492122,7301399
1630679492162,7332845
1630679492202,7333993
1630679492242,7323875
1630679492282,7329508
1630679492322,7351723
1630679492362,7358398
1630679492402,7354070
1630679492442,7354331
1630679492482,7344214
1630679492522,7353913
1630679492562,7383638
1630679492602,7385985
1630679492642,7380666
1630679492682,7371123
1630679492722,7362518
1630679492762,7366377
1630679492802,7377224
1630679492842,7385777
1630679492882,7370236
1630679492922,7358555
1630679492962,7382961
1630679493002,7364396
1630679493042,7344109
1630679493082,7335818
1630679493122,7347968
1630679493162,7353392
1630679493202,7352818
1630679493242,7352505
1630679493282,7337904
1630679493322,7331072
1630679493362,7346978
1630679493402,7343797
1630679493442,7333575
1630679493482,7330863
1630679493522,7323563
1630679493562,7329455
1630679493602,7333523
1630679493642,7337434
1630679493682,7330081
1630679493722,7308856
1630679493762,7311151
1630679493802,7319495
1630679493842,7304841
1630679493882,7303798
1630679493922,7321581
1630679493962,7330394
1630679494002,7328412
1630679494042,7330759
1630679494082,7332167
1630679494122,7316783
1630679494162,7336756
1630679494202,7349689
1630679494242,7343171
1630679494282,7338321
1630679494322,7330238
1630679494362,7332480
1630679494402,7337069
1630679494442,7340355
1630679494482,7336339
1630679494522,7322155
1630679494562,7331228
1630679494602,7340563
1630679494642,7327474
1630679494682,7313341
1630679494722,7326222
1630679494762,7336548
1630679494802,7333628
1630679494842,7330029
1630679494882,7327891
1630679494922,7315323
1630679494962,7318817
1630679495002,7331594
1630679495042,7321216
1630679495082,7319130
1630679495122,7316157
1630679495162,7317878
1630679495202,7324606
1630679495242,7332428
1630679495282,7329977
1630679495322,7315062
1630679495362,7307448
1630679495402,7333054
1630679495442,7328777
1630679495482,7322780
1630679495522,7336861
1630679495562,7352140
1630679495602,7355113
1630679495642,7354435
1630679495682,7346456
1630679495722,7332376
1630679495762,7355009
1630679495802,7364343
1630679495842,7353861
1630679495882,7344996
1630679495922,7335713
1630679495962,7334462
1630679496002,7338269
1630679496042,7342389
1630679496082,7339364
1630679496122,7322259
1630679496162,7325753
1630679496202,7339520
1630679496242,7328725
1630679496282,7318504
1630679496322,7329038
1630679496362,7339416
1630679496402,7339051
1630679496442,7333628
1630679496482,7329873
1630679496522,7313289
1630679496562,7324866
1630679496602,7333940
1630679496642,7324658
1630679496682,7319964
1630679496722,7319704
1630679496762,7321112
1630679496802,7326744
1630679496842,7332271
1630679496882,7332376
1630679496922,7315219
1630679496962,7310734
1630679497002,7328256
1630679497042,7322311
1630679497082,7311516
1630679497122,7320277
1630679497162,7334097
1630679497202,7334357
1630679497242,7328830
1630679497282,7329038
1630679497322,7317931
1630679497362,7319078
1630679497402,7333993
1630679497442,7327422
1630679497482,7320798
1630679497522,7320694
1630679497562,7316314
1630679497602,7321946
1630679497642,7330551
1630679497682,7335557
1630679497722,7324762
1630679497762,7312194
1630679497802,7330551
1630679497842,7333575
1630679497882,7323093
1630679497922,7326118
1630679497962,7342493
1630679498002,7350941
1630679498042,7344996
1630679498082,7343953
1630679498122,7336756
1630679498162,7321842
1630679498202,7335348
1630679498242,7347447
1630679498282,7333158
1630679498322,7326848
1630679498362,7320382
1630679498402,7322102
1630679498442,7329195
1630679498482,7333054
1630679498522,7330081
1630679498562,7312976
1630679498602,7298009
1630679498642,7328256
1630679498682,7323093
1630679498722,7314176
1630679498762,7328621
1630679498802,7339833
1630679498842,7341658
1630679498882,7339364
1630679498922,7342076
1630679498962,7326796
1630679499002,7337643
1630679499042,7355635
1630679499082,7352505
1630679499122,7349220
1630679499162,7344318
1630679499202,7336079
1630679499242,7340563
1630679499282,7348229
1630679499322,7350367
1630679499362,7335974
1630679499402,7329769
1630679499442,7343014
1630679499482,7334462
1630679499522,7319339
1630679499562,7322833
1630679499602,7338686
1630679499642,7338686
1630679499682,7332011
1630679499722,7331437
1630679499762,7322520
1630679499802,7314593
1630679499842,7332532
1630679499882,7335087
1630679499922,7323615
1630679499962,7320486
1630679500002,7317357
1630679500042,7323615
1630679500082,7331020
1630679500122,7336861
1630679500162,7326170
1630679500202,7312298
1630679500242,7331646
1630679500282,7334618
1630679500322,7329247
1630679500362,7333575
1630679500402,7352140
1630679500442,7357772
1630679500482,7355217
1630679500522,7356782
1630679500562,7345830
1630679500602,7349220
1630679500642,7366534
1630679500682,7365647
1630679500722,7354748
1630679500762,7342336
1630679500802,7328830
1630679500842,7326170
1630679500882,7332741
1630679500922,7335348
1630679500962,7330394
1630679501002,7315219
1630679501042,7297749
1630679501082,7321112
1630679501122,7315531
1630679501162,7302442
1630679501202,7310734
1630679501242,7317200
1630679501282,7312663
1630679501322,7309743
1630679501362,7314958
1630679501402,7304789
1630679501442,7291022
1630679501482,7311986
1630679501522,7318400
1630679501562,7318139
1630679501602,7315792
1630679501642,7314697
1630679501682,7325857
1630679501722,7334045
1630679501762,7336913
1630679501802,7328934
1630679501842,7316366
1630679501882,7340668
1630679501922,7348386
1630679501962,7342284
1630679502002,7336339
1630679502042,7337330
1630679502082,7339312
1630679502122,7334201
1630679502162,7331124
1630679502202,7328204
1630679502242,7315427
1630679502282,7318139
1630679502322,7338321
1630679502362,7327839
1630679502402,7326066
1630679502442,7316210
1630679502482,7309847
1630679502522,7312142
1630679502562,7313967
1630679502602,7313446
1630679502642,7307344
1630679502682,7263799
1630679502722,7297957
1630679502762,7308544
1630679502802,7295298
1630679502842,7306510
1630679502882,7319026
1630679502922,7319026
1630679502962,7315740
1630679503002,7319234
1630679503042,7317253
1630679503082,7301138
1630679503122,7337591
1630679503162,7349116
1630679503202,7340355
1630679503242,7338686
1630679503282,7328047
1630679503322,7325753
1630679503362,7330446
1630679503402,7330655
1630679503442,7324293
1630679503482,7309326
1630679503522,7304372
1630679503562,7324032
1630679503602,7314437
1630679503642,7307240
1630679503682,7314437
1630679503722,7316939
1630679503762,7310160
1630679503802,7308491
1630679503842,7309847
1630679503882,7299678
1630679503922,7305102
1630679503962,7324293
1630679504002,7320069
1630679504042,7320747
1630679504082,7314645
1630679504122,7314593
1630679504162,7320955
1630679504202,7326066
1630679504242,7325023
1630679504282,7314019
1630679504322,7314541
1630679504362,7337747
1630679504402,7335661
1630679504442,7333836
1630679504482,7336495
1630679504522,7342545
1630679504562,7341554
1630679504602,7339677
1630679504642,7340146
1630679504682,7331594
1630679504722,7325179
1630679504762,7350211
1630679504802,7346248
1630679504842,7333679
1630679504882,7331385
1630679504922,7324188
1630679504962,7327734
1630679505002,7330603
1630679505042,7332636
1630679505082,7328986
1630679505122,7313237
1630679505162,7312246
1630679505202,7328673
1630679505242,7316210
1630679505282,7310264
1630679505322,7317096
1630679505362,7319286
1630679505402,7314541
1630679505442,7313237
1630679505482,7314541
1630679505522,7301503
1630679505562,7270631
1630679505602,7311672
1630679505642,7312194
1630679505682,7309534
1630679505722,7307501
1630679505762,7306979
1630679505802,7319808
1630679505842,7326535
1630679505882,7328830
1630679505922,7319078
1630679505962,7305154
1630679506002,7322207
1630679506042,7336079
1630679506082,7324814
1630679506122,7325909
1630679506162,7331698
1630679506202,7333888
1630679506242,7327474
1630679506282,7325544
1630679506322,7323406
1630679506362,7309170
1630679506402,7318087
1630679506442,7329299
1630679506482,7320538
1630679506522,7321685
1630679506562,7317826
1630679506602,7311099
1630679506642,7315480
1630679506682,7313915
1630679506722,7313029
1630679506762,7301816
1630679506802,7265521
1630679506842,7312090
1630679506882,7315531
1630679506922,7310578
1630679506962,7316314
1630679507002,7329820
1630679507042,7335244
1630679507082,7331959
1630679507122,7334566
1630679507162,7328360
1630679507202,7323093
1630679507242,7342962
1630679507282,7352036
1630679507322,7346717
1630679507362,7339364
1630679507402,7326796
1630679507442,7327057
1630679507482,7333679
1630679507522,7337069
1630679507562,7329820
1630679507602,7314123
1630679507642,7311255
1630679507682,7332636
1630679507722,7325388
1630679507762,7311621
1630679507802,7315480
1630679507842,7326483
1630679507882,7326692
1630679507922,7319964
1630679507962,7317931
1630679508002,7310264
1630679508042,7317618
1630679508082,7329977
1630679508122,7328673
1630679508162,7323458
1630679508202,7321529
1630679508242,7318452
1630679508282,7324971
1630679508322,7332845
1630679508362,7338790
1630679508402,7325596
1630679508442,7311881
1630679508482,7327474
1630679508522,7323719
1630679508562,7321894
1630679508602,7329820
1630679508642,7345465
1630679508682,7350315
1630679508722,7348803
1630679508762,7349481
1630679508802,7344527
1630679508842,7336183
1630679508882,7353496
1630679508922,7376807
1630679508962,7371957
1630679509002,7373991
1630679509042,7363196
1630679509082,7361945
1630679509122,7366325
1630679509162,7370393
1630679509202,7358972
1630679509242,7348490
1630679509282,7370497
1630679509322,7365021
1630679509362,7356052
1630679509402,7370028
1630679509442,7385255
1630679509482,7388384
1630679509522,7382283
1630679509562,7376807
1630679509602,7366169
1630679509642,7351932
1630679509682,7370288
1630679509722,7373991
1630679509762,7360119
1630679509802,7354435
1630679509842,7337956
1630679509882,7325388
1630679509922,7329977
1630679509962,7335609
1630679510002,7335609
1630679510042,7318921
1630679510082,7293681
1630679510122,7322937
1630679510162,7313654
1630679510202,7302181
1630679510242,7307866
1630679510282,7324293
1630679510322,7328412
1630679510362,7324345
1630679510402,7323354
1630679510442,7315114
1630679510482,7301503
1630679510522,7321685
1630679510562,7325023
1630679510602,7313237
1630679510642,7316992
1630679510682,7312350
1630679510722,7318973
1630679510762,7327161
1630679510802,7334201
1630679510842,7326796
1630679510882,7308804
1630679510922,7319599
1630679510962,7331750
1630679511002,7317931
1630679511042,7317044
1630679511082,7338738
1630679511122,7349272
1630679511162,7348229
1630679511202,7350732
1630679511242,7346143
1630679511282,7330498
1630679511322,7341658
1630679511362,7350524
1630679511402,7338373
1630679511442,7335661
1630679511482,7325649
1630679511522,7321946
1630679511562,7329820
1630679511602,7336130
1630679511642,7335348
1630679511682,7319808
1630679511722,7307709
1630679511762,7329664
1630679511802,7325388
1630679511842,7310369
1630679511882,7314019
1630679511922,7332636
1630679511962,7334305
1630679512002,7331124
1630679512042,7334097
1630679512082,7326222
1630679512122,7323875
1630679512162,7339416
1630679512202,7338477
1630679512242,7335922
1630679512282,7334305
1630679512322,7326222
1630679512362,7331854
1630679512402,7340824
1630679512442,7345309
1630679512482,7337538
1630679512522,7322989
1630679512562,7338530
1630679512602,7342441
1630679512642,7325127
1630679512682,7318504
1630679512722,7329977
1630679512762,7334775
1630679512802,7331854
1630679512842,7332480
1630679512882,7327369
1630679512922,7308700
1630679512962,7317565
1630679513002,7325753
1630679513042,7319078
1630679513082,7317878
1630679513122,7312350
1630679513162,7311986
1630679513202,7317513
1630679513242,7324136
1630679513282,7325075
1630679513322,7311777
1630679513362,7289196
1630679513402,7322676
1630679513442,7316522
1630679513482,7306927
1630679513522,7318661
1630679513562,7336026
1630679513602,7339989
1630679513642,7335974
1630679513682,7339885
1630679513722,7328621
1630679513762,7329090
1630679513802,7349742
1630679513842,7348855
1630679513882,7341241
1630679513922,7336809
1630679513962,7325544
1630679514002,7328465
1630679514042,7334097
1630679514082,7336130
1630679514122,7328465
1630679514162,7312715
1630679514202,7327682
1630679514242,7335505
1630679514282,7324293
1630679514322,7316105
1630679514362,7326639
1630679514402,7331959
1630679514442,7326274
1630679514482,7321581
1630679514522,7322363
1630679514562,7309795
1630679514602,7312298
1630679514642,7325544
1630679514682,7322833
1630679514722,7320277
1630679514762,7316888
1630679514802,7314019
1630679514842,7323093
1630679514882,7332532
1630679514922,7335609
1630679514962,7324553
1630679515002,7320121
1630679515042,7341397
1630679515082,7337017
1630679515122,7334305
1630679515162,7338477
1630679515202,7348751
1630679515242,7353444
1630679515282,7348699
1630679515322,7346143
1630679515362,7334097
1630679515402,7327422
1630679515442,7341346
1630679515482,7344370
1630679515522,7338738
1630679515562,7332585
1630679515602,7322467
1630679515642,7323250
1630679515682,7325857
1630679515722,7327474
1630679515762,7323093
1630679515802,7307396
1630679515842,7314123
1630679515882,7329038
1630679515922,7318817
1630679515962,7309743
1630679516002,7322624
1630679516042,7339260
1630679516082,7336600
1630679516122,7334097
1630679516162,7333628
1630679516202,7318661
1630679516242,7334983
1630679516282,7348855
1630679516322,7342649
1630679516362,7340563
1630679516402,7335453
1630679516442,7331698
1630679516482,7338530
1630679516522,7346613
1630679516562,7346873
1630679516602,7330238
1630679516642,7337226
1630679516682,7351306
1630679516722,7336965
1630679516762,7324553
1630679516802,7326535
1630679516842,7339729
1630679516882,7342910
1630679516922,7336965
1630679516962,7335765
1630679517002,7327943
1630679517042,7307188
1630679517082,7327734
1630679517122,7331437
1630679517162,7320955
1630679517202,7320851
1630679517242,7312403
1630679517282,7313185
1630679517322,7322415
1630679517362,7329195
1630679517402,7324449
1630679517442,7307501
1630679517482,7305675
1630679517522,7322207
1630679517562,7316888
1630679517602,7316731
1630679517642,7332949
1630679517682,7345257
1630679517722,7347030
1630679517762,7344996
1630679517802,7344579
1630679517842,7326066
1630679517882,7340772
1630679517922,7355530
1630679517962,7346925
1630679518002,7342336
1630679518042,7332636
1630679518082,7321268
1630679518122,7324553
1630679518162,7329612
1630679518202,7331698
1630679518242,7326639
1630679518282,7307396
1630679518322,7312559
1630679518362,7322520
1630679518402,7311672
1630679518442,7308491
1630679518482,7319026
1630679518522,7326170
1630679518562,7323875
1630679518602,7319912
1630679518642,7320016
1630679518682,7303433
1630679518722,7294255
1630679518762,7317565
1630679518802,7315584
1630679518842,7313602
1630679518882,7316053
1630679518922,7312872
1630679518962,7319182
1630679519002,7328360
1630679519042,7333940
1630679519082,7323563
1630679519122,7309743
1630679519162,7330916
1630679519202,7332793
1630679519242,7322780
1630679519282,7320747
1630679519322,7332689
1630679519362,7338373
1630679519402,7338217
1630679519442,7336704
1630679519482,7323354
1630679519522,7300721
1630679519562,7309065
1630679519602,7316157
1630679519642,7311151
1630679519682,7311829
1630679519722,7309117
1630679519762,7312715
1630679519802,7317670
1630679519842,7319964
1630679519882,7317565
1630679519922,7301921
1630679519962,7271987
1630679520002,7310056
1630679520042,7306666
1630679520082,7308126
1630679520122,7324449
1630679520162,7338373
1630679520202,7342597
1630679520242,7340042
1630679520282,7340720
1630679520322,7325753
1630679520362,7324188
1630679520402,7346508
1630679520442,7343797
1630679520482,7337226
1630679520522,7331228
1630679520562,7320903
1630679520602,7326014
1630679520642,7330446
1630679520682,7333836
1630679520722,7327995
1630679520762,7308231
1630679520802,7298374
1630679520842,7322937
1630679520882,7313915
1630679520922,7308178
1630679520962,7316888
1630679521002,7324397
1630679521042,7323980
1630679521082,7322937
1630679521122,7321268
1630679521162,7303433
1630679521202,7296654
1630679521242,7312820
1630679521282,7312663
1630679521322,7311986
1630679521362,7311516
1630679521402,7317878
1630679521442,7328308
1630679521482,7335818
1630679521522,7335818
1630679521562,7317982
1630679521602,7324136
1630679521642,7341971
1630679521682,7328830
1630679521722,7322937
1630679521762,7327682
1630679521802,7336495
1630679521842,7339468
1630679521882,7338164
1630679521922,7336548
1630679521962,7323563
1630679522002,7301973
1630679522042,7315949
1630679522082,7318608
1630679522122,7312507
1630679522162,7311412
1630679522202,7307553
1630679522242,7313915
1630679522282,7322102
1630679522322,7326118
1630679522362,7323719
1630679522402,7308596
1630679522442,7273395
1630679522482,7317200
1630679522522,7310004
1630679522562,7300513
1630679522602,7316210
1630679522642,7331646
1630679522682,7336809
1630679522722,7337591
1630679522762,7342858
1630679522802,7332376
1630679522842,7328986
1630679522882,7351775
1630679522922,7353288
1630679522962,7354696
1630679523002,7346091
1630679523042,7338790
1630679523082,7345465
1630679523122,7352975
1630679523162,7356573
1630679523202,7346560
1630679523242,7330811
1630679523282,7342858
1630679523322,7345361
1630679523362,7325961
1630679523402,7319599
1630679523442,7333054
1630679523482,7339051
1630679523522,7335661
1630679523562,7331854
1630679523602,7331177
1630679523642,7319234
1630679523682,7324866
1630679523722,7335609
1630679523762,7332271
1630679523802,7325961
1630679523842,7318035
1630679523882,7311464
1630679523922,7317826
1630679523962,7321633
1630679524002,7322050
1630679524042,7311933
1630679524082,7279236
1630679524122,7315740
1630679524162,7314019
1630679524202,7306145
1630679524242,7315584
1630679524282,7333940
1630679524322,7339155
1630679524362,7336339
1630679524402,7337434
1630679524442,7333575
1630679524482,7321842
1630679524522,7339364
1630679524562,7351045
1630679524602,7348177
1630679524642,7344840
1630679524682,7331698
1630679524722,7330081
1630679524762,7337382
1630679524802,7340772
1630679524842,7336913
1630679524882,7322363
1630679524922,7317357
1630679524962,7330759
1630679525002,7320851
1630679525042,7309639
1630679525082,7316314
1630679525122,7328360
1630679525162,7326379
1630679525202,7320642
1630679525242,7320798
1630679525282,7312298
1630679525322,7297749
1630679525362,7312976
1630679525402,7313758
1630679525442,7307605
1630679525482,7310108
1630679525522,7308856
1630679525562,7317096
1630679525602,7326483
1630679525642,7331437
1630679525682,7324971
1630679525722,7310682
1630679525762,7312611
1630679525802,7328152
1630679525842,7320434
1630679525882,7318452
1630679525922,7335348
1630679525962,7347447
1630679526002,7344735
1630679526042,7345570
1630679526082,7343379
1630679526122,7331385
1630679526162,7340563
1630679526202,7355635
1630679526242,7344735
1630679526282,7343901
1630679526322,7337330
1630679526362,7325909
1630679526402,7332167
1630679526442,7335974
1630679526482,7335818
1630679526522,7325075
1630679526562,7313237
1630679526602,7335453
1630679526642,7335557
1630679526682,7330185
1630679526722,7331489
1630679526762,7339781
1630679526802,7338477
1630679526842,7331594
1630679526882,7325127
1630679526922,7322780
1630679526962,7309117
1630679527002,7320382
1630679527042,7331854
1630679527082,7326431
1630679527122,7320277
1630679527162,7313967
1630679527202,7320747
1630679527242,7331385
1630679527282,7335713
1630679527322,7331541
1630679527362,7317253
1630679527402,7326952
1630679527442,7340772
1630679527482,7337591
1630679527522,7336026
1630679527562,7339989
1630679527602,7349064
1630679527642,7348855
1630679527682,7346039
1630679527722,7345100
1630679527762,7333471
1630679527802,7330081
1630679527842,7343275
1630679527882,7343014
1630679527922,7334827
1630679527962,7328882
1630679528002,7320225
1630679528042,7322259
1630679528082,7329247
1630679528122,7331281
1630679528162,7324188
1630679528202,7303642
1630679528242,7312663
1630679528282,7322520
1630679528322,7311412
1630679528362,7304789
1630679528402,7318452
1630679528442,7331906
1630679528482,7332532
1630679528522,7332271
1630679528562,7333784
1630679528602,7321112
1630679528642,7328412
1630679528682,7340615
1630679528722,7338425
1630679528762,7335661
1630679528802,7333836
1630679528842,7330342
1630679528882,7338321
1630679528922,7345517
1630679528962,7346873
1630679529002,7331854
1630679529042,7329247
1630679529082,7349376
1630679529122,7339989
1630679529162,7329612
1630679529202,7324710
1630679529242,7340928
1630679529282,7342493
1630679529322,7334722
1630679529362,7333732
1630679529402,7323354
1630679529442,7311047
1630679529482,7321529
1630679529522,7328569
1630679529562,7318921
1630679529602,7320434
1630679529642,7314332
1630679529682,7311360
1630679529722,7316783
1630679529762,7320798
1630679529802,7317565
1630679529842,7302338
1630679529882,7246434
1630679529922,7305206
1630679529962,7302807
1630679530002,7302234
1630679530042,7314019
1630679530082,7330916
1630679530122,7340459
1630679530162,7338164
1630679530202,7340355
1630679530242,7332428
1630679530282,7327839
1630679530322,7345622
1630679530362,7354696
1630679530402,7350524
1630679530442,7348803
1630679530482,7334357
1630679530522,7332324
1630679530562,7337695
1630679530602,7343901
1630679530642,7335661
1630679530682,7314593
1630679530722,7315531
1630679530762,7329664
1630679530802,7318191
1630679530842,7308335
1630679530882,7314384
1630679530922,7327213
1630679530962,7325701
1630679531002,7315375
1630679531042,7311203
1630679531082,7304007
1630679531122,7286224
1630679531162,7305988
1630679531202,7316939
1630679531242,7310108
1630679531282,7312194
1630679531322,7310942
1630679531362,7311881
1630679531402,7321059
1630679531442,7328934
1630679531482,7326014
1630679531522,7311412
1630679531562,7324710
1630679531602,7354122
1630679531642,7349585
1630679531682,7345465
1630679531722,7348490
1630679531762,7351775
1630679531802,7350784
1630679531842,7343119
1630679531882,7340355
1630679531922,7327891
1630679531962,7327474
1630679532002,7344579
1630679532042,7336809
1630679532082,7329769
1630679532122,7324397
1630679532162,7315897
1630679532202,7320747
1630679532242,7324918
1630679532282,7325596
1630679532322,7316314
1630679532362,7297853
1630679532402,7309952
1630679532442,7317044
1630679532482,7308700
1630679532522,7310473
1630679532562,7325388
1630679532602,7338217
1630679532642,7336235
1630679532682,7335505
1630679532722,7332271
1630679532762,7321685
1630679532802,7344787
1630679532842,7352714
1630679532882,7349064
1630679532922,7347291
1630679532962,7340615
1630679533002,7337069
1630679533042,7347186
1630679533082,7353392
1630679533122,7353809
1630679533162,7338112
1630679533202,7344214
1630679533242,7359128
1630679533282,7346925
1630679533322,7345309
1630679533362,7352036
1630679533402,7371540
1630679533442,7377016
1630679533482,7378163
1630679533522,7383169
1630679533562,7381866
1630679533602,7401265
1630679533642,7443037
1630679533682,7452893
1630679533722,7441159
1630679533762,7415032
1630679533802,7371279
1630679533842,7360537
1630679533882,7366899
1630679533922,7369715
1630679533962,7362310
1630679534002,7346665
1630679534042,7348177
1630679534082,7362310
1630679534122,7346091
1630679534162,7330863
1630679534202,7327943
1630679534242,7338634
1630679534282,7339833
1630679534322,7335192
1630679534362,7333262
1630679534402,7328360
1630679534442,7316939
1630679534482,7337226
1630679534522,7344527
1630679534562,7328830
1630679534602,7322780
1630679534642,7314749
1630679534682,7319234
1630679534722,7323823
1630679534762,7329299
1630679534802,7324397
1630679534842,7306666
1630679534882,7296810
1630679534922,7324710
1630679534962,7316731
1630679535002,7313080
1630679535042,7326326
1630679535082,7343849
1630679535122,7350837
1630679535162,7345413
1630679535202,7343223
1630679535242,7331281
1630679535282,7359911
1630679535322,7373939
1630679535362,7369715
1630679535402,7365855
1630679535442,7351775
1630679535482,7337069
1630679535522,7339677
1630679535562,7343484
1630679535602,7344840
1630679535642,7335922
1630679535682,7319339
1630679535722,7331646
1630679535762,7337852
1630679535802,7323250
1630679535842,7319704
1630679535882,7328725
1630679535922,7331698
1630679535962,7332480
1630679536002,7331281
1630679536042,7329403
1630679536082,7314488
1630679536122,7309795
1630679536162,7320642
1630679536202,7321164
1630679536242,7321059
1630679536282,7317722
1630679536322,7317878
1630679536362,7329299
1630679536402,7335922
1630679536442,7336026
1630679536482,7325753
1630679536522,7318556
1630679536562,7335818
1630679536602,7336756
1630679536642,7334045
1630679536682,7338164
1630679536722,7345309
1630679536762,7351410
1630679536802,7351462
1630679536842,7348386
1630679536882,7342076
1630679536922,7331228
1630679536962,7344787
1630679537002,7350784
1630679537042,7339989
1630679537082,7336809
1630679537122,7329560
1630679537162,7326483
1630679537202,7331646
1630679537242,7335401
1630679537282,7331333
1630679537322,7314488
1630679537362,7303381
1630679537402,7323563
1630679537442,7316157
1630679537482,7309586
1630679537522,7321790
1630679537562,7335036
1630679537602,7333888
1630679537642,7332011
1630679537682,7332063
1630679537722,7311672
1630679537762,7311047
1630679537802,7329664
1630679537842,7327161
1630679537882,7324918
1630679537922,7325701
1630679537962,7326587
1630679538002,7337904
1630679538042,7346665
1630679538082,7347916
1630679538122,7334983
1630679538162,7322833
1630679538202,7338946
1630679538242,7324241
1630679538282,7301712
1630679538322,7302599
1630679538362,7323928
1630679538402,7331333
1630679538442,7326639
1630679538482,7326222
1630679538522,7325283
1630679538562,7310369
1630679538602,7319547
1630679538642,7325649
1630679538682,7318035
1630679538722,7317982
1630679538762,7309691
1630679538802,7308909
1630679538842,7319182
1630679538882,7324658
1630679538922,7322728
1630679538962,7312350
1630679539002,7283095
1630679539042,7307657
1630679539082,7311933
1630679539122,7307657
1630679539162,7314854
1630679539202,7328204
1630679539242,7341397
1630679539282,7339312
1630679539322,7344109
1630679539362,7334462
1630679539402,7331281
1630679539442,7349898
1630679539482,7353131
1630679539522,7350107
1630679539562,7344214
1630679539602,7333106
1630679539642,7336652
1630679539682,7342701
1630679539722,7345622
1630679539762,7339625
1630679539802,7323406
1630679539842,7327630
1630679539882,7343692
1630679539922,7332585
1630679539962,7320277
1630679540002,7326535
1630679540042,7335557
1630679540082,7334566
1630679540122,7330290
1630679540162,7329299
1630679540202,7319808
1630679540242,7322207
1630679540282,7335505
1630679540322,7334357
1630679540362,7326379
1630679540402,7322989
1630679540442,7318400
1630679540482,7327734
1630679540522,7335401
1630679540562,7337538
1630679540602,7328986
1630679540642,7312194
1630679540682,7329090
1630679540722,7335765
1630679540762,7330238
1630679540802,7328830
1630679540842,7345674
1630679540882,7360276
1630679540922,7359545
1630679540962,7359494
1630679541002,7354383
1630679541042,7337226
1630679541082,7347656
1630679541122,7354591
1630679541162,7344996
1630679541202,7343014
1630679541242,7336861
1630679541282,7328882
1630679541322,7336130
1630679541362,7341450
1630679541402,7341397
1630679541442,7328152
1630679541482,7311568
1630679541522,7335244
1630679541562,7333158
1630679541602,7319130
1630679541642,7322415
1630679541682,7336444
1630679541722,7329560
1630679541762,7327839
1630679541802,7334045
1630679541842,7328412
1630679541882,7309639
1630679541922,7319182
1630679541962,7325805
1630679542002,7326692
1630679542042,7328152
1630679542082,7321685
1630679542122,7327839
1630679542162,7338530
1630679542202,7346143
1630679542242,7342649
1630679542282,7328465
1630679542322,7348073
1630679542362,7361319
1630679542402,7352349
1630679542442,7348281
1630679542482,7350367
1630679542522,7356052
1630679542562,7354383
1630679542602,7350524
1630679542642,7347708
1630679542682,7331802
1630679542722,7346248
1630679542762,7349064
1630679542802,7341867
1630679542842,7331437
1630679542882,7323354
1630679542922,7322050
1630679542962,7329664
1630679543002,7332063
1630679543042,7329247
1630679543082,7317670
1630679543122,7284242
1630679543162,7322676
1630679543202,7321164
1630679543242,7316418
1630679543282,7325649
1630679543322,7343901
1630679543362,7348333
1630679543402,7346300
1630679543442,7347030
1630679543482,7341397
1630679543522,7338060
1630679543562,7359076
1630679543602,7364447
1630679543642,7357825
1630679543682,7353548
1630679543722,7338373
1630679543762,7336861
1630679543802,7342441
1630679543842,7346039
1630679543882,7340250
1630679543922,7326692
1630679543962,7324814
1630679544002,7340876
1630679544042,7329977
1630679544082,7317409
1630679544122,7326326
1630679544162,7333575
1630679544202,7327995
1630679544242,7323563
1630679544282,7324136
1630679544322,7318713
1630679544362,7319964
1630679544402,7329873
1630679544442,7330029
1630679544482,7325544
1630679544522,7322624
1630679544562,7319599
1630679544602,7328152
1630679544642,7334931
1630679544682,7335036
1630679544722,7322520
1630679544762,7326118
1630679544802,7343484
1630679544842,7341033
1630679544882,7335713
1630679544922,7342389
1630679544962,7353444
1630679545002,7354696
1630679545042,7351723
1630679545082,7348177
1630679545122,7330498
1630679545162,7335818
1630679545202,7344109
1630679545242,7339833
1630679545282,7335453
1630679545322,7325909
1630679545362,7318139
1630679545402,7326796
1630679545442,7330707
1630679545482,7331594
1630679545522,7324397
1630679545562,7311516
1630679545602,7326848
1630679545642,7336339
1630679545682,7329403
1630679545722,7330551
1630679545762,7336913
1630679545802,7345987
1630679545842,7343849
1630679545882,7342962
1630679545922,7341137
1630679545962,7327369
1630679546002,7343119
1630679546042,7349533
1630679546082,7347760
1630679546122,7348229
1630679546162,7339885
1630679546202,7338373
1630679546242,7344892
1630679546282,7351358
1630679546322,7347968
1630679546362,7329664
1630679546402,7334201
1630679546442,7348699
1630679546482,7339468
1630679546522,7327734
1630679546562,7330603
1630679546602,7339989
1630679546642,7338738
1630679546682,7331646
1630679546722,7329403
1630679546762,7321737
1630679546802,7317096
1630679546842,7332585
1630679546882,7332063
1630679546922,7326639
1630679546962,7328465
1630679547002,7321685
1630679547042,7325649
1630679547082,7335296
1630679547122,7343066
1630679547162,7336809
1630679547202,7321737
1630679547242,7336965
1630679547282,7349272
1630679547322,7342180
1630679547362,7336861
1630679547402,7346613
1630679547442,7356208
1630679547482,7360276
1630679547522,7359545
1630679547562,7352192
1630679547602,7346300
1630679547642,7351932
1630679547682,7367472
1630679547722,7354591
1630679547762,7345726
1630679547802,7335192
1630679547842,7329247
1630679547882,7333054
1630679547922,7338425
1630679547962,7335505
1630679548002,7325753
1630679548042,7325805
1630679548082,7351984
1630679548122,7347291
1630679548162,7331541
1630679548202,7337017
1630679548242,7348803
1630679548282,7347968
1630679548322,7344109
1630679548362,7350367
1630679548402,7340250
1630679548442,7348751
1630679548482,7366221
1630679548522,7367942
1630679548562,7365908
1630679548602,7359180
1630679548642,7343588
1630679548682,7345100
1630679548722,7352975
1630679548762,7356729
1630679548802,7347812
1630679548842,7331854
1630679548882,7341085
1630679548922,7351410
1630679548962,7338112
1630679549002,7326431
1630679549042,7332324
1630679549082,7340355
1630679549122,7335974
1630679549162,7329769
1630679549202,7329612
1630679549242,7321529
1630679549282,7328256
1630679549322,7337852
1630679549362,7334670
1630679549402,7330498
1630679549442,7328517
1630679549482,7324710
1630679549522,7332219
1630679549562,7340563
1630679549602,7337487
1630679549642,7319286
1630679549682,7325492
1630679549722,7344996
1630679549762,7340355
1630679549802,7339103
1630679549842,7344266
1630679549882,7352401
1630679549922,7356052
1630679549962,7353601
1630679550002,7349272
1630679550042,7335140
1630679550082,7347760
1630679550122,7352766
1630679550162,7347134
1630679550202,7340668
1630679550242,7335818
1630679550282,7325805
1630679550322,7327369
1630679550362,7330446
1630679550402,7331854
1630679550442,7323510
1630679550482,7301660
1630679550522,7316574
1630679550562,7321424
1630679550602,7317565
1630679550642,7321737
1630679550682,7339729
1630679550722,7348907
1630679550762,7346404
1630679550802,7348490
1630679550842,7339155
1630679550882,7340094
1630679550922,7364083
1630679550962,7368202
1630679551002,7362466
1630679551042,7357981
1630679551082,7342232
1630679551122,7339364
1630679551162,7345361
1630679551202,7350576
1630679551242,7343379
1630679551282,7323771
1630679551322,7319130
1630679551362,7334253
1630679551402,7324866
1630679551442,7312872
1630679551482,7324866
1630679551522,7334827
1630679551562,7326483
1630679551602,7325544
1630679551642,7327317
1630679551682,7314854
1630679551722,7314906
1630679551762,7327787
1630679551802,7325753
1630679551842,7323406
1630679551882,7322520
1630679551922,7322207
1630679551962,7331385
1630679552002,7337173
1630679552042,7336391
1630679552082,7326483
1630679552122,7320798
1630679552162,7339729
1630679552202,7339207
1630679552242,7336026
1630679552282,7338634
1630679552322,7347656
1630679552362,7351984
1630679552402,7349481
1630679552442,7344944
1630679552482,7329508
1630679552522,7335713
1630679552562,7344005
1630679552602,7337069
1630679552642,7332115
1630679552682,7327578
1630679552722,7320225
1630679552762,7323406
1630679552802,7326066
1630679552842,7328517
1630679552882,7327526
1630679552922,7310056
1630679552962,7301816
1630679553002,7320486
1630679553042,7310317
1630679553082,7310629
1630679553122,7330290
1630679553162,7344735
1630679553202,7341397
1630679553242,7341241
1630679553282,7342858
1630679553322,7332636
1630679553362,7338842
1630679553402,7356104
1630679553442,7358972
1630679553482,7354227
1630679553522,7338530
1630679553562,7331906
1630679553602,7340042
1630679553642,7344109
1630679553682,7339938
1630679553722,7325701
1630679553762,7315531
1630679553802,7337643
1630679553842,7336704
1630679553882,7322676
1630679553922,7324553
1630679553962,7338581
1630679554002,7339051
1630679554042,7330603
1630679554082,7327839
1630679554122,7324918
1630679554162,7314123
1630679554202,7327369
1630679554242,7333210
1630679554282,7328256
1630679554322,7329247
1630679554362,7323198
1630679554402,7324553
1630679554442,7335140
1630679554482,7342284
1630679554522,7336809
1630679554562,7323928
1630679554602,7334045
1630679554642,7346665
1630679554682,7340355
1630679554722,7331228
1630679554762,7338634
1630679554802,7349637
1630679554842,7349168
1630679554882,7346248
1630679554922,7342023
1630679554962,7326066
1630679555002,7334775
1630679555042,7340876
1630679555082,7338477
1630679555122,7333210
1630679555162,7324449
1630679555202,7320747
1630679555242,7326379
1630679555282,7330394
1630679555322,7328204
1630679555362,7315584
1630679555402,7296340
1630679555442,7326274
1630679555482,7324866
1630679555522,7315636
1630679555562,7324032
1630679555602,7341450
1630679555642,7346195
1630679555682,7341137
1630679555722,7341867
1630679555762,7336235
1630679555802,7336600
1630679555842,7360171
1630679555882,7359545
1630679555922,7353809
1630679555962,7348386
1630679556002,7333367
1630679556042,7332532
1630679556082,7339416
1630679556122,7340355
1630679556162,7334670
1630679556202,7319130
1630679556242,7318817
1630679556282,7331594
1630679556322,7323093
1630679556362,7314645
1630679556402,7324241
1630679556442,7333314
1630679556482,7328204
1630679556522,7324762
1630679556562,7327422
1630679556602,7317044
1630679556642,7321790
1630679556682,7329977
1630679556722,7326274
1630679556762,7319339
1630679556802,7319026
1630679556842,7319599
1630679556882,7333628
1630679556922,7344422
1630679556962,7343953
1630679557002,7329508
1630679557042,7325440
1630679557082,7346613
1630679557122,7343119
1630679557162,7336235
1630679557202,7337278
1630679557242,7346195
1630679557282,7350889
1630679557322,7347656
1630679557362,7343640
1630679557402,7334357
1630679557442,7325544
1630679557482,7337904
1630679557522,7341554
1630679557562,7334931
1630679557602,7332480
1630679557642,7323563
1630679557682,7322728
1630679557722,7327891
1630679557762,7329143
1630679557802,7323719
1630679557842,7306823
1630679557882,7303954
1630679557922,7322520
1630679557962,7318452
1630679558002,7317461
1630679558042,7333575
1630679558082,7350002
1630679558122,7349272
1630679558162,7345413
1630679558202,7348646
1630679558242,7337226
1630679558282,7354278
1630679558322,7369767
1630679558362,7367212
1630679558402,7361006
1630679558442,7346091
1630679558482,7336130
1630679558522,7339989
1630679558562,7345100
1630679558602,7348125
1630679558642,7336965
1630679558682,7318504
1630679558722,7337069
1630679558762,7341033
1630679558802,7330029
1630679558842,7323771
1630679558882,7329455
1630679558922,7335192
1630679558962,7330342
1630679559002,7324449
1630679559042,7324293
1630679559082,7307970
1630679559122,7320590
1630679559162,7326587
1630679559202,7325283
1630679559242,7323928
1630679559282,7324971
1630679559322,7324032
1630679559362,7333158
1630679559402,7342284
1630679559442,7342128
1630679559482,7330498
1630679559522,7330811
1630679559562,7356625
1630679559602,7358503
1630679559642,7343066
1630679559682,7338530
1630679559722,7348333
1630679559762,7348959
1630679559802,7344683
1630679559842,7342389
1630679559882,7336444
1630679559922,7326431
1630679559962,7339051
1630679560002,7348907
1630679560042,7338895
1630679560082,7331906
1630679560122,7322363
1630679560162,7321685
1630679560202,7325909
1630679560242,7329664
1630679560282,7326848
1630679560322,7314958
1630679560362,7302494
1630679560402,7328517
1630679560442,7327682
1630679560482,7320955
1630679560522,7330916
1630679560562,7346560
1630679560602,7346925
1630679560642,7346925
1630679560682,7348177
1630679560722,7337747
1630679560762,7337434
1630679560802,7352088
1630679560842,7352505
1630679560882,7348646
1630679560922,7340303
1630679560962,7329820
1630679561002,7331281
1630679561042,7337173
1630679561082,7337121
1630679561122,7331228
1630679561162,7319860
1630679561202,7310212
1630679561242,7325805
1630679561282,7322415
1630679561322,7316210
1630679561362,7323354
1630679561402,7333419
1630679561442,7338008
1630679561482,7336913
1630679561522,7340720
1630679561562,7327474
1630679561602,7327943
1630679561642,7331646
1630679561682,7334410
1630679561722,7333993
1630679561762,7331698
1630679561802,7327734
1630679561842,7336391
1630679561882,7347291
1630679561922,7352401
1630679561962,7344840
1630679562002,7328308
1630679562042,7339885
1630679562082,7343119
1630679562122,7336444
1630679562162,7329143
1630679562202,7338530
1630679562242,7347291
1630679562282,7350680
1630679562322,7347395
1630679562362,7343014
1630679562402,7326796
1630679562442,7323928
1630679562482,7332219
1630679562522,7325649
1630679562562,7323875
1630679562602,7321164
1630679562642,7325492
1630679562682,7336861
1630679562722,7343849
1630679562762,7343484
1630679562802,7333836
1630679562842,7325075
1630679562882,7347656
1630679562922,7356573
1630679562962,7356052
1630679563002,7355374
1630679563042,7357512
1630679563082,7362727
1630679563122,7366221
1630679563162,7360119
1630679563202,7352453
1630679563242,7339729
1630679563282,7346560
1630679563322,7354227
1630679563362,7340563
1630679563402,7334775
1630679563442,7328986
1630679563482,7330394
1630679563522,7336495
1630679563562,7337799
1630679563602,7336495
1630679563642,7326483
1630679563682,7303016
1630679563722,7327422
1630679563762,7327422
1630679563802,7329090
1630679563842,7337330
1630679563882,7350054
1630679563922,7358451
1630679563962,7360537
1630679564002,7363822
1630679564042,7355895
1630679564082,7348333
1630679564122,7355269
1630679564162,7356990
1630679564202,7353913
1630679564242,7347291
1630679564282,7334722
1630679564322,7335244
1630679564362,7342180
1630679564402,7345413
1630679564442,7341711
1630679564482,7328256
1630679564522,7307709
1630679564562,7326796
1630679564602,7328673
1630679564642,7322259
1630679564682,7324710
1630679564722,7337799
1630679564762,7344944
1630679564802,7348855
1630679564842,7350107
1630679564882,7345882
1630679564922,7327787
1630679564962,7343484
1630679565002,7348542
1630679565042,7346925
1630679565082,7346925
1630679565122,7343640
1630679565162,7343744
1630679565202,7354174
1630679565242,7361267
1630679565282,7357043
1630679565322,7342076
1630679565362,7337852
1630679565402,7350367
1630679565442,7341867
1630679565482,7333836
1630679565522,7334983
1630679565562,7345152
1630679565602,7353079
1630679565642,7352140
1630679565682,7347864
1630679565722,7340928
1630679565762,7323302
1630679565802,7326744
1630679565842,7333262
1630679565882,7328882
1630679565922,7330342
1630679565962,7325596
1630679566002,7327265
1630679566042,7338581
1630679566082,7344422
1630679566122,7344318
1630679566162,7337382
1630679566202,7323250
1630679566242,7340094
1630679566282,7349637
1630679566322,7348490
1630679566362,7348386
1630679566402,7353861
1630679566442,7361371
1630679566482,7364135
1630679566522,7360276
1630679566562,7355895
1630679566602,7340824
1630679566642,7340980
1630679566682,7350680
1630679566722,7345465
1630679566762,7342336
1630679566802,7334566
1630679566842,7326639
1630679566882,7333993
1630679566922,7338946
1630679566962,7340355
1630679567002,7335922
1630679567042,7319495
1630679567082,7318921
1630679567122,7331489
1630679567162,7329143
1630679567202,7332949
1630679567242,7343171
1630679567282,7356104
1630679567322,7361684
1630679567362,7364343
1630679567402,7365647
1630679567442,7348699
1630679567482,7352714
1630679567522,7363353
1630679567562,7364708
1630679567602,7357929
1630679567642,7342389
1630679567682,7340303
1630679567722,7349116
1630679567762,7356417
1630679567802,7353027
1630679567842,7342910
1630679567882,7327317
1630679567922,7342128
1630679567962,7340146
1630679568002,7331959
1630679568042,7331228
1630679568082,7338321
1630679568122,7344735
1630679568162,7345465
1630679568202,7341502
1630679568242,7338581
1630679568282,7321424
1630679568322,7326326
1630679568362,7332585
1630679568402,7331333
1630679568442,7330603
1630679568482,7329403
1630679568522,7334305
1630679568562,7344370
1630679568602,7350680
1630679568642,7350732
1630679568682,7338530
1630679568722,7341554
1630679568762,7349637
1630679568802,7347291
1630679568842,7346039
1630679568882,7349011
1630679568922,7354383
1630679568962,7362310
1630679569002,7363613
1630679569042,7358815
1630679569082,7350419
1630679569122,7337069
1630679569162,7340198
1630679569202,7344944
1630679569242,7335765
1630679569282,7333836
1630679569322,7327422
1630679569362,7330655
1630679569402,7336235
1630679569442,7338425
1630679569482,7335348
1630679569522,7318400
1630679569562,7297227
1630679569602,7328934
1630679569642,7327891
1630679569682,7329038
1630679569722,7338112
1630679569762,7352870
1630679569802,7360328
1630679569842,7361319
1630679569882,7361840
1630679569922,7351097
1630679569962,7342023
1630679570002,7357251
1630679570042,7357720
1630679570082,7352818
1630679570122,7347708
1630679570162,7333940
1630679570202,7333158
1630679570242,7340668
1630679570282,7346873
1630679570322,7342962
1630679570362,7329143
1630679570402,7310786
1630679570442,7331698
1630679570482,7327265
1630679570522,7320277
1630679570562,7325805
1630679570602,7337643
1630679570642,7342910
1630679570682,7340563
1630679570722,7341241
1630679570762,7332897
1630679570802,7323406
1630679570842,7330290
1630679570882,7335765
1630679570922,7334410
1630679570962,7337330
1630679571002,7332585
1630679571042,7338946
1630679571082,7349533
1630679571122,7358398
1630679571162,7353392
1630679571202,7339103
1630679571242,7331698
1630679571282,7341397
1630679571322,7336548
1630679571362,7329403
1630679571402,7327682
1630679571442,7333158
1630679571482,7337538
1630679571522,7336548
1630679571562,7332636
1630679571602,7329820
1630679571642,7315062
1630679571682,7294359
1630679571722,7323354
1630679571762,7315740
1630679571802,7314019
1630679571842,7314123
1630679571882,7315010
1630679571922,7322155
1630679571962,7324501
1630679572002,7325909
1630679572042,7319182
1630679572082,7302494
1630679572122,7308544
1630679572162,7322155
1630679572202,7315584
1630679572242,7319756
1630679572282,7330498
1630679572322,7342441
1630679572362,7342858
1630679572402,7343379
1630679572442,7339312
1630679572482,7322989
1630679572522,7330863
1630679572562,7341711
1630679572602,7333679
1630679572642,7333679
1630679572682,7327682
1630679572722,7329664
1630679572762,7333419
1630679572802,7334045
1630679572842,7330185
1630679572882,7320747
1630679572922,7290552
1630679572962,7294620
1630679573002,7308961
1630679573042,7300252
1630679573082,7306197
1630679573122,7312559
1630679573162,7315949
1630679573202,7311986
1630679573242,7313289
1630679573282,7318191
1630679573322,7306145
1630679573362,7273030
1630679573402,7316627
1630679573442,7317826
1630679573482,7316939
1630679573522,7321112
1630679573562,7324032
1630679573602,7335870
1630679573642,7343066
1630679573682,7344996
1630679573722,7339207
1630679573762,7318139
1630679573802,7325857
1630679573842,7335818
1630679573882,7323771
1630679573922,7316939
1630679573962,7321164
1630679574002,7329090
1630679574042,7324971
1630679574082,7320642
1630679574122,7319860
1630679574162,7308648
1630679574202,7285285
1630679574242,7311360
1630679574282,7310056
1630679574322,7301138
1630679574362,7305780
1630679574402,7304841
1630679574442,7316783
1630679574482,7320486
1630679574522,7324971
1630679574562,7322102
1630679574602,7306823
1630679574642,7286797
1630679574682,7321685
1630679574722,7320121
1630679574762,7320173
1630679574802,7327630
1630679574842,7336444
1630679574882,7334462
1630679574922,7332115
1630679574962,7335818
1630679575002,7327317
1630679575042,7326952
1630679575082,7350054
1630679575122,7350263
1630679575162,7356573
1630679575202,7355635
1630679575242,7347291
1630679575282,7352245
1630679575322,7361527
1630679575362,7365804
1630679575402,7360171
1630679575442,7343692
1630679575482,7351097
1630679575522,7376651
1630679575562,7370393
1630679575602,7371853
1630679575642,7376963
1630679575682,7375295
1630679575722,7370445
1630679575762,7368828
1630679575802,7370393
1630679575842,7371331
1630679575882,7366429
1630679575922,7412790
1630679575962,7424732
1630679576002,7403090
1630679576042,7388384
1630679576082,7374565
1630679576122,7355999
1630679576162,7355635
1630679576202,7357355
1630679576242,7356625
1630679576282,7343692
1630679576322,7329299
1630679576362,7338634
1630679576402,7337538
1630679576442,7323510
1630679576482,7324449
1630679576522,7329820
1630679576562,7330446
1630679576602,7327057
1630679576642,7327422
1630679576682,7326535
1630679576722,7310786
1630679576762,7307553
1630679576802,7319860
1630679576842,7314645
1630679576882,7315219
1630679576922,7312820
1630679576962,7312507
1630679577002,7319860
1630679577042,7324866
1630679577082,7327526
1630679577122,7323615
1630679577162,7308909
1630679577202,7317305
1630679577242,7327422
1630679577282,7320069
1630679577322,7320486
1630679577362,7338477
1630679577402,7352923
1630679577442,7353183
1630679577482,7353601
1630679577522,7351410
1630679577562,7333679
1630679577602,7340094
1630679577642,7344109
1630679577682,7339260
1630679577722,7337069
1630679577762,7329455
1630679577802,7327630
1630679577842,7332845
1630679577882,7337538
1630679577922,7336861
1630679577962,7327057
1630679578002,7307605
1630679578042,7321216
1630679578082,7325283
1630679578122,7315010
1630679578162,7310525
1630679578202,7326379
1630679578242,7335870
1630679578282,7331594
1630679578322,7326692
1630679578362,7330446
1630679578402,7314332
1630679578442,7314176
1630679578482,7327057
1630679578522,7325649
1630679578562,7326118
1630679578602,7327474
1630679578642,7328256
1630679578682,7338999
1630679578722,7349116
1630679578762,7349064
1630679578802,7334827
1630679578842,7324241
1630679578882,7343901
1630679578922,7334879
1630679578962,7319234
1630679579002,7317253
1630679579042,7331177
1630679579082,7340511
1630679579122,7338477
1630679579162,7332219
1630679579202,7330238
1630679579242,7316731
1630679579282,7327474
1630679579322,7331594
1630679579362,7323406
1630679579402,7321007
1630679579442,7318035
1630679579482,7316001
1630679579522,7323563
1630679579562,7326170
1630679579602,7324918
1630679579642,7312872
1630679579682,7278818
1630679579722,7312663
1630679579762,7313133
1630679579802,7311725
1630679579842,7323928
1630679579882,7340459
1630679579922,7345882
1630679579962,7344996
1630679580002,7347864
1630679580042,7340615
1630679580082,7325961
1630679580122,7332376
1630679580162,7336183
1630679580202,7336079
1630679580242,7333940
1630679580282,7323823
1630679580322,7328360
1630679580362,7335661
1630679580402,7336756
1630679580442,7330238
1630679580482,7309326
1630679580522,7321790
1630679580562,7332793
1630679580602,7321529
1630679580642,7317461
1630679580682,7327630
1630679580722,7330238
1630679580762,7323302
1630679580802,7322102
1630679580842,7324918
1630679580882,7317253
1630679580922,7311881
1630679580962,7331020
1630679581002,7334566
1630679581042,7334149
1630679581082,7332585
1630679581122,7328986
1630679581162,7337538
1630679581202,7345309
1630679581242,7349011
1630679581282,7341502
1630679581322,7327474
1630679581362,7350524
1630679581402,7350784
1630679581442,7336704
1630679581482,7329977
1630679581522,7341033
1630679581562,7345622
1630679581602,7341450
1630679581642,7338790
1630679581682,7338581
1630679581722,7322207
1630679581762,7323563
1630679581802,7337069
1630679581842,7323875
1630679581882,7323406
1630679581922,7319860
1630679581962,7321842
1630679582002,7328830
1630679582042,7335140
1630679582082,7335609
1630679582122,7328569
1630679582162,7309013
1630679582202,7321842
1630679582242,7326692
1630679582282,7322676
1630679582322,7325283
1630679582362,7338060
1630679582402,7350628
1630679582442,7351358
1630679582482,7349481
1630679582522,7352505
1630679582562,7338842
1630679582602,7348855
1630679582642,7359806
1630679582682,7358659
1630679582722,7355321
1630679582762,7343640
1630679582802,7336079
1630679582842,7345465
1630679582882,7350315
1630679582922,7348177
1630679582962,7337747
1630679583002,7320173
1630679583042,7339625
1630679583082,7341502
1630679583122,7332115
1630679583162,7326170
1630679583202,7334722
1630679583242,7341554
1630679583282,7337695
1630679583322,7334305
1630679583362,7333732
1630679583402,7323563
1630679583442,7326222
1630679583482,7331333
1630679583522,7335244
1630679583562,7336287
1630679583602,7329299
1630679583642,7328047
1630679583682,7336183
1630679583722,7342858
1630679583762,7342806
1630679583802,7330707
1630679583842,7328830
1630679583882,7345205
1630679583922,7339051
1630679583962,7337487
1630679584002,7344996
1630679584042,7354174
1630679584082,7358137
1630679584122,7357772
1630679584162,7356573
1630679584202,7346195
1630679584242,7342754
1630679584282,7339572
1630679584322,7336079
1630679584362,7333575
1630679584402,7331020
1630679584442,7321998
1630679584482,7325231
1630679584522,7329351
1630679584562,7331333
1630679584602,7327161
1630679584642,7315166
1630679584682,7314019
1630679584722,7338581
1630679584762,7330498
1630679584802,7320069
1630679584842,7323250
1630679584882,7333002
1630679584922,7334410
1630679584962,7332741
1630679585002,7335974
1630679585042,7334201
1630679585082,7324032
1630679585122,7333002
1630679585162,7335974
1630679585202,7333836
1630679585242,7333471
1630679585282,7333523
1630679585322,7341137
1630679585362,7349064
1630679585402,7354591
1630679585442,7353235
1630679585482,7337226
1630679585522,7338425
1630679585562,7354227
1630679585602,7338895
1630679585642,7330446
1630679585682,7333993
1630679585722,7346039
1630679585762,7350680
1630679585802,7346195
1630679585842,7343171
1630679585882,7332115
1630679585922,7328100
1630679585962,7337591
1630679586002,7334931
1630679586042,7327943
1630679586082,7326483
1630679586122,7318191
1630679586162,7322102
1630679586202,7325753
1630679586242,7327422
1630679586282,7321477
1630679586322,7302129
1630679586362,7285598
1630679586402,7299052
1630679586442,7292795
1630679586482,7303172
1630679586522,7326014
1630679586562,7340355
1630679586602,7340407
1630679586642,7338425
1630679586682,7343484
1630679586722,7332585
1630679586762,7335140
1630679586802,7350419
1630679586842,7354487
1630679586882,7356260
1630679586922,7345361
1630679586962,7339312
1630679587002,7340980
1630679587042,7343431
1630679587082,7342806
1630679587122,7335296
1630679587162,7319443
1630679587202,7331437
1630679587242,7332741
1630679587282,7319234
1630679587322,7316157
1630679587362,7336391
1630679587402,7340459
1630679587442,7336026
1630679587482,7334305
1630679587522,7332897
1630679587562,7318973
1630679587602,7313706
1630679587642,7324449
1630679587682,7319182
1630679587722,7316470
1630679587762,7316418
1630679587802,7320538
1630679587842,7332845
1630679587882,7338530
1630679587922,7338269
1630679587962,7327213
1630679588002,7318243
1630679588042,7342128
1630679588082,7337747
1630679588122,7332636
1630679588162,7336287
1630679588202,7349585
1630679588242,7356260
1630679588282,7355478
1630679588322,7351202
1630679588362,7338790
1630679588402,7321894
1630679588442,7332532
1630679588482,7332689
1630679588522,7325283
1630679588562,7327369
1630679588602,7322155
1630679588642,7322207
1630679588682,7331437
1630679588722,7332949
1630679588762,7329820
1630679588802,7319130
1630679588842,7299991
1630679588882,7321112
1630679588922,7319704
1630679588962,7323510
1630679589002,7334879
1630679589042,7348438
1630679589082,7355582
1630679589122,7357043
1630679589162,7358346
1630679589202,7353183
1630679589242,7358763
1630679589282,7368515
1630679589322,7368098
1630679589362,7367629
1630679589402,7358398
1630679589442,7341815
1630679589482,7341502
1630679589522,7348073
1630679589562,7348177
1630679589602,7343536
1630679589642,7328569
1630679589682,7325127
1630679589722,7338060
1630679589762,7329143
1630679589802,7321685
1630679589842,7322467
1630679589882,7333002
1630679589922,7337487
1630679589962,7335296
1630679590002,7333210
1630679590042,7328204
1630679590082,7317565
1630679590122,7329351
1630679590162,7334879
1630679590202,7331594
1630679590242,7333784
1630679590282,7327995
1630679590322,7332167
1630679590362,7341606
1630679590402,7347238
1630679590442,7347603
1630679590482,7334305
1630679590522,7361475
1630679590562,7359180
1630679590602,7340511
1630679590642,7333419
1630679590682,7338477
1630679590722,7349376
1630679590762,7351984
1630679590802,7346300
1630679590842,7343327
1630679590882,7333523
1630679590922,7329925
1630679590962,7333993
1630679591002,7333367
1630679591042,7325388
1630679591082,7325075
1630679591122,7317148
1630679591162,7321320
1630679591202,7327578
1630679591242,7330394
1630679591282,7327161
1630679591322,7314384
1630679591362,7290708
1630679591402,7325179
1630679591442,7321998
1630679591482,7316314
1630679591522,7327630
1630679591562,7342806
1630679591602,7349689
1630679591642,7346925
1630679591682,7349168
1630679591722,7338008
1630679591762,7332063
1630679591802,7349794
1630679591842,7353288
1630679591882,7353705
1630679591922,7346665
1630679591962,7332063
1630679592002,7334253
1630679592042,7342649
1630679592082,7345674
1630679592122,7339416
1630679592162,7324814
1630679592202,7316679
1630679592242,7333784
1630679592282,7325753
1630679592322,7318973
1630679592362,7322050
1630679592402,7328830
1630679592442,7330446
1630679592482,7327057
1630679592522,7328830
1630679592562,7329247
1630679592602,7326170
1630679592642,7329403
1630679592682,7333836
1630679592722,7332532
1630679592762,7331437
1630679592802,7331541
1630679592842,7340720
1630679592882,7345726
1630679592922,7346873
1630679592962,7338946
1630679593002,7324710
1630679593042,7340615
1630679593082,7334983
1630679593122,7328047
1630679593162,7330655
1630679593202,7343640
1630679593242,7353548
1630679593282,7350784
1630679593322,7343171
1630679593362,7342806
1630679593402,7332271
1630679593442,7333784
1630679593482,7340355
1630679593522,7335870
1630679593562,7331385
1630679593602,7327474
1630679593642,7317618
1630679593682,7324501
1630679593722,7328986
1630679593762,7329664
1630679593802,7323093
1630679593842,7304685
1630679593882,7310942
1630679593922,7324762
1630679593962,7323563
1630679594002,7327265
1630679594042,7335974
1630679594082,7347238
1630679594122,7352505
1630679594162,7350680
1630679594202,7353653
1630679594242,7341346
1630679594282,7354122
1630679594322,7367472
1630679594362,7361684
1630679594402,7359128
1630679594442,7345882
1630679594482,7332793
1630679594522,7334879
1630679594562,7341658
1630679594602,7342441
1630679594642,7336548
1630679594682,7321842
1630679594722,7318921
1630679594762,7335296
1630679594802,7328725
1630679594842,7319078
1630679594882,7322155
1630679594922,7332115
1630679594962,7328725
1630679595002,7323354
1630679595042,7326848
1630679595082,7327004
1630679595122,7310160
1630679595162,7326483
1630679595202,7335557
1630679595242,7333367
1630679595282,7331385
1630679595322,7326222
1630679595362,7329038
1630679595402,7339729
1630679595442,7346248
1630679595482,7344631
1630679595522,7335296
1630679595562,7330238
1630679595602,7348542
1630679595642,7345622
1630679595682,7345205
1630679595722,7348803
1630679595762,7353966
1630679595802,7358451
1630679595842,7361684
1630679595882,7360693
1630679595922,7354591
1630679595962,7337695
1630679596002,7339312
1630679596042,7347343
1630679596082,7341763
1630679596122,7338008
1630679596162,7330863
1630679596202,7334722
1630679596242,7340980
1630679596282,7343953
1630679596322,7338738
1630679596362,7327578
1630679596402,7306875
1630679596442,7324606
1630679596482,7322937
1630679596522,7316783
1630679596562,7316992
1630679596602,7326483
1630679596642,7330863
1630679596682,7325492
1630679596722,7322728
1630679596762,7323145
1630679596802,7314384
1630679596842,7318139
1630679596882,7325857
1630679596922,7322572
1630679596962,7321372
1630679597002,7319860
1630679597042,7322833
1630679597082,7335765
1630679597122,7342910
1630679597162,7344109
1630679597202,7334983
1630679597242,7326900
1630679597282,7350524
1630679597322,7350263
1630679597362,7346248
1630679597402,7350941
1630679597442,7354852
1630679597482,7357825
1630679597522,7357564
1630679597562,7353548
1630679597602,7350472
1630679597642,7335818
1630679597682,7335870
1630679597722,7337487
1630679597762,7332480
1630679597802,7329143
1630679597842,7326379
1630679597882,7324136
1630679597922,7330759
1630679597962,7334566
1630679598002,7332532
1630679598042,7325440
1630679598082,7308544
1630679598122,7298583
1630679598162,7322885
1630679598202,7319599
1630679598242,7321007
1630679598282,7330498
1630679598322,7344057
1630679598362,7346978
1630679598402,7344683
1630679598442,7347186
1630679598482,7340511
1630679598522,7331385
1630679598562,7347186
1630679598602,7356729
1630679598642,7352297
1630679598682,7344787
1630679598722,7334045
1630679598762,7338269
1630679598802,7344735
1630679598842,7347812
1630679598882,7341711
1630679598922,7326014
1630679598962,7319964
1630679599002,7339207
1630679599042,7326379
1630679599082,7316001
1630679599122,7322833
1630679599162,7334931
1630679599202,7333314
1630679599242,7326274
1630679599282,7324971
1630679599322,7318139
1630679599362,7298792
1630679599402,7313550
1630679599442,7315010
1630679599482,7308074
1630679599522,7312924
1630679599562,7316053
1630679599602,7324188
1630679599642,7333314
1630679599682,7336287
1630679599722,7334879
1630679599762,7322885
1630679599802,7331854
1630679599842,7349116
1630679599882,7343014
1630679599922,7339625
1630679599962,7342858
1630679600002,7348021
1630679600042,7351410
1630679600082,7348959
1630679600122,7345882
1630679600162,7334827
1630679600202,7320798
1630679600242,7326900
1630679600282,7328152
1630679600322,7323145
1630679600362,7322520
1630679600402,7316157
1630679600442,7319443
1630679600482,7327265
1630679600522,7329351
1630679600562,7325440
1630679600602,7312403
1630679600642,7279027
1630679600682,7312037
1630679600722,7310838
1630679600762,7312090
1630679600802,7326066
1630679600842,7342284
1630679600882,7343588
1630679600922,7341919
1630679600962,7344162
1630679601002,7340615
1630679601042,7329612
1630679601082,7340094
1630679601122,7353496
1630679601162,7350367
1630679601202,7348281
1630679601242,7334618
1630679601282,7334670
1630679601322,7341293
1630679601362,7344787
1630679601402,7338946
1630679601442,7327630
1630679601482,7312768
1630679601522,7328047
1630679601562,7326692
1630679601602,7317618
1630679601642,7316470
1630679601682,7325336
1630679601722,7332324
1630679601762,7327213
1630679601802,7320225
1630679601842,7316888
1630679601882,7306823
1630679601922,7307970
1630679601962,7315375
1630679602002,7313498
1630679602042,7313029
1630679602082,7314645
1630679602122,7316731
1630679602162,7329195
1630679602202,7335870
1630679602242,7338008
1630679602282,7326326
1630679602322,7320538
1630679602362,7341919
1630679602402,7340459
1630679602442,7339677
1630679602482,7340615
1630679602522,7346195
1630679602562,7349481
1630679602602,7347968
1630679602642,7345622
1630679602682,7337226
1630679602722,7323302
1630679602762,7338008
1630679602802,7340928
1630679602842,7335922
1630679602882,7335870
1630679602922,7326796
1630679602962,7324814
1630679603002,7329351
1630679603042,7332115
1630679603082,7330551
1630679603122,7318400
1630679603162,7304267
1630679603202,7321946
1630679603242,7319964
1630679603282,7314645
1630679603322,7323198
1630679603362,7340824
1630679603402,7344162
1630679603442,7340250
1630679603482,7342284
1630679603522,7339312
1630679603562,7328517
1630679603602,7344057
1630679603642,7351984
1630679603682,7352453
1630679603722,7355165
1630679603762,7342910
1630679603802,7337852
1630679603842,7346717
1630679603882,7351306
1630679603922,7345361
1630679603962,7333262
1630679604002,7327891
1630679604042,7340720
1630679604082,7332115
1630679604122,7324501
1630679604162,7323928
1630679604202,7329299
1630679604242,7334827
1630679604282,7330290
1630679604322,7327057
1630679604362,7321633
1630679604402,7306770
1630679604442,7308648
1630679604482,7317618
1630679604522,7314019
1630679604562,7313602
1630679604602,7311881
1630679604642,7312611
1630679604682,7325492
1630679604722,7332115
1630679604762,7333262
1630679604802,7323771
1630679604842,7317722
1630679604882,7338895
1630679604922,7338790
1630679604962,7339781
1630679605002,7342754
1630679605042,7355791
1630679605082,7357303
1630679605122,7355582
1630679605162,7351045
1630679605202,7340042
1630679605242,7331333
1630679605282,7334410
1630679605322,7334983
1630679605362,7327057
1630679605402,7326952
1630679605442,7316574
1630679605482,7317878
1630679605522,7323771
1630679605562,7328047
1630679605602,7325805
1630679605642,7318243
1630679605682,7270109
1630679605722,7300304
1630679605762,7310212
1630679605802,7309639
1630679605842,7312768
1630679605882,7329038
1630679605922,7344944
1630679605962,7342128
1630679606002,7340928
1630679606042,7343536
1630679606082,7330290
1630679606122,7343484
1630679606162,7355113
1630679606202,7353288
1630679606242,7358868
1630679606282,7351097
1630679606322,7340198
1630679606362,7343536
1630679606402,7350002
1630679606442,7347656
1630679606482,7335140
1630679606522,7320225
1630679606562,7340146
1630679606602,7340303
1630679606642,7328569
1630679606682,7324710
1630679606722,7331959
1630679606762,7337382
1630679606802,7334931
1630679606842,7330342
1630679606882,7327891
1630679606922,7314437
1630679606962,7317826
1630679607002,7327630
1630679607042,7323250
1630679607082,7323302
1630679607122,7316731
1630679607162,7318035
1630679607202,7330185
1630679607242,7334357
1630679607282,7333732
1630679607322,7329455
1630679607362,7318087
1630679607402,7339207
1630679607442,7339260
1630679607482,7337226
1630679607522,7341293
1630679607562,7351462
1630679607602,7360641
1630679607642,7363665
1630679607682,7360380
1630679607722,7352505
1630679607762,7336495
1630679607802,7349585
1630679607842,7351827
1630679607882,7347968
1630679607922,7345987
1630679607962,7337278
1630679608002,7333836
1630679608042,7338895
1630679608082,7340615
1630679608122,7338581
1630679608162,7324918
1630679608202,7306197
1630679608242,7325753
1630679608282,7325179
1630679608322,7316418
1630679608362,7313185
1630679608402,7323510
1630679608442,7330551
1630679608482,7327578
1630679608522,7324606
1630679608562,7324553
1630679608602,7306718
1630679608642,7299574
1630679608682,7313758
1630679608722,7315792
1630679608762,7316522
1630679608802,7314332
1630679608842,7312194
1630679608882,7324710
1630679608922,7331489
1630679608962,7332011
1630679609002,7329455
1630679609042,7321424
1630679609082,7330916
1630679609122,7330498
1630679609162,7317565
1630679609202,7320798
1630679609242,7329716
1630679609282,7339468
1630679609322,7340772
1630679609362,7339520
1630679609402,7336913
1630679609442,7323667
1630679609482,7314854
1630679609522,7329873
1630679609562,7326796
1630679609602,7320277
1630679609642,7311672
1630679609682,7310369
1630679609722,7320486
1630679609762,7325857
1630679609802,7324710
1630679609842,7319808
1630679609882,7298583
1630679609922,7285441
1630679609962,7308544
1630679610002,7306614
1630679610042,7312768
1630679610082,7325075
1630679610122,7342180
1630679610162,7349950
1630679610202,7351202
1630679610242,7349585
1630679610282,7331802
1630679610322,7333679
1630679610362,7344005
1630679610402,7343901
1630679610442,7345205
1630679610482,7341554
1630679610522,7338738
1630679610562,7347082
1630679610602,7350680
1630679610642,7348751
1630679610682,7344840
1630679610722,7334931
1630679610762,7340928
1630679610802,7344162
1630679610842,7330133
1630679610882,7323563
1630679610922,7329977
1630679610962,7339416
1630679611002,7338425
1630679611042,7335401
1630679611082,7336183
1630679611122,7324241
1630679611162,7311464
1630679611202,7321164
1630679611242,7318504
1630679611282,7317826
1630679611322,7314645
1630679611362,7320642
1630679611402,7329977
1630679611442,7333367
1630679611482,7333628
1630679611522,7328256
1630679611562,7309326
1630679611602,7325909
1630679611642,7331124
1630679611682,7333002
1630679611722,7340407
1630679611762,7346665
1630679611802,7353861
1630679611842,7358503
1630679611882,7357668
1630679611922,7353340
1630679611962,7341554
1630679612002,7344214
1630679612042,7350993
1630679612082,7343066
1630679612122,7337852
1630679612162,7331698
1630679612202,7323041
1630679612242,7327839
1630679612282,7329455
1630679612322,7329195
1630679612362,7323354
1630679612402,7300200
1630679612442,7257907
1630679612482,7307918
1630679612522,7305675
1630679612562,7312246
1630679612602,7322363
1630679612642,7333002
1630679612682,7340355
1630679612722,7344057
1630679612762,7348959
1630679612802,7336079
1630679612842,7323563
1630679612882,7344527
1630679612922,7353705
1630679612962,7352714
1630679613002,7346404
1630679613042,7340094
1630679613082,7340094
1630679613122,7343014
1630679613162,7343744
1630679613202,7338008
1630679613242,7316418
1630679613282,7316366
1630679613322,7331959
1630679613362,7321946
1630679613402,7316210
1630679613442,7321529
1630679613482,7329820
1630679613522,7329508
1630679613562,7324971
1630679613602,7324397
1630679613642,7309899
1630679613682,7293785
1630679613722,7313915
1630679613762,7315375
1630679613802,7311464
1630679613842,7311986
1630679613882,7315688
1630679613922,7325649
1630679613962,7330968
1630679614002,7333732
1630679614042,7323406
1630679614082,7319339
1630679614122,7340980
1630679614162,7331177
1630679614202,7323458
1630679614242,7329195
1630679614282,7340250
1630679614322,7343692
1630679614362,7342128
1630679614402,7339677
1630679614442,7326639
1630679614482,7312403
1630679614522,7317618
1630679614562,7321007
1630679614602,7314749
1630679614642,7313394
1630679614682,7310421
1630679614722,7315427
1630679614762,7318191
1630679614802,7321059
1630679614842,7320382
1630679614882,7301556
1630679614922,7302755
1630679614962,7319651
1630679615002,7315427
1630679615042,7316939
1630679615082,7334566
1630679615122,7350889
1630679615162,7356834
1630679615202,7355947
1630679615242,7353966
1630679615282,7333888
1630679615322,7348959
1630679615362,7352766
1630679615402,7343640
1630679615442,7336913
1630679615482,7329351
1630679615522,7325753
1630679615562,7331750
1630679615602,7332949
1630679615642,7330968
1630679615682,7321581
1630679615722,7302338
1630679615762,7318869
1630679615802,7323041
1630679615842,7312142
1630679615882,7311672
1630679615922,7321268
1630679615962,7323406
1630679616002,7321372
1630679616042,7322989
1630679616082,7318765
1630679616122,7300617
1630679616162,7303120
1630679616202,7315531
1630679616242,7319599
1630679616282,7319964
1630679616322,7317670
1630679616362,7324345
1630679616402,7331646
1630679616442,7336913
1630679616482,7336861
1630679616522,7321581
1630679616562,7322520
1630679616602,7339677
1630679616642,7333732
1630679616682,7329977
1630679616722,7329612
1630679616762,7334722
1630679616802,7338373
1630679616842,7339312
1630679616882,7335713
1630679616922,7325492
1630679616962,7313446
1630679617002,7321007
1630679617042,7329925
1630679617082,7323250
1630679617122,7316783
1630679617162,7309170
1630679617202,7312715
1630679617242,7323093
1630679617282,7327317
1630679617322,7324710
1630679617362,7311464
1630679617402,7297540
1630679617442,7326326
1630679617482,7323980
1630679617522,7328360
1630679617562,7334045
1630679617602,7346143
1630679617642,7353235
1630679617682,7351306
1630679617722,7353757
1630679617762,7351306
1630679617802,7342493
1630679617842,7361006
1630679617882,7365439
1630679617922,7356886
1630679617962,7348803
1630679618002,7333158
1630679618042,7329247
1630679618082,7337121
1630679618122,7339260
1630679618162,7336287
1630679618202,7327839
1630679618242,7312455
1630679618282,7333993
1630679618322,7337747
1630679618362,7327839
1630679618402,7320538
1630679618442,7327265
1630679618482,7332376
1630679618522,7326431
1630679618562,7324136
1630679618602,7326222
1630679618642,7315166
1630679618682,7318817
1630679618722,7326744
1630679618762,7327526
1630679618802,7325649
1630679618842,7322676
1630679618882,7326014
1630679618922,7336026
1630679618962,7341606
1630679619002,7341658
1630679619042,7330603
1630679619082,7331541
1630679619122,7345309
1630679619162,7337434
1630679619202,7334410
1630679619242,7334305
1630679619282,7342284
1630679619322,7346873
1630679619362,7345048
1630679619402,7341346
1630679619442,7331020
1630679619482,7316470
1630679619522,7321424
1630679619562,7326744
1630679619602,7321112
1630679619642,7318973
1630679619682,7315740
1630679619722,7318139
1630679619762,7321998
1630679619802,7323250
1630679619842,7318608
1630679619882,7299835
1630679619922,7306562
1630679619962,7319286
1630679620002,7319390
1630679620042,7323145
1630679620082,7332376
1630679620122,7344579
1630679620162,7348333
1630679620202,7347499
1630679620242,7350784
1630679620282,7340459
1630679620322,7351462
1630679620362,7363874
1630679620402,7363092
1630679620442,7353131
1630679620482,7340094
1630679620522,7331124
1630679620562,7335244
1630679620602,7339677
1630679620642,7340355
1630679620682,7330290
1630679620722,7312559
1630679620762,7328465
1630679620802,7333784
1630679620842,7321737
1630679620882,7315845
1630679620922,7324553
1630679620962,7332636
1630679621002,7326431
1630679621042,7320694
1630679621082,7324345
1630679621122,7315427
1630679621162,7309899
1630679621202,7321946
1630679621242,7324971
1630679621282,7322207
1630679621322,7319964
1630679621362,7319443
1630679621402,7331959
1630679621442,7341033
1630679621482,7341867
1630679621522,7334722
1630679621562,7325388
1630679621602,7346821
1630679621642,7341554
1630679621682,7332897
1630679621722,7328725
1630679621762,7337173
1630679621802,7342597
1630679621842,7341502
1630679621882,7338112
1630679621922,7331959
1630679621962,7323354
1630679622002,7330655
1630679622042,7338164
1630679622082,7331959
1630679622122,7324866
1630679622162,7314802
1630679622202,7317878
1630679622242,7324397
1630679622282,7326692
1630679622322,7325596
1630679622362,7313133
1630679622402,7285806
1630679622442,7325075
1630679622482,7319130
1630679622522,7316366
1630679622562,7328412
1630679622602,7344057
1630679622642,7344683
1630679622682,7347447
1630679622722,7352245
1630679622762,7349689
1630679622802,7368828
1630679622842,7374200
1630679622882,7369663
1630679622922,7370862
1630679622962,7357355
1630679623002,7342910
1630679623042,7347343
1630679623082,7352192
1630679623122,7350211
1630679623162,7340563
1630679623202,7322937
1630679623242,7335713
1630679623282,7340772
1630679623322,7330029
1630679623362,7325179
1630679623402,7327891
1630679623442,7335087
1630679623482,7332428
1630679623522,7327369
1630679623562,7327109
1630679623602,7319860
1630679623642,7317148
1630679623682,7324553
1630679623722,7328569
1630679623762,7323510
1630679623802,7322780
1630679623842,7323198
1630679623882,7333262
1630679623922,7339572
1630679623962,7341815
1630679624002,7332949
1630679624042,7322311
1630679624082,7344996
1630679624122,7343692
1630679624162,7347656
1630679624202,7345987
1630679624242,7348386
1630679624282,7351880
1630679624322,7352923
1630679624362,7346665
1630679624402,7343431
1630679624442,7333679
1630679624482,7330707
1630679624522,7339416
1630679624562,7337487
1630679624602,7334983
1630679624642,7323928
1630679624682,7316574
1630679624722,7321737
1630679624762,7326170
1630679624802,7324084
1630679624842,7320225
1630679624882,7306510
1630679624922,7300513
1630679624962,7322467
1630679625002,7323928
1630679625042,7323041
1630679625082,7330551
1630679625122,7343744
1630679625162,7349846
1630679625202,7347499
1630679625242,7348855
1630679625282,7336861
1630679625322,7346925
1630679625362,7358711
1630679625402,7363822
1630679625442,7360119
1630679625482,7339468
1630679625522,7328673
1630679625562,7338060
1630679625602,7342389
1630679625642,7339207
1630679625682,7330759
1630679625722,7317409
1630679625762,7323980
1630679625802,7323198
1630679625842,7323093
1630679625882,7320590
1630679625922,7323458
1630679625962,7327422
1630679626002,7325440
1630679626042,7326014
1630679626082,7327943
1630679626122,7312663
1630679626162,7313133
1630679626202,7321998
1630679626242,7316210
1630679626282,7315427
1630679626322,7316992
1630679626362,7324658
1630679626402,7333679
1630679626442,7339677
1630679626482,7342389
1630679626522,7335453
1630679626562,7332897
1630679626602,7347082
1630679626642,7340980
1630679626682,7328100
1630679626722,7331646
1630679626762,7343692
1630679626802,7343484
1630679626842,7343119
1630679626882,7341658
1630679626922,7331750
1630679626962,7327213
1630679627002,7330863
1630679627042,7330811
1630679627082,7325127
1630679627122,7317305
1630679627162,7316992
1630679627202,7324553
1630679627242,7330446
1630679627282,7330551
1630679627322,7324084
1630679627362,7306875
1630679627402,7317461
1630679627442,7324449
1630679627482,7323875
1630679627522,7326326
1630679627562,7340459
1630679627602,7352714
1630679627642,7350680
1630679627682,7350367
1630679627722,7352140
1630679627762,7350993
1630679627802,7359389
1630679627842,7373991
1630679627882,7369089
1630679627922,7356886
1630679627962,7340146
1630679628002,7340250
1630679628042,7345413
1630679628082,7348594
1630679628122,7344057
1630679628162,7330133
1630679628202,7325961
1630679628242,7349429
1630679628282,7336183
1630679628322,7322259
1630679628362,7322728
1630679628402,7336548
1630679628442,7330603
1630679628482,7320590
1630679628522,7322885
1630679628562,7318347
1630679628602,7292638
1630679628642,7302390
1630679628682,7311568
1630679628722,7314541
1630679628762,7319286
1630679628802,7320382
1630679628842,7332115
1630679628882,7343744
1630679628922,7348699
1630679628962,7341763
1630679629002,7328882
1630679629042,7346404
1630679629082,7345882
1630679629122,7346039
1630679629162,7346925
1630679629202,7355999
1630679629242,7368463
1630679629282,7366169
1630679629322,7365699
1630679629362,7366586
1630679629402,7354122
1630679629442,7366847
1630679629482,7381344
1630679629522,7383638
1630679629562,7384003
1630679629602,7367577
1630679629642,7356260
1630679629682,7358607
1630679629722,7363822
1630679629762,7359754
1630679629802,7353288
1630679629842,7354070
1630679629882,7366012
1630679629922,7356052
1630679629962,7335036
1630679630002,7327734
1630679630042,7339312
1630679630082,7346925
1630679630122,7340511
1630679630162,7335557
1630679630202,7332532
1630679630242,7318973
1630679630282,7320851
1630679630322,7326848
1630679630362,7321268
1630679630402,7319704
1630679630442,7319808
1630679630482,7327526
1630679630522,7333888
1630679630562,7340772
1630679630602,7338790
1630679630642,7326952
1630679630682,7319860
1630679630722,7340407
1630679630762,7336130
1630679630802,7339781
1630679630842,7344214
1630679630882,7356678
1630679630922,7362883
1630679630962,7359859
1630679631002,7356938
1630679631042,7345987
1630679631082,7341763
1630679631122,7338425
1630679631162,7336391
1630679631202,7333523
1630679631242,7328934
1630679631282,7325440
1630679631322,7332741
1630679631362,7336809
1630679631402,7336026
1630679631442,7329299
1630679631482,7313237
1630679631522,7269275
1630679631562,7319912
1630679631602,7318347
1630679631642,7313811
1630679631682,7324345
1630679631722,7345882
1630679631762,7344266
1630679631802,7346978
1630679631842,7350941
1630679631882,7333784
1630679631922,7337538
1630679631962,7346873
1630679632002,7350680
1630679632042,7354696
1630679632082,7352505
1630679632122,7345517
1630679632162,7349846
1630679632202,7354435
1630679632242,7349898
1630679632282,7337121
1630679632322,7329508
1630679632362,7346508
1630679632402,7339103
1630679632442,7329508
1630679632482,7324814
1630679632522,7333054
1630679632562,7338008
1630679632602,7333732
1630679632642,7330133
1630679632682,7327943
1630679632722,7310629
1630679632762,7317096
1630679632802,7327734
1630679632842,7324449
1630679632882,7322676
1630679632922,7319651
1630679632962,7325544
1630679633002,7333210
1630679633042,7340355
1630679633082,7338008
1630679633122,7324397
1630679633162,7334670
1630679633202,7346143
1630679633242,7335713
1630679633282,7333836
1630679633322,7340042
1630679633362,7347656
1630679633402,7347603
1630679633442,7340772
1630679633482,7333575
1630679633522,7319704
1630679633562,7320173
1630679633602,7326900
1630679633642,7319964
1630679633682,7319756
1630679633722,7318191
1630679633762,7321790
1630679633802,7324658
1630679633842,7327943
1630679633882,7318452
1630679633922,7286328
1630679633962,7293681
1630679634002,7298062
1630679634042,7304111
1630679634082,7324971
1630679634122,7342545
1630679634162,7343744
1630679634202,7355739
1630679634242,7354748
1630679634282,7347760
1630679634322,7349481
1630679634362,7360902
1630679634402,7355686
1630679634442,7343536
1630679634482,7338477
1630679634522,7344266
1630679634562,7340720
1630679634602,7332793
1630679634642,7332480
1630679634682,7329925
1630679634722,7331385
1630679634762,7343066
1630679634802,7347708
1630679634842,7341450
1630679634882,7341293
1630679634922,7321685
1630679634962,7310786
1630679635002,7320538
1630679635042,7322885
1630679635082,7317982
1630679635122,7317931
1630679635162,7320538
1630679635202,7332845
1630679635242,7340615
1630679635282,7343014
1630679635322,7331072
1630679635362,7327891
1630679635402,7355895
1630679635442,7354174
1630679635482,7354696
1630679635522,7353548
1630679635562,7355478
1630679635602,7355895
1630679635642,7353653
1630679635682,7347864
1630679635722,7329925
1630679635762,7344683
1630679635802,7344370
1630679635842,7337278
1630679635882,7327265
1630679635922,7324918
1630679635962,7321424
1630679636002,7324345
1630679636042,7325753
1630679636082,7328256
1630679636122,7321790
1630679636162,7306614
1630679636202,7324918
1630679636242,7329560
1630679636282,7323250
1630679636322,7328100
1630679636362,7345152
1630679636402,7347499
1630679636442,7342284
1630679636482,7346613
1630679636522,7339572
1630679636562,7360015
1630679636602,7371018
1630679636642,7374617
1630679636682,7363092
1630679636722,7345309
1630679636762,7333836
1630679636802,7337487
1630679636842,7342649
1630679636882,7343379
1630679636922,7333836
1630679636962,7316366
1630679637002,7334670
1630679637042,7336130
1630679637082,7323667
1630679637122,7318869
1630679637162,7330081
1630679637202,7330655
1630679637242,7324658
1630679637282,7324658
1630679637322,7313967
1630679637362,7312768
1630679637402,7320225
1630679637442,7324553
1630679637482,7320798
1630679637522,7321372
1630679637562,7323302
1630679637602,7332845
1630679637642,7339520
1630679637682,7342128
1630679637722,7332167
1630679637762,7330498
1630679637802,7355321
1630679637842,7350159
1630679637882,7345152
1630679637922,7343014
1630679637962,7350680
1630679638002,7353913
1630679638042,7349585
1630679638082,7346717
1630679638122,7330238
1630679638162,7337591
1630679638202,7338269
1630679638242,7334357
1630679638282,7325179
1630679638322,7323458
1630679638362,7320903
1630679638402,7323510
1630679638442,7327578
1630679638482,7328517
1630679638522,7314123
1630679638562,7300878
1630679638602,7327578
1630679638642,7327787
1630679638682,7329977
1630679638722,7339207
1630679638762,7351827
1630679638802,7351827
1630679638842,7352401
1630679638882,7349898
1630679638922,7338634
1630679638962,7356834
1630679639002,7365386
1630679639042,7357564
1630679639082,7348177
1630679639122,7338634
1630679639162,7340094
1630679639202,7342806
1630679639242,7346456
1630679639282,7339781
1630679639322,7320225
1630679639362,7323406
1630679639402,7331594
1630679639442,7322155
1630679639482,7318713
1630679639522,7327161
1630679639562,7334201
1630679639602,7329403
1630679639642,7323510
1630679639682,7321372
1630679639722,7308752
1630679639762,7309013
1630679639802,7322363
1630679639842,7320069
1630679639882,7314332
1630679639922,7316574
1630679639962,7324241
1630679640002,7332741
1630679640042,7337852
1630679640082,7334827
1630679640122,7320538
1630679640162,7336809
1630679640202,7349846
1630679640242,7348386
1630679640282,7346925
1630679640322,7351880
1630679640362,7356729
1630679640402,7354331
1630679640442,7350211
1630679640482,7338946
1630679640522,7331385
1630679640562,7341137
1630679640602,7343379
1630679640642,7330707
1630679640682,7325440
1630679640722,7323615
1630679640762,7324918
1630679640802,7328517
1630679640842,7328569
1630679640882,7323510
1630679640922,7310995
1630679640962,7316262
1630679641002,7325388
1630679641042,7322572
1630679641082,7326587
1630679641122,7340355
1630679641162,7349011
1630679641202,7349794
1630679641242,7351984
1630679641282,7336861
1630679641322,7349794
1630679641362,7357772
1630679641402,7354122
1630679641442,7348699
1630679641482,7343223
1630679641522,7339103
1630679641562,7342910
1630679641602,7345726
1630679641642,7342806
1630679641682,7326587
1630679641722,7327630
1630679641762,7341867
1630679641802,7330342
1630679641842,7325388
1630679641882,7329873
1630679641922,7339207
1630679641962,7337226
1630679642002,7333262
1630679642042,7330029
1630679642082,7313706
1630679642122,7310942
1630679642162,7325544
1630679642202,7322102
1630679642242,7320069
1630679642282,7321998
1630679642322,7329873
1630679642362,7338164
1630679642402,7343171
1630679642442,7339312
1630679642482,7322885
1630679642522,7340355
1630679642562,7348229
1630679642602,7346352
1630679642642,7340563
1630679642682,7345726
1630679642722,7350002
1630679642762,7345570
1630679642802,7343744
1630679642842,7335296
1630679642882,7327057
1630679642922,7339468
1630679642962,7344944
1630679643002,7336026
1630679643042,7329925
1630679643082,7322155
1630679643122,7318765
1630679643162,7321581
1630679643202,7326587
1630679643242,7324918
1630679643282,7317774
1630679643322,7324606
1630679643362,7338738
1630679643402,7336026
1630679643442,7336079
1630679643482,7343379
1630679643522,7348907
1630679643562,7345413
1630679643602,7348073
1630679643642,7346769
1630679643682,7336756
1630679643722,7349950
1630679643762,7364604
1630679643802,7364604
1630679643842,7357043
1630679643882,7344318
1630679643922,7335818
1630679643962,7336861
1630679644002,7339520
1630679644042,7341711
1630679644082,7332585
1630679644122,7331959
1630679644162,7342389
1630679644202,7336756
1630679644242,7335244
1630679644282,7334618
1630679644322,7337487
1630679644362,7336548
1630679644402,7337799
1630679644442,7334149
1630679644482,7319390
1630679644522,7320955
1630679644562,7332689
1630679644602,7331541
1630679644642,7329247
1630679644682,7331333
1630679644722,7331228
1630679644762,7331228
1630679644802,7336026
1630679644842,7342389
1630679644882,7343431
1630679644922,7340615
1630679644962,7351775
1630679645002,7370497
1630679645042,7369663
1630679645082,7365386
1630679645122,7363874
1630679645162,7366534
1630679645202,7364552
1630679645242,7360223
1630679645282,7358137
1630679645322,7358033
1630679645362,7348386
1630679645402,7341658
1630679645442,7345465
1630679645482,7344318
1630679645522,7344057
1630679645562,7342806
1630679645602,7337904
1630679645642,7333419
1630679645682,7332011
1630679645722,7330968
1630679645762,7328204
1630679645802,7322728
1630679645842,7321581
1630679645882,7323823
1630679645922,7326222
1630679645962,7324293
1630679646002,7327369
1630679646042,7333523
1630679646082,7339260
1630679646122,7339938
1630679646162,7342389
1630679646202,7346404
1630679646242,7349533
1630679646282,7348281
1630679646322,7348281
1630679646362,7349272
1630679646402,7349637
1630679646442,7347134
1630679646482,7352975
1630679646522,7355791
1630679646562,7329977
1630679646602,7324397
1630679646642,7361996
1630679646682,7340928
1630679646722,7340355
1630679646762,7336809
1630679646802,7336704
1630679646842,7335087
1630679646882,7329612
1630679646922,7323354
1630679646962,7319599
1630679647002,7319443
1630679647042,7316470
1630679647082,7316314
1630679647122,7320851
1630679647162,7328725
1630679647202,7331333
1630679647242,7331698
1630679647282,7328621
1630679647322,7327734
1630679647362,7327213
1630679647402,7325283
1630679647442,7325544
1630679647482,7328621
1630679647522,7333575
1630679647562,7335922
1630679647602,7332219
1630679647642,7338842
1630679647682,7346404
1630679647722,7343901
1630679647762,7351880
1630679647802,7354174
1630679647842,7351515
1630679647882,7347030
1630679647922,7345205
1630679647962,7345048
1630679648002,7347238
1630679648042,7343119
1630679648082,7337747
1630679648122,7330759
1630679648162,7326014
1630679648202,7323198
1630679648242,7319964
1630679648282,7318087
1630679648322,7319495
1630679648362,7320590
1630679648402,7319130
1630679648442,7318713
1630679648482,7320277
1630679648522,7322415
1630679648562,7324501
1630679648602,7325127
1630679648642,7325596
1630679648682,7326014
1630679648722,7327682
1630679648762,7330863
1630679648802,7331750
1630679648842,7332324
1630679648882,7336965
1630679648922,7340824
1630679648962,7343171
1630679649002,7343171
1630679649042,7342076
1630679649082,7340303
1630679649122,7338842
1630679649162,7337956
1630679649202,7337226
1630679649242,7336913
1630679649282,7334410
1630679649322,7329873
1630679649362,7326848
1630679649402,7325075
1630679649442,7322467
1630679649482,7323563
1630679649522,7323510
1630679649562,7324188
1630679649602,7324814
1630679649642,7323823
1630679649682,7322937
1630679649722,7321529
1630679649762,7318661
1630679649802,7317565
1630679649842,7317409
1630679649882,7316731
1630679649922,7317044
1630679649962,7318347
1630679650002,7320173
1630679650042,7320016
1630679650082,7317461
1630679650122,7322885
1630679650162,7330394
1630679650202,7331333
1630679650242,7330394
1630679650282,7331124
1630679650322,7335922
1630679650362,7343692
1630679650402,7347395
1630679650442,7353653
1630679650482,7357929
1630679650522,7357877
1630679650562,7353601
1630679650602,7349011
1630679650642,7347186
1630679650682,7346613
1630679650722,7351462
1630679650762,7359285
1630679650802,7365647
1630679650842,7360484
1630679650882,7353340
1630679650922,7349324
1630679650962,7346456
1630679651002,7344422
1630679651042,7344370
1630679651082,7346508
1630679651122,7347134
1630679651162,7341502
1630679651202,7340824
1630679651242,7343431
1630679651282,7343014
1630679651322,7337956
1630679651362,7332949
1630679651402,7329716
1630679651442,7327161
1630679651482,7327839
1630679651522,7327057
1630679651562,7329195
1630679651602,7327630
1630679651642,7326900
1630679651682,7326692
1630679651722,7325805
1630679651762,7324971
1630679651802,7324918
1630679651842,7326170
1630679651882,7326222
1630679651922,7327474
1630679651962,7329403
1630679652002,7332585
1630679652042,7334566
1630679652082,7336548
1630679652122,7337434
1630679652162,7337591
1630679652202,7339677
1630679652242,7339572
1630679652282,7340772
1630679652322,7340355
1630679652362,7339781
1630679652402,7338999
1630679652442,7336548
1630679652482,7334410
1630679652522,7335192
1630679652562,7336913
1630679652602,7342545
1630679652642,7349481
1630679652682,7354748
1630679652722,7358398
1630679652762,7361736
1630679652802,7363926
1630679652842,7367994
1630679652882,7370758
1630679652922,7375086
1630679652962,7376338
1630679653002,7376963
1630679653042,7380144
1630679653082,7382961
1630679653122,7388854
1630679653162,7398866
1630679653202,7398762
1630679653242,7391513
1630679653282,7383587
1630679653322,7379102
1630679653362,7376234
1630679653402,7375712
1630679653442,7375138
1630679653482,7373522
1630679653522,7371018
1630679653562,7368672
1630679653602,7366742
1630679653642,7366221
1630679653682,7366377
1630679653722,7365751
1630679653762,7365282
1630679653802,7364969
1630679653842,7364917
1630679653882,7363509
1630679653922,7363665
1630679653962,7362049
1630679654002,7362205
1630679654042,7362257
1630679654082,7365282
1630679654122,7370393
1630679654162,7375242
1630679654202,7377798
1630679654242,7381761
1630679654282,7386246
1630679654322,7388593
1630679654362,7391252
1630679654402,7393808
1630679654442,7395007
1630679654482,7398397
1630679654522,7400483
1630679654562,7401891
1630679654602,7402986
1630679654642,7404133
1630679654682,7402725
1630679654722,7402517
1630679654762,7400170
1630679654802,7397927
1630679654842,7395111
1630679654882,7391930
1630679654922,7388123
1630679654962,7386246
1630679655002,7385412
1630679655042,7383795
1630679655082,7382387
1630679655122,7381657
1630679655162,7380093
1630679655202,7379414
1630679655242,7378163
1630679655282,7376963
1630679655322,7375242
1630679655362,7374147
1630679655402,7371801
1630679655442,7370862
1630679655482,7370340
1630679655522,7369558
1630679655562,7368098
1630679655602,7366429
1630679655642,7365855
1630679655682,7364343
1630679655722,7364187
1630679655762,7363770
1630679655802,7363144
1630679655842,7363300
1630679655882,7365334
1630679655922,7366377
1630679655962,7368202
1630679656002,7370236
1630679656042,7372479
1630679656082,7376181
1630679656122,7378006
1630679656162,7381292
1630679656202,7384682
1630679656242,7387967
1630679656282,7390262
1630679656322,7392973
1630679656362,7396572
1630679656402,7398658
1630679656442,7400587
1630679656482,7403194
1630679656522,7402829
1630679656562,7399753
1630679656602,7397980
1630679656642,7394694
1630679656682,7392243
1630679656722,7389636
1630679656762,7387915
1630679656802,7386611
1630679656842,7384838
1630679656882,7383274
1630679656922,7381448
1630679656962,7380040
1630679657002,7377850
1630679657042,7376651
1630679657082,7374669
1630679657122,7373104
1630679657162,7371905
1630679657202,7370653
1630679657242,7370028
1630679657282,7368046
1630679657322,7367368
1630679657362,7365699
1630679657402,7366273
1630679657442,7367212
1630679657482,7368255
1630679657522,7370601
1630679657562,7374147
1630679657602,7375868
1630679657642,7378685
1630679657682,7382283
1630679657722,7384995
1630679657762,7387289
1630679657802,7391096
1630679657842,7393651
1630679657882,7397197
1630679657922,7400066
1630679657962,7402151
1630679658002,7405489
1630679658042,7408566
1630679658082,7408149
1630679658122,7407002
1630679658162,7403299
1630679658202,7399961
1630679658242,7397719
1630679658282,7395529
1630679658322,7393703
1630679658362,7391722
1630679658402,7390209
1630679658442,7388697
1630679658482,7385516
1630679658522,7384473
1630679658562,7381709
1630679658602,7380197
1630679658642,7378371
1630679658682,7377068
1630679658722,7374408
1630679658762,7372687
1630679658802,7371644
1630679658842,7370184
1630679658882,7368776
1630679658922,7367785
1630679658962,7366638
1630679659002,7367107
1630679659042,7367577
1630679659082,7368463
1630679659122,7370497
1630679659162,7373104
1630679659202,7373782
1630679659242,7376390
1630679659282,7379310
1630679659322,7380562
1630679659362,7384056
1630679659402,7387446
1630679659442,7390418
1630679659482,7391722
1630679659522,7392713
1630679659562,7393338
1630679659602,7393234
1630679659642,7392973
1630679659682,7392973
1630679659722,7392400
1630679659762,7392348
1630679659802,7390783
1630679659842,7389897
1630679659882,7389688
1630679659922,7387080
1630679659962,7385777
1630679660002,7383847
1630679660042,7382804
1630679660082,7381657
1630679660122,7380249
1630679660162,7378945
1630679660202,7377433
1630679660242,7376546
1630679660282,7373730
1630679660322,7372896
1630679660362,7371279
1630679660402,7369506
1630679660442,7367629
1630679660482,7366064
1630679660522,7365595
1630679660562,7364083
1630679660602,7362257
1630679660642,7361371
1630679660682,7360432
1630679660722,7360693
1630679660762,7361945
1630679660802,7363770
1630679660842,7366377
1630679660882,7368515
1630679660922,7370810
1630679660962,7374095
1630679661002,7377172
1630679661042,7380249
1630679661082,7384212
1630679661122,7387237
1630679661162,7390418
1630679661202,7393703
1630679661242,7395424
1630679661282,7397249
1630679661322,7400900
1630679661362,7402308
1630679661402,7404394
1630679661442,7404081
1630679661482,7402777
1630679661522,7400274
1630679661562,7398136
1630679661602,7394590
1630679661642,7391670
1630679661682,7389323
1630679661722,7388332
1630679661762,7385255
1630679661802,7385881
1630679661842,7386194
1630679661882,7384890
1630679661922,7384317
1630679661962,7383534
1630679662002,7381866
1630679662042,7379884
1630679662082,7376859
1630679662122,7372374
1630679662162,7366794
1630679662202,7361214
1630679662242,7356417
1630679662282,7352401
1630679662322,7350367
1630679662362,7349689
1630679662402,7349950
1630679662442,7352505
1630679662482,7355113
1630679662522,7358711
1630679662562,7363665
1630679662602,7367212
1630679662642,7368463
1630679662682,7370706
1630679662722,7373157
1630679662762,7378893
1630679662802,7388332
1630679662842,7398553
1630679662882,7407053
1630679662922,7409087
1630679662962,7408201
1630679663002,7406688
1630679663042,7406532
1630679663082,7409400
1630679663122,7413364
1630679663162,7415815
1630679663202,7417379
1630679663242,7417118
1630679663282,7416075
1630679663322,7416910
1630679663362,7419622
1630679663402,7421082
1630679663442,7424836
1630679663482,7430208
1630679663522,7436935
1630679663562,7445279
1630679663602,7451381
1630679663642,7453206
1630679663682,7446374
1630679663722,7441264
1630679663762,7436153
1630679663802,7434328
1630679663842,7429791
1630679663882,7423898
1630679663922,7419674
1630679663962,7417692
1630679664002,7414876
1630679664042,7411904
1630679664082,7410026
1630679664122,7409818
1630679664162,7409870
1630679664202,7408410
1630679664242,7408305
1630679664282,7407419
1630679664322,7404916
1630679664362,7402725
1630679664402,7402100
1630679664442,7398970
1630679664482,7397771
1630679664522,7396937
1630679664562,7396154
1630679664602,7395476
1630679664642,7395529
1630679664682,7393912
1630679664722,7392452
1630679664762,7391096
1630679664802,7390209
1630679664842,7389062
1630679664882,7387967
1630679664922,7387080
1630679664962,7386246
1630679665002,7385568
1630679665042,7383378
1630679665082,7382491
1630679665122,7380979
1630679665162,7379832
1630679665202,7378789
1630679665242,7378371
1630679665282,7377746
1630679665322,7377642
1630679665362,7376963
1630679665402,7377954
1630679665442,7378059
1630679665482,7378111
1630679665522,7378371
1630679665562,7379102
1630679665602,7378476
1630679665642,7379154
1630679665682,7378945
1630679665722,7379154
1630679665762,7378945
1630679665802,7378945
1630679665842,7378059
1630679665882,7377537
1630679665922,7376755
1630679665962,7376703
1630679666002,7376859
1630679666042,7376598
1630679666082,7377120
1630679666122,7377276
1630679666162,7378111
1630679666202,7378267
1630679666242,7378893
1630679666282,7380927
1630679666322,7383065
1630679666362,7384786
1630679666402,7387446
1630679666442,7389949
1630679666482,7392295
1630679666522,7395164
1630679666562,7398188
1630679666602,7400692
1630679666642,7403455
1630679666682,7404185
1630679666722,7406271
1630679666762,7407940
1630679666802,7407210
1630679666842,7405228
1630679666882,7402569
1630679666922,7400222
1630679666962,7397041
1630679667002,7395111
1630679667042,7393547
1630679667082,7392139
1630679667122,7389688
1630679667162,7388280
1630679667202,7386507
1630679667242,7385099
1630679667282,7384473
1630679667322,7382283
1630679667362,7380249
1630679667402,7379154
1630679667442,7378006
1630679667482,7375920
1630679667522,7374252
1630679667562,7372426
1630679667602,7371592
1630679667642,7370706
1630679667682,7369350
1630679667722,7368672
1630679667762,7368150
1630679667802,7368202
1630679667842,7369193
1630679667882,7371227
1630679667922,7373887
1630679667962,7376129
1630679668002,7377954
1630679668042,7381083
1630679668082,7383482
1630679668122,7384577
1630679668162,7387237
1630679668202,7388645
1630679668242,7390887
1630679668282,7394433
1630679668322,7397093
1630679668362,7399127
1630679668402,7402100
1630679668442,7404968
1630679668482,7406636
1630679668522,7408618
1630679668562,7408149
1630679668602,7407210
1630679668642,7406115
1630679668682,7404498
1630679668722,7402777
1630679668762,7399753
1630679668802,7398397
1630679668842,7397197
1630679668882,7394955
1630679668922,7392504
1630679668962,7391096
1630679669002,7388697
1630679669042,7387446
1630679669082,7386090
1630679669122,7384786
1630679669162,7382126
1630679669202,7381605
1630679669242,7380614
1630679669282,7378267
1630679669322,7377120
1630679669362,7374565
1630679669402,7373209
1630679669442,7372009
1630679669482,7370914
1630679669522,7369298
1630679669562,7368046
1630679669602,7367942
1630679669642,7367003
1630679669682,7366690
1630679669722,7366951
1630679669762,7368776
1630679669802,7371279
1630679669842,7373834
1630679669882,7375660
1630679669922,7379050
1630679669962,7380979
1630679670002,7384473
1630679670042,7386194
1630679670082,7388280
1630679670122,7390939
1630679670162,7392504
1630679670202,7395111
1630679670242,7397562
1630679670282,7400483
1630679670322,7402151
1630679670362,7404029
1630679670402,7406845
1630679670442,7407419
1630679670482,7406741
1630679670522,7404759
1630679670562,7401578
1630679670602,7399284
1630679670642,7397302
1630679670682,7395268
1630679670722,7392400
1630679670762,7390522
1630679670802,7389271
1630679670842,7387863
1630679670882,7385777
1630679670922,7384264
1630679670962,7382335
1630679671002,7381970
1630679671042,7379779
1630679671082,7378736
1630679671122,7377746
1630679671162,7376234
1630679671202,7375608
1630679671242,7374512
1630679671282,7372531
1630679671322,7371383
1630679671362,7369871
1630679671402,7369558
1630679671442,7368515
1630679671482,7367159
1630679671522,7366951
1630679671562,7366794
1630679671602,7366794
1630679671642,7367785
1630679671682,7368567
1630679671722,7370393
1630679671762,7371696
1630679671802,7373417
1630679671842,7376442
1630679671882,7378476
1630679671922,7379467
1630679671962,7381970
1630679672002,7384577
1630679672042,7386194
1630679672082,7388488
1630679672122,7390627
1630679672162,7393286
1630679672202,7395476
1630679672242,7398345
1630679672282,7401474
1630679672322,7403299
1630679672362,7404237
1630679672402,7403299
1630679672442,7401735
1630679672482,7398397
1630679672522,7396050
1630679672562,7393860
1630679672602,7392504
1630679672642,7390992
1630679672682,7388697
1630679672722,7388176
1630679672762,7385777
1630679672802,7384838
1630679672842,7382230
1630679672882,7380718
1630679672922,7380197
1630679672962,7378789
1630679673002,7377798
1630679673042,7376546
1630679673082,7374721
1630679673122,7374617
1630679673162,7373730
1630679673202,7372009
1630679673242,7371018
1630679673282,7369923
1630679673322,7368098
1630679673362,7367472
1630679673402,7366847
1630679673442,7366273
1630679673482,7366325
1630679673522,7366951
1630679673562,7368567
1630679673602,7370549
1630679673642,7373209
1630679673682,7375190
1630679673722,7377693
1630679673762,7379623
1630679673802,7382022
1630679673842,7383743
1630679673882,7386037
1630679673922,7388280
1630679673962,7391617
1630679674002,7393808
1630679674042,7395894
1630679674082,7397823
1630679674122,7401526
1630679674162,7403299
1630679674202,7405802
1630679674242,7405959
1630679674282,7405854
1630679674322,7404968
1630679674362,7402777
1630679674402,7400274
1630679674442,7398501
1630679674482,7396259
1630679674522,7393599
1630679674562,7391722
1630679674602,7389271
1630679674642,7387602
1630679674682,7384942
1630679674722,7383326
1630679674762,7381396
1630679674802,7380301
1630679674842,7379258
1630679674882,7377642
1630679674922,7376285
1630679674962,7375034
1630679675002,7372635
1630679675042,7371696
1630679675082,7369871
1630679675122,7368776
1630679675162,7367212
1630679675202,7366377
1630679675242,7366377
1630679675282,7365751
1630679675322,7365699
1630679675362,7366690
1630679675402,7368567
1630679675442,7369402
1630679675482,7370706
1630679675522,7372374
1630679675562,7375242
1630679675602,7377016
1630679675642,7379102
1630679675682,7382387
1630679675722,7384160
1630679675762,7385568
1630679675802,7388906
1630679675842,7391200
1630679675882,7393756
1630679675922,7395894
1630679675962,7398866
1630679676002,7401578
1630679676042,7403351
1630679676082,7404551
1630679676122,7404394
1630679676162,7401578
1630679676202,7399023
1630679676242,7396728
1630679676282,7396624
1630679676322,7394903
1630679676362,7394486
1630679676402,7392556
1630679676442,7391774
1630679676482,7389844
1630679676522,7387654
1630679676562,7386454
1630679676602,7385464
1630679676642,7384682
1630679676682,7383795
1630679676722,7381970
1630679676762,7380979
1630679676802,7378371
1630679676842,7377381
1630679676882,7376285
1630679676922,7374930
1630679676962,7372791
1630679677002,7371957
1630679677042,7371592
1630679677082,7370653
1630679677122,7368932
1630679677162,7368150
1630679677202,7367733
1630679677242,7369037
1630679677282,7370393
1630679677322,7372009
1630679677362,7373782
1630679677402,7375138
1630679677442,7376859
1630679677482,7379414
1630679677522,7382283
1630679677562,7384003
1630679677602,7386246
1630679677642,7387915
1630679677682,7389844
1630679677722,7392973
1630679677762,7396050
1630679677802,7397354
1630679677842,7399753
1630679677882,7400743
1630679677922,7403925
1630679677962,7405333
1630679678002,7405802
1630679678042,7404237
1630679678082,7402204
1630679678122,7400796
1630679678162,7397980
1630679678202,7396154
1630679678242,7393912
1630679678282,7392608
1630679678322,7390262
1630679678362,7388541
1630679678402,7387028
1630679678442,7384525
1630679678482,7381866
1630679678522,7381136
1630679678562,7379519
1630679678602,7378789
1630679678642,7377902
1630679678682,7376859
1630679678722,7375764
1630679678762,7375034
1630679678802,7372844
1630679678842,7371957
1630679678882,7370028
1630679678922,7369558
1630679678962,7368567
1630679679002,7367681
1630679679042,7367577
1630679679082,7366273
1630679679122,7365960
1630679679162,7366325
1630679679202,7366847
1630679679242,7368255
1630679679282,7369089
1630679679322,7370758
1630679679362,7372114
1630679679402,7374982
1630679679442,7376807
1630679679482,7380353
1630679679522,7381918
1630679679562,7384734
1630679679602,7386976
1630679679642,7389271
1630679679682,7392452
1630679679722,7394173
1630679679762,7396154
1630679679802,7397667
1630679679842,7399179
1630679679882,7401474
1630679679922,7402308
1630679679962,7402621
1630679680002,7400274
1630679680042,7397927
1630679680082,7396102
1630679680122,7394381
1630679680162,7391878
1630679680202,7390470
1630679680242,7387706
1630679680282,7385725
1630679680322,7384525
1630679680362,7383795
1630679680402,7382022
1630679680442,7380718
1630679680482,7379727
1630679680522,7378267
1630679680562,7376807
1630679680602,7374930
1630679680642,7373417
1630679680682,7371853
1630679680722,7371123
1630679680762,7369089
1630679680802,7367837
1630679680842,7367681
1630679680882,7366690
1630679680922,7366116
1630679680962,7366586
1630679681002,7367472
1630679681042,7368672
1630679681082,7370236
1630679681122,7372844
1630679681162,7373678
1630679681202,7376963
1630679681242,7378163
1630679681282,7380666
1630679681322,7382856
1630679681362,7385203
1630679681402,7387393
1630679681442,7389844
1630679681482,7391774
1630679681522,7394538
1630679681562,7397093
1630679681602,7400222
1630679681642,7402517
1630679681682,7405020
1630679681722,7407471
1630679681762,7408096
1630679681802,7407732
1630679681842,7404342
1630679681882,7401109
1630679681922,7396676
1630679681962,7392869
1630679682002,7390001
1630679682042,7387341
1630679682082,7384786
1630679682122,7381866
1630679682162,7379414
1630679682202,7377693
1630679682242,7376077
1630679682282,7373313
1630679682322,7372426
1630679682362,7371018
1630679682402,7370706
1630679682442,7369506
1630679682482,7368620
1630679682522,7368150
1630679682562,7368567
1630679682602,7368098
1630679682642,7369037
1630679682682,7369610
1630679682722,7372114
1630679682762,7373417
1630679682802,7376234
1630679682842,7377068
1630679682882,7377276
1630679682922,7378789
1630679682962,7379050
1630679683002,7380405
1630679683042,7381187
1630679683082,7383847
1630679683122,7386142
1630679683162,7389010
1630679683202,7391513
1630679683242,7395059
1630679683282,7396154
1630679683322,7398605
1630679683362,7401891
1630679683402,7404759
1630679683442,7407002
1630679683482,7409244
1630679683522,7409870
1630679683562,7408670
1630679683602,7405854
1630679683642,7403612
1630679683682,7400639
1630679683722,7397458
1630679683762,7395894
1630679683802,7392817
1630679683842,7390992
1630679683882,7388645
1630679683922,7388749
1630679683962,7388384
1630679684002,7387185
1630679684042,7385307
1630679684082,7384629
1630679684122,7382909
1630679684162,7380510
1630679684202,7378841
1630679684242,7376963
1630679684282,7374773
1630679684322,7372635
1630679684362,7370393
1630679684402,7369767
1630679684442,7368098
1630679684482,7367003
1630679684522,7366221
1630679684562,7365021
1630679684602,7364030
1630679684642,7364604
1630679684682,7365699
1630679684722,7366638
1630679684762,7367420
1630679684802,7369506
1630679684842,7373209
1630679684882,7375034
1630679684922,7377328
1630679684962,7380405
1630679685002,7380718
1630679685042,7383065
1630679685082,7385046
1630679685122,7387133
1630679685162,7389166
1630679685202,7391252
1630679685242,7394694
1630679685282,7395998
1630679685322,7397980
1630679685362,7400796
1630679685402,7401839
1630679685442,7402673
1630679685482,7403508
1630679685522,7404811
1630679685562,7406167
1630679685602,7407940
1630679685642,7407836
1630679685682,7407158
1630679685722,7405072
1630679685762,7403194
1630679685802,7401369
1630679685842,7398084
1630679685882,7395164
1630679685922,7392191
1630679685962,7390627
1630679686002,7388071
1630679686042,7386715
1630679686082,7384682
1630679686122,7383482
1630679686162,7382126
1630679686202,7381448
1630679686242,7380144
1630679686282,7378841
1630679686322,7376755
1630679686362,7375660
1630679686402,7374982
1630679686442,7374043
1630679686482,7373104
1630679686522,7372479
1630679686562,7371957
1630679686602,7372531
1630679686642,7371749
1630679686682,7370810
1630679686722,7369715
1630679686762,7368620
1630679686802,7368515
1630679686842,7367785
1630679686882,7368255
1630679686922,7367577
1630679686962,7366481
1630679687002,7365804
1630679687042,7364083
1630679687082,7363196
1630679687122,7361892
1630679687162,7360119
1630679687202,7358815
1630679687242,7357564
1630679687282,7356312
1630679687322,7356364
1630679687362,7356678
1630679687402,7357407
1630679687442,7358398
1630679687482,7360328
1630679687522,7361736
1630679687562,7363509
1630679687602,7365178
1630679687642,7367159
1630679687682,7368880
1630679687722,7370862
1630679687762,7373000
1630679687802,7375608
1630679687842,7377068
1630679687882,7379988
1630679687922,7380979
1630679687962,7382439
1630679688002,7384160
1630679688042,7385099
1630679688082,7386350
1630679688122,7387811
1630679688162,7389844
1630679688202,7391722
1630679688242,7393078
1630679688282,7394173
1630679688322,7394121
1630679688362,7391878
1630679688402,7388697
1630679688442,7386037
1630679688482,7384160
1630679688522,7381501
1630679688562,7379258
1630679688602,7377016
1630679688642,7376234
1630679688682,7374304
1630679688722,7372687
1630679688762,7371644
1630679688802,7370236
1630679688842,7369037
1630679688882,7367942
1630679688922,7367003
1630679688962,7365282
1630679689002,7363926
1630679689042,7362518
1630679689082,7361684
1630679689122,7361006
1630679689162,7359963
1630679689202,7359389
1630679689242,7358659
1630679689282,7357877
1630679689322,7357355
1630679689362,7357825
1630679689402,7357407
1630679689442,7356938
1630679689482,7357147
1630679689522,7357772
1630679689562,7357512
1630679689602,7357981
1630679689642,7357668
1630679689682,7357877
1630679689722,7358294
1630679689762,7358242
1630679689802,7357981
1630679689842,7357616
1630679689882,7357355
1630679689922,7356469
1630679689962,7355635
1630679690002,7355895
1630679690042,7355374
1630679690082,7355009
1630679690122,7354591
1630679690162,7354800
1630679690202,7354643
1630679690242,7354331
1630679690282,7354018
1630679690322,7353861
1630679690362,7353548
1630679690402,7354018
1630679690442,7355947
1630679690482,7358242
1630679690522,7360171
1630679690562,7361684
1630679690602,7362362
1630679690642,7364969
1630679690682,7367264
1630679690722,7369350
1630679690762,7371331
1630679690802,7371905
1630679690842,7373678
1630679690882,7375555
1630679690922,7377276
1630679690962,7379206
1630679691002,7381396
1630679691042,7382856
1630679691082,7385516
1630679691122,7386403
1630679691162,7387393
1630679691202,7386090
1630679691242,7382909
1630679691282,7380770
1630679691322,7379050
1630679691362,7377642
1630679691402,7375399
1630679691442,7373417
1630679691482,7372166
1630679691522,7370549
1630679691562,7369037
1630679691602,7368515
1630679691642,7367159
1630679691682,7365960
1630679691722,7363874
1630679691762,7362414
1630679691802,7361945
1630679691842,7360902
1630679691882,7359494
1630679691922,7357772
1630679691962,7356312
1630679692002,7356052
1630679692042,7355321
1630679692082,7354278
1630679692122,7354956
1630679692162,7354539
1630679692202,7355530
1630679692242,7357720
1630679692282,7358868
1630679692322,7360328
1630679692362,7362675
1630679692402,7365230
1630679692442,7367733
1630679692482,7370132
1630679692522,7373626
1630679692562,7373939
1630679692602,7376285
1630679692642,7379102
1630679692682,7380666
1630679692722,7382387
1630679692762,7384838
1630679692802,7387289
1630679692842,7388228
1630679692882,7390209
1630679692922,7391044
1630679692962,7389271
1630679693002,7386507
1630679693042,7384942
1630679693082,7383274
1630679693122,7381344
1630679693162,7379675
1630679693202,7378580
1630679693242,7376546
1630679693282,7374826
1630679693322,7372844
1630679693362,7371331
1630679693402,7370340
1630679693442,7369089
1630679693482,7369089
1630679693522,7366899
1630679693562,7366481
1630679693602,7365386
1630679693642,7362883
1630679693682,7362779
1630679693722,7360537
1630679693762,7358607
1630679693802,7358294
1630679693842,7356782
1630679693882,7354904
1630679693922,7354487
1630679693962,7354487
1630679694002,7354643
1630679694042,7355530
1630679694082,7358137
1630679694122,7359180
1630679694162,7361319
1630679694202,7362988
1630679694242,7365855
1630679694282,7367785
1630679694322,7368567
1630679694362,7370966
1630679694402,7373313
1630679694442,7374982
1630679694482,7376703
1630679694522,7378528
1630679694562,7381031
1630679694602,7382387
1630679694642,7384629
1630679694682,7386037
1630679694722,7389219
1630679694762,7389479
1630679694802,7390522
1630679694842,7389844
1630679694882,7389114
1630679694922,7387863
1630679694962,7386194
1630679695002,7384056
1630679695042,7382961
1630679695082,7380562
1630679695122,7379623
1630679695162,7378476
1630679695202,7375973
1630679695242,7374356
1630679695282,7372426
1630679695322,7371227
1630679695362,7370393
1630679695402,7369558
1630679695442,7367785
1630679695482,7366690
1630679695522,7366064
1630679695562,7364396
1630679695602,7363404
1630679695642,7361423
1630679695682,7360954
1630679695722,7359911
1630679695762,7359076
1630679695802,7358137
1630679695842,7357460
1630679695882,7355947
1630679695922,7355530
1630679695962,7354591
1630679696002,7354331
1630679696042,7354278
1630679696082,7354696
1630679696122,7355426
1630679696162,7357043
1630679696202,7358190
1630679696242,7359650
1630679696282,7361892
1630679696322,7364396
1630679696362,7365908
1630679696402,7367055
1630679696442,7369663
1630679696482,7371071
1630679696522,7372322
1630679696562,7373417
1630679696602,7376181
1630679696642,7378111
1630679696682,7380040
1630679696722,7380927
1630679696762,7382335
1630679696802,7384003
1630679696842,7386350
1630679696882,7387602
1630679696922,7389323
1630679696962,7389792
1630679697002,7387446
1630679697042,7385360
1630679697082,7383274
1630679697122,7380614
1630679697162,7379310
1630679697202,7377954
1630679697242,7375868
1630679697282,7374669
1630679697322,7373313
1630679697362,7371123
1630679697402,7370080
1630679697442,7368411
1630679697482,7367681
1630679697522,7366064
1630679697562,7365073
1630679697602,7363509
1630679697642,7362414
1630679697682,7361736
1630679697722,7360745
1630679697762,7359441
1630679697802,7358451
1630679697842,7357355
1630679697882,7356886
1630679697922,7355635
1630679697962,7354956
1630679698002,7355061
1630679698042,7355530
1630679698082,7356208
1630679698122,7357981
1630679698162,7359285
1630679698202,7360328
1630679698242,7361892
1630679698282,7363926
1630679698322,7366690
1630679698362,7368567
1630679698402,7370028
1630679698442,7371436
1630679698482,7374043
1630679698522,7375868
1630679698562,7377537
1630679698602,7379623
1630679698642,7381136
1630679698682,7383065
1630679698722,7385255
1630679698762,7387237
1630679698802,7388123
1630679698842,7390157
1630679698882,7389062
1630679698922,7387393
1630679698962,7386246
1630679699002,7384003
1630679699042,7382230
1630679699082,7380614
1630679699122,7378685
1630679699162,7376651
1630679699202,7375086
1630679699242,7373730
1630679699282,7372583
1630679699322,7370601
1630679699362,7368150
1630679699402,7367368
1630679699442,7365386
1630679699482,7363770
1630679699522,7363509
1630679699562,7361996
1630679699602,7360902
1630679699642,7359963
1630679699682,7359389
1630679699722,7357720
1630679699762,7357407
1630679699802,7356782
1630679699842,7355269
1630679699882,7355635
1630679699922,7354904
1630679699962,7355113
1630679700002,7356625
1630679700042,7357668
1630679700082,7359128
1630679700122,7360119
1630679700162,7361736
1630679700202,7362727
1630679700242,7365855
1630679700282,7367524
1630679700322,7367524
1630679700362,7369506
1630679700402,7371853
1630679700442,7373104
1630679700482,7375347
1630679700522,7377328
1630679700562,7379258
1630679700602,7380979
1630679700642,7383587
1630679700682,7385307
1630679700722,7386924
1630679700762,7388906
1630679700802,7387237
1630679700842,7385203
1630679700882,7382283
1630679700922,7381344
1630679700962,7378945
1630679701002,7377172
1630679701042,7375920
1630679701082,7374512
1630679701122,7372114
1630679701162,7370184
1630679701202,7368411
1630679701242,7367577
1630679701282,7365908
1630679701322,7364708
1630679701362,7363404
1630679701402,7361736
1630679701442,7361058
1630679701482,7359702
1630679701522,7359285
1630679701562,7357981
1630679701602,7356886
1630679701642,7356678
1630679701682,7355843
1630679701722,7355739
1630679701762,7355530
1630679701802,7356312
1630679701842,7357147
1630679701882,7357981
1630679701922,7359128
1630679701962,7360537
1630679702002,7362570
1630679702042,7363561
1630679702082,7365282
1630679702122,7367212
1630679702162,7369923
1630679702202,7371957
1630679702242,7373469
1630679702282,7376077
1630679702322,7377589
1630679702362,7380301
1630679702402,7382126
1630679702442,7384056
1630679702482,7386246
1630679702522,7387654
1630679702562,7386611
1630679702602,7383013
1630679702642,7381552
1630679702682,7378945
1630679702722,7376338
1630679702762,7373887
1630679702802,7372844
1630679702842,7370288
1630679702882,7368724
1630679702922,7366794
1630679702962,7365804
1630679703002,7363770
1630679703042,7362466
1630679703082,7361736
1630679703122,7361579
1630679703162,7359650
1630679703202,7358503
1630679703242,7357564
1630679703282,7357199
1630679703322,7356469
1630679703362,7355426
1630679703402,7354487
1630679703442,7354696
1630679703482,7355217
1630679703522,7355478
1630679703562,7356469
1630679703602,7357981
1630679703642,7359180
1630679703682,7360171
1630679703722,7361579
1630679703762,7363144
1630679703802,7365647
1630679703842,7367368
1630679703882,7369454
1630679703922,7372009
1630679703962,7373887
1630679704002,7376703
1630679704042,7378945
1630679704082,7380144
1630679704122,7382335
1630679704162,7383743
1630679704202,7386611
1630679704242,7387811
1630679704282,7389166
1630679704322,7388280
1630679704362,7387550
1630679704402,7386559
1630679704442,7383743
1630679704482,7382074
1630679704522,7380614
1630679704562,7379467
1630679704602,7377433
1630679704642,7376285
1630679704682,7374617
1630679704722,7372583
1630679704762,7370810
1630679704802,7369923
1630679704842,7367472
1630679704882,7366847
1630679704922,7365334
1630679704962,7363978
1630679705002,7363509
1630679705042,7362310
1630679705082,7361110
1630679705122,7360067
1630679705162,7359076
1630679705202,7358607
1630679705242,7357929
1630679705282,7357668
1630679705322,7357877
1630679705362,7357616
1630679705402,7357407
1630679705442,7358242
1630679705482,7358346
1630679705522,7360484
1630679705562,7361840
1630679705602,7362727
1630679705642,7363509
1630679705682,7365960
1630679705722,7367524
1630679705762,7368515
1630679705802,7371644
1630679705842,7373939
1630679705882,7376546
1630679705922,7378424
1630679705962,7380666
1630679706002,7382387
1630679706042,7384734
1630679706082,7386090
1630679706122,7387915
1630679706162,7388854
1630679706202,7389375
1630679706242,7388332
1630679706282,7386715
1630679706322,7384421
1630679706362,7383013
1630679706402,7381761
1630679706442,7379936
1630679706482,7378215
1630679706522,7376181
1630679706562,7374826
1630679706602,7372426
1630679706642,7370288
1630679706682,7368098
1630679706722,7366847
1630679706762,7365855
1630679706802,7364239
1630679706842,7363092
1630679706882,7362831
1630679706922,7361319
1630679706962,7360693
1630679707002,7359545
1630679707042,7358868
1630679707082,7358294
1630679707122,7357877
1630679707162,7356312
1630679707202,7356104
1630679707242,7356156
1630679707282,7356729
1630679707322,7357616
1630679707362,7358555
1630679707402,7360693
1630679707442,7361945
1630679707482,7363874
1630679707522,7365908
1630679707562,7367733
1630679707602,7368620
1630679707642,7370966
1630679707682,7373417
1630679707722,7376025
1630679707762,7378215
1630679707802,7379936
1630679707842,7382178
1630679707882,7383117
1630679707922,7385568
1630679707962,7387393
1630679708002,7388697
1630679708042,7390053
1630679708082,7389949
1630679708122,7389479
1630679708162,7387706
1630679708202,7385933
1630679708242,7384264
1630679708282,7381866
1630679708322,7380458
1630679708362,7378528
1630679708402,7376181
1630679708442,7374565
1630679708482,7372948
1630679708522,7371644
1630679708562,7370132
1630679708602,7367785
1630679708642,7366742
1630679708682,7365647
1630679708722,7363874
1630679708762,7362257
1630679708802,7361684
1630679708842,7360954
1630679708882,7360484
1630679708922,7359233
1630679708962,7358815
1630679709002,7358555
1630679709042,7357929
1630679709082,7357616
1630679709122,7356834
1630679709162,7356938
1630679709202,7357251
1630679709242,7357929
1630679709282,7359494
1630679709322,7361058
1630679709362,7362727
1630679709402,7363404
1630679709442,7366325
1630679709482,7368307
1630679709522,7370028
1630679709562,7372896
1630679709602,7375242
1630679709642,7375868
1630679709682,7378528
1630679709722,7379832
1630679709762,7381709
1630679709802,7383534
1630679709842,7384838
1630679709882,7387446
1630679709922,7389479
1630679709962,7391148
1630679710002,7392660
1630679710042,7393234
1630679710082,7394277
1630679710122,7391878
1630679710162,7389062
1630679710202,7387341
1630679710242,7384525
1630679710282,7383221
1630679710322,7380770
1630679710362,7379050
1630679710402,7376911
1630679710442,7375242
1630679710482,7372896
1630679710522,7370653
1630679710562,7369923
1630679710602,7368567
1630679710642,7366481
1630679710682,7366169
1630679710722,7364604
1630679710762,7363978
1630679710802,7361788
1630679710842,7361423
1630679710882,7361475
1630679710922,7359285
1630679710962,7358815
1630679711002,7358190
1630679711042,7358137
1630679711082,7357616
1630679711122,7357929
1630679711162,7357981
1630679711202,7358607
1630679711242,7360588
1630679711282,7361788
1630679711322,7362831
1630679711362,7365230
1630679711402,7366899
1630679711442,7368463
1630679711482,7371018
1630679711522,7372009
1630679711562,7373730
1630679711602,7376234
1630679711642,7376181
1630679711682,7378215
1630679711722,7380301
1630679711762,7381396
1630679711802,7383587
1630679711842,7385516
1630679711882,7387811
1630679711922,7389166
1630679711962,7390470
1630679712002,7391409
1630679712042,7391252
1630679712082,7390939
1630679712122,7389271
1630679712162,7386611
1630679712202,7384160
1630679712242,7382074
1630679712282,7380405
1630679712322,7378371
1630679712362,7376755
1630679712402,7376025
1630679712442,7375242
1630679712482,7372426
1630679712522,7370810
1630679712562,7369506
1630679712602,7368463
1630679712642,7366534
1630679712682,7365699
1630679712722,7365126
1630679712762,7363613
1630679712802,7362675
1630679712842,7361631
1630679712882,7360693
1630679712922,7360693
1630679712962,7359494
1630679713002,7358711
1630679713042,7358086
1630679713082,7357825
1630679713122,7357303
1630679713162,7357720
1630679713202,7358086
1630679713242,7359389
1630679713282,7360693
1630679713322,7362570
1630679713362,7363822
1630679713402,7366481
1630679713442,7368724
1630679713482,7370445
1630679713522,7372635
1630679713562,7374304
1630679713602,7376703
1630679713642,7377798
1630679713682,7379050
1630679713722,7380770
1630679713762,7381866
1630679713802,7383065
1630679713842,7385203
1630679713882,7387706
1630679713922,7388697
1630679713962,7389531
1630679714002,7389479
1630679714042,7387550
1630679714082,7385360
1630679714122,7384003
1630679714162,7381501
1630679714202,7378580
1630679714242,7377537
1630679714282,7375399
1630679714322,7374617
1630679714362,7373574
1630679714402,7371853
1630679714442,7370236
1630679714482,7369715
1630679714522,7368255
1630679714562,7367368
1630679714602,7365647
1630679714642,7365386
1630679714682,7363353
1630679714722,7362414
1630679714762,7361892
1630679714802,7361058
1630679714842,7359650
1630679714882,7358294
1630679714922,7358607
1630679714962,7358137
1630679715002,7357512
1630679715042,7357877
1630679715082,7357720
1630679715122,7357512
1630679715162,7358972
1630679715202,7360745
1630679715242,7362518
1630679715282,7363457
1630679715322,7366169
1630679715362,7367890
1630679715402,7369663
1630679715442,7372426
1630679715482,7373261
1630679715522,7375712
1630679715562,7376755
1630679715602,7378528
1630679715642,7380770
1630679715682,7382283
1630679715722,7383743
1630679715762,7384577
1630679715802,7386403
1630679715842,7388123
1630679715882,7390262
1630679715922,7391878
1630679715962,7391513
1630679716002,7390262
1630679716042,7387863
1630679716082,7385255
1630679716122,7382909
1630679716162,7381396
1630679716202,7378215
1630679716242,7376077
1630679716282,7375034
1630679716322,7373417
1630679716362,7371749
1630679716402,7369975
1630679716442,7368202
1630679716482,7367577
1630679716522,7365699
1630679716562,7365073
1630679716602,7363770
1630679716642,7363092
1630679716682,7362257
1630679716722,7361319
1630679716762,7359754
1630679716802,7359233
1630679716842,7358398
1630679716882,7358346
1630679716922,7357772
1630679716962,7357564
1630679717002,7356938
1630679717042,7357668
1630679717082,7357199
1630679717122,7357825
1630679717162,7359702
1630679717202,7361058
1630679717242,7361423
1630679717282,7362935
1630679717322,7365855
1630679717362,7367524
1630679717402,7369558
1630679717442,7372009
1630679717482,7374147
1630679717522,7377381
1630679717562,7378997
1630679717602,7380562
1630679717642,7382230
1630679717682,7384525
1630679717722,7386037
1630679717762,7386976
1630679717802,7388801
1630679717842,7390679
1630679717882,7392452
1630679717922,7394746
1630679717962,7396259
1630679718002,7397145
1630679718042,7397615
1630679718082,7396519
1630679718122,7394329
1630679718162,7392608
1630679718202,7390262
1630679718242,7387915
1630679718282,7385672
1630679718322,7383326
1630679718362,7381709
1630679718402,7379414
1630679718442,7378215
1630679718482,7376911
1630679718522,7375555
1630679718562,7374408
1630679718602,7373157
1630679718642,7371853
1630679718682,7371436
1630679718722,7370393
1630679718762,7369350
1630679718802,7368255
1630679718842,7367472
1630679718882,7365908
1630679718922,7365386
1630679718962,7364447
1630679719002,7364083
1630679719042,7363613
1630679719082,7362988
1630679719122,7362727
1630679719162,7362988
1630679719202,7363561
1630679719242,7363092
1630679719282,7363404
1630679719322,7363613
1630679719362,7365543
1630679719402,7366377
1630679719442,7368307
1630679719482,7370236
1630679719522,7371383
1630679719562,7373261
1630679719602,7374512
1630679719642,7376755
1630679719682,7377328
1630679719722,7379519
1630679719762,7381448
1630679719802,7382752
1630679719842,7384108
1630679719882,7386037
1630679719922,7387498
1630679719962,7389375
1630679720002,7390887
1630679720042,7392504
1630679720082,7393599
1630679720122,7393130
1630679720162,7392504
1630679720202,7390783
1630679720242,7389271
1630679720282,7387915
1630679720322,7385985
1630679720362,7384838
1630679720402,7383482
1630679720442,7382022
1630679720482,7380822
1630679720522,7379206
1630679720562,7377902
1630679720602,7375555
1630679720642,7375138
1630679720682,7373417
1630679720722,7372479
1630679720762,7372009
1630679720802,7370497
1630679720842,7369298
1630679720882,7367785
1630679720922,7366534
1630679720962,7365282
1630679721002,7365178
1630679721042,7363978
1630679721082,7362518
1630679721122,7362622
1630679721162,7361631
1630679721202,7361267
1630679721242,7361319
1630679721282,7361006
1630679721322,7360902
1630679721362,7361058
1630679721402,7361006
1630679721442,7361892
1630679721482,7362727
1630679721522,7364030
1630679721562,7365647
1630679721602,7368150
1630679721642,7369663
1630679721682,7371123
1630679721722,7373365
1630679721762,7375503
1630679721802,7376807
1630679721842,7378789
1630679721882,7379779
1630679721922,7381344
1630679721962,7382648
1630679722002,7384369
1630679722042,7386820
1630679722082,7388176
1630679722122,7389636
1630679722162,7390731
1630679722202,7391148
1630679722242,7390574
1630679722282,7389427
1630679722322,7387706
1630679722362,7385777
1630679722402,7382752
1630679722442,7381031
1630679722482,7378841
1630679722522,7377381
1630679722562,7376807
1630679722602,7375816
1630679722642,7375034
1630679722682,7372739
1630679722722,7372322
1630679722762,7371175
1630679722802,7369923
1630679722842,7369610
1630679722882,7367368
1630679722922,7366481
1630679722962,7366481
1630679723002,7364187
1630679723042,7364030
1630679723082,7363718
1630679723122,7361840
1630679723162,7361684
1630679723202,7361788
1630679723242,7361892
1630679723282,7361736
1630679723322,7362935
1630679723362,7362518
1630679723402,7362831
1630679723442,7363561
1630679723482,7364291
1630679723522,7365960
1630679723562,7367733
1630679723602,7369298
1630679723642,7371644
1630679723682,7373626
1630679723722,7375086
1630679723762,7377172
1630679723802,7378476
1630679723842,7380458
1630679723882,7382804
1630679723922,7383378
1630679723962,7385412
1630679724002,7387237
1630679724042,7388384
1630679724082,7389375
1630679724122,7389740
1630679724162,7389427
1630679724202,7389688
1630679724242,7387341
1630679724282,7385829
1630679724322,7384838
1630679724362,7382074
1630679724402,7380301
1630679724442,7378528
1630679724482,7376963
1630679724522,7375034
1630679724562,7373834
1630679724602,7372531
1630679724642,7371853
1630679724682,7370132
1630679724722,7369975
1630679724762,7368776
1630679724802,7367629
1630679724842,7366794
1630679724882,7366012
1630679724922,7364969
1630679724962,7363926
1630679725002,7363248
1630679725042,7362779
1630679725082,7361371
1630679725122,7362101
1630679725162,7361579
1630679725202,7361319
1630679725242,7361423
1630679725282,7361892
1630679725322,7362935
1630679725362,7363039
1630679725402,7363561
1630679725442,7366064
1630679725482,7365699
1630679725522,7367890
1630679725562,7368567
1630679725602,7370445
1630679725642,7372166
1630679725682,7374304
1630679725722,7376598
1630679725762,7378006
1630679725802,7379936
1630679725842,7380875
1630679725882,7382439
1630679725922,7384160
1630679725962,7386663
1630679726002,7388488
1630679726042,7388906
1630679726082,7390209
1630679726122,7390574
1630679726162,7391044
1630679726202,7390262
1630679726242,7388332
1630679726282,7387341
1630679726322,7384995
1630679726362,7383065
1630679726402,7381657
1630679726442,7380144
1630679726482,7379675
1630679726522,7377381
1630679726562,7376807
1630679726602,7375295
1630679726642,7374721
1630679726682,7373104
1630679726722,7372479
1630679726762,7370445
1630679726802,7369298
1630679726842,7369037
1630679726882,7367524
1630679726922,7367159
1630679726962,7366273
1630679727002,7365282
1630679727042,7364396
1630679727082,7363196
1630679727122,7362153
1630679727162,7362101
1630679727202,7361736
1630679727242,7361684
1630679727282,7361892
1630679727322,7362101
1630679727362,7362518
1630679727402,7363457
1630679727442,7364187
1630679727482,7366169
1630679727522,7367524
1630679727562,7369193
1630679727602,7369975
1630679727642,7371436
1630679727682,7373834
1630679727722,7375451
1630679727762,7377485
1630679727802,7379206
1630679727842,7381813
1630679727882,7383378
1630679727922,7385464
1630679727962,7386507
1630679728002,7387863
1630679728042,7390314
1630679728082,7391617
1630679728122,7392139
1630679728162,7392556
1630679728202,7392556
1630679728242,7391722
1630679728282,7389897
1630679728322,7388019
1630679728362,7385829
1630679728402,7383952
1630679728442,7381605
1630679728482,7380875
1630679728522,7378841
1630679728562,7378163
1630679728602,7376755
1630679728642,7375503
1630679728682,7373574
1630679728722,7372791
1630679728762,7372009
1630679728802,7371123
1630679728842,7369610
1630679728882,7368932
1630679728922,7367524
1630679728962,7366638
1630679729002,7365855
1630679729042,7364604
1630679729082,7364030
1630679729122,7364552
1630679729162,7362988
1630679729202,7362257
1630679729242,7362310
1630679729282,7362988
1630679729322,7362779
1630679729362,7363561
1630679729402,7365386
1630679729442,7366377
1630679729482,7367942
1630679729522,7368307
1630679729562,7370653
1630679729602,7372270
1630679729642,7373939
1630679729682,7376442
1630679729722,7377172
1630679729762,7378736
1630679729802,7380770
1630679729842,7381292
1630679729882,7382961
1630679729922,7384629
1630679729962,7385620
1630679730002,7387602
1630679730042,7388906
1630679730082,7388906
1630679730122,7390627
1630679730162,7390157
1630679730202,7388176
1630679730242,7386611
1630679730282,7384629
1630679730322,7383013
1630679730362,7381136
1630679730402,7379571
1630679730442,7378736
1630679730482,7377850
1630679730522,7376546
1630679730562,7375034
1630679730602,7373574
1630679730642,7372374
1630679730682,7371540
1630679730722,7369767
1630679730762,7369350
1630679730802,7367316
1630679730842,7366794
1630679730882,7365960
1630679730922,7365543
1630679730962,7364917
1630679731002,7363404
1630679731042,7363926
1630679731082,7363196
1630679731122,7362831
1630679731162,7363509
1630679731202,7362466
1630679731242,7362883
1630679731282,7364447
1630679731322,7365543
1630679731362,7367316
1630679731402,7367785
1630679731442,7369558
1630679731482,7371905
1630679731522,7373574
1630679731562,7375086
1630679731602,7376598
1630679731642,7378267
1630679731682,7380510
1630679731722,7382387
1630679731762,7383065
1630679731802,7384473
1630679731842,7386246
1630679731882,7387185
1630679731922,7388436
1630679731962,7390783
1630679732002,7391409
1630679732042,7392191
1630679732082,7392556
1630679732122,7390939
1630679732162,7389271
1630679732202,7387758
1630679732242,7386403
1630679732282,7383847
1630679732322,7382648
1630679732362,7381292
1630679732402,7380093
1630679732442,7378111
1630679732482,7377120
1630679732522,7376025
1630679732562,7375086
1630679732602,7374460
1630679732642,7372635
1630679732682,7372009
1630679732722,7371436
1630679732762,7369923
1630679732802,7368463
1630679732842,7367629
1630679732882,7367159
1630679732922,7366429
1630679732962,7365855
1630679733002,7364761
1630679733042,7364604
1630679733082,7364865
1630679733122,7364552
1630679733162,7364813
1630679733202,7366116
1630679733242,7366742
1630679733282,7367785
1630679733322,7370288
1630679733362,7370601
1630679733402,7373365
1630679733442,7375190
1630679733482,7376390
1630679733522,7377902
1630679733562,7379571
1630679733602,7381240
1630679733642,7382804
1630679733682,7384421
1630679733722,7384995
1630679733762,7387393
1630679733802,7389010
1630679733842,7389949
1630679733882,7391357
1630679733922,7393808
1630679733962,7395111
1630679734002,7396832
1630679734042,7396519
1630679734082,7395581
1630679734122,7394225
1630679734162,7393286
1630679734202,7390887
1630679734242,7389323
1630679734282,7388228
1630679734322,7385620
1630679734362,7382544
1630679734402,7380458
1630679734442,7378841
1630679734482,7376963
1630679734522,7375764
1630679734562,7375034
1630679734602,7373417
1630679734642,7372218
1630679734682,7371071
1630679734722,7370236
1630679734762,7368932
1630679734802,7368307
1630679734842,7366429
1630679734882,7366690
1630679734922,7365491
1630679734962,7363770
1630679735002,7363613
1630679735042,7363613
1630679735082,7363404
1630679735122,7363039
1630679735162,7363196
1630679735202,7363770
1630679735242,7363822
1630679735282,7365647
1630679735322,7366221
1630679735362,7366638
1630679735402,7367890
1630679735442,7369871
1630679735482,7372061
1630679735522,7372844
1630679735562,7375190
1630679735602,7376807
1630679735642,7377850
1630679735682,7379362
1630679735722,7380666
1630679735762,7381761
1630679735802,7383638
1630679735842,7384995
1630679735882,7385255
1630679735922,7387393
1630679735962,7388019
1630679736002,7390053
1630679736042,7391096
1630679736082,7392087
1630679736122,7392348
1630679736162,7389844
1630679736202,7387654
1630679736242,7385672
1630679736282,7382752
1630679736322,7381552
1630679736362,7379414
1630679736402,7378371
1630679736442,7377068
1630679736482,7375034
1630679736522,7373313
1630679736562,7372218
1630679736602,7371436
1630679736642,7370080
1630679736682,7368307
1630679736722,7368098
1630679736762,7366847
1630679736802,7366794
1630679736842,7366377
1630679736882,7366012
1630679736922,7365230
1630679736962,7364135
1630679737002,7363248
1630679737042,7363509
1630679737082,7363248
1630679737122,7363770
1630679737162,7365491
1630679737202,7366794
1630679737242,7368150
1630679737282,7368776
1630679737322,7370445
1630679737362,7372322
1630679737402,7374043
1630679737442,7375816
1630679737482,7377589
1630679737522,7379310
1630679737562,7381240
1630679737602,7382700
1630679737642,7383482
1630679737682,7385203
1630679737722,7387915
1630679737762,7389844
1630679737802,7391565
1630679737842,7392660
1630679737882,7394225
1630679737922,7392452
1630679737962,7390783
1630679738002,7388906
1630679738042,7386872
1630679738082,7384629
1630679738122,7382700
1630679738162,7380614
1630679738202,7379310
1630679738242,7377798
1630679738282,7376129
1630679738322,7374982
1630679738362,7373887
1630679738402,7372583
1630679738442,7371488
1630679738482,7369715
1630679738522,7369141
1630679738562,7367733
1630679738602,7367316
1630679738642,7366012
1630679738682,7365751
1630679738722,7365021
1630679738762,7364604
1630679738802,7364708
1630679738842,7364447
1630679738882,7364083
1630679738922,7364813
1630679738962,7365021
1630679739002,7364552
1630679739042,7365751
1630679739082,7366847
1630679739122,7368150
1630679739162,7368672
1630679739202,7371331
1630679739242,7373939
1630679739282,7376494
1630679739322,7377537
1630679739362,7379154
1630679739402,7380875
1630679739442,7382283
1630679739482,7383795
1630679739522,7384734
1630679739562,7386037
1630679739602,7387811
1630679739642,7389844
1630679739682,7391305
1630679739722,7392556
1630679739762,7393390
1630679739802,7392243
1630679739842,7391982
1630679739882,7390157
1630679739922,7388332
1630679739962,7387028
1630679740002,7384369
1630679740042,7382909
1630679740082,7381187
1630679740122,7380458
1630679740162,7378997
1630679740202,7377172
1630679740242,7376129
1630679740282,7374721
1630679740322,7373104
1630679740362,7371853
1630679740402,7370862
1630679740442,7370132
1630679740482,7369402
1630679740522,7368620
1630679740562,7367316
1630679740602,7366638
1630679740642,7365908
1630679740682,7364969
1630679740722,7364604
1630679740762,7363926
1630679740802,7363509
1630679740842,7363770
1630679740882,7363509
1630679740922,7364447
1630679740962,7364135
1630679741002,7365386
1630679741042,7366429
1630679741082,7366377
1630679741122,7366794
1630679741162,7368411
1630679741202,7370132
1630679741242,7372374
1630679741282,7375451
1630679741322,7377224
1630679741362,7378893
1630679741402,7380353
1630679741442,7381761
1630679741482,7382909
1630679741522,7385360
1630679741562,7388071
1630679741602,7389479
1630679741642,7390731
1630679741682,7392713
1630679741722,7394173
1630679741762,7394642
1630679741802,7394799
1630679741842,7393390
1630679741882,7390679
1630679741922,7389166
1630679741962,7387028
1630679742002,7386037
1630679742042,7383638
1630679742082,7382126
1630679742122,7380875
1630679742162,7379310
1630679742202,7377693
1630679742242,7376181
1630679742282,7375295
1630679742322,7374982
1630679742362,7373626
1630679742402,7372322
1630679742442,7372009
1630679742482,7370653
1630679742522,7369506
1630679742562,7369298
1630679742602,7368932
1630679742642,7367577
1630679742682,7368255
1630679742722,7366325
1630679742762,7366690
1630679742802,7366221
1630679742842,7366273
1630679742882,7366690
1630679742922,7367055
1630679742962,7367994
1630679743002,7368411
1630679743042,7370132
1630679743082,7370966
1630679743122,7372479
1630679743162,7373782
1630679743202,7374826
1630679743242,7376651
1630679743282,7376859
1630679743322,7379727
1630679743362,7380770
1630679743402,7382595
1630679743442,7384212
1630679743482,7386507
1630679743522,7387863
1630679743562,7389949
1630679743602,7391148
1630679743642,7392973
1630679743682,7394381
1630679743722,7393964
1630679743762,7395424
1630679743802,7394955
1630679743842,7393912
1630679743882,7392504
1630679743922,7390783
1630679743962,7388854
1630679744002,7387550
1630679744042,7386454
1630679744082,7385099
1630679744122,7382544
1630679744162,7382126
1630679744202,7380718
1630679744242,7379102
1630679744282,7378632
1630679744322,7377068
1630679744362,7376181
1630679744402,7374877
1630679744442,7374304
1630679744482,7373313
1630679744522,7371801
1630679744562,7371331
1630679744602,7371383
1630679744642,7369663
1630679744682,7369767
1630679744722,7369610
1630679744762,7368463
1630679744802,7367524
1630679744842,7366899
1630679744882,7366169
1630679744922,7367003
1630679744962,7366586
1630679745002,7366951
1630679745042,7367107
1630679745082,7367577
1630679745122,7367524
1630679745162,7368255
1630679745202,7369402
1630679745242,7370601
1630679745282,7372322
1630679745322,7373157
1630679745362,7374095
1630679745402,7375816
1630679745442,7377068
1630679745482,7379362
1630679745522,7380666
1630679745562,7382178
1630679745602,7383221
1630679745642,7384317
1630679745682,7386403
1630679745722,7387498
1630679745762,7388332
1630679745802,7389949
1630679745842,7389949
1630679745882,7390939
1630679745922,7390314
1630679745962,7390939
1630679746002,7391670
1630679746042,7391982
1630679746082,7391826
1630679746122,7391461
1630679746162,7390262
1630679746202,7388958
1630679746242,7388176
1630679746282,7386611
1630679746322,7384786
1630679746362,7384473
1630679746402,7382544
1630679746442,7381031
1630679746482,7379727
1630679746522,7378997
1630679746562,7377850
1630679746602,7376442
1630679746642,7375973
1630679746682,7374930
1630679746722,7374356
1630679746762,7373052
1630679746802,7372479
1630679746842,7372270
1630679746882,7370966
1630679746922,7370132
1630679746962,7369819
1630679747002,7368411
1630679747042,7367785
1630679747082,7367107
1630679747122,7367212
1630679747162,7367524
1630679747202,7367055
1630679747242,7366899
1630679747282,7367264
1630679747322,7367785
1630679747362,7368046
1630679747402,7369089
1630679747442,7370445
1630679747482,7371383
1630679747522,7372166
1630679747562,7372948
1630679747602,7374095
1630679747642,7376077
1630679747682,7377120
1630679747722,7378319
1630679747762,7379102
1630679747802,7380353
1630679747842,7380875
1630679747882,7382335
1630679747922,7383065
1630679747962,7384629
1630679748002,7386298
1630679748042,7387393
1630679748082,7387915
1630679748122,7388384
1630679748162,7387602
1630679748202,7386768
1630679748242,7385046
1630679748282,7383169
1630679748322,7382961
1630679748362,7380770
1630679748402,7379623
1630679748442,7379050
1630679748482,7378059
1630679748522,7375712
1630679748562,7375764
1630679748602,7374304
1630679748642,7373365
1630679748682,7372374
1630679748722,7371018
1630679748762,7370653
1630679748802,7369402
1630679748842,7369767
1630679748882,7368776
1630679748922,7367837
1630679748962,7367733
1630679749002,7367785
1630679749042,7367003
1630679749082,7366481
1630679749122,7365855
1630679749162,7366012
1630679749202,7366273
1630679749242,7365282
1630679749282,7366273
1630679749322,7367055
1630679749362,7366899
1630679749402,7367629
1630679749442,7368515
1630679749482,7369506
1630679749522,7370966
1630679749562,7371540
1630679749602,7373104
1630679749642,7374877
1630679749682,7375660
1630679749722,7377120
1630679749762,7378424
1630679749802,7380197
1630679749842,7380666
1630679749882,7382074
1630679749922,7383743
1630679749962,7384786
1630679750002,7386820
1630679750042,7388384
1630679750082,7389844
1630679750122,7390627
1630679750162,7391357
1630679750202,7389897
1630679750242,7388906
1630679750282,7387133
1630679750322,7386194
1630679750362,7384786
1630679750402,7383378
1630679750442,7382491
1630679750482,7381970
1630679750522,7380718
1630679750562,7379467
1630679750602,7378528
1630679750642,7377537
1630679750682,7376546
1630679750722,7375920
1630679750762,7375190
1630679750802,7374356
1630679750842,7373313
1630679750882,7372009
1630679750922,7371749
1630679750962,7370340
1630679751002,7370340
1630679751042,7370184
1630679751082,7369506
1630679751122,7368985
1630679751162,7368985
1630679751202,7368150
1630679751242,7367472
1630679751282,7367420
1630679751322,7366899
1630679751362,7367055
1630679751402,7366586
1630679751442,7365804
1630679751482,7366481
1630679751522,7366169
1630679751562,7366429
1630679751602,7367629
1630679751642,7367681
1630679751682,7369975
1630679751722,7370549
1630679751762,7370497
1630679751802,7371905
1630679751842,7373000
1630679751882,7373522
1630679751922,7375764
1630679751962,7376963
1630679752002,7378163
1630679752042,7379571
1630679752082,7380405
1630679752122,7381657
1630679752162,7382752
1630679752202,7383169
1630679752242,7385307
1630679752282,7386454
1630679752322,7386768
1630679752362,7388280
1630679752402,7389271
1630679752442,7389271
1630679752482,7388332
1630679752522,7387758
1630679752562,7386142
1630679752602,7385464
1630679752642,7384421
1630679752682,7383430
1630679752722,7382387
1630679752762,7381813
1630679752802,7380666
1630679752842,7380405
1630679752882,7378841
1630679752922,7378215
1630679752962,7376755
1630679753002,7377120
1630679753042,7375660
1630679753082,7375503
1630679753122,7375086
1630679753162,7373834
1630679753202,7372844
1630679753242,7372166
1630679753282,7371801
1630679753322,7370758
1630679753362,7370653
1630679753402,7369871
1630679753442,7369245
1630679753482,7369037
1630679753522,7367890
1630679753562,7367785
1630679753602,7368046
1630679753642,7367159
1630679753682,7366586
1630679753722,7366794
1630679753762,7366012
1630679753802,7366064
1630679753842,7365647
1630679753882,7365595
1630679753922,7365334
1630679753962,7365751
1630679754002,7366429
1630679754042,7367107
1630679754082,7367890
1630679754122,7368150
1630679754162,7369715
1630679754202,7370862
1630679754242,7372061
1630679754282,7373052
1630679754322,7374095
1630679754362,7375347
1630679754402,7376859
1630679754442,7378006
1630679754482,7379154
1630679754522,7379467
1630679754562,7381396
1630679754602,7383221
1630679754642,7384577
1630679754682,7386663
1630679754722,7389271
1630679754762,7391617
1630679754802,7393495
1630679754842,7393703
1630679754882,7393912
1630679754922,7392973
1630679754962,7391409
1630679755002,7390783
1630679755042,7388488
1630679755082,7387289
1630679755122,7386559
1630679755162,7385933
1630679755202,7384473
1630679755242,7382700
1630679755282,7382595
1630679755322,7380666
1630679755362,7380040
1630679755402,7378789
1630679755442,7377746
1630679755482,7376703
1630679755522,7375138
1630679755562,7374200
1630679755602,7372844
1630679755642,7371592
1630679755682,7371696
1630679755722,7369923
1630679755762,7369245
1630679755802,7369506
1630679755842,7369350
1630679755882,7368046
1630679755922,7367994
1630679755962,7368515
1630679756002,7369245
1630679756042,7370393
1630679756082,7372270
1630679756122,7373104
1630679756162,7374095
1630679756202,7375555
1630679756242,7377485
1630679756282,7377850
1630679756322,7379988
1630679756362,7381709
1630679756402,7383221
1630679756442,7384160
1630679756482,7384890
1630679756522,7386507
1630679756562,7387758
1630679756602,7388854
1630679756642,7390783
1630679756682,7393234
1630679756722,7395529
1630679756762,7397354
1630679756802,7398032
1630679756842,7397667
1630679756882,7396884
1630679756922,7394173
1630679756962,7392087
1630679757002,7389636
1630679757042,7388176
1630679757082,7387133
1630679757122,7385881
1630679757162,7384682
1630679757202,7383691
1630679757242,7383326
1630679757282,7382126
1630679757322,7382439
1630679757362,7381657
1630679757402,7380510
1630679757442,7379832
1630679757482,7378267
1630679757522,7377276
1630679757562,7376129
1630679757602,7375190
1630679757642,7374565
1630679757682,7373313
1630679757722,7373417
1630679757762,7373104
1630679757802,7372374
1630679757842,7372948
1630679757882,7374460
1630679757922,7376598
1630679757962,7376911
1630679758002,7378789
1630679758042,7379884
1630679758082,7381292
1630679758122,7383169
1630679758162,7384421
1630679758202,7385307
1630679758242,7385777
1630679758282,7387602
1630679758322,7389010
1630679758362,7390470
1630679758402,7391826
1630679758442,7393495
1630679758482,7395424
1630679758522,7396989
1630679758562,7397615
1630679758602,7398814
1630679758642,7398397
1630679758682,7397145
1630679758722,7395476
1630679758762,7393078
1630679758802,7391200
1630679758842,7390418
1630679758882,7388958
1630679758922,7387706
1630679758962,7387028
1630679759002,7385985
1630679759042,7384682
1630679759082,7384264
1630679759122,7382961
1630679759162,7382178
1630679759202,7380301
1630679759242,7379727
1630679759282,7378424
1630679759322,7377798
1630679759362,7376442
1630679759402,7375086
1630679759442,7374930
1630679759482,7373469
1630679759522,7373157
1630679759562,7372479
1630679759602,7372061
1630679759642,7371957
1630679759682,7371383
1630679759722,7371227
1630679759762,7370549
1630679759802,7371018
1630679759842,7373157
1630679759882,7374043
1630679759922,7375816
1630679759962,7377746
1630679760002,7378945
1630679760042,7380197
1630679760082,7381083
1630679760122,7381866
1630679760162,7382752
1630679760202,7384160
1630679760242,7385255
1630679760282,7386663
1630679760322,7388071
1630679760362,7389531
1630679760402,7390783
1630679760442,7392087
1630679760482,7392608
1630679760522,7394538
1630679760562,7394225
1630679760602,7392973
1630679760642,7392765
1630679760682,7391878
1630679760722,7390001
1630679760762,7389010
1630679760802,7387967
1630679760842,7387706
1630679760882,7386037
1630679760922,7385672
1630679760962,7384473
1630679761002,7383534
1630679761042,7383378
1630679761082,7382126
1630679761122,7381240
1630679761162,7380614
1630679761202,7379206
1630679761242,7378632
1630679761282,7376911
1630679761322,7377224
1630679761362,7376129
1630679761402,7375608
1630679761442,7374930
1630679761482,7374930
1630679761522,7374043
1630679761562,7373469
1630679761602,7372583
1630679761642,7372896
1630679761682,7372583
1630679761722,7373209
1630679761762,7372791
1630679761802,7373209
1630679761842,7374773
1630679761882,7376285
1630679761922,7377589
1630679761962,7378111
1630679762002,7379050
1630679762042,7380093
1630679762082,7381448
1630679762122,7382544
1630679762162,7384160
1630679762202,7384942
1630679762242,7386872
1630679762282,7388436
1630679762322,7389949
1630679762362,7390731
1630679762402,7393495
1630679762442,7394486
1630679762482,7395894
1630679762522,7396780
1630679762562,7398032
1630679762602,7397823
1630679762642,7396572
1630679762682,7395737
1630679762722,7394068
1630679762762,7392973
1630679762802,7392191
1630679762842,7389844
1630679762882,7388749
1630679762922,7387237
1630679762962,7385464
1630679763002,7385151
1630679763042,7383378
1630679763082,7382387
1630679763122,7380614
1630679763162,7379884
1630679763202,7378632
1630679763242,7378319
1630679763282,7377433
1630679763322,7376598
1630679763362,7376129
1630679763402,7374982
1630679763442,7373678
1630679763482,7372791
1630679763522,7372270
1630679763562,7372322
1630679763602,7371801
1630679763642,7372322
1630679763682,7373104
1630679763722,7373626
1630679763762,7375242
1630679763802,7376651
1630679763842,7378632
1630679763882,7379571
1630679763922,7380666
1630679763962,7381501
1630679764002,7382178
1630679764042,7384317
1630679764082,7386194
1630679764122,7387811
1630679764162,7388906
1630679764202,7390001
1630679764242,7390470
1630679764282,7392660
1630679764322,7394068
1630679764362,7395998
1630679764402,7397041
1630679764442,7397875
1630679764482,7398345
1630679764522,7399023
1630679764562,7399075
1630679764602,7398553
1630679764642,7398397
1630679764682,7399127
1630679764722,7399179
1630679764762,7399753
1630679764802,7399388
1630679764842,7400692
1630679764882,7399492
1630679764922,7399335
1630679764962,7399179
1630679765002,7397145
1630679765042,7395998
1630679765082,7394016
1630679765122,7392608
1630679765162,7389844
1630679765202,7388176
1630679765242,7385620
1630679765282,7383743
1630679765322,7382126
1630679765362,7381344
1630679765402,7380144
1630679765442,7378893
1630679765482,7377746
1630679765522,7376859
1630679765562,7377746
1630679765602,7377328
1630679765642,7376494
1630679765682,7377328
1630679765722,7378006
1630679765762,7378059
1630679765802,7378632
1630679765842,7378580
1630679765882,7378632
1630679765922,7378371
1630679765962,7378215
1630679766002,7378059
1630679766042,7377381
1630679766082,7377068
1630679766122,7377433
1630679766162,7377120
1630679766202,7377433
1630679766242,7377120
1630679766282,7377068
1630679766322,7376755
1630679766362,7376494
1630679766402,7376077
1630679766442,7375138
1630679766482,7374826
1630679766522,7373522
1630679766562,7372270
1630679766602,7371905
1630679766642,7372844
1630679766682,7373365
1630679766722,7374512
1630679766762,7375816
1630679766802,7377172
1630679766842,7378736
1630679766882,7379988
1630679766922,7380718
1630679766962,7382595
1630679767002,7382856
1630679767042,7384890
1630679767082,7386246
1630679767122,7388228
1630679767162,7388749
1630679767202,7390366
1630679767242,7391930
1630679767282,7393599
1630679767322,7394433
1630679767362,7395529
1630679767402,7397145
1630679767442,7396519
1630679767482,7396676
1630679767522,7395998
1630679767562,7394486
1630679767602,7395059
1630679767642,7393025
1630679767682,7392087
1630679767722,7390887
1630679767762,7390418
1630679767802,7389844
1630679767842,7388593
1630679767882,7387393
1630679767922,7386037
1630679767962,7384890
1630679768002,7384317
1630679768042,7382595
1630679768082,7381709
1630679768122,7381083
1630679768162,7380458
1630679768202,7379206
1630679768242,7378528
1630679768282,7377381
1630679768322,7376598
1630679768362,7375347
1630679768402,7375451
1630679768442,7374877
1630679768482,7373678
1630679768522,7373678
1630679768562,7372791
1630679768602,7372844
1630679768642,7372844
1630679768682,7372896
1630679768722,7372739
1630679768762,7373730
1630679768802,7375608
1630679768842,7376494
1630679768882,7377850
1630679768922,7378736
1630679768962,7380718
1630679769002,7381605
1630679769042,7383221
1630679769082,7384734
1630679769122,7386090
1630679769162,7387237
1630679769202,7388280
1630679769242,7389688
1630679769282,7391722
1630679769322,7392452
1630679769362,7393912
1630679769402,7396050
1630679769442,7396467
1630679769482,7397719
1630679769522,7398710
1630679769562,7399753
1630679769602,7399492
1630679769642,7399596
1630679769682,7398658
1630679769722,7397197
1630679769762,7396207
1630679769802,7395946
1630679769842,7395059
1630679769882,7392921
1630679769922,7391878
1630679769962,7391409
1630679770002,7389792
1630679770042,7389688
1630679770082,7388019
1630679770122,7387811
1630679770162,7387237
1630679770202,7386768
1630679770242,7385046
1630679770282,7384786
1630679770322,7384056
1630679770362,7383221
1630679770402,7382909
1630679770442,7381657
1630679770482,7381187
1630679770522,7380249
1630679770562,7379154
1630679770602,7378580
1630679770642,7377068
1630679770682,7376390
1630679770722,7376129
1630679770762,7376077
1630679770802,7374982
1630679770842,7374982
1630679770882,7373939
1630679770922,7374147
1630679770962,7373365
1630679771002,7375190
1630679771042,7375451
1630679771082,7376703
1630679771122,7377381
1630679771162,7378424
1630679771202,7379154
1630679771242,7381136
1630679771282,7382595
1630679771322,7384003
1630679771362,7385203
1630679771402,7387498
1630679771442,7388436
1630679771482,7390418
1630679771522,7391930
1630679771562,7393964
1630679771602,7395476
1630679771642,7396519
1630679771682,7398449
1630679771722,7399544
1630679771762,7401369
1630679771802,7401317
1630679771842,7402151
1630679771882,7401474
1630679771922,7399857
1630679771962,7398345
1630679772002,7396259
1630679772042,7395476
1630679772082,7394486
1630679772122,7392556
1630679772162,7391565
1630679772202,7389949
1630679772242,7389323
1630679772282,7388697
1630679772322,7387602
1630679772362,7386611
1630679772402,7386142
1630679772442,7384473
1630679772482,7384160
1630679772522,7382856
1630679772562,7381552
1630679772602,7381240
1630679772642,7380249
1630679772682,7379832
1630679772722,7379675
1630679772762,7378632
1630679772802,7378319
1630679772842,7377798
1630679772882,7376911
1630679772922,7376963
1630679772962,7375555
1630679773002,7375764
1630679773042,7375086
1630679773082,7375399
1630679773122,7375973
1630679773162,7376390
1630679773202,7378215
1630679773242,7379467
1630679773282,7380770
1630679773322,7381396
1630679773362,7382961
1630679773402,7384369
1630679773442,7384995
1630679773482,7386820
1630679773522,7388436
1630679773562,7389740
1630679773602,7391252
1630679773642,7392713
1630679773682,7394851
1630679773722,7395216
1630679773762,7397145
1630679773802,7398032
1630679773842,7399857
1630679773882,7401161
1630679773922,7402256
1630679773962,7402412
1630679774002,7401421
1630679774042,7399805
1630679774082,7398032
1630679774122,7397145
1630679774162,7395841
1630679774202,7394121
1630679774242,7394016
1630679774282,7392035
1630679774322,7391565
1630679774362,7390418
1630679774402,7388593
1630679774442,7387811
1630679774482,7387185
1630679774522,7386454
1630679774562,7384786
1630679774602,7384160
1630679774642,7383378
1630679774682,7383378
1630679774722,7381813
1630679774762,7380927
1630679774802,7380718
1630679774842,7380249
1630679774882,7379988
1630679774922,7379102
1630679774962,7377902
1630679775002,7377693
1630679775042,7376651
1630679775082,7376755
1630679775122,7376390
1630679775162,7375138
1630679775202,7375660
1630679775242,7375190
1630679775282,7374460
1630679775322,7375034
1630679775362,7375347
1630679775402,7377485
1630679775442,7378841
1630679775482,7378736
1630679775522,7379519
1630679775562,7380458
1630679775602,7382178
1630679775642,7383691
1630679775682,7384942
1630679775722,7386559
1630679775762,7388228
1630679775802,7389584
1630679775842,7391148
1630679775882,7392817
1630679775922,7394538
1630679775962,7396102
1630679776002,7397302
1630679776042,7398501
1630679776082,7400431
1630679776122,7400326
1630679776162,7401786
1630679776202,7401682
1630679776242,7401161
1630679776282,7400066
1630679776322,7398918
1630679776362,7397719
1630679776402,7396050
1630679776442,7394486
1630679776482,7394121
1630679776522,7393286
1630679776562,7391930
1630679776602,7390939
1630679776642,7390939
1630679776682,7389323
1630679776722,7388749
1630679776762,7387028
1630679776802,7386246
1630679776842,7385881
1630679776882,7384525
1630679776922,7383274
1630679776962,7382335
1630679777002,7381709
1630679777042,7381552
1630679777082,7381396
1630679777122,7380093
1630679777162,7378580
1630679777202,7378789
1630679777242,7378059
1630679777282,7376963
1630679777322,7376338
1630679777362,7376390
1630679777402,7376338
1630679777442,7376442
1630679777482,7376442
1630679777522,7377537
1630679777562,7379623
1630679777602,7380614
1630679777642,7381031
1630679777682,7382544
1630679777722,7383638
1630679777762,7384577
1630679777802,7386194
1630679777842,7388123
1630679777882,7389271
1630679777922,7390418
1630679777962,7391148
1630679778002,7392973
1630679778042,7394173
1630679778082,7395424
1630679778122,7396832
1630679778162,7398501
1630679778202,7399805
1630679778242,7401682
1630679778282,7402673
1630679778322,7404185
1630679778362,7403716
1630679778402,7402986
1630679778442,7401786
1630679778482,7400274
1630679778522,7399648
1630679778562,7398136
1630679778602,7396519
1630679778642,7395633
1630679778682,7393912
1630679778722,7392713
1630679778762,7390262
1630679778802,7389949
1630679778842,7388541
1630679778882,7387133
1630679778922,7385777
1630679778962,7384995
1630679779002,7383430
1630679779042,7382648
1630679779082,7382074
1630679779122,7381501
1630679779162,7380718
1630679779202,7379936
1630679779242,7378945
1630679779282,7377746
1630679779322,7377328
1630679779362,7376859
1630679779402,7376755
1630679779442,7376807
1630679779482,7377172
1630679779522,7377224
1630679779562,7377902
1630679779602,7379310
1630679779642,7379779
1630679779682,7380666
1630679779722,7382126
1630679779762,7383274
1630679779802,7383899
1630679779842,7385255
1630679779882,7386454
1630679779922,7387811
1630679779962,7389114
1630679780002,7390522
1630679780042,7391826
1630679780082,7393703
1630679780122,7395059
1630679780162,7395946
1630679780202,7397875
1630679780242,7398710
1630679780282,7401735
1630679780322,7402517
1630679780362,7403403
1630679780402,7403925
1630679780442,7402725
1630679780482,7401526
1630679780522,7400900
1630679780562,7399284
1630679780602,7398605
1630679780642,7397302
1630679780682,7395633
1630679780722,7394799
1630679780762,7392660
1630679780802,7391617
1630679780842,7390783
1630679780882,7389219
1630679780922,7387811
1630679780962,7386976
1630679781002,7386037
1630679781042,7384890
1630679781082,7384317
1630679781122,7383326
1630679781162,7382126
1630679781202,7381240
1630679781242,7380770
1630679781282,7379727
1630679781322,7379050
1630679781362,7378945
1630679781402,7377850
1630679781442,7377381
1630679781482,7377485
1630679781522,7376651
1630679781562,7377954
1630679781602,7378528
1630679781642,7380770
1630679781682,7380822
1630679781722,7382283
1630679781762,7383221
1630679781802,7384525
1630679781842,7385307
1630679781882,7386820
1630679781922,7389427
1630679781962,7390522
1630679782002,7390887
1630679782042,7392035
1630679782082,7393808
1630679782122,7394955
1630679782162,7396832
1630679782202,7398240
1630679782242,7399335
1630679782282,7401056
1630679782322,7403351
1630679782362,7404185
1630679782402,7404811
1630679782442,7404811
1630679782482,7404081
1630679782522,7402777
1630679782562,7401630
1630679782602,7399648
1630679782642,7398449
1630679782682,7397249
1630679782722,7395789
1630679782762,7394642
1630679782802,7393025
1630679782842,7392295
1630679782882,7390887
1630679782922,7389271
1630679782962,7387967
1630679783002,7386403
1630679783042,7385412
1630679783082,7384108
1630679783122,7382856
1630679783162,7382595
1630679783202,7380770
1630679783242,7380353
1630679783282,7379884
1630679783322,7379258
1630679783362,7379102
1630679783402,7377798
1630679783442,7377746
1630679783482,7377224
1630679783522,7377381
1630679783562,7377746
1630679783602,7378267
1630679783642,7379206
1630679783682,7379936
1630679783722,7381083
1630679783762,7382387
1630679783802,7383065
1630679783842,7384421
1630679783882,7386194
1630679783922,7387706
1630679783962,7389062
1630679784002,7390939
1630679784042,7392400
1630679784082,7392921
1630679784122,7394121
1630679784162,7395841
1630679784202,7397458
1630679784242,7398501
1630679784282,7399388
1630679784322,7401682
1630679784362,7402882
1630679784402,7403925
1630679784442,7405124
1630679784482,7405333
1630679784522,7405959
1630679784562,7404811
1630679784602,7403925
1630679784642,7401421
1630679784682,7400743
1630679784722,7399492
1630679784762,7397354
1630679784802,7396884
1630679784842,7396207
1630679784882,7394955
1630679784922,7392660
1630679784962,7392973
1630679785002,7391826
1630679785042,7390366
1630679785082,7389114
1630679785122,7387915
1630679785162,7386924
1630679785202,7385307
1630679785242,7384682
1630679785282,7383274
1630679785322,7382752
1630679785362,7382178
1630679785402,7381240
1630679785442,7380510
1630679785482,7379988
1630679785522,7379675
1630679785562,7379414
1630679785602,7379050
1630679785642,7378736
1630679785682,7378736
1630679785722,7378945
1630679785762,7380301
1630679785802,7380770
1630679785842,7382178
1630679785882,7383221
1630679785922,7384003
1630679785962,7385672
1630679786002,7387080
1630679786042,7388697
1630679786082,7389636
1630679786122,7391200
1630679786162,7392921
1630679786202,7393912
1630679786242,7395529
1630679786282,7396884
1630679786322,7398240
1630679786362,7400170
1630679786402,7401839
1630679786442,7403143
1630679786482,7404446
1630679786522,7404655
1630679786562,7404394
1630679786602,7403560
1630679786642,7402308
1630679786682,7401317
1630679786722,7399492
1630679786762,7398136
1630679786802,7396154
1630679786842,7395424
1630679786882,7393651
1630679786922,7391774
1630679786962,7391200
1630679787002,7389949
1630679787042,7388280
1630679787082,7387498
1630679787122,7386872
1630679787162,7384838
1630679787202,7384160
1630679787242,7382961
1630679787282,7382387
1630679787322,7380979
1630679787362,7380301
1630679787402,7379050
1630679787442,7378893
1630679787482,7377954
1630679787522,7377954
1630679787562,7377172
1630679787602,7377850
1630679787642,7378893
1630679787682,7378997
1630679787722,7380510
1630679787762,7381031
1630679787802,7381501
1630679787842,7382074
1630679787882,7383743
1630679787922,7384838
1630679787962,7386298
1630679788002,7387967
1630679788042,7388906
1630679788082,7389584
1630679788122,7390992
1630679788162,7392556
1630679788202,7393860
1630679788242,7396102
1630679788282,7396676
1630679788322,7398918
1630679788362,7400274
1630679788402,7401474
1630679788442,7402569
1630679788482,7402621
1630679788522,7401578
1630679788562,7401109
1630679788602,7400378
1630679788642,7399023
1630679788682,7397615
1630679788722,7395998
1630679788762,7395320
1630679788802,7394433
1630679788842,7393025
1630679788882,7392035
1630679788922,7390366
1630679788962,7389688
1630679789002,7388123
1630679789042,7387237
1630679789082,7386715
1630679789122,7385046
1630679789162,7384421
1630679789202,7383743
1630679789242,7383274
1630679789282,7382283
1630679789322,7381605
1630679789362,7380197
1630679789402,7379727
1630679789442,7380040
1630679789482,7379675
1630679789522,7378945
1630679789562,7378424
1630679789602,7378319
1630679789642,7377276
1630679789682,7377328
1630679789722,7378319
1630679789762,7377589
1630679789802,7378997
1630679789842,7379310
1630679789882,7380979
1630679789922,7380770
1630679789962,7381657
1630679790002,7382648
1630679790042,7383899
1630679790082,7384838
1630679790122,7385933
1630679790162,7387080
1630679790202,7388436
1630679790242,7389792
1630679790282,7391148
1630679790322,7391878
1630679790362,7393234
1630679790402,7394068
1630679790442,7395216
1630679790482,7396207
1630679790522,7397771
1630679790562,7398658
1630679790602,7399857
1630679790642,7399700
1630679790682,7399388
1630679790722,7398970
1630679790762,7398814
1630679790802,7398658
1630679790842,7397510
1630679790882,7397458
1630679790922,7396363
1630679790962,7395372
1630679791002,7395841
1630679791042,7394955
1630679791082,7394277
1630679791122,7393182
1630679791162,7392869
1630679791202,7391670
1630679791242,7391461
1630679791282,7390522
1630679791322,7389844
1630679791362,7388541
1630679791402,7387654
1630679791442,7387028
1630679791482,7385620
1630679791522,7384786
1630679791562,7383587
1630679791602,7383430
1630679791642,7382439
1630679791682,7380510
1630679791722,7380979
1630679791762,7380510
1630679791802,7380093
1630679791842,7379310
1630679791882,7379936
1630679791922,7378997
1630679791962,7379519
1630679792002,7379571
1630679792042,7381031
1630679792082,7382700
1630679792122,7382439
1630679792162,7383117
1630679792202,7383482
1630679792242,7384525
1630679792282,7385829
1630679792322,7387446
1630679792362,7388436
1630679792402,7389323
1630679792442,7390366
1630679792482,7391982
1630679792522,7392348
1630679792562,7393651
1630679792602,7395581
1630679792642,7396572
1630679792682,7397093
1630679792722,7399075
1630679792762,7400535
1630679792802,7401578
1630679792842,7401578
1630679792882,7401474
1630679792922,7400378
1630679792962,7399596
1630679793002,7398710
1630679793042,7397093
1630679793082,7396259
1630679793122,7394903
1630679793162,7393703
1630679793202,7392660
1630679793242,7391096
1630679793282,7389949
1630679793322,7388645
1630679793362,7387602
1630679793402,7386663
1630679793442,7385046
1630679793482,7384473
1630679793522,7383899
1630679793562,7383013
1630679793602,7382126
1630679793642,7381344
1630679793682,7380875
1630679793722,7379884
1630679793762,7379623
1630679793802,7379154
1630679793842,7379362
1630679793882,7378163
1630679793922,7378319
1630679793962,7378267
1630679794002,7377589
1630679794042,7377485
1630679794082,7378685
1630679794122,7379519
1630679794162,7380405
1630679794202,7381136
1630679794242,7382178
1630679794282,7382595
1630679794322,7382856
1630679794362,7384577
1630679794402,7386194
1630679794442,7386663
1630679794482,7388280
1630679794522,7388906
1630679794562,7390262
1630679794602,7391617
1630679794642,7393234
1630679794682,7393547
1630679794722,7394903
1630679794762,7396311
1630679794802,7397041
1630679794842,7398240
1630679794882,7399231
1630679794922,7399440
1630679794962,7400378
1630679795002,7399284
1630679795042,7399805
1630679795082,7397823
1630679795122,7397875
1630679795162,7397458
1630679795202,7395998
1630679795242,7395372
1630679795282,7394694
1630679795322,7393443
1630679795362,7392608
1630679795402,7391513
1630679795442,7389897
1630679795482,7388958
1630679795522,7387967
1630679795562,7387237
1630679795602,7386403
1630679795642,7385412
1630679795682,7384734
1630679795722,7384056
1630679795762,7383430
1630679795802,7382595
1630679795842,7382074
1630679795882,7380875
1630679795922,7380040
1630679795962,7379675
1630679796002,7379206
1630679796042,7378163
1630679796082,7378215
1630679796122,7378059
1630679796162,7377902
1630679796202,7376859
1630679796242,7376963
1630679796282,7378006
1630679796322,7378319
1630679796362,7379623
1630679796402,7380301
1630679796442,7381292
1630679796482,7382126
1630679796522,7383482
1630679796562,7384264
1630679796602,7385568
1630679796642,7387393
1630679796682,7388645
1630679796722,7389792
1630679796762,7391096
1630679796802,7391982
1630679796842,7393390
1630679796882,7394903
1630679796922,7396050
1630679796962,7397197
1630679797002,7398084
1630679797042,7399857
1630679797082,7400743
1630679797122,7403038
1630679797162,7403143
1630679797202,7404916
1630679797242,7405072
1630679797282,7404498
1630679797322,7404290
1630679797362,7403455
1630679797402,7402517
1630679797442,7401161
1630679797482,7399648
1630679797522,7398710
1630679797562,7397823
1630679797602,7396154
1630679797642,7395476
1630679797682,7393964
1630679797722,7392817
1630679797762,7392608
1630679797802,7390939
1630679797842,7390314
1630679797882,7389792
1630679797922,7387498
1630679797962,7386872
1630679798002,7386142
1630679798042,7384734
1630679798082,7383482
1630679798122,7383430
1630679798162,7382178
1630679798202,7381813
1630679798242,7381866
1630679798282,7380718
1630679798322,7380614
1630679798362,7379727
1630679798402,7379414
1630679798442,7379571
1630679798482,7379936
1630679798522,7380875
1630679798562,7381970
1630679798602,7382439
1630679798642,7383221
1630679798682,7384317
1630679798722,7385933
1630679798762,7387133
1630679798802,7387967
1630679798842,7389844
1630679798882,7390835
1630679798922,7392556
1630679798962,7393130
1630679799002,7395581
1630679799042,7396989
1630679799082,7397354
1630679799122,7399023
1630679799162,7400326
1630679799202,7402256
1630679799242,7403038
1630679799282,7404968
1630679799322,7406271
1630679799362,7406845
1630679799402,7407053
1630679799442,7406636
1630679799482,7405645
1630679799522,7404394
1630679799562,7403455
1630679799602,7402464
1630679799642,7400692
1630679799682,7399857
1630679799722,7398814
1630679799762,7397823
1630679799802,7396154
1630679799842,7396311
1630679799882,7394694
1630679799922,7394799
1630679799962,7393443
1630679800002,7391982
1630679800042,7391305
1630679800082,7390262
1630679800122,7388854
1630679800162,7387811
1630679800202,7387393
1630679800242,7385777
1630679800282,7384629
1630679800322,7384317
1630679800362,7383274
1630679800402,7382439
1630679800442,7381761
1630679800482,7381709
1630679800522,7380718
1630679800562,7380144
1630679800602,7380666
1630679800642,7379884
1630679800682,7379936
1630679800722,7379675
1630679800762,7380927
1630679800802,7381292
1630679800842,7381657
1630679800882,7382648
1630679800922,7384056
1630679800962,7385412
1630679801002,7386194
1630679801042,7387602
1630679801082,7389114
1630679801122,7390731
1630679801162,7392556
1630679801202,7393547
1630679801242,7394903
1630679801282,7396102
1630679801322,7397249
1630679801362,7398501
1630679801402,7399492
1630679801442,7401578
1630679801482,7403247
1630679801522,7404498
1630679801562,7405802
1630679801602,7407471
1630679801642,7407784
1630679801682,7407784
1630679801722,7407732
1630679801762,7406897
1630679801802,7404863
1630679801842,7403716
1630679801882,7401839
1630679801922,7401109
1630679801962,7400274
1630679802002,7398762
1630679802042,7397667
1630679802082,7396259
1630679802122,7395111
1630679802162,7394173
1630679802202,7393443
1630679802242,7392452
1630679802282,7392139
1630679802322,7390105
1630679802362,7388958
1630679802402,7388384
1630679802442,7386559
1630679802482,7385985
1630679802522,7385464
1630679802562,7384838
1630679802602,7384056
1630679802642,7383795
1630679802682,7382126
1630679802722,7381970
1630679802762,7381552
1630679802802,7381031
1630679802842,7381136
1630679802882,7380197
1630679802922,7380718
1630679802962,7379675
1630679803002,7379779
1630679803042,7380666
1630679803082,7381396
1630679803122,7382230
1630679803162,7383482
1630679803202,7384525
1630679803242,7385985
1630679803282,7387915
1630679803322,7388384
1630679803362,7390053
1630679803402,7391357
1630679803442,7391670
1630679803482,7393234
1630679803522,7394433
1630679803562,7396102
1630679803602,7397145
1630679803642,7398970
1630679803682,7401056
1630679803722,7401474
1630679803762,7403664
1630679803802,7405072
1630679803842,7406793
1630679803882,7406897
1630679803922,7406793
1630679803962,7405489
1630679804002,7405020
1630679804042,7403455
1630679804082,7401526
1630679804122,7401056
1630679804162,7399127
1630679804202,7397667
1630679804242,7397458
1630679804282,7396154
1630679804322,7395111
1630679804362,7393756
1630679804402,7391878
1630679804442,7391148
1630679804482,7389949
1630679804522,7388697
1630679804562,7387863
1630679804602,7386820
1630679804642,7386037
1630679804682,7384734
1630679804722,7383952
1630679804762,7382909
1630679804802,7382752
1630679804842,7382491
1630679804882,7381761
1630679804922,7381187
1630679804962,7380822
1630679805002,7380770
1630679805042,7380718
1630679805082,7380353
1630679805122,7380875
1630679805162,7381970
1630679805202,7383013
1630679805242,7383795
1630679805282,7384577
1630679805322,7385777
1630679805362,7387498
1630679805402,7388854
1630679805442,7389271
1630679805482,7390939
1630679805522,7392660
1630679805562,7393703
1630679805602,7394694
1630679805642,7396207
1630679805682,7398136
1630679805722,7399231
1630679805762,7401004
1630679805802,7401943
1630679805842,7403403
1630679805882,7405072
1630679805922,7406949
1630679805962,7406949
1630679806002,7406428
1630679806042,7405280
1630679806082,7403768
1630679806122,7402882
1630679806162,7401891
1630679806202,7399753
1630679806242,7398605
1630679806282,7397093
1630679806322,7396102
1630679806362,7394381
1630679806402,7393599
1630679806442,7392243
1630679806482,7390783
1630679806522,7389740
1630679806562,7389323
1630679806602,7388123
1630679806642,7386611
1630679806682,7385464
1630679806722,7385360
1630679806762,7384212
1630679806802,7383847
1630679806842,7382909
1630679806882,7382856
1630679806922,7381813
1630679806962,7382074
1630679807002,7380927
1630679807042,7380822
1630679807082,7380770
1630679807122,7380614
1630679807162,7380144
1630679807202,7380458
1630679807242,7380249
1630679807282,7381552
1630679807322,7382491
1630679807362,7383221
1630679807402,7384160
1630679807442,7385464
1630679807482,7386037
1630679807522,7387446
1630679807562,7388436
1630679807602,7390262
1630679807642,7391513
1630679807682,7392817
1630679807722,7394538
1630679807762,7395946
1630679807802,7396937
1630679807842,7397875
1630679807882,7399335
1630679807922,7401004
1630679807962,7402151
1630679808002,7404342
1630679808042,7405645
1630679808082,7406532
1630679808122,7407419
1630679808162,7406793
1630679808202,7406584
1630679808242,7406063
1630679808282,7406167
1630679808322,7404342
1630679808362,7402934
1630679808402,7402308
1630679808442,7401265
1630679808482,7400170
1630679808522,7399909
1630679808562,7398397
1630679808602,7397980
1630679808642,7396676
1630679808682,7395841
1630679808722,7394538
1630679808762,7392973
1630679808802,7392400
1630679808842,7391722
1630679808882,7389636
1630679808922,7388906
1630679808962,7387393
1630679809002,7386663
1630679809042,7386454
1630679809082,7384786
1630679809122,7384317
1630679809162,7384003
1630679809202,7383274
1630679809242,7382544
1630679809282,7382387
1630679809322,7381552
1630679809362,7381761
1630679809402,7381657
1630679809442,7380927
1630679809482,7381083
1630679809522,7381136
1630679809562,7381866
1630679809602,7382595
1630679809642,7384108
1630679809682,7384838
1630679809722,7385568
1630679809762,7386611
1630679809802,7387758
1630679809842,7388645
1630679809882,7389844
1630679809922,7390627
1630679809962,7391565
1630679810002,7392504
1630679810042,7393756
1630679810082,7395164
1630679810122,7397093
1630679810162,7397927
1630679810202,7399492
1630679810242,7401161
1630679810282,7403194
1630679810322,7405072
1630679810362,7406219
1630679810402,7406480
1630679810442,7406219
1630679810482,7405437
1630679810522,7404185
1630679810562,7402308
1630679810602,7401161
1630679810642,7399753
1630679810682,7398762
1630679810722,7396415
1630679810762,7395164
1630679810802,7394016
1630679810842,7392452
1630679810882,7390731
1630679810922,7390262
1630679810962,7388488
1630679811002,7387602
1630679811042,7385307
1630679811082,7384003
1630679811122,7382595
1630679811162,7381866
1630679811202,7380718
1630679811242,7380040
1630679811282,7379675
1630679811322,7379571
1630679811362,7379050
1630679811402,7378685
1630679811442,7378215
1630679811482,7378685
1630679811522,7379467
1630679811562,7380144
1630679811602,7380927
1630679811642,7380875
1630679811682,7382387
1630679811722,7383274
1630679811762,7384786
1630679811802,7385307
1630679811842,7387393
1630679811882,7388488
1630679811922,7389949
1630679811962,7390887
1630679812002,7392608
1630679812042,7393130
1630679812082,7394486
1630679812122,7395841
1630679812162,7396102
1630679812202,7397458
1630679812242,7398397
1630679812282,7399857
1630679812322,7400796
1630679812362,7401786
1630679812402,7401421
1630679812442,7401578
1630679812482,7401474
1630679812522,7400796
1630679812562,7399753
1630679812602,7398762
1630679812642,7398188
1630679812682,7397875
1630679812722,7396311
1630679812762,7394851
1630679812802,7393964
1630679812842,7391930
1630679812882,7391565
1630679812922,7389531
1630679812962,7389114
1630679813002,7386924
1630679813042,7386298
1630679813082,7385151
1630679813122,7384942
1630679813162,7384108
1630679813202,7383117
1630679813242,7382856
1630679813282,7382126
1630679813322,7380875
1630679813362,7380822
1630679813402,7380614
1630679813442,7380510
1630679813482,7380405
1630679813522,7380197
1630679813562,7380875
1630679813602,7382544
1630679813642,7383795
1630679813682,7384629
1630679813722,7384890
1630679813762,7386663
1630679813802,7387446
1630679813842,7388436
1630679813882,7389897
1630679813922,7391513
1630679813962,7392348
1630679814002,7394173
1630679814042,7395894
1630679814082,7396989
1630679814122,7398188
1630679814162,7399388
1630679814202,7400431
1630679814242,7402829
1630679814282,7403664
1630679814322,7405437
1630679814362,7405698
1630679814402,7406636
1630679814442,7406949
1630679814482,7406271
1630679814522,7404863
1630679814562,7403299
1630679814602,7402986
1630679814642,7402047
1630679814682,7401369
1630679814722,7400900
1630679814762,7400639
1630679814802,7399596
1630679814842,7399179
1630679814882,7397980
1630679814922,7398136
1630679814962,7397875
1630679815002,7397510
1630679815042,7397615
1630679815082,7396989
1630679815122,7397458
1630679815162,7397249
1630679815202,7396728
1630679815242,7396050
1630679815282,7394903
1630679815322,7394694
1630679815362,7393860
1630679815402,7393025
1630679815442,7393234
1630679815482,7392295
1630679815522,7391305
1630679815562,7387863
1630679815602,7385464
1630679815642,7383795
1630679815682,7382909
1630679815722,7382595
1630679815762,7383691
1630679815802,7384995
1630679815842,7385151
1630679815882,7384525
1630679815922,7384160
1630679815962,7382700
1630679816002,7381709
1630679816042,7380301
1630679816082,7379414
1630679816122,7377850
1630679816162,7376234
1630679816202,7376285
1630679816242,7376025
1630679816282,7375764
1630679816322,7375503
1630679816362,7375764
1630679816402,7376703
1630679816442,7377328
1630679816482,7378685
1630679816522,7378371
1630679816562,7379102
1630679816602,7378789
1630679816642,7378736
1630679816682,7378371
1630679816722,7377902
1630679816762,7377120
1630679816802,7375868
1630679816842,7375295
1630679816882,7375816
1630679816922,7375973
1630679816962,7377276
1630679817002,7380040
1630679817042,7383691
1630679817082,7384212
1630679817122,7385046
1630679817162,7386454
1630679817202,7385881
1630679817242,7386090
1630679817282,7387654
1630679817322,7389114
1630679817362,7392765
1630679817402,7396572
1630679817442,7400692
1630679817482,7404759
1630679817522,7408410
1630679817562,7411434
1630679817602,7413312
1630679817642,7412686
1630679817682,7411121
1630679817722,7409087
1630679817762,7407262
1630679817802,7406219
1630679817842,7404916
1630679817882,7403612
1630679817922,7402882
1630679817962,7400952
1630679818002,7399492
1630679818042,7398136
1630679818082,7396728
1630679818122,7394642
1630679818162,7393234
1630679818202,7392087
1630679818242,7390939
1630679818282,7390366
1630679818322,7391148
1630679818362,7390105
1630679818402,7389792
1630679818442,7388749
1630679818482,7388071
1630679818522,7386820
1630679818562,7384786
1630679818602,7383117
1630679818642,7382074
1630679818682,7380458
1630679818722,7380144
1630679818762,7380927
1630679818802,7381396
1630679818842,7381918
1630679818882,7383117
1630679818922,7383534
1630679818962,7385307
1630679819002,7387393
1630679819042,7389949
1630679819082,7394173
1630679819122,7397458
1630679819162,7399335
1630679819202,7399961
1630679819242,7401056
1630679819282,7402047
1630679819322,7401004
1630679819362,7403560
1630679819402,7405385
1630679819442,7405594
1630679819482,7407262
1630679819522,7407888
1630679819562,7410912
1630679819602,7414407
1630679819642,7418266
1630679819682,7420404
1630679819722,7421916
1630679819762,7422438
1630679819802,7420873
1630679819842,7420143
1630679819882,7418526
1630679819922,7417796
1630679819962,7416232
1630679820002,7416232
1630679820042,7415554
1630679820082,7413468
1630679820122,7410078
1630679820162,7406376
1630679820202,7404081
1630679820242,7401735
1630679820282,7399857
1630679820322,7399284
1630679820362,7399492
1630679820402,7401682
1630679820442,7403194
1630679820482,7402934
1630679820522,7401421
1630679820562,7399700
1630679820602,7397927
1630679820642,7397771
1630679820682,7396572
1630679820722,7395476
1630679820762,7396050
1630679820802,7396102
1630679820842,7395581
1630679820882,7394955
1630679820922,7394225
1630679820962,7394068
1630679821002,7394642
1630679821042,7394433
1630679821082,7396207
1630679821122,7399805
1630679821162,7402256
1630679821202,7404759
1630679821242,7406532
1630679821282,7407262
1630679821322,7408096
1630679821362,7409192
1630679821402,7410026
1630679821442,7411434
1630679821482,7413468
1630679821522,7415085
1630679821562,7416701
1630679821602,7418266
1630679821642,7421186
1630679821682,7421968
1630679821722,7421812
1630679821762,7420925
1630679821802,7419726
1630679821842,7418266
1630679821882,7415397
1630679821922,7413416
1630679821962,7411904
1630679822002,7410443
1630679822042,7409974
1630679822082,7408514
1630679822122,7407002
1630679822162,7406428
1630679822202,7404759
1630679822242,7404394
1630679822282,7402777
1630679822322,7401839
1630679822362,7400639
1630679822402,7397719
1630679822442,7396207
1630679822482,7395216
1630679822522,7394538
1630679822562,7395164
1630679822602,7395216
1630679822642,7396467
1630679822682,7396572
1630679822722,7396937
1630679822762,7395216
1630679822802,7392452
1630679822842,7388019
1630679822882,7384212
1630679822922,7381761
1630679822962,7379832
1630679823002,7378528
1630679823042,7377850
1630679823082,7378059
1630679823122,7378163
1630679823162,7378163
1630679823202,7378215
1630679823242,7378267
1630679823282,7378215
1630679823322,7378163
1630679823362,7378267
1630679823402,7379414
1630679823442,7382074
1630679823482,7383430
1630679823522,7386611
1630679823562,7389479
1630679823602,7392556
1630679823642,7392295
1630679823682,7389323
1630679823722,7384629
1630679823762,7383221
1630679823802,7382544
1630679823842,7381396
1630679823882,7382126
1630679823922,7384056
1630679823962,7384682
1630679824002,7383795
1630679824042,7383117
1630679824082,7382700
1630679824122,7382387
1630679824162,7381918
1630679824202,7382387
1630679824242,7383743
1630679824282,7384369
1630679824322,7385099
1630679824362,7384734
1630679824402,7384264
1630679824442,7384473
1630679824482,7384682
1630679824522,7383743
1630679824562,7384682
1630679824602,7384525
1630679824642,7384525
1630679824682,7383952
1630679824722,7383952
1630679824762,7383378
1630679824802,7383169
1630679824842,7383743
1630679824882,7384160
1630679824922,7384890
1630679824962,7384525
1630679825002,7384942
1630679825042,7384838
1630679825082,7384369
1630679825122,7383899
1630679825162,7384369
1630679825202,7384890
1630679825242,7385412
1630679825282,7387758
1630679825322,7391044
1630679825362,7394486
1630679825402,7394277
1630679825442,7393495
1630679825482,7392400
1630679825522,7392660
1630679825562,7393025
1630679825602,7394016
1630679825642,7394225
1630679825682,7396259
1630679825722,7397667
1630679825762,7400222
1630679825802,7402569
1630679825842,7404655
1630679825882,7405750
1630679825922,7407575
1630679825962,7409296
1630679826002,7411486
1630679826042,7413416
1630679826082,7415345
1630679826122,7417066
1630679826162,7418631
1630679826202,7420977
1630679826242,7422177
1630679826282,7422125
1630679826322,7421603
1630679826362,7420456
1630679826402,7418631
1630679826442,7416910
1630679826482,7415554
1630679826522,7414146
1630679826562,7412686
1630679826602,7410808
1630679826642,7409609
1630679826682,7409140
1630679826722,7407367
1630679826762,7406115
1630679826802,7404498
1630679826842,7403664
1630679826882,7403403
1630679826922,7402360
1630679826962,7401630
1630679827002,7400952
1630679827042,7400900
1630679827082,7401265
1630679827122,7400013
1630679827162,7398553
1630679827202,7399127
1630679827242,7398136
1630679827282,7397562
1630679827322,7397510
1630679827362,7398814
1630679827402,7399700
1630679827442,7399805
1630679827482,7401735
1630679827522,7403038
1630679827562,7403716
1630679827602,7405854
1630679827642,7407053
1630679827682,7408879
1630679827722,7410496
1630679827762,7413312
1630679827802,7414250
1630679827842,7415919
1630679827882,7418266
1630679827922,7420404
1630679827962,7421864
1630679828002,7423272
1630679828042,7425306
1630679828082,7427183
1630679828122,7429165
1630679828162,7430625
1630679828202,7432555
1630679828242,7433389
1630679828282,7433337
1630679828322,7431564
1630679828362,7429634
1630679828402,7427861
1630679828442,7425619
1630679828482,7423481
1630679828522,7422959
1630679828562,7420925
1630679828602,7419674
1630679828642,7418735
1630679828682,7417171
1630679828722,7416180
1630679828762,7414772
1630679828802,7413051
1630679828842,7411747
1630679828882,7410652
1630679828922,7409557
1630679828962,7408827
1630679829002,7407419
1630679829042,7406949
1630679829082,7405802
1630679829122,7405541
1630679829162,7406167
1630679829202,7403872
1630679829242,7403925
1630679829282,7402829
1630679829322,7401891
1630679829362,7401995
1630679829402,7400743
1630679829442,7399596
1630679829482,7399805
1630679829522,7398710
1630679829562,7398188
1630679829602,7397458
1630679829642,7397197
1630679829682,7397145
1630679829722,7396780
1630679829762,7396780
1630679829802,7396207
1630679829842,7396624
1630679829882,7397302
1630679829922,7397562
1630679829962,7398814
1630679830002,7399753
1630679830042,7401161
1630679830082,7402621
1630679830122,7403351
1630679830162,7404290
1630679830202,7406219
1630679830242,7407314
1630679830282,7408253
1630679830322,7409244
1630679830362,7409922
1630679830402,7411121
1630679830442,7412738
1630679830482,7413833
1630679830522,7415085
1630679830562,7415763
1630679830602,7417379
1630679830642,7419309
1630679830682,7420247
1630679830722,7421238
1630679830762,7422281
1630679830802,7422646
1630679830842,7421864
1630679830882,7421655
1630679830922,7420665
1630679830962,7419778
1630679831002,7417848
1630679831042,7416232
1630679831082,7414772
1630679831122,7413677
1630679831162,7412425
1630679831202,7411278
1630679831242,7409818
1630679831282,7409504
1630679831322,7407575
1630679831362,7406845
1630679831402,7407367
1630679831442,7405698
1630679831482,7404655
1630679831522,7404185
1630679831562,7403664
1630679831602,7402256
1630679831642,7401526
1630679831682,7401369
1630679831722,7401213
1630679831762,7400483
1630679831802,7400013
1630679831842,7399596
1630679831882,7398710
1630679831922,7398397
1630679831962,7397406
1630679832002,7396624
1630679832042,7396884
1630679832082,7396937
1630679832122,7396572
1630679832162,7395894
1630679832202,7395894
1630679832242,7396259
1630679832282,7396415
1630679832322,7397510
1630679832362,7397980
1630679832402,7399596
1630679832442,7400848
1630679832482,7401786
1630679832522,7403038
1630679832562,7404342
1630679832602,7405489
1630679832642,7406219
1630679832682,7407940
1630679832722,7409087
1630679832762,7409922
1630679832802,7410808
1630679832842,7412425
1630679832882,7413677
1630679832922,7414563
1630679832962,7416232
1630679833002,7417483
1630679833042,7418787
1630679833082,7420143
1630679833122,7421291
1630679833162,7422385
1630679833202,7422385
1630679833242,7421342
1630679833282,7420508
1630679833322,7418422
1630679833362,7418161
1630679833402,7416388
1630679833442,7415554
1630679833482,7414355
1630679833522,7413624
1630679833562,7412529
1630679833602,7411956
1630679833642,7410704
1630679833682,7409348
1630679833722,7408775
1630679833762,7408566
1630679833802,7406741
1630679833842,7405854
1630679833882,7405385
1630679833922,7404394
1630679833962,7403194
1630679834002,7402725
1630679834042,7401682
1630679834082,7400952
1630679834122,7400431
1630679834162,7399857
1630679834202,7399440
1630679834242,7398605
1630679834282,7397719
1630679834322,7397927
1630679834362,7397145
1630679834402,7395894
1630679834442,7395998
1630679834482,7395737
1630679834522,7394955
1630679834562,7395111
1630679834602,7395007
1630679834642,7395059
1630679834682,7395633
1630679834722,7395946
1630679834762,7397197
1630679834802,7398605
1630679834842,7399909
1630679834882,7400743
1630679834922,7402256
1630679834962,7403560
1630679835002,7404290
1630679835042,7405594
1630679835082,7406793
1630679835122,7407575
1630679835162,7408879
1630679835202,7409765
1630679835242,7411121
1630679835282,7411538
1630679835322,7413259
1630679835362,7414094
1630679835402,7415189
1630679835442,7416023
1630679835482,7416753
1630679835522,7418422
1630679835562,7418526
1630679835602,7419622
1630679835642,7419257
1630679835682,7418526
1630679835722,7418214
1630679835762,7416597
1630679835802,7415450
1630679835842,7414980
1630679835882,7412947
1630679835922,7411695
1630679835962,7411643
1630679836002,7409400
1630679836042,7409504
1630679836082,7408722
1630679836122,7407367
1630679836162,7406741
1630679836202,7405072
1630679836242,7404394
1630679836282,7403820
1630679836322,7402725
1630679836362,7401786
1630679836402,7401109
1630679836442,7400639
1630679836482,7400170
1630679836522,7399231
1630679836562,7398553
1630679836602,7397823
1630679836642,7398084
1630679836682,7397093
1630679836722,7396676
1630679836762,7396937
1630679836802,7396259
1630679836842,7396259
1630679836882,7396780
1630679836922,7396259
1630679836962,7398084
1630679837002,7399284
1630679837042,7400170
1630679837082,7401369
1630679837122,7403194
1630679837162,7403508
1630679837202,7404916
1630679837242,7406115
1630679837282,7406688
1630679837322,7408045
1630679837362,7409713
1630679837402,7410443
1630679837442,7411069
1630679837482,7412842
1630679837522,7414250
1630679837562,7415502
1630679837602,7416440
1630679837642,7417744
1630679837682,7418683
1630679837722,7420352
1630679837762,7421082
1630679837802,7421760
1630679837842,7420925
1630679837882,7420247
1630679837922,7419569
1630679837962,7418579
1630679838002,7418005
1630679838042,7416910
1630679838082,7414980
1630679838122,7414563
1630679838162,7413677
1630679838202,7412164
1630679838242,7411382
1630679838282,7410756
1630679838322,7409557
1630679838362,7408775
1630679838402,7407419
1630679838442,7407053
1630679838482,7405906
1630679838522,7405020
1630679838562,7403925
1630679838602,7403925
1630679838642,7402829
1630679838682,7401109
1630679838722,7401839
1630679838762,7400326
1630679838802,7400222
1630679838842,7399909
1630679838882,7399596
1630679838922,7398762
1630679838962,7398032
1630679839002,7398501
1630679839042,7398032
1630679839082,7398032
1630679839122,7396676
1630679839162,7397197
1630679839202,7398136
1630679839242,7398449
1630679839282,7399961
1630679839322,7401786
1630679839362,7402569
1630679839402,7403664
1630679839442,7404185
1630679839482,7405906
1630679839522,7406949
1630679839562,7407888
1630679839602,7408983
1630679839642,7410183
1630679839682,7411486
1630679839722,7412842
1630679839762,7413259
1630679839802,7414250
1630679839842,7415815
1630679839882,7417327
1630679839922,7418318
1630679839962,7419883
1630679840002,7420977
1630679840042,7420821
1630679840082,7421342
1630679840122,7421134
1630679840162,7420039
1630679840202,7419048
1630679840242,7418579
1630679840282,7417536
1630679840322,7416597
1630679840362,7415189
1630679840402,7414824
1630679840442,7414146
1630679840482,7412529
1630679840522,7412425
1630679840562,7410391
1630679840602,7409192
1630679840642,7408879
1630679840682,7407575
1630679840722,7406376
1630679840762,7406115
1630679840802,7405280
1630679840842,7404916
1630679840882,7403768
1630679840922,7403664
1630679840962,7402621
1630679841002,7401213
1630679841042,7401004
1630679841082,7400170
1630679841122,7398918
1630679841162,7398710
1630679841202,7398345
1630679841242,7398136
1630679841282,7398345
1630679841322,7398188
1630679841362,7397771
1630679841402,7397615
1630679841442,7397093
1630679841482,7397145
1630679841522,7396572
1630679841562,7398240
1630679841602,7398501
1630679841642,7400326
1630679841682,7401421
1630679841722,7402256
1630679841762,7403768
1630679841802,7405072
1630679841842,7406584
1630679841882,7409504
1630679841922,7411121
1630679841962,7412686
1630679842002,7414928
1630679842042,7415606
1630679842082,7417588
1630679842122,7418944
1630679842162,7419830
1630679842202,7420925
1630679842242,7422229
1630679842282,7424054
1630679842322,7425775
1630679842362,7427757
1630679842402,7428383
1630679842442,7428852
1630679842482,7427809
1630679842522,7425306
1630679842562,7424471
1630679842602,7422542
1630679842642,7420143
1630679842682,7417848
1630679842722,7416858
1630679842762,7415241
1630679842802,7415658
1630679842842,7414094
1630679842882,7413781
1630679842922,7412894
1630679842962,7410600
1630679843002,7409765
1630679843042,7408305
1630679843082,7407367
1630679843122,7407210
1630679843162,7406793
1630679843202,7404498
1630679843242,7404655
1630679843282,7404394
1630679843322,7403560
1630679843362,7402829
1630679843402,7402308
1630679843442,7401526
1630679843482,7401786
1630679843522,7400587
1630679843562,7401213
1630679843602,7400848
1630679843642,7400900
1630679843682,7401682
1630679843722,7401891
1630679843762,7402151
1630679843802,7404394
1630679843842,7405541
1630679843882,7405906
1630679843922,7406793
1630679843962,7408305
1630679844002,7409504
1630679844042,7410391
1630679844082,7411278
1630679844122,7412999
1630679844162,7413885
1630679844202,7415658
1630679844242,7417744
1630679844282,7418891
1630679844322,7420299
1630679844362,7422281
1630679844402,7424159
1630679844442,7425671
1630679844482,7426244
1630679844522,7425932
1630679844562,7425619
1630679844602,7424002
1630679844642,7423116
1630679844682,7422333
1630679844722,7420456
1630679844762,7420247
1630679844802,7419048
1630679844842,7418214
1630679844882,7417379
1630679844922,7415919
1630679844962,7414772
1630679845002,7413416
1630679845042,7412686
1630679845082,7411904
1630679845122,7410443
1630679845162,7410339
1630679845202,7409140
1630679845242,7409244
1630679845282,7407836
1630679845322,7407940
1630679845362,7407732
1630679845402,7406949
1630679845442,7406532
1630679845482,7405333
1630679845522,7405489
1630679845562,7405072
1630679845602,7404498
1630679845642,7403612
1630679845682,7403351
1630679845722,7403925
1630679845762,7404342
1630679845802,7403560
1630679845842,7404237
1630679845882,7405750
1630679845922,7407002
1630679845962,7407940
1630679846002,7408931
1630679846042,7410183
1630679846082,7410235
1630679846122,7412477
1630679846162,7413364
1630679846202,7414250
1630679846242,7415032
1630679846282,7416128
1630679846322,7417223
1630679846362,7418109
1630679846402,7419413
1630679846442,7420769
1630679846482,7422542
1630679846522,7423168
1630679846562,7424471
1630679846602,7425045
1630679846642,7424941
1630679846682,7423950
1630679846722,7424315
1630679846762,7423272
1630679846802,7422594
1630679846842,7421342
1630679846882,7421186
1630679846922,7420352
1630679846962,7419674
1630679847002,7418370
1630679847042,7417692
1630679847082,7416284
1630679847122,7415345
1630679847162,7414876
1630679847202,7413051
1630679847242,7412008
1630679847282,7411904
1630679847322,7410652
1630679847362,7410235
1630679847402,7409296
1630679847442,7408514
1630679847482,7408566
1630679847522,7407992
1630679847562,7407314
1630679847602,7406897
1630679847642,7406376
1630679847682,7405437
1630679847722,7404811
1630679847762,7404707
1630679847802,7405228
1630679847842,7404602
1630679847882,7404029
1630679847922,7404081
1630679847962,7404185
1630679848002,7403560
1630679848042,7404968
1630679848082,7405437
1630679848122,7407106
1630679848162,7407940
1630679848202,7408514
1630679848242,7409296
1630679848282,7410183
1630679848322,7411330
1630679848362,7411486
1630679848402,7412634
1630679848442,7413155
1630679848482,7414511
1630679848522,7415189
1630679848562,7417536
1630679848602,7418109
1630679848642,7419778
1630679848682,7420665
1630679848722,7421708
1630679848762,7421291
1630679848802,7422542
1630679848842,7420508
1630679848882,7419830
1630679848922,7419048
1630679848962,7417953
1630679849002,7417796
1630679849042,7417066
1630679849082,7415189
1630679849122,7414876
1630679849162,7413207
1630679849202,7410704
1630679849242,7407940
1630679849282,7405280
1630679849322,7403664
1630679849362,7401474
1630679849402,7399961
1630679849442,7399596
1630679849482,7398345
1630679849522,7397927
1630679849562,7397823
1630679849602,7396624
1630679849642,7396572
1630679849682,7396154
1630679849722,7395737
1630679849762,7395007
1630679849802,7394903
1630679849842,7394538
1630679849882,7394590
1630679849922,7394225
1630679849962,7394016
1630679850002,7394016
1630679850042,7395007
1630679850082,7396207
1630679850122,7396832
1630679850162,7398188
1630679850202,7398397
1630679850242,7400013
1630679850282,7400743
1630679850322,7401839
1630679850362,7402725
1630679850402,7403194
1630679850442,7405280
1630679850482,7406688
1630679850522,7408357
1630679850562,7409087
1630679850602,7410287
1630679850642,7412008
1630679850682,7412529
1630679850722,7413781
1630679850762,7414720
1630679850802,7414407
1630679850842,7413364
1630679850882,7412999
1630679850922,7411173
1630679850962,7410235
1630679851002,7409504
1630679851042,7409140
1630679851082,7407992
1630679851122,7407106
1630679851162,7406845
1630679851202,7406480
1630679851242,7404759
1630679851282,7404133
1630679851322,7403351
1630679851362,7403403
1630679851402,7401943
1630679851442,7401630
1630679851482,7400326
1630679851522,7399805
1630679851562,7398762
1630679851602,7398605
1630679851642,7398397
1630679851682,7397615
1630679851722,7397197
1630679851762,7396624
1630679851802,7395946
1630679851842,7395841
1630679851882,7395424
1630679851922,7394851
1630679851962,7394746
1630679852002,7394277
1630679852042,7394225
1630679852082,7394225
1630679852122,7394277
1630679852162,7394590
1630679852202,7395841
1630679852242,7397041
1630679852282,7398188
1630679852322,7399179
1630679852362,7400066
1630679852402,7401735
1630679852442,7402621
1630679852482,7403508
1630679852522,7405906
1630679852562,7406324
1630679852602,7408566
1630679852642,7409348
1630679852682,7410443
1630679852722,7411643
1630679852762,7413207
1630679852802,7416075
1630679852842,7417796
1630679852882,7419830
1630679852922,7421134
1630679852962,7421551
1630679853002,7421551
1630679853042,7420665
1630679853082,7419987
1630679853122,7418579
1630679853162,7417014
1630679853202,7415971
1630679853242,7414563
1630679853282,7413416
1630679853322,7412373
1630679853362,7411486
1630679853402,7411434
1630679853442,7409870
1630679853482,7407784
1630679853522,7406793
1630679853562,7405437
1630679853602,7405333
1630679853642,7404237
1630679853682,7404185
1630679853722,7404446
1630679853762,7403403
1630679853802,7403612
1630679853842,7403351
1630679853882,7402517
1630679853922,7402256
1630679853962,7401891
1630679854002,7401786
1630679854042,7401526
1630679854082,7401839
1630679854122,7401526
1630679854162,7401578
1630679854202,7402308
1630679854242,7403768
1630679854282,7404759
1630679854322,7406219
1630679854362,7406636
1630679854402,7407992
1630679854442,7409348
1630679854482,7409974
1630679854522,7411226
1630679854562,7412321
1630679854602,7413155
1630679854642,7414720
1630679854682,7415241
1630679854722,7416597
1630679854762,7417223
1630679854802,7418944
1630679854842,7419465
1630679854882,7420665
1630679854922,7422020
1630679854962,7422281
1630679855002,7422907
1630679855042,7423846
1630679855082,7423428
1630679855122,7423220
1630679855162,7422750
1630679855202,7422073
1630679855242,7421342
1630679855282,7420039
1630679855322,7417901
1630679855362,7416962
1630679855402,7416232
1630679855442,7415763
1630679855482,7415085
1630679855522,7414042
1630679855562,7413207
1630679855602,7412373
1630679855642,7412216
1630679855682,7411486
1630679855722,7411330
1630679855762,7410287
1630679855802,7409453
1630679855842,7409140
1630679855882,7408253
1630679855922,7407419
1630679855962,7406688
1630679856002,7406584
1630679856042,7405541
1630679856082,7404968
1630679856122,7404759
1630679856162,7403977
1630679856202,7403872
1630679856242,7404081
1630679856282,7403247
1630679856322,7403455
1630679856362,7402986
1630679856402,7403560
1630679856442,7402829
1630679856482,7403299
1630679856522,7403560
1630679856562,7404185
1630679856602,7404968
1630679856642,7406793
1630679856682,7407784
1630679856722,7408514
1630679856762,7410287
1630679856802,7411226
1630679856842,7411069
1630679856882,7412894
1630679856922,7413520
1630679856962,7414980
1630679857002,7415502
1630679857042,7416649
1630679857082,7417379
1630679857122,7418526
1630679857162,7419100
1630679857202,7420039
1630679857242,7421916
1630679857282,7422385
1630679857322,7423116
1630679857362,7423637
1630679857402,7424054
1630679857442,7424159
1630679857482,7423324
1630679857522,7422385
1630679857562,7421551
1630679857602,7421603
1630679857642,7420299
1630679857682,7419100
1630679857722,7418370
1630679857762,7417848
1630679857802,7417014
1630679857842,7416284
1630679857882,7415606
1630679857922,7414928
1630679857962,7414667
1630679858002,7414094
1630679858042,7413103
1630679858082,7412999
1630679858122,7411434
1630679858162,7411434
1630679858202,7409765
1630679858242,7409765
1630679858282,7408618
1630679858322,7408096
1630679858362,7408045
1630679858402,7407419
1630679858442,7406428
1630679858482,7406428
1630679858522,7406636
1630679858562,7405854
1630679858602,7405489
1630679858642,7404237
1630679858682,7404394
1630679858722,7404081
1630679858762,7403925
1630679858802,7404081
1630679858842,7403508
1630679858882,7404237
1630679858922,7403768
1630679858962,7404185
1630679859002,7405333
1630679859042,7407106
1630679859082,7407575
1630679859122,7408983
1630679859162,7409765
1630679859202,7410600
1630679859242,7411695
1630679859282,7412634
1630679859322,7414094
1630679859362,7414824
1630679859402,7415710
1630679859442,7416649
1630679859482,7417379
1630679859522,7418735
1630679859562,7419778
1630679859602,7420299
1630679859642,7421342
1630679859682,7422907
1630679859722,7423116
1630679859762,7423846
1630679859802,7424784
1630679859842,7424993
1630679859882,7425358
1630679859922,7424836
1630679859962,7424054
1630679860002,7423898
1630679860042,7423272
1630679860082,7422490
1630679860122,7421864
1630679860162,7420873
1630679860202,7420508
1630679860242,7419830
1630679860282,7418787
1630679860322,7418735
1630679860362,7417640
1630679860402,7418109
1630679860442,7416806
1630679860482,7416440
1630679860522,7415606
1630679860562,7414720
1630679860602,7414720
1630679860642,7413572
1630679860682,7413259
1630679860722,7413364
1630679860762,7412529
1630679860802,7411956
1630679860842,7410912
1630679860882,7410026
1630679860922,7409244
1630679860962,7409713
1630679861002,7409348
1630679861042,7408253
1630679861082,7407732
1630679861122,7406793
1630679861162,7406949
1630679861202,7406011
1630679861242,7406271
1630679861282,7406167
1630679861322,7405802
1630679861362,7406011
1630679861402,7405489
1630679861442,7405854
1630679861482,7405959
1630679861522,7406167
1630679861562,7407210
1630679861602,7407314
1630679861642,7408410
1630679861682,7409765
1630679861722,7410339
1630679861762,7410130
1630679861802,7412373
1630679861842,7412529
1630679861882,7414094
1630679861922,7414876
1630679861962,7415867
1630679862002,7416858
1630679862042,7417848
1630679862082,7418944
1630679862122,7419674
1630679862162,7420247
1630679862202,7421760
1630679862242,7422333
1630679862282,7423220
1630679862322,7424054
1630679862362,7424680
1630679862402,7425150
1630679862442,7426609
1630679862482,7426036
1630679862522,7425984
1630679862562,7424524
1630679862602,7423950
1630679862642,7423220
1630679862682,7423116
1630679862722,7421916
1630679862762,7421812
1630679862802,7420821
1630679862842,7420352
1630679862882,7419100
1630679862922,7418735
1630679862962,7417901
1630679863002,7417431
1630679863042,7416180
1630679863082,7416232
1630679863122,7415606
1630679863162,7414876
1630679863202,7413937
1630679863242,7413051
1630679863282,7412425
1630679863322,7411486
1630679863362,7411382
1630679863402,7411069
1630679863442,7410339
1630679863482,7408879
1630679863522,7409557
1630679863562,7408931
1630679863602,7408931
1630679863642,7407575
1630679863682,7407940
1630679863722,7407836
1630679863762,7407575
1630679863802,7407106
1630679863842,7407158
1630679863882,7406949
1630679863922,7407836
1630679863962,7407732
1630679864002,7407575
1630679864042,7408618
1630679864082,7409765
1630679864122,7410496
1630679864162,7410652
1630679864202,7412269
1630679864242,7412477
1630679864282,7413989
1630679864322,7414980
1630679864362,7415867
1630679864402,7416388
1630679864442,7417014
1630679864482,7418422
1630679864522,7420091
1630679864562,7420143
1630679864602,7421760
1630679864642,7422542
1630679864682,7423742
1630679864722,7424680
1630679864762,7425201
1630679864802,7425254
1630679864842,7426505
1630679864882,7427601
1630679864922,7427496
1630679864962,7426714
1630679865002,7426244
1630679865042,7426036
1630679865082,7425097
1630679865122,7425462
1630679865162,7423950
1630679865202,7423376
1630679865242,7422750
1630679865282,7422073
1630679865322,7420873
1630679865362,7420665
1630679865402,7419100
1630679865442,7418996
1630679865482,7418005
1630679865522,7417536
1630679865562,7417171
1630679865602,7416440
1630679865642,7415606
1630679865682,7415710
1630679865722,7414667
1630679865762,7414407
1630679865802,7412425
1630679865842,7411747
1630679865882,7411017
1630679865922,7410391
1630679865962,7409922
1630679866002,7409348
1630679866042,7409557
1630679866082,7409400
1630679866122,7408983
1630679866162,7408879
1630679866202,7408670
1630679866242,7408045
1630679866282,7408410
1630679866322,7407888
1630679866362,7407575
1630679866402,7407314
1630679866442,7407523
1630679866482,7408253
1630679866522,7409296
1630679866562,7410496
1630679866602,7411278
1630679866642,7412321
1630679866682,7413468
1630679866722,7414563
1630679866762,7415137
1630679866802,7415763
1630679866842,7416545
1630679866882,7417483
1630679866922,7418422
1630679866962,7419517
1630679867002,7420560
1630679867042,7420456
1630679867082,7421603
1630679867122,7423116
1630679867162,7423324
1630679867202,7423220
1630679867242,7424315
1630679867282,7425723
1630679867322,7426193
1630679867362,7426818
1630679867402,7428174
1630679867442,7428852
1630679867482,7429060
1630679867522,7428644
1630679867562,7427601
1630679867602,7426036
1630679867642,7426193
1630679867682,7425045
1630679867722,7424002
1630679867762,7423793
1630679867802,7422699
1630679867842,7422020
1630679867882,7421447
1630679867922,7419622
1630679867962,7419517
1630679868002,7418474
1630679868042,7417953
1630679868082,7416806
1630679868122,7416336
1630679868162,7414511
1630679868202,7413572
1630679868242,7413624
1630679868282,7413051
1630679868322,7411695
1630679868362,7411330
1630679868402,7410443
1630679868442,7409818
1630679868482,7409504
1630679868522,7409192
1630679868562,7409087
1630679868602,7407940
1630679868642,7408305
1630679868682,7407523
1630679868722,7407575
1630679868762,7407940
1630679868802,7407523
1630679868842,7407367
1630679868882,7406845
1630679868922,7408514
1630679868962,7409400
1630679869002,7409922
1630679869042,7411330
1630679869082,7412790
1630679869122,7413416
1630679869162,7414459
1630679869202,7415241
1630679869242,7416388
1630679869282,7417692
1630679869322,7418474
1630679869362,7419778
1630679869402,7420247
1630679869442,7421655
1630679869482,7422646
1630679869522,7423481
1630679869562,7424993
1630679869602,7426297
1630679869642,7427287
1630679869682,7428278
1630679869722,7429060
1630679869762,7429374
1630679869802,7429113
1630679869842,7427705
1630679869882,7427183
1630679869922,7426036
1630679869962,7425984
1630679870002,7425775
1630679870042,7426453
1630679870082,7425671
1630679870122,7425932
1630679870162,7426140
1630679870202,7425410
1630679870242,7424576
1630679870282,7423846
1630679870322,7422699
1630679870362,7421708
1630679870402,7420195
1630679870442,7419517
1630679870482,7418057
1630679870522,7417379
1630679870562,7415867
1630679870602,7414667
1630679870642,7414250
1630679870682,7413989
1630679870722,7412477
1630679870762,7412373
1630679870802,7411486
1630679870842,7411069
1630679870882,7411017
1630679870922,7411538
1630679870962,7411434
1630679871002,7410861
1630679871042,7410965
1630679871082,7410391
1630679871122,7410078
1630679871162,7409818
1630679871202,7409087
1630679871242,7409400
1630679871282,7408566
1630679871322,7408253
1630679871362,7407471
1630679871402,7407367
1630679871442,7407210
1630679871482,7406741
1630679871522,7406741
1630679871562,7407262
1630679871602,7407419
1630679871642,7408096
1630679871682,7409035
1630679871722,7410235
1630679871762,7410861
1630679871802,7412060
1630679871842,7413207
1630679871882,7414563
1630679871922,7416023
1630679871962,7416858
1630679872002,7418109
1630679872042,7419517
1630679872082,7420665
1630679872122,7422333
1630679872162,7424107
1630679872202,7424471
1630679872242,7425879
1630679872282,7426453
1630679872322,7427966
1630679872362,7428122
1630679872402,7428122
1630679872442,7426088
1630679872482,7423428
1630679872522,7419361
1630679872562,7415502
1630679872602,7413989
1630679872642,7412634
1630679872682,7412321
1630679872722,7412164
1630679872762,7410704
1630679872802,7411121
1630679872842,7410339
1630679872882,7409922
1630679872922,7410861
1630679872962,7412008
1630679873002,7413103
1630679873042,7413833
1630679873082,7414615
1630679873122,7414511
1630679873162,7415189
1630679873202,7415971
1630679873242,7416075
1630679873282,7415606
1630679873322,7414720
1630679873362,7413781
1630679873402,7413051
1630679873442,7413207
1630679873482,7412529
1630679873522,7412529
1630679873562,7412999
1630679873602,7412999
1630679873642,7412216
1630679873682,7413259
1630679873722,7412894
1630679873762,7413364
1630679873802,7412894
1630679873842,7413364
1630679873882,7413103
1630679873922,7413207
1630679873962,7413207
1630679874002,7413051
1630679874042,7412634
1630679874082,7413155
1630679874122,7412999
1630679874162,7413103
1630679874202,7413259
1630679874242,7413312
1630679874282,7413468
1630679874322,7413729
1630679874362,7413624
1630679874402,7413677
1630679874442,7413572
1630679874482,7413624
1630679874522,7412842
1630679874562,7413572
1630679874602,7412738
1630679874642,7411851
1630679874682,7411017
1630679874722,7410965
1630679874762,7410496
1630679874802,7410808
1630679874842,7410808
1630679874882,7410861
1630679874922,7410704
1630679874962,7410548
1630679875002,7410600
1630679875042,7411382
1630679875082,7410965
1630679875122,7410861
1630679875162,7409922
1630679875202,7408201
1630679875242,7406167
1630679875282,7405489
1630679875322,7404863
1630679875362,7405645
1630679875402,7407575
1630679875442,7409453
1630679875482,7409713
1630679875522,7410756
1630679875562,7411434
1630679875602,7412164
1630679875642,7412321
1630679875682,7412477
1630679875722,7412894
1630679875762,7413624
1630679875802,7414355
1630679875842,7413781
1630679875882,7414615
1630679875922,7413572
1630679875962,7413520
1630679876002,7413051
1630679876042,7412008
1630679876082,7410704
1630679876122,7410235
1630679876162,7410443
1630679876202,7410496
1630679876242,7410235
1630679876282,7411434
1630679876322,7412529
1630679876362,7414302
1630679876402,7415085
1630679876442,7415815
1630679876482,7415606
1630679876522,7415815
1630679876562,7416336
1630679876602,7416232
1630679876642,7417796
1630679876682,7418891
1630679876722,7420612
1630679876762,7421551
1630679876802,7423116
1630679876842,7423846
1630679876882,7425515
1630679876922,7425775
1630679876962,7426975
1630679877002,7428070
1630679877042,7428852
1630679877082,7429686
1630679877122,7431094
1630679877162,7431929
1630679877202,7431616
1630679877242,7431199
1630679877282,7430312
1630679877322,7428956
1630679877362,7428383
1630679877402,7427966
1630679877442,7427235
1630679877482,7425358
1630679877522,7424107
1630679877562,7422594
1630679877602,7421968
1630679877642,7421342
1630679877682,7421238
1630679877722,7419830
1630679877762,7420299
1630679877802,7419726
1630679877842,7419048
1630679877882,7418161
1630679877922,7417118
1630679877962,7416858
1630679878002,7415606
1630679878042,7415137
1630679878082,7415345
1630679878122,7413989
1630679878162,7413520
1630679878202,7413364
1630679878242,7413103
1630679878282,7412686
1630679878322,7412373
1630679878362,7412164
1630679878402,7411434
1630679878442,7410600
1630679878482,7410912
1630679878522,7410600
1630679878562,7411434
1630679878602,7411643
1630679878642,7412164
1630679878682,7412581
1630679878722,7412738
1630679878762,7413572
1630679878802,7414094
1630679878842,7413989
1630679878882,7414355
1630679878922,7415085
1630679878962,7415137
1630679879002,7416023
1630679879042,7417327
1630679879082,7417379
1630679879122,7417536
1630679879162,7417848
1630679879202,7418318
1630679879242,7419569
1630679879282,7420039
1630679879322,7420925
1630679879362,7420195
1630679879402,7419674
1630679879442,7419048
1630679879482,7418161
1630679879522,7418474
1630679879562,7416440
1630679879602,7416232
1630679879642,7416336
1630679879682,7417066
1630679879722,7417014
1630679879762,7417223
1630679879802,7418579
1630679879842,7419152
1630679879882,7419622
1630679879922,7420195
1630679879962,7418891
1630679880002,7418318
1630679880042,7418318
1630679880082,7419204
1630679880122,7418370
1630679880162,7418474
1630679880202,7418318
1630679880242,7418161
1630679880282,7418057
1630679880322,7417118
1630679880362,7416545
1630679880402,7417014
1630679880442,7417744
1630679880482,7419100
1630679880522,7419152
1630679880562,7419830
1630679880602,7419309
1630679880642,7420612
1630679880682,7420769
1630679880722,7421342
1630679880762,7421551
1630679880802,7421655
1630679880842,7422229
1630679880882,7422594
1630679880922,7423220
1630679880962,7423793
1630679881002,7424263
1630679881042,7425410
1630679881082,7426558
1630679881122,7427027
1630679881162,7428487
1630679881202,7429269
1630679881242,7430364
1630679881282,7429686
1630679881322,7429478
1630679881362,7428487
1630679881402,7427496
1630679881442,7427235
1630679881482,7427027
1630679881522,7426766
1630679881562,7425306
1630679881602,7425254
1630679881642,7425306
1630679881682,7424576
1630679881722,7424367
1630679881762,7424159
1630679881802,7424315
1630679881842,7423742
1630679881882,7423898
1630679881922,7424315
1630679881962,7424211
1630679882002,7423272
1630679882042,7423063
1630679882082,7423168
1630679882122,7422907
1630679882162,7422855
1630679882202,7423324
1630679882242,7422750
1630679882282,7422385
1630679882322,7422907
1630679882362,7423011
1630679882402,7423011
1630679882442,7423272
1630679882482,7422699
1630679882522,7422229
1630679882562,7422750
1630679882602,7422385
1630679882642,7422177
1630679882682,7422750
1630679882722,7422438
1630679882762,7422646
1630679882802,7423742
1630679882842,7423533
1630679882882,7423637
1630679882922,7423898
1630679882962,7424159
1630679883002,7425045
1630679883042,7425462
1630679883082,7426088
1630679883122,7427183
1630679883162,7427652
1630679883202,7428487
1630679883242,7429060
1630679883282,7429374
1630679883322,7430052
1630679883362,7430729
1630679883402,7430990
1630679883442,7431668
1630679883482,7432450
1630679883522,7433233
1630679883562,7435058
1630679883602,7434693
1630679883642,7435892
1630679883682,7435527
1630679883722,7435371
1630679883762,7434954
1630679883802,7433024
1630679883842,7433598
1630679883882,7432763
1630679883922,7432555
1630679883962,7432398
1630679884002,7432450
1630679884042,7431877
1630679884082,7431303
1630679884122,7430729
1630679884162,7430260
1630679884202,7429947
1630679884242,7430208
1630679884282,7430103
1630679884322,7429582
1630679884362,7429895
1630679884402,7429426
1630679884442,7428800
1630679884482,7428695
1630679884522,7428904
1630679884562,7428331
1630679884602,7427861
1630679884642,7427444
1630679884682,7427966
1630679884722,7427496
1630679884762,7426453
1630679884802,7426193
1630679884842,7426244
1630679884882,7425515
1630679884922,7425410
1630679884962,7425619
1630679885002,7425410
1630679885042,7424576
1630679885082,7424471
1630679885122,7425358
1630679885162,7424524
1630679885202,7425045
1630679885242,7425306
1630679885282,7425879
1630679885322,7426297
1630679885362,7425984
1630679885402,7427131
1630679885442,7428331
1630679885482,7428331
1630679885522,7429217
1630679885562,7429113
1630679885602,7430208
1630679885642,7430938
1630679885682,7430573
1630679885722,7431564
1630679885762,7431981
1630679885802,7433285
1630679885842,7434015
1630679885882,7434588
1630679885922,7434588
1630679885962,7436309
1630679886002,7437092
1630679886042,7439125
1630679886082,7440273
1630679886122,7441107
1630679886162,7441733
1630679886202,7442463
1630679886242,7442098
1630679886282,7441316
1630679886322,7440481
1630679886362,7440273
1630679886402,7439230
1630679886442,7438552
1630679886482,7438291
1630679886522,7438030
1630679886562,7436518
1630679886602,7436883
1630679886642,7436518
1630679886682,7435319
1630679886722,7435214
1630679886762,7434328
1630679886802,7434119
1630679886842,7434171
1630679886882,7433128
1630679886922,7433233
1630679886962,7433285
1630679887002,7433233
1630679887042,7433493
1630679887082,7433180
1630679887122,7433389
1630679887162,7431877
1630679887202,7432137
1630679887242,7432033
1630679887282,7431720
1630679887322,7431094
1630679887362,7430938
1630679887402,7430417
1630679887442,7430990
1630679887482,7430677
1630679887522,7429739
1630679887562,7430312
1630679887602,7430469
1630679887642,7430260
1630679887682,7429686
1630679887722,7429947
1630679887762,7429530
1630679887802,7430103
1630679887842,7429739
1630679887882,7430729
1630679887922,7431616
1630679887962,7431720
1630679888002,7432763
1630679888042,7433180
1630679888082,7433911
1630679888122,7434015
1630679888162,7435110
1630679888202,7435527
1630679888242,7436727
1630679888282,7437039
1630679888322,7437352
1630679888362,7439803
1630679888402,7439595
1630679888442,7440690
1630679888482,7441576
1630679888522,7442150
1630679888562,7442880
1630679888602,7443558
1630679888642,7444445
1630679888682,7445018
1630679888722,7444080
1630679888762,7442932
1630679888802,7442828
1630679888842,7441681
1630679888882,7441576
1630679888922,7440638
1630679888962,7439803
1630679889002,7439334
1630679889042,7439125
1630679889082,7438187
1630679889122,7437822
1630679889162,7437144
1630679889202,7436309
1630679889242,7436570
1630679889282,7435892
1630679889322,7434954
1630679889362,7434693
1630679889402,7433180
1630679889442,7433702
1630679889482,7433337
1630679889522,7432920
1630679889562,7432555
1630679889602,7433076
1630679889642,7432242
1630679889682,7431616
1630679889722,7430990
1630679889762,7430782
1630679889802,7430103
1630679889842,7430886
1630679889882,7430573
1630679889922,7431564
1630679889962,7431355
1630679890002,7431251
1630679890042,7431564
1630679890082,7433233
1630679890122,7434588
1630679890162,7436309
1630679890202,7439230
1630679890242,7442098
1630679890282,7444288
1630679890322,7446635
1630679890362,7450025
1630679890402,7455396
1630679890442,7460454
1630679890482,7467860
1630679890522,7474117
1630679890562,7479958
1630679890602,7484026
1630679890642,7488406
1630679890682,7492318
1630679890722,7494612
1630679890762,7495551
1630679890802,7495290
1630679890842,7494456
1630679890882,7492631
1630679890922,7491535
1630679890962,7491379
1630679891002,7491483
1630679891042,7490857
1630679891082,7491535
1630679891122,7490127
1630679891162,7490545
1630679891202,7490649
1630679891242,7491640
1630679891282,7491953
1630679891322,7491796
1630679891362,7490857
1630679891402,7489084
1630679891442,7487259
1630679891482,7482409
1630679891522,7471197
1630679891562,7454301
1630679891602,7438187
1630679891642,7429060
1630679891682,7423011
1630679891722,7414876
1630679891762,7404655
1630679891802,7397927
1630679891842,7394329
1630679891882,7397145
1630679891922,7400900
1630679891962,7407940
1630679892002,7420247
1630679892042,7433180
1630679892082,7437926
1630679892122,7438760
1630679892162,7438187
1630679892202,7439960
1630679892242,7447000
1630679892282,7450755
1630679892322,7456022
1630679892362,7457899
1630679892402,7459933
1630679892442,7462123
1630679892482,7463688
1630679892522,7465878
1630679892562,7466921
1630679892602,7467182
1630679892642,7467234
1630679892682,7466973
1630679892722,7469424
1630679892762,7471093
1630679892802,7473075
1630679892842,7475109
1630679892882,7474222
1630679892922,7471980
1630679892962,7469737
1630679893002,7467599
1630679893042,7465461
1630679893082,7463896
1630679893122,7461758
1630679893162,7460089
1630679893202,7457951
1630679893242,7456543
1630679893282,7454927
1630679893322,7453779
1630679893362,7453049
1630679893402,7452789
1630679893442,7453675
1630679893482,7454770
1630679893522,7456439
1630679893562,7457951
1630679893602,7458681
1630679893642,7457430
1630679893682,7457326
1630679893722,7458525
1630679893762,7462071
1630679893802,7465826
1630679893842,7468381
1630679893882,7470832
1630679893922,7473857
1630679893962,7475995
1630679894002,7475682
1630679894042,7474378
1630679894082,7471197
1630679894122,7470624
1630679894162,7470102
1630679894202,7469789
1630679894242,7469528
1630679894282,7470832
1630679894322,7473544
1630679894362,7472605
1630679894402,7471197
1630679894442,7468225
1630679894482,7463896
1630679894522,7460246
1630679894562,7455605
1630679894602,7450390
1630679894642,7445749
1630679894682,7443089
1630679894722,7441941
1630679894762,7442098
1630679894802,7440638
1630679894842,7438500
1630679894882,7435684
1630679894922,7433024
1630679894962,7431772
1630679895002,7430938
1630679895042,7430677
1630679895082,7430312
1630679895122,7429947
1630679895162,7429634
1630679895202,7428956
1630679895242,7430156
1630679895282,7429739
1630679895322,7429791
1630679895362,7429374
1630679895402,7432815
1630679895442,7435527
1630679895482,7437300
1630679895522,7439699
1630679895562,7442880
1630679895602,7445749
1630679895642,7448877
1630679895682,7452476
1630679895722,7454561
1630679895762,7458629
1630679895802,7460559
1630679895842,7463114
1630679895882,7464679
1630679895922,7465826
1630679895962,7466556
1630679896002,7466452
1630679896042,7467547
1630679896082,7468277
1630679896122,7469737
1630679896162,7470884
1630679896202,7472344
1630679896242,7472970
1630679896282,7473961
1630679896322,7473596
1630679896362,7470154
1630679896402,7468642
1630679896442,7465722
1630679896482,7464418
1630679896522,7463114
1630679896562,7462697
1630679896602,7462645
1630679896642,7462123
1630679896682,7461706
1630679896722,7461393
1630679896762,7460350
1630679896802,7460350
1630679896842,7459985
1630679896882,7460089
1630679896922,7460350
1630679896962,7458994
1630679897002,7457847
1630679897042,7458264
1630679897082,7458160
1630679897122,7457117
1630679897162,7456491
1630679897202,7455344
1630679897242,7453518
1630679897282,7452215
1630679897322,7451068
1630679897362,7449973
1630679897402,7448512
1630679897442,7446896
1630679897482,7444966
1630679897522,7443871
1630679897562,7442776
1630679897602,7442411
1630679897642,7441420
1630679897682,7440638
1630679897722,7439908
1630679897762,7439178
1630679897802,7437248
1630679897842,7436309
1630679897882,7434797
1630679897922,7433180
1630679897962,7432190
1630679898002,7430103
1630679898042,7428956
1630679898082,7428122
1630679898122,7427079
1630679898162,7426193
1630679898202,7425515
1630679898242,7424002
1630679898282,7424576
1630679898322,7423846
1630679898362,7423846
1630679898402,7422907
1630679898442,7422750
1630679898482,7421551
1630679898522,7421864
1630679898562,7421134
1630679898602,7421291
1630679898642,7422333
1630679898682,7423324
1630679898722,7425045
1630679898762,7426088
1630679898802,7428122
1630679898842,7430260
1630679898882,7431929
1630679898922,7434641
1630679898962,7437561
1630679899002,7440064
1630679899042,7441941
1630679899082,7444288
1630679899122,7447157
1630679899162,7449138
1630679899202,7451537
1630679899242,7453675
1630679899282,7455448
1630679899322,7457899
1630679899362,7459099
1630679899402,7460663
1630679899442,7464105
1630679899482,7464731
1630679899522,7467286
1630679899562,7468381
1630679899602,7471145
1630679899642,7473752
1630679899682,7476621
1630679899722,7479437
1630679899762,7482722
1630679899802,7485434
1630679899842,7489137
1630679899882,7492265
1630679899922,7496594
1630679899962,7500192
1630679900002,7503426
1630679900042,7506920
1630679900082,7509058
1630679900122,7511561
1630679900162,7508849
1630679900202,7505459
1630679900242,7503165
1630679900282,7499306
1630679900322,7496907
1630679900362,7493778
1630679900402,7490440
1630679900442,7487833
1630679900482,7485069
1630679900522,7482096
1630679900562,7480063
1630679900602,7477455
1630679900642,7474743
1630679900682,7472814
1630679900722,7470728
1630679900762,7468590
1630679900802,7466608
1630679900842,7464053
1630679900882,7462071
1630679900922,7460820
1630679900962,7458994
1630679901002,7457534
1630679901042,7456074
1630679901082,7454301
1630679901122,7452997
1630679901162,7451589
1630679901202,7449555
1630679901242,7448356
1630679901282,7446843
1630679901322,7445331
1630679901362,7444027
1630679901402,7442046
1630679901442,7441420
1630679901482,7439803
1630679901522,7438708
1630679901562,7437613
1630679901602,7436205
1630679901642,7434797
1630679901682,7434484
1630679901722,7433754
1630679901762,7433076
1630679901802,7431929
1630679901842,7430364
1630679901882,7430052
1630679901922,7429686
1630679901962,7428644
1630679902002,7428018
1630679902042,7427131
1630679902082,7427548
1630679902122,7427652
1630679902162,7426036
1630679902202,7426193
1630679902242,7426401
1630679902282,7424784
1630679902322,7424159
1630679902362,7423428
1630679902402,7424107
1630679902442,7423116
1630679902482,7422959
1630679902522,7422803
1630679902562,7423428
1630679902602,7422907
1630679902642,7423272
1630679902682,7423376
1630679902722,7422699
1630679902762,7422438
1630679902802,7420977
1630679902842,7421082
1630679902882,7420769
1630679902922,7420665
1630679902962,7421082
1630679903002,7420456
1630679903042,7421134
1630679903082,7419934
1630679903122,7421655
1630679903162,7421395
1630679903202,7420717
1630679903242,7421186
1630679903282,7420404
1630679903322,7420665
1630679903362,7420247
1630679903402,7419569
1630679903442,7420247
1630679903482,7419413
1630679903522,7419152
1630679903562,7419048
1630679903602,7418474
1630679903642,7418266
1630679903682,7418526
1630679903722,7418839
1630679903762,7418683
1630679903802,7419569
1630679903842,7419361
1630679903882,7419517
1630679903922,7419674
1630679903962,7419465
1630679904002,7419152
1630679904042,7418996
1630679904082,7420143
1630679904122,7420404
1630679904162,7421760
1630679904202,7422073
1630679904242,7423742
1630679904282,7424941
1630679904322,7426088
1630679904362,7427601
1630679904402,7428122
1630679904442,7429999
1630679904482,7431094
1630679904522,7432503
1630679904562,7433389
1630679904602,7434536
1630679904642,7435579
1630679904682,7436309
1630679904722,7437457
1630679904762,7437457
1630679904802,7437665
1630679904842,7437978
1630679904882,7437665
1630679904922,7437822
1630679904962,7437352
1630679905002,7436153
1630679905042,7436727
1630679905082,7436153
1630679905122,7435631
1630679905162,7435527
1630679905202,7434276
1630679905242,7433963
1630679905282,7434171
1630679905322,7433285
1630679905362,7432607
1630679905402,7433389
1630679905442,7431929
1630679905482,7431511
1630679905522,7431981
1630679905562,7431355
1630679905602,7431407
1630679905642,7430938
1630679905682,7430312
1630679905722,7429582
1630679905762,7429843
1630679905802,7428800
1630679905842,7428174
1630679905882,7427913
1630679905922,7427861
1630679905962,7427392
1630679906002,7426818
1630679906042,7426662
1630679906082,7425827
1630679906122,7425671
1630679906162,7426088
1630679906202,7425150
1630679906242,7425045
1630679906282,7425201
1630679906322,7424367
1630679906362,7424107
1630679906402,7422907
1630679906442,7422490
1630679906482,7422438
1630679906522,7422699
1630679906562,7421916
1630679906602,7421968
1630679906642,7421447
1630679906682,7421030
1630679906722,7420821
1630679906762,7421551
1630679906802,7421238
1630679906842,7420977
1630679906882,7419830
1630679906922,7419100
1630679906962,7419257
1630679907002,7418683
1630679907042,7418839
1630679907082,7418422
1630679907122,7418318
1630679907162,7418214
1630679907202,7417848
1630679907242,7417744
1630679907282,7418161
1630679907322,7417588
1630679907362,7417483
1630679907402,7418161
1630679907442,7418266
1630679907482,7417379
1630679907522,7416910
1630679907562,7416910
1630679907602,7417327
1630679907642,7417066
1630679907682,7417483
1630679907722,7417848
1630679907762,7418266
1630679907802,7419413
1630679907842,7419934
1630679907882,7420352
1630679907922,7421708
1630679907962,7423950
1630679908002,7424211
1630679908042,7425984
1630679908082,7426297
1630679908122,7427340
1630679908162,7428487
1630679908202,7429426
1630679908242,7431094
1630679908282,7431616
1630679908322,7432607
1630679908362,7433285
1630679908402,7435058
1630679908442,7435944
1630679908482,7437352
1630679908522,7438239
1630679908562,7437978
1630679908602,7438291
1630679908642,7438291
1630679908682,7437457
1630679908722,7437144
1630679908762,7436257
1630679908802,7435736
1630679908842,7434276
1630679908882,7434536
1630679908922,7433024
1630679908962,7433128
1630679909002,7432815
1630679909042,7431460
1630679909082,7431355
1630679909122,7430886
1630679909162,7430469
1630679909202,7430208
1630679909242,7429582
1630679909282,7428487
1630679909322,7427496
1630679909362,7427444
1630679909402,7426140
1630679909442,7425201
1630679909482,7425097
1630679909522,7423585
1630679909562,7423793
1630679909602,7423428
1630679909642,7422803
1630679909682,7422750
1630679909722,7421551
1630679909762,7422281
1630679909802,7420352
1630679909842,7420612
1630679909882,7419517
1630679909922,7419048
1630679909962,7418526
1630679910002,7418787
1630679910042,7418683
1630679910082,7418005
1630679910122,7417848
1630679910162,7416753
1630679910202,7417588
1630679910242,7417275
1630679910282,7417275
1630679910322,7417744
1630679910362,7416806
1630679910402,7417223
1630679910442,7416284
1630679910482,7415815
1630679910522,7415763
1630679910562,7415658
1630679910602,7416493
1630679910642,7416440
1630679910682,7417066
1630679910722,7418370
1630679910762,7419309
1630679910802,7420404
1630679910842,7421812
1630679910882,7422855
1630679910922,7423950
1630679910962,7425150
1630679911002,7426505
1630679911042,7427705
1630679911082,7428226
1630679911122,7430260
1630679911162,7431355
1630679911202,7431511
1630679911242,7432607
1630679911282,7433545
1630679911322,7434641
1630679911362,7435892
1630679911402,7437196
1630679911442,7438604
1630679911482,7438969
1630679911522,7440377
1630679911562,7439908
1630679911602,7440012
1630679911642,7439125
1630679911682,7438395
1630679911722,7437405
1630679911762,7436153
1630679911802,7434849
1630679911842,7434171
1630679911882,7433285
1630679911922,7432242
1630679911962,7431355
1630679912002,7431303
1630679912042,7430052
1630679912082,7429582
1630679912122,7428956
1630679912162,7427705
1630679912202,7427392
1630679912242,7426349
1630679912282,7425671
1630679912322,7424732
1630679912362,7423533
1630679912402,7423272
1630679912442,7422959
1630679912482,7421968
1630679912522,7421499
1630679912562,7421186
1630679912602,7421030
1630679912642,7420404
1630679912682,7420091
1630679912722,7419622
1630679912762,7418735
1630679912802,7418109
1630679912842,7418683
1630679912882,7417640
1630679912922,7418057
1630679912962,7417275
1630679913002,7418005
1630679913042,7418005
1630679913082,7418161
1630679913122,7417066
1630679913162,7418422
1630679913202,7417744
1630679913242,7418579
1630679913282,7418526
1630679913322,7419674
1630679913362,7420769
1630679913402,7421030
1630679913442,7422959
1630679913482,7423793
1630679913522,7425045
1630679913562,7426088
1630679913602,7427287
1630679913642,7428695
1630679913682,7430208
1630679913722,7431511
1630679913762,7433180
1630679913802,7433702
1630679913842,7434223
1630679913882,7435788
1630679913922,7436257
1630679913962,7437457
1630679914002,7438447
1630679914042,7439595
1630679914082,7439699
1630679914122,7439803
1630679914162,7439960
1630679914202,7439386
1630679914242,7438291
1630679914282,7437509
1630679914322,7437561
1630679914362,7436362
1630679914402,7434536
1630679914442,7434223
1630679914482,7432711
1630679914522,7432920
1630679914562,7430990
1630679914602,7429843
1630679914642,7428748
1630679914682,7427705
1630679914722,7426923
1630679914762,7425827
1630679914802,7425358
1630679914842,7424732
1630679914882,7423846
1630679914922,7423793
1630679914962,7423116
1630679915002,7421916
1630679915042,7421603
1630679915082,7421291
1630679915122,7420665
1630679915162,7420039
1630679915202,7419100
1630679915242,7418526
1630679915282,7418683
1630679915322,7418161
1630679915362,7418318
1630679915402,7417431
1630679915442,7417901
1630679915482,7417536
1630679915522,7418266
1630679915562,7417431
1630679915602,7416910
1630679915642,7416753
1630679915682,7416753
1630679915722,7416858
1630679915762,7418683
1630679915802,7419517
1630679915842,7420456
1630679915882,7421291
1630679915922,7422699
1630679915962,7424315
1630679916002,7425723
1630679916042,7426505
1630679916082,7429374
1630679916122,7429530
1630679916162,7430729
1630679916202,7432033
1630679916242,7432972
1630679916282,7434171
1630679916322,7435579
1630679916362,7436883
1630679916402,7437561
1630679916442,7438656
1630679916482,7440429
1630679916522,7441524
1630679916562,7442619
1630679916602,7443193
1630679916642,7443871
1630679916682,7443297
1630679916722,7442515
1630679916762,7441368
1630679916802,7440690
1630679916842,7438343
1630679916882,7437300
1630679916922,7436362
1630679916962,7434954
1630679917002,7434171
1630679917042,7432815
1630679917082,7431564
1630679917122,7430990
1630679917162,7428904
1630679917202,7429113
1630679917242,7428435
1630679917282,7427913
1630679917322,7426036
1630679917362,7424784
1630679917402,7424524
1630679917442,7423220
1630679917482,7422646
1630679917522,7421551
1630679917562,7421655
1630679917602,7420717
1630679917642,7419726
1630679917682,7419465
1630679917722,7419100
1630679917762,7418787
1630679917802,7418161
1630679917842,7418005
1630679917882,7417431
1630679917922,7417327
1630679917962,7417379
1630679918002,7416701
1630679918042,7416806
1630679918082,7416597
1630679918122,7415815
1630679918162,7417118
1630679918202,7417536
1630679918242,7418526
1630679918282,7419152
1630679918322,7420456
1630679918362,7421812
1630679918402,7423168
1630679918442,7424784
1630679918482,7425723
1630679918522,7426349
1630679918562,7428018
1630679918602,7428695
1630679918642,7429686
1630679918682,7431251
1630679918722,7432294
1630679918762,7433024
1630679918802,7434745
1630679918842,7434849
1630679918882,7436518
1630679918922,7437196
1630679918962,7438447
1630679919002,7439438
1630679919042,7441107
1630679919082,7441472
1630679919122,7442359
1630679919162,7442306
1630679919202,7441837
1630679919242,7440533
1630679919282,7439856
1630679919322,7438708
1630679919362,7437457
1630679919402,7436362
1630679919442,7435423
1630679919482,7434328
1630679919522,7433545
1630679919562,7433233
1630679919602,7431616
1630679919642,7430312
1630679919682,7429426
1630679919722,7428331
1630679919762,7426505
1630679919802,7425045
1630679919842,7424419
1630679919882,7423116
1630679919922,7422699
1630679919962,7421968
1630679920002,7421186
1630679920042,7421186
1630679920082,7420665
1630679920122,7420299
1630679920162,7419934
1630679920202,7419883
1630679920242,7419934
1630679920282,7418996
1630679920322,7417848
1630679920362,7418370
1630679920402,7417744
1630679920442,7417431
1630679920482,7417796
1630679920522,7417640
1630679920562,7418109
1630679920602,7418944
1630679920642,7419309
1630679920682,7420404
1630679920722,7421603
1630679920762,7422959
1630679920802,7423793
1630679920842,7424941
1630679920882,7425358
1630679920922,7426609
1630679920962,7428487
1630679921002,7430052
1630679921042,7431094
1630679921082,7432085
1630679921122,7434015
1630679921162,7435162
1630679921202,7436101
1630679921242,7437874
1630679921282,7438395
1630679921322,7439803
1630679921362,7441629
1630679921402,7443245
1630679921442,7443245
1630679921482,7443193
1630679921522,7443141
1630679921562,7442359
1630679921602,7440951
1630679921642,7439490
1630679921682,7438552
1630679921722,7437770
1630679921762,7436518
1630679921802,7435944
1630679921842,7434745
1630679921882,7433128
1630679921922,7433076
1630679921962,7431407
1630679922002,7430208
1630679922042,7429217
1630679922082,7428487
1630679922122,7427235
1630679922162,7426140
1630679922202,7425723
1630679922242,7424524
1630679922282,7424054
1630679922322,7424107
1630679922362,7423533
1630679922402,7422855
1630679922442,7422490
1630679922482,7421864
1630679922522,7420821
1630679922562,7420352
1630679922602,7420091
1630679922642,7419830
1630679922682,7419674
1630679922722,7418839
1630679922762,7418109
1630679922802,7418579
1630679922842,7418005
1630679922882,7418005
1630679922922,7418057
1630679922962,7418266
1630679923002,7419517
1630679923042,7420299
1630679923082,7420665
1630679923122,7422438
1630679923162,7423324
1630679923202,7424054
1630679923242,7425462
1630679923282,7426505
1630679923322,7428070
1630679923362,7428956
1630679923402,7430052
1630679923442,7431668
1630679923482,7432294
1630679923522,7433754
1630679923562,7435214
1630679923602,7435996
1630679923642,7437822
1630679923682,7439282
1630679923722,7439803
1630679923762,7441159
1630679923802,7442098
1630679923842,7442672
1630679923882,7441837
1630679923922,7441420
1630679923962,7440429
1630679924002,7439490
1630679924042,7437770
1630679924082,7437248
1630679924122,7436362
1630679924162,7435110
1630679924202,7434328
1630679924242,7433285
1630679924282,7432503
1630679924322,7431042
1630679924362,7430364
1630679924402,7428956
1630679924442,7428226
1630679924482,7428122
1630679924522,7426662
1630679924562,7426140
1630679924602,7425254
1630679924642,7424784
1630679924682,7424836
1630679924722,7423793
1630679924762,7423376
1630679924802,7422959
1630679924842,7421708
1630679924882,7421447
1630679924922,7421342
1630679924962,7419934
1630679925002,7419517
1630679925042,7418944
1630679925082,7419048
1630679925122,7418109
1630679925162,7418422
1630679925202,7418944
1630679925242,7418944
1630679925282,7418214
1630679925322,7417953
1630679925362,7418318
1630679925402,7418214
1630679925442,7418631
1630679925482,7420769
1630679925522,7420456
1630679925562,7422750
1630679925602,7423585
1630679925642,7424263
1630679925682,7425045
1630679925722,7427183
1630679925762,7428800
1630679925802,7429791
1630679925842,7431355
1630679925882,7433441
1630679925922,7433545
1630679925962,7434745
1630679926002,7436362
1630679926042,7437613
1630679926082,7438030
1630679926122,7439960
1630679926162,7440846
1630679926202,7441889
1630679926242,7442984
1630679926282,7443297
1630679926322,7444392
1630679926362,7442932
1630679926402,7442515
1630679926442,7442567
1630679926482,7441055
1630679926522,7440012
1630679926562,7439021
1630679926602,7437352
1630679926642,7436362
1630679926682,7434797
1630679926722,7433806
1630679926762,7432555
1630679926802,7431720
1630679926842,7431460
1630679926882,7429686
1630679926922,7429374
1630679926962,7428174
1630679927002,7426505
1630679927042,7427444
1630679927082,7425879
1630679927122,7424628
1630679927162,7423950
1630679927202,7423324
1630679927242,7422490
1630679927282,7421708
1630679927322,7421916
1630679927362,7421812
1630679927402,7422333
1630679927442,7421760
1630679927482,7421760
1630679927522,7421551
1630679927562,7421812
1630679927602,7422073
1630679927642,7421447
1630679927682,7421082
1630679927722,7420299
1630679927762,7420091
1630679927802,7419830
1630679927842,7420508
1630679927882,7420873
1630679927922,7421291
1630679927962,7422594
1630679928002,7424107
1630679928042,7424367
1630679928082,7426453
1630679928122,7427652
1630679928162,7429060
1630679928202,7430938
1630679928242,7431407
1630679928282,7432711
1630679928322,7433650
1630679928362,7435631
1630679928402,7436987
1630679928442,7437822
1630679928482,7439543
1630679928522,7439960
1630679928562,7441889
1630679928602,7442359
1630679928642,7444236
1630679928682,7445383
1630679928722,7445696
1630679928762,7446322
1630679928802,7445488
1630679928842,7444549
1630679928882,7442828
1630679928922,7441159
1630679928962,7439386
1630679929002,7437717
1630679929042,7437092
1630679929082,7435266
1630679929122,7433754
1630679929162,7431720
1630679929202,7430938
1630679929242,7430103
1630679929282,7428800
1630679929322,7427079
1630679929362,7426036
1630679929402,7425150
1630679929442,7424315
1630679929482,7424002
1630679929522,7422855
1630679929562,7422750
1630679929602,7420873
1630679929642,7421186
1630679929682,7420769
1630679929722,7420508
1630679929762,7420352
1630679929802,7419934
1630679929842,7420091
1630679929882,7420404
1630679929922,7419674
1630679929962,7418996
1630679930002,7419048
1630679930042,7419152
1630679930082,7419413
1630679930122,7420977
1630679930162,7422385
1630679930202,7422594
1630679930242,7424680
1630679930282,7425358
1630679930322,7426558
1630679930362,7428383
1630679930402,7430103
1630679930442,7430990
1630679930482,7432711
1630679930522,7433285
1630679930562,7434380
1630679930602,7435527
1630679930642,7436727
1630679930682,7437978
1630679930722,7439073
1630679930762,7440638
1630679930802,7441733
1630679930842,7443506
1630679930882,7445018
1630679930922,7445800
1630679930962,7446322
1630679931002,7445800
1630679931042,7444705
1630679931082,7443715
1630679931122,7442724
1630679931162,7441003
1630679931202,7439647
1630679931242,7438552
1630679931282,7437092
1630679931322,7436309
1630679931362,7436101
1630679931402,7435788
1630679931442,7435058
1630679931482,7434119
1630679931522,7434067
1630679931562,7433128
1630679931602,7431511
1630679931642,7430625
1630679931682,7428852
1630679931722,7428070
1630679931762,7426036
1630679931802,7426036
1630679931842,7424889
1630679931882,7423533
1630679931922,7422646
1630679931962,7422907
1630679932002,7421864
1630679932042,7421968
1630679932082,7421708
1630679932122,7421655
1630679932162,7419674
1630679932202,7420404
1630679932242,7419883
1630679932282,7418996
1630679932322,7419622
1630679932362,7419934
1630679932402,7420456
1630679932442,7421499
1630679932482,7422750
1630679932522,7424159
1630679932562,7425254
1630679932602,7425723
1630679932642,7427444
1630679932682,7428226
1630679932722,7430417
1630679932762,7431042
1630679932802,7432137
1630679932842,7433233
1630679932882,7434536
1630679932922,7435684
1630679932962,7436727
1630679933002,7437457
1630679933042,7439908
1630679933082,7439960
1630679933122,7441524
1630679933162,7442359
1630679933202,7443402
1630679933242,7444341
1630679933282,7444810
1630679933322,7444653
1630679933362,7444184
1630679933402,7443662
1630679933442,7442984
1630679933482,7441785
1630679933522,7441629
1630679933562,7441629
1630679933602,7440846
1630679933642,7439908
1630679933682,7439751
1630679933722,7439803
1630679933762,7438656
1630679933802,7438917
1630679933842,7438082
1630679933882,7437509
1630679933922,7436466
1630679933962,7435423
1630679934002,7435110
1630679934042,7433754
1630679934082,7433493
1630679934122,7432659
1630679934162,7431668
1630679934202,7431355
1630679934242,7430469
1630679934282,7429634
1630679934322,7429009
1630679934362,7428800
1630679934402,7428226
1630679934442,7427340
1630679934482,7425723
1630679934522,7424993
1630679934562,7424524
1630679934602,7424576
1630679934642,7423585
1630679934682,7423063
1630679934722,7423116
1630679934762,7423011
1630679934802,7422646
1630679934842,7421864
1630679934882,7421708
1630679934922,7421864
1630679934962,7422699
1630679935002,7422542
1630679935042,7423533
1630679935082,7424732
1630679935122,7425671
1630679935162,7426923
1630679935202,7427340
1630679935242,7429009
1630679935282,7430156
1630679935322,7431616
1630679935362,7432763
1630679935402,7434328
1630679935442,7434849
1630679935482,7435996
1630679935522,7438082
1630679935562,7438969
1630679935602,7439282
1630679935642,7440168
1630679935682,7441576
1630679935722,7442202
1630679935762,7443610
1630679935802,7444966
1630679935842,7445018
1630679935882,7446635
1630679935922,7448408
1630679935962,7448773
1630679936002,7448356
1630679936042,7448617
1630679936082,7447782
1630679936122,7446896
1630679936162,7445749
1630679936202,7445018
1630679936242,7444601
1630679936282,7443193
1630679936322,7442046
1630679936362,7440794
1630679936402,7440273
1630679936442,7439386
1630679936482,7439334
1630679936522,7438917
1630679936562,7437457
1630679936602,7436674
1630679936642,7435892
1630679936682,7435162
1630679936722,7433389
1630679936762,7432711
1630679936802,7431616
1630679936842,7431460
1630679936882,7430208
1630679936922,7429426
1630679936962,7428331
1630679937002,7427601
1630679937042,7426818
1630679937082,7426818
1630679937122,7426088
1630679937162,7425358
1630679937202,7424889
1630679937242,7424315
1630679937282,7424263
1630679937322,7423742
1630679937362,7423376
1630679937402,7422907
1630679937442,7423011
1630679937482,7423272
1630679937522,7423637
1630679937562,7424315
1630679937602,7425150
1630679937642,7426401
1630679937682,7427705
1630679937722,7429165
1630679937762,7430364
1630679937802,7431877
1630679937842,7432555
1630679937882,7433650
1630679937922,7434641
1630679937962,7435944
1630679938002,7436883
1630679938042,7438343
1630679938082,7439595
1630679938122,7440221
1630679938162,7441211
1630679938202,7441837
1630679938242,7442880
1630679938282,7444653
1630679938322,7445331
1630679938362,7446583
1630679938402,7446635
1630679938442,7446843
1630679938482,7446478
1630679938522,7445853
1630679938562,7444236
1630679938602,7442984
1630679938642,7442150
1630679938682,7441055
1630679938722,7439595
1630679938762,7439751
1630679938802,7439125
1630679938842,7437665
1630679938882,7436466
1630679938922,7436257
1630679938962,7435162
1630679939002,7434693
1630679939042,7434328
1630679939082,7432868
1630679939122,7432398
1630679939162,7431094
1630679939202,7430208
1630679939242,7429009
1630679939282,7428174
1630679939322,7427496
1630679939362,7426609
1630679939402,7426036
1630679939442,7425723
1630679939482,7424941
1630679939522,7424993
1630679939562,7424524
1630679939602,7424107
1630679939642,7423376
1630679939682,7423011
1630679939722,7422750
1630679939762,7422542
1630679939802,7422646
1630679939842,7422542
1630679939882,7423116
1630679939922,7424054
1630679939962,7425671
1630679940002,7426558
1630679940042,7428591
1630679940082,7429374
1630679940122,7430103
1630679940162,7431668
1630679940202,7433024
1630679940242,7434015
1630679940282,7435423
1630679940322,7435996
1630679940362,7437457
1630679940402,7438343
1630679940442,7439908
1630679940482,7440586
1630679940522,7442254
1630679940562,7442984
1630679940602,7444132
1630679940642,7445488
1630679940682,7445853
1630679940722,7446374
1630679940762,7446061
1630679940802,7445279
1630679940842,7444653
1630679940882,7443975
1630679940922,7442724
1630679940962,7441420
1630679941002,7440951
1630679941042,7439699
1630679941082,7438552
1630679941122,7437561
1630679941162,7437144
1630679941202,7436414
1630679941242,7436309
1630679941282,7435371
1630679941322,7433911
1630679941362,7433650
1630679941402,7432137
1630679941442,7431407
1630679941482,7431251
1630679941522,7429895
1630679941562,7429217
1630679941602,7428331
1630679941642,7427496
1630679941682,7427287
1630679941722,7425567
1630679941762,7425254
1630679941802,7425306
1630679941842,7425045
1630679941882,7424159
1630679941922,7423533
1630679941962,7423168
1630679942002,7423585
1630679942042,7422333
1630679942082,7421968
1630679942122,7422073
1630679942162,7421916
1630679942202,7421968
1630679942242,7422438
1630679942282,7423793
1630679942322,7424263
1630679942362,7426036
1630679942402,7426505
1630679942442,7428435
1630679942482,7429478
1630679942522,7430886
1630679942562,7431929
1630679942602,7433076
1630679942642,7434745
1630679942682,7435058
1630679942722,7435996
1630679942762,7437248
1630679942802,7438500
1630679942842,7439282
1630679942882,7440794
1630679942922,7441785
1630679942962,7443610
1630679943002,7444080
1630679943042,7445383
1630679943082,7445644
1630679943122,7446583
1630679943162,7445800
1630679943202,7445488
1630679943242,7444236
1630679943282,7443975
1630679943322,7442776
1630679943362,7441837
1630679943402,7441524
1630679943442,7440690
1630679943482,7440012
1630679943522,7438395
1630679943562,7437822
1630679943602,7437509
1630679943642,7436309
1630679943682,7435736
1630679943722,7434954
1630679943762,7433180
1630679943802,7432920
1630679943842,7431825
1630679943882,7431460
1630679943922,7429634
1630679943962,7428695
1630679944002,7429165
1630679944042,7428904
1630679944082,7427496
1630679944122,7427548
1630679944162,7426193
1630679944202,7425775
1630679944242,7425567
1630679944282,7425097
1630679944322,7424211
1630679944362,7424471
1630679944402,7423116
1630679944442,7423376
1630679944482,7423011
1630679944522,7423011
1630679944562,7422073
1630679944602,7421760
1630679944642,7421186
1630679944682,7421916
1630679944722,7422229
1630679944762,7422959
1630679944802,7423376
1630679944842,7424263
1630679944882,7425827
1630679944922,7426401
1630679944962,7427861
1630679945002,7428956
1630679945042,7430312
1630679945082,7431460
1630679945122,7432137
1630679945162,7433702
1630679945202,7434484
1630679945242,7435684
1630679945282,7437092
1630679945322,7438135
1630679945362,7439647
1630679945402,7441107
1630679945442,7441994
1630679945482,7442984
1630679945522,7444392
1630679945562,7445696
1630679945602,7446635
1630679945642,7447626
1630679945682,7448408
1630679945722,7449034
1630679945762,7448304
1630679945802,7448408
1630679945842,7447730
1630679945882,7447313
1630679945922,7445227
1630679945962,7444862
1630679946002,7443558
1630679946042,7442515
1630679946082,7442046
1630679946122,7440064
1630679946162,7439386
1630679946202,7439073
1630679946242,7437978
1630679946282,7437039
1630679946322,7436518
1630679946362,7435684
1630679946402,7435110
1630679946442,7433963
1630679946482,7433858
1630679946522,7433285
1630679946562,7432085
1630679946602,7430990
1630679946642,7429843
1630679946682,7429634
1630679946722,7428748
1630679946762,7427601
1630679946802,7426662
1630679946842,7426036
1630679946882,7425410
1630679946922,7425723
1630679946962,7425775
1630679947002,7424732
1630679947042,7424784
1630679947082,7424107
1630679947122,7424002
1630679947162,7423428
1630679947202,7423324
1630679947242,7422959
1630679947282,7423063
1630679947322,7422959
1630679947362,7423533
1630679947402,7424941
1630679947442,7425723
1630679947482,7427027
1630679947522,7428487
1630679947562,7429530
1630679947602,7430625
1630679947642,7432242
1630679947682,7433180
1630679947722,7434536
1630679947762,7435006
1630679947802,7436362
1630679947842,7437978
1630679947882,7438917
1630679947922,7440325
1630679947962,7441211
1630679948002,7442776
1630679948042,7443089
1630679948082,7445853
1630679948122,7446426
1630679948162,7448460
1630679948202,7449294
1630679948242,7450025
1630679948282,7450651
1630679948322,7450442
1630679948362,7449920
1630679948402,7448460
1630679948442,7447782
1630679948482,7447052
1630679948522,7446061
1630679948562,7445070
1630679948602,7443819
1630679948642,7442567
1630679948682,7441472
1630679948722,7439960
1630679948762,7439125
1630679948802,7438395
1630679948842,7436987
1630679948882,7435475
1630679948922,7434693
1630679948962,7433858
1630679949002,7432607
1630679949042,7432346
1630679949082,7431147
1630679949122,7429478
1630679949162,7429686
1630679949202,7429269
1630679949242,7428278
1630679949282,7427496
1630679949322,7427340
1630679949362,7427601
1630679949402,7426714
1630679949442,7425827
1630679949482,7424993
1630679949522,7424576
1630679949562,7424054
1630679949602,7423846
1630679949642,7424002
1630679949682,7423168
1630679949722,7423116
1630679949762,7423063
1630679949802,7423742
1630679949842,7424784
1630679949882,7425619
1630679949922,7426558
1630679949962,7427966
1630679950002,7429060
1630679950042,7429999
1630679950082,7431042
1630679950122,7432711
1630679950162,7434067
1630679950202,7434849
1630679950242,7435527
1630679950282,7436362
1630679950322,7438082
1630679950362,7439230
1630679950402,7441003
1630679950442,7441472
1630679950482,7443089
1630679950522,7444288
1630679950562,7446583
1630679950602,7447157
1630679950642,7448408
1630679950682,7450077
1630679950722,7451068
1630679950762,7451745
1630679950802,7451328
1630679950842,7450859
1630679950882,7450025
1630679950922,7448877
1630679950962,7447782
1630679951002,7446426
1630679951042,7445540
1630679951082,7445070
1630679951122,7443819
1630679951162,7442880
1630679951202,7441889
1630679951242,7440951
1630679951282,7439334
1630679951322,7438917
1630679951362,7437613
1630679951402,7436362
1630679951442,7435944
1630679951482,7434693
1630679951522,7433754
1630679951562,7432868
1630679951602,7432711
1630679951642,7431460
1630679951682,7431407
1630679951722,7430364
1630679951762,7429999
1630679951802,7429478
1630679951842,7428695
1630679951882,7428644
1630679951922,7427392
1630679951962,7426505
1630679952002,7426297
1630679952042,7425671
1630679952082,7425254
1630679952122,7424836
1630679952162,7424263
1630679952202,7424159
1630679952242,7423533
1630679952282,7424054
1630679952322,7423272
1630679952362,7423689
1630679952402,7423063
1630679952442,7423533
1630679952482,7422699
1630679952522,7423168
1630679952562,7424419
1630679952602,7424315
1630679952642,7425723
1630679952682,7427183
1630679952722,7427809
1630679952762,7429009
1630679952802,7430417
1630679952842,7431407
1630679952882,7432763
1630679952922,7434380
1630679952962,7435475
1630679953002,7436727
1630679953042,7437874
1630679953082,7438760
1630679953122,7440168
1630679953162,7440794
1630679953202,7442098
1630679953242,7442880
1630679953282,7444027
1630679953322,7445383
1630679953362,7447000
1630679953402,7447730
1630679953442,7448617
1630679953482,7448721
1630679953522,7449034
1630679953562,7448617
1630679953602,7448460
1630679953642,7446948
1630679953682,7446166
1630679953722,7445383
1630679953762,7443819
1630679953802,7442150
1630679953842,7441681
1630679953882,7440794
1630679953922,7439543
1630679953962,7438865
1630679954002,7437665
1630679954042,7437039
1630679954082,7436205
1630679954122,7436101
1630679954162,7434797
1630679954202,7434276
1630679954242,7433858
1630679954282,7433598
1630679954322,7432815
1630679954362,7431147
1630679954402,7430834
1630679954442,7429791
1630679954482,7429582
1630679954522,7429269
1630679954562,7428226
1630679954602,7427705
1630679954642,7426923
1630679954682,7427392
1630679954722,7426558
1630679954762,7425879
1630679954802,7425723
1630679954842,7425150
1630679954882,7425410
1630679954922,7424576
1630679954962,7424524
1630679955002,7423481
1630679955042,7424471
1630679955082,7423637
1630679955122,7424054
1630679955162,7424159
1630679955202,7425827
1630679955242,7425984
1630679955282,7427548
1630679955322,7429113
1630679955362,7430052
1630679955402,7431199
1630679955442,7432137
1630679955482,7433233
1630679955522,7434432
1630679955562,7435371
1630679955602,7436257
1630679955642,7437561
1630679955682,7438656
1630679955722,7440064
1630679955762,7439960
1630679955802,7441681
1630679955842,7442515
1630679955882,7444288
1630679955922,7445644
1630679955962,7446948
1630679956002,7447678
1630679956042,7447730
1630679956082,7447208
1630679956122,7446478
1630679956162,7445644
1630679956202,7444341
1630679956242,7443506
1630679956282,7442150
1630679956322,7440742
1630679956362,7439178
1630679956402,7439386
1630679956442,7437613
1630679956482,7436987
1630679956522,7436205
1630679956562,7434797
1630679956602,7434536
1630679956642,7433858
1630679956682,7433493
1630679956722,7432555
1630679956762,7431251
1630679956802,7430208
1630679956842,7430052
1630679956882,7429686
1630679956922,7429165
1630679956962,7428487
1630679957002,7427757
1630679957042,7427496
1630679957082,7426505
1630679957122,7426140
1630679957162,7426662
1630679957202,7425723
1630679957242,7426140
1630679957282,7425723
1630679957322,7425150
1630679957362,7423637
1630679957402,7422855
1630679957442,7424054
1630679957482,7423950
1630679957522,7423846
1630679957562,7423063
1630679957602,7423428
1630679957642,7424107
1630679957682,7425671
1630679957722,7425879
1630679957762,7427757
1630679957802,7429113
1630679957842,7429374
1630679957882,7430260
1630679957922,7431407
1630679957962,7432920
1630679958002,7433963
1630679958042,7434588
1630679958082,7435214
1630679958122,7437665
1630679958162,7437822
1630679958202,7438343
1630679958242,7439803
1630679958282,7440533
1630679958322,7441524
1630679958362,7442880
1630679958402,7444392
1630679958442,7444705
1630679958482,7445383
1630679958522,7446113
1630679958562,7445488
1630679958602,7445540
1630679958642,7445175
1630679958682,7443610
1630679958722,7443193
1630679958762,7441889
1630679958802,7440586
1630679958842,7440012
1630679958882,7439125
1630679958922,7438291
1630679958962,7436987
1630679959002,7436414
1630679959042,7435319
1630679959082,7434588
1630679959122,7433702
1630679959162,7432972
1630679959202,7431825
1630679959242,7431199
1630679959282,7430886
1630679959322,7429739
1630679959362,7429321
1630679959402,7429060
1630679959442,7428070
1630679959482,7427757
1630679959522,7427131
1630679959562,7426766
1630679959602,7425984
1630679959642,7426088
1630679959682,7426140
1630679959722,7424784
1630679959762,7424680
1630679959802,7423585
1630679959842,7424263
1630679959882,7423428
1630679959922,7423585
1630679959962,7423116
1630679960002,7423376
1630679960042,7423637
1630679960082,7423637
1630679960122,7424836
1630679960162,7425671
1630679960202,7427079
1630679960242,7427861
1630679960282,7428852
1630679960322,7429374
1630679960362,7431355
1630679960402,7431668
1630679960442,7433389
1630679960482,7434119
1630679960522,7435579
1630679960562,7436727
1630679960602,7437509
1630679960642,7439021
1630679960682,7439647
1630679960722,7440951
1630679960762,7442619
1630679960802,7443297
1630679960842,7445644
1630679960882,7446426
1630679960922,7447365
1630679960962,7447417
1630679961002,7447521
1630679961042,7447261
1630679961082,7445957
1630679961122,7445070
1630679961162,7444392
1630679961202,7443454
1630679961242,7442724
1630679961282,7441733
1630679961322,7441159
1630679961362,7439751
1630679961402,7438813
1630679961442,7438447
1630679961482,7437405
1630679961522,7436622
1630679961562,7435579
1630679961602,7434276
1630679961642,7433233
1630679961682,7432503
1630679961722,7431511
1630679961762,7430521
1630679961802,7429895
1630679961842,7429582
1630679961882,7428852
1630679961922,7428226
1630679961962,7428435
1630679962002,7427496
1630679962042,7427809
1630679962082,7426609
1630679962122,7425723
1630679962162,7425723
1630679962202,7424002
1630679962242,7424993
1630679962282,7423689
1630679962322,7423324
1630679962362,7423168
1630679962402,7423898
1630679962442,7423428
1630679962482,7422542
1630679962522,7422125
1630679962562,7423272
1630679962602,7423116
1630679962642,7423063
1630679962682,7422959
1630679962722,7423011
1630679962762,7423846
1630679962802,7424367
1630679962842,7424941
1630679962882,7425827
1630679962922,7426662
1630679962962,7427757
1630679963002,7429269
1630679963042,7430156
1630679963082,7432137
1630679963122,7432972
1630679963162,7434015
1630679963202,7435527
1630679963242,7436518
1630679963282,7437300
1630679963322,7438865
1630679963362,7439125
1630679963402,7439856
1630679963442,7441107
1630679963482,7442672
1630679963522,7443662
1630679963562,7443923
1630679963602,7445383
1630679963642,7445435
1630679963682,7446009
1630679963722,7445644
1630679963762,7445644
1630679963802,7444341
1630679963842,7443767
1630679963882,7443141
1630679963922,7442359
1630679963962,7441055
1630679964002,7440690
1630679964042,7440064
1630679964082,7438865
1630679964122,7437874
1630679964162,7437300
1630679964202,7436831
1630679964242,7436101
1630679964282,7435423
1630679964322,7434484
1630679964362,7434015
1630679964402,7433650
1630679964442,7432972
1630679964482,7432815
1630679964522,7431825
1630679964562,7431772
1630679964602,7429686
1630679964642,7429791
1630679964682,7428852
1630679964722,7428174
1630679964762,7427601
1630679964802,7426923
1630679964842,7427235
1630679964882,7425932
1630679964922,7425306
1630679964962,7425150
1630679965002,7424836
1630679965042,7424107
1630679965082,7424680
1630679965122,7424367
1630679965162,7423950
1630679965202,7422438
1630679965242,7422855
1630679965282,7423428
1630679965322,7423063
1630679965362,7422542
1630679965402,7423272
1630679965442,7423637
1630679965482,7424367
1630679965522,7425879
1630679965562,7426453
1630679965602,7428018
1630679965642,7428904
1630679965682,7429843
1630679965722,7431511
1630679965762,7432607
1630679965802,7433493
1630679965842,7434797
1630679965882,7436153
1630679965922,7437300
1630679965962,7438291
1630679966002,7439021
1630679966042,7440690
1630679966082,7441211
1630679966122,7442724
1630679966162,7443454
1630679966202,7445488
1630679966242,7446270
1630679966282,7447469
1630679966322,7447313
1630679966362,7447208
1630679966402,7446635
1630679966442,7445905
1630679966482,7445175
1630679966522,7444341
1630679966562,7442828
1630679966602,7442359
1630679966642,7441733
1630679966682,7440273
1630679966722,7439699
1630679966762,7438500
1630679966802,7438395
1630679966842,7437405
1630679966882,7437248
1630679966922,7436987
1630679966962,7435840
1630679967002,7434849
1630679967042,7433754
1630679967082,7433963
1630679967122,7432972
1630679967162,7432033
1630679967202,7431303
1630679967242,7431042
1630679967282,7430208
1630679967322,7428904
1630679967362,7429269
1630679967402,7428644
1630679967442,7428435
1630679967482,7427131
1630679967522,7427235
1630679967562,7426453
1630679967602,7425671
1630679967642,7425150
1630679967682,7424576
1630679967722,7424054
1630679967762,7424002
1630679967802,7423846
1630679967842,7424159
1630679967882,7422542
1630679967922,7423011
1630679967962,7422542
1630679968002,7424367
1630679968042,7424107
1630679968082,7424941
1630679968122,7427027
1630679968162,7427913
1630679968202,7428487
1630679968242,7429530
1630679968282,7430573
1630679968322,7432033
1630679968362,7432711
1630679968402,7434432
1630679968442,7435371
1630679968482,7436727
1630679968522,7437352
1630679968562,7438500
1630679968602,7439543
1630679968642,7441889
1630679968682,7442411
1630679968722,7443454
1630679968762,7443245
1630679968802,7444966
1630679968842,7445488
1630679968882,7446792
1630679968922,7447626
1630679968962,7447574
1630679969002,7447052
1630679969042,7445644
1630679969082,7444966
1630679969122,7444497
1630679969162,7444132
1630679969202,7442828
1630679969242,7442567
1630679969282,7441472
1630679969322,7440794
1630679969362,7439386
1630679969402,7438552
1630679969442,7437978
1630679969482,7436935
1630679969522,7436362
1630679969562,7434745
1630679969602,7433702
1630679969642,7433180
1630679969682,7432294
1630679969722,7431564
1630679969762,7431407
1630679969802,7430156
1630679969842,7429426
1630679969882,7428904
1630679969922,7428591
1630679969962,7427809
1630679970002,7426975
1630679970042,7426193
1630679970082,7425619
1630679970122,7424576
1630679970162,7424680
1630679970202,7424524
1630679970242,7424471
1630679970282,7423376
1630679970322,7424054
1630679970362,7423063
1630679970402,7423533
1630679970442,7424211
1630679970482,7423637
1630679970522,7424889
1630679970562,7424680
1630679970602,7425775
1630679970642,7426609
1630679970682,7427809
1630679970722,7428956
1630679970762,7430052
1630679970802,7430990
1630679970842,7432503
1630679970882,7433545
1630679970922,7434067
1630679970962,7435996
1630679971002,7437717
1630679971042,7438030
1630679971082,7440012
1630679971122,7440794
1630679971162,7441472
1630679971202,7443089
1630679971242,7443558
1630679971282,7444601
1630679971322,7446270
1630679971362,7446739
1630679971402,7446583
1630679971442,7446739
1630679971482,7446896
1630679971522,7445905
1630679971562,7444705
1630679971602,7444236
1630679971642,7443610
1630679971682,7442828
1630679971722,7441837
1630679971762,7440638
1630679971802,7439699
1630679971842,7438552
1630679971882,7437561
1630679971922,7435788
1630679971962,7435006
1630679972002,7433650
1630679972042,7432607
1630679972082,7431877
1630679972122,7431825
1630679972162,7430782
1630679972202,7430312
1630679972242,7428800
1630679972282,7428695
1630679972322,7428278
1630679972362,7427183
1630679972402,7426766
1630679972442,7425879
1630679972482,7425150
1630679972522,7425515
1630679972562,7424263
1630679972602,7424367
1630679972642,7423585
1630679972682,7423585
1630679972722,7423846
1630679972762,7424054
1630679972802,7424159
1630679972842,7424419
1630679972882,7426193
1630679972922,7427601
1630679972962,7428226
1630679973002,7429374
1630679973042,7430103
1630679973082,7431511
1630679973122,7432972
1630679973162,7434328
1630679973202,7435996
1630679973242,7437144
1630679973282,7438187
1630679973322,7439699
1630679973362,7440533
1630679973402,7442619
1630679973442,7443454
1630679973482,7444392
1630679973522,7446113
1630679973562,7447365
1630679973602,7448982
1630679973642,7449764
1630679973682,7451381
1630679973722,7451693
1630679973762,7452006
1630679973802,7450755
1630679973842,7449503
1630679973882,7448356
1630679973922,7447208
1630679973962,7445800
1630679974002,7444392
1630679974042,7443402
1630679974082,7442515
1630679974122,7440168
1630679974162,7439125
1630679974202,7437196
1630679974242,7435892
1630679974282,7435631
1630679974322,7434536
1630679974362,7433076
1630679974402,7433337
1630679974442,7431616
1630679974482,7430834
1630679974522,7430260
1630679974562,7429374
1630679974602,7428904
1630679974642,7428800
1630679974682,7427444
1630679974722,7426818
1630679974762,7426505
1630679974802,7426140
1630679974842,7424941
1630679974882,7424889
1630679974922,7424315
1630679974962,7424159
1630679975002,7424159
1630679975042,7424054
1630679975082,7423585
1630679975122,7424159
1630679975162,7424419
1630679975202,7425150
1630679975242,7426036
1630679975282,7427966
1630679975322,7428591
1630679975362,7430208
1630679975402,7431199
1630679975442,7433233
1630679975482,7433598
1630679975522,7434745
1630679975562,7436049
1630679975602,7437561
1630679975642,7438917
1630679975682,7441107
1630679975722,7441733
1630679975762,7443037
1630679975802,7444810
1630679975842,7446009
1630679975882,7447261
1630679975922,7448721
1630679975962,7449608
1630679976002,7449920
1630679976042,7450702
1630679976082,7449034
1630679976122,7448408
1630679976162,7447574
1630679976202,7446635
1630679976242,7445800
1630679976282,7444184
1630679976322,7443975
1630679976362,7442932
1630679976402,7441524
1630679976442,7441472
1630679976482,7440012
1630679976522,7439595
1630679976562,7438708
1630679976602,7437822
1630679976642,7437509
1630679976682,7436987
1630679976722,7435736
1630679976762,7435423
1630679976802,7434901
1630679976842,7434484
1630679976882,7433911
1630679976922,7433598
1630679976962,7432868
1630679977002,7432033
1630679977042,7431564
1630679977082,7430677
1630679977122,7429895
1630679977162,7429843
1630679977202,7428852
1630679977242,7427966
1630679977282,7427809
1630679977322,7427340
1630679977362,7426870
1630679977402,7426453
1630679977442,7426505
1630679977482,7426297
1630679977522,7425775
1630679977562,7425515
1630679977602,7426036
1630679977642,7425775
1630679977682,7425045
1630679977722,7424732
1630679977762,7424263
1630679977802,7423846
1630679977842,7423533
1630679977882,7424107
1630679977922,7426088
1630679977962,7426870
1630679978002,7427861
1630679978042,7429217
1630679978082,7430417
1630679978122,7431094
1630679978162,7432137
1630679978202,7434484
1630679978242,7435475
1630679978282,7435996
1630679978322,7437352
1630679978362,7438030
1630679978402,7438969
1630679978442,7440168
1630679978482,7441316
1630679978522,7442306
1630679978562,7443245
1630679978602,7444705
1630679978642,7445644
1630679978682,7446843
1630679978722,7448982
1630679978762,7449294
1630679978802,7450546
1630679978842,7450963
1630679978882,7450181
1630679978922,7449764
1630679978962,7448408
1630679979002,7448147
1630679979042,7447521
1630679979082,7446531
1630679979122,7445175
1630679979162,7444601
1630679979202,7444132
1630679979242,7443089
1630679979282,7442619
1630679979322,7441211
1630679979362,7440481
1630679979402,7440586
1630679979442,7439856
1630679979482,7438291
1630679979522,7438187
1630679979562,7436779
1630679979602,7435944
1630679979642,7434380
1630679979682,7433545
1630679979722,7432972
1630679979762,7432137
1630679979802,7430886
1630679979842,7430103
1630679979882,7429217
1630679979922,7429217
1630679979962,7429269
1630679980002,7427757
1630679980042,7427548
1630679980082,7426505
1630679980122,7426766
1630679980162,7425879
1630679980202,7425045
1630679980242,7424367
1630679980282,7424576
1630679980322,7424680
1630679980362,7424107
1630679980402,7424107
1630679980442,7423689
1630679980482,7424471
1630679980522,7424419
1630679980562,7425879
1630679980602,7427548
1630679980642,7428226
1630679980682,7429478
1630679980722,7431094
1630679980762,7432763
1630679980802,7433650
1630679980842,7434276
1630679980882,7436153
1630679980922,7436935
1630679980962,7438343
1630679981002,7440116
1630679981042,7440898
1630679981082,7442254
1630679981122,7443558
1630679981162,7444810
1630679981202,7445957
1630679981242,7448147
1630679981282,7449399
1630679981322,7450442
1630679981362,7450859
1630679981402,7450859
1630679981442,7449503
1630679981482,7448929
1630679981522,7448147
1630679981562,7447417
1630679981602,7446061
1630679981642,7445331
1630679981682,7444132
1630679981722,7443141
1630679981762,7443297
1630679981802,7442306
1630679981842,7442150
1630679981882,7440742
1630679981922,7440273
1630679981962,7439125
1630679982002,7438604
1630679982042,7437665
1630679982082,7437665
1630679982122,7437144
1630679982162,7435475
1630679982202,7434484
1630679982242,7434380
1630679982282,7433493
1630679982322,7433180
1630679982362,7432137
1630679982402,7431511
1630679982442,7430469
1630679982482,7430103
1630679982522,7430156
1630679982562,7429686
1630679982602,7428383
1630679982642,7427809
1630679982682,7427340
1630679982722,7426923
1630679982762,7425775
1630679982802,7425932
1630679982842,7425671
1630679982882,7425515
1630679982922,7424993
1630679982962,7424836
1630679983002,7424836
1630679983042,7424836
1630679983082,7425567
1630679983122,7426453
1630679983162,7428018
1630679983202,7428383
1630679983242,7430103
1630679983282,7431251
1630679983322,7432137
1630679983362,7433598
1630679983402,7435214
1630679983442,7435840
1630679983482,7436935
1630679983522,7438917
1630679983562,7439647
1630679983602,7441159
1630679983642,7442984
1630679983682,7444445
1630679983722,7444705
1630679983762,7445853
1630679983802,7446635
1630679983842,7447678
1630679983882,7448982
1630679983922,7449608
1630679983962,7450546
1630679984002,7451172
1630679984042,7450181
1630679984082,7448982
1630679984122,7448408
1630679984162,7447730
1630679984202,7446478
1630679984242,7445800
1630679984282,7444810
1630679984322,7444184
1630679984362,7443089
1630679984402,7441994
1630679984442,7441629
1630679984482,7440638
1630679984522,7440794
1630679984562,7438604
1630679984602,7438291
1630679984642,7437926
1630679984682,7437561
1630679984722,7436935
1630679984762,7435892
1630679984802,7436205
1630679984842,7435423
1630679984882,7434484
1630679984922,7433545
1630679984962,7433024
1630679985002,7432555
1630679985042,7431981
1630679985082,7431511
1630679985122,7430886
1630679985162,7430417
1630679985202,7428695
1630679985242,7429321
1630679985282,7428226
1630679985322,7428695
1630679985362,7427757
1630679985402,7428591
1630679985442,7427809
1630679985482,7427392
1630679985522,7426609
1630679985562,7426558
1630679985602,7426088
1630679985642,7425984
1630679985682,7425150
1630679985722,7425150
1630679985762,7424732
1630679985802,7425045
1630679985842,7424889
1630679985882,7425306
1630679985922,7426140
1630679985962,7427652
1630679986002,7429165
1630679986042,7429582
1630679986082,7430469
1630679986122,7431825
1630679986162,7433076
1630679986202,7433702
1630679986242,7435058
1630679986282,7435579
1630679986322,7436831
1630679986362,7438135
1630679986402,7438917
1630679986442,7440377
1630679986482,7441368
1630679986522,7442828
1630679986562,7443662
1630679986602,7445435
1630679986642,7446061
1630679986682,7447052
1630679986722,7447678
1630679986762,7448565
1630679986802,7448617
1630679986842,7449503
1630679986882,7448304
1630679986922,7448408
1630679986962,7447678
1630679987002,7446896
1630679987042,7446322
1630679987082,7445123
1630679987122,7444810
1630679987162,7443767
1630679987202,7442828
1630679987242,7442254
1630679987282,7441733
1630679987322,7440377
1630679987362,7439334
1630679987402,7438552
1630679987442,7437874
1630679987482,7437092
1630679987522,7436727
1630679987562,7435319
1630679987602,7434536
1630679987642,7433598
1630679987682,7433076
1630679987722,7432137
1630679987762,7431929
1630679987802,7430886
1630679987842,7430469
1630679987882,7429686
1630679987922,7428852
1630679987962,7428070
1630679988002,7427131
1630679988042,7426558
1630679988082,7426870
1630679988122,7426714
1630679988162,7425775
1630679988202,7425410
1630679988242,7425619
1630679988282,7424993
1630679988322,7425045
1630679988362,7424732
1630679988402,7425515
1630679988442,7426401
1630679988482,7426244
1630679988522,7427652
1630679988562,7428383
1630679988602,7429426
1630679988642,7430573
1630679988682,7431825
1630679988722,7432815
1630679988762,7433911
1630679988802,7435631
1630679988842,7437092
1630679988882,7438187
1630679988922,7440116
1630679988962,7440533
1630679989002,7442202
1630679989042,7443037
1630679989082,7445175
1630679989122,7445644
1630679989162,7446531
1630679989202,7447886
1630679989242,7448982
1630679989282,7449242
1630679989322,7449868
1630679989362,7449816
1630679989402,7449242
1630679989442,7448512
1630679989482,7448617
1630679989522,7447678
1630679989562,7446166
1630679989602,7445853
1630679989642,7445540
1630679989682,7444341
1630679989722,7442619
1630679989762,7442776
1630679989802,7441472
1630679989842,7440742
1630679989882,7439543
1630679989922,7439125
1630679989962,7439282
1630679990002,7437978
1630679990042,7437770
1630679990082,7436935
1630679990122,7436518
1630679990162,7435736
1630679990202,7435110
1630679990242,7434276
1630679990282,7433024
1630679990322,7432868
1630679990362,7431564
1630679990402,7430521
1630679990442,7429895
1630679990482,7429791
1630679990522,7428591
1630679990562,7428644
1630679990602,7428331
1630679990642,7427757
1630679990682,7426558
1630679990722,7426558
1630679990762,7426609
1630679990802,7426453
1630679990842,7425358
1630679990882,7425619
1630679990922,7425045
1630679990962,7424993
1630679991002,7425358
1630679991042,7425619
1630679991082,7426818
1630679991122,7428122
1630679991162,7429321
1630679991202,7430312
1630679991242,7431251
1630679991282,7432920
1630679991322,7433493
1630679991362,7434745
1630679991402,7436309
1630679991442,7437405
1630679991482,7438552
1630679991522,7439699
1630679991562,7440481
1630679991602,7442150
1630679991642,7442880
1630679991682,7443506
1630679991722,7444705
1630679991762,7446531
1630679991802,7446531
1630679991842,7447469
1630679991882,7449242
1630679991922,7449973
1630679991962,7449659
1630679992002,7450285
1630679992042,7449920
1630679992082,7448929
1630679992122,7448356
1630679992162,7447261
1630679992202,7446739
1630679992242,7446270
1630679992282,7445123
1630679992322,7443349
1630679992362,7443402
1630679992402,7442515
1630679992442,7441889
1630679992482,7440951
1630679992522,7440846
1630679992562,7439282
1630679992602,7439073
1630679992642,7438865
1630679992682,7437248
1630679992722,7436883
1630679992762,7435371
1630679992802,7434223
1630679992842,7433598
1630679992882,7432868
1630679992922,7431877
1630679992962,7432033
1630679993002,7431042
1630679993042,7430938
1630679993082,7430103
1630679993122,7429269
1630679993162,7428331
1630679993202,7428800
1630679993242,7428070
1630679993282,7427548
1630679993322,7426140
1630679993362,7426453
1630679993402,7426558
1630679993442,7425827
1630679993482,7425879
1630679993522,7425984
1630679993562,7425515
1630679993602,7425567
1630679993642,7425775
1630679993682,7426609
1630679993722,7428487
1630679993762,7429739
1630679993802,7430677
1630679993842,7431825
1630679993882,7432555
1630679993922,7434067
1630679993962,7435527
1630679994002,7437300
1630679994042,7437822
1630679994082,7439230
1630679994122,7440586
1630679994162,7441889
1630679994202,7442150
1630679994242,7443819
1630679994282,7444862
1630679994322,7445435
1630679994362,7447208
1630679994402,7448356
1630679994442,7448929
1630679994482,7450390
1630679994522,7451485
1630679994562,7450963
1630679994602,7450598
1630679994642,7450390
1630679994682,7449503
1630679994722,7448721
1630679994762,7448304
1630679994802,7447052
1630679994842,7446635
1630679994882,7445018
1630679994922,7444705
1630679994962,7444288
1630679995002,7443037
1630679995042,7442515
1630679995082,7441472
1630679995122,7440429
1630679995162,7439543
1630679995202,7439021
1630679995242,7437874
1630679995282,7437613
1630679995322,7436831
1630679995362,7435944
1630679995402,7435527
1630679995442,7434745
1630679995482,7434745
1630679995522,7433076
1630679995562,7434015
1630679995602,7432868
1630679995642,7431668
1630679995682,7431094
1630679995722,7430677
1630679995762,7429165
1630679995802,7429321
1630679995842,7428591
1630679995882,7428591
1630679995922,7427235
1630679995962,7427652
1630679996002,7427392
1630679996042,7427548
1630679996082,7426609
1630679996122,7426558
1630679996162,7426453
1630679996202,7426088
1630679996242,7426297
1630679996282,7425358
1630679996322,7425775
1630679996362,7426505
1630679996402,7426975
1630679996442,7427809
1630679996482,7428748
1630679996522,7430312
1630679996562,7430886
1630679996602,7431929
1630679996642,7433441
1630679996682,7434797
1630679996722,7435892
1630679996762,7437300
1630679996802,7438395
1630679996842,7439178
1630679996882,7440429
1630679996922,7441264
1630679996962,7442619
1630679997002,7443454
1630679997042,7444341
1630679997082,7445592
1630679997122,7446113
1630679997162,7447574
1630679997202,7448095
1630679997242,7449451
1630679997282,7450598
1630679997322,7451068
1630679997362,7451224
1630679997402,7450233
1630679997442,7449712
1630679997482,7448460
1630679997522,7447469
1630679997562,7446739
1630679997602,7445175
1630679997642,7444080
1630679997682,7444236
1630679997722,7442984
1630679997762,7442150
1630679997802,7441003
1630679997842,7439751
1630679997882,7439125
1630679997922,7438395
1630679997962,7438135
1630679998002,7437300
1630679998042,7437144
1630679998082,7436205
1630679998122,7434641
1630679998162,7434223
1630679998202,7433233
1630679998242,7432503
1630679998282,7432137
1630679998322,7431407
1630679998362,7430625
1630679998402,7429686
1630679998442,7429374
1630679998482,7429530
1630679998522,7428748
1630679998562,7428174
1630679998602,7428174
1630679998642,7427809
1630679998682,7426818
1630679998722,7425932
1630679998762,7425567
1630679998802,7425984
1630679998842,7426401
1630679998882,7426297
1630679998922,7426297
1630679998962,7427079
1630679999002,7428018
1630679999042,7428800
1630679999082,7430260
1630679999122,7431251
1630679999162,7432503
1630679999202,7433128
1630679999242,7434171
1630679999282,7435058
1630679999322,7436362
1630679999362,7437248
1630679999402,7437770
1630679999442,7439490
1630679999482,7441055
1630679999522,7441576
1630679999562,7443193
1630679999602,7444497
1630679999642,7445488
1630679999682,7446896
1630679999722,7447104
1630679999762,7448304
1630679999802,7450181
1630679999842,7450546
1630679999882,7452110
1630679999922,7451798
1630679999962,7451485
1630680000002,7451537
1630680000042,7450233
1630680000082,7449294
1630680000122,7448825
1630680000162,7447886
1630680000202,7446739
1630680000242,7446113
1630680000282,7446113
1630680000322,7445018
1630680000362,7444236
1630680000402,7442724
1630680000442,7441472
1630680000482,7441211
1630680000522,7440012
1630680000562,7439230
1630680000602,7438500
1630680000642,7437457
1630680000682,7436153
1630680000722,7436309
1630680000762,7435840
1630680000802,7434797
1630680000842,7434745
1630680000882,7433911
1630680000922,7433545
1630680000962,7432815
1630680001002,7432137
1630680001042,7431147
1630680001082,7430312
1630680001122,7429843
1630680001162,7429739
1630680001202,7428748
1630680001242,7428539
1630680001282,7427966
1630680001322,7427652
1630680001362,7427444
1630680001402,7426818
1630680001442,7427652
1630680001482,7427548
1630680001522,7426870
1630680001562,7426349
1630680001602,7426036
1630680001642,7427340
1630680001682,7427444
1630680001722,7428695
1630680001762,7429999
1630680001802,7431042
1630680001842,7432033
1630680001882,7433389
1630680001922,7434432
1630680001962,7435371
1630680002002,7436674
1630680002042,7438030
1630680002082,7438865
1630680002122,7440690
1630680002162,7441629
1630680002202,7442567
1630680002242,7444184
1630680002282,7444810
1630680002322,7446374
1630680002362,7446583
1630680002402,7448825
1630680002442,7448982
1630680002482,7450807
1630680002522,7452110
1630680002562,7453414
1630680002602,7453884
1630680002642,7453936
1630680002682,7453518
1630680002722,7452528
1630680002762,7451537
1630680002802,7449816
1630680002842,7448669
1630680002882,7447886
1630680002922,7446635
1630680002962,7444914
1630680003002,7444966
1630680003042,7443349
1630680003082,7443558
1630680003122,7442463
1630680003162,7441472
1630680003202,7441055
1630680003242,7439490
1630680003282,7439438
1630680003322,7438135
1630680003362,7437874
1630680003402,7437352
1630680003442,7435892
1630680003482,7435214
1630680003522,7434276
1630680003562,7433702
1630680003602,7432659
1630680003642,7431616
1630680003682,7431094
1630680003722,7431094
1630680003762,7429999
1630680003802,7430260
1630680003842,7429217
1630680003882,7428748
1630680003922,7427966
1630680003962,7427652
1630680004002,7427183
1630680004042,7427496
1630680004082,7426870
1630680004122,7426975
1630680004162,7427652
1630680004202,7428748
1630680004242,7429686
1630680004282,7430364
1630680004322,7432137
1630680004362,7433493
1630680004402,7433650
1630680004442,7435892
1630680004482,7436049
1630680004522,7437665
1630680004562,7438656
1630680004602,7439647
1630680004642,7440951
1630680004682,7441837
1630680004722,7443454
1630680004762,7443871
1630680004802,7445488
1630680004842,7446009
1630680004882,7447261
1630680004922,7448617
1630680004962,7449347
1630680005002,7450337
1630680005042,7452163
1630680005082,7452319
1630680005122,7452163
1630680005162,7451589
1630680005202,7450337
1630680005242,7449608
1630680005282,7448200
1630680005322,7447365
1630680005362,7445331
1630680005402,7444810
1630680005442,7443767
1630680005482,7442672
1630680005522,7442515
1630680005562,7441524
1630680005602,7439908
1630680005642,7440221
1630680005682,7439178
1630680005722,7438187
1630680005762,7436779
1630680005802,7435631
1630680005842,7434849
1630680005882,7433702
1630680005922,7433337
1630680005962,7432555
1630680006002,7431616
1630680006042,7431407
1630680006082,7431511
1630680006122,7430938
1630680006162,7430469
1630680006202,7429999
1630680006242,7429999
1630680006282,7429426
1630680006322,7428956
1630680006362,7428591
1630680006402,7428278
1630680006442,7427287
1630680006482,7426870
1630680006522,7426453
1630680006562,7426244
1630680006602,7426453
1630680006642,7426453
1630680006682,7427652
1630680006722,7428904
1630680006762,7430052
1630680006802,7431094
1630680006842,7432190
1630680006882,7433650
1630680006922,7434536
1630680006962,7435058
1630680007002,7436205
1630680007042,7437770
1630680007082,7439386
1630680007122,7439595
1630680007162,7440794
1630680007202,7441837
1630680007242,7443558
1630680007282,7444132
1630680007322,7445696
1630680007362,7446843
1630680007402,7447834
1630680007442,7448460
1630680007482,7450025
1630680007522,7451172
1630680007562,7451589
1630680007602,7451954
1630680007642,7452580
1630680007682,7451589
1630680007722,7450651
1630680007762,7449451
1630680007802,7448512
1630680007842,7447104
1630680007882,7446166
1630680007922,7445070
1630680007962,7444027
1630680008002,7443297
1630680008042,7442724
1630680008082,7441994
1630680008122,7440742
1630680008162,7440064
1630680008202,7439073
1630680008242,7438082
1630680008282,7437770
1630680008322,7436831
1630680008362,7436518
1630680008402,7435631
1630680008442,7434380
1630680008482,7434380
1630680008522,7433128
1630680008562,7432711
1630680008602,7432503
1630680008642,7430625
1630680008682,7431094
1630680008722,7429999
1630680008762,7429634
1630680008802,7428487
1630680008842,7429165
1630680008882,7428435
1630680008922,7428226
1630680008962,7428070
1630680009002,7427705
1630680009042,7427496
1630680009082,7427548
1630680009122,7427287
1630680009162,7428070
1630680009202,7427496
1630680009242,7427913
1630680009282,7428852
1630680009322,7429165
1630680009362,7430103
1630680009402,7431303
1630680009442,7432503
1630680009482,7433389
1630680009522,7434849
1630680009562,7435214
1630680009602,7436831
1630680009642,7437770
1630680009682,7439021
1630680009722,7440898
1630680009762,7441681
1630680009802,7443349
1630680009842,7444757
1630680009882,7445644
1630680009922,7446374
1630680009962,7447104
1630680010002,7448408
1630680010042,7449190
1630680010082,7450181
1630680010122,7451328
1630680010162,7452006
1630680010202,7452267
1630680010242,7451328
1630680010282,7449764
1630680010322,7448669
1630680010362,7448095
1630680010402,7446635
1630680010442,7445540
1630680010482,7445435
1630680010522,7443349
1630680010562,7443349
1630680010602,7442515
1630680010642,7441681
1630680010682,7440638
1630680010722,7440116
1630680010762,7438656
1630680010802,7438291
1630680010842,7438187
1630680010882,7436674
1630680010922,7436257
1630680010962,7436362
1630680011002,7435006
1630680011042,7434588
1630680011082,7433337
1630680011122,7433128
1630680011162,7432815
1630680011202,7431720
1630680011242,7430782
1630680011282,7429686
1630680011322,7429321
1630680011362,7429269
1630680011402,7428800
1630680011442,7428487
1630680011482,7428383
1630680011522,7428174
1630680011562,7428122
1630680011602,7427652
1630680011642,7427079
1630680011682,7426349
1630680011722,7426975
1630680011762,7425567
1630680011802,7425879
1630680011842,7425984
1630680011882,7427444
1630680011922,7428070
1630680011962,7429321
1630680012002,7430990
1630680012042,7431825
1630680012082,7433285
1630680012122,7433754
1630680012162,7435423
1630680012202,7436153
1630680012242,7437665
1630680012282,7439178
1630680012322,7439751
1630680012362,7440742
1630680012402,7441941
1630680012442,7442828
1630680012482,7444549
1630680012522,7445696
1630680012562,7446531
1630680012602,7447208
1630680012642,7449347
1630680012682,7450755
1630680012722,7451433
1630680012762,7452110
1630680012802,7452267
1630680012842,7451798
1630680012882,7450494
1630680012922,7448408
1630680012962,7447678
1630680013002,7446322
1630680013042,7445749
1630680013082,7445644
1630680013122,7444184
1630680013162,7442828
1630680013202,7442515
1630680013242,7441316
1630680013282,7440481
1630680013322,7439438
1630680013362,7439073
1630680013402,7437665
1630680013442,7437457
1630680013482,7435684
1630680013522,7434641
1630680013562,7434067
1630680013602,7433441
1630680013642,7432711
1630680013682,7431772
1630680013722,7431511
1630680013762,7430990
1630680013802,7430312
1630680013842,7429269
1630680013882,7429165
1630680013922,7428383
1630680013962,7427496
1630680014002,7427861
1630680014042,7427287
1630680014082,7427392
1630680014122,7427601
1630680014162,7427444
1630680014202,7427027
1630680014242,7426558
1630680014282,7427287
1630680014322,7428487
1630680014362,7429321
1630680014402,7430260
1630680014442,7431616
1630680014482,7432972
1630680014522,7434119
1630680014562,7435266
1630680014602,7435996
1630680014642,7437770
1630680014682,7438865
1630680014722,7440325
1630680014762,7441733
1630680014802,7442828
1630680014842,7443297
1630680014882,7444757
1630680014922,7445435
1630680014962,7446635
1630680015002,7448565
1630680015042,7448877
1630680015082,7450598
1630680015122,7450911
1630680015162,7451381
1630680015202,7451068
1630680015242,7449920
1630680015282,7449503
1630680015322,7448304
1630680015362,7448565
1630680015402,7447157
1630680015442,7445435
1630680015482,7444810
1630680015522,7444549
1630680015562,7442880
1630680015602,7442567
1630680015642,7441941
1630680015682,7441420
1630680015722,7440429
1630680015762,7439699
1630680015802,7438813
1630680015842,7437822
1630680015882,7437717
1630680015922,7435996
1630680015962,7435319
1630680016002,7434223
1630680016042,7433598
1630680016082,7432555
1630680016122,7431720
1630680016162,7430625
1630680016202,7429634
1630680016242,7429843
1630680016282,7429791
1630680016322,7428852
1630680016362,7428644
1630680016402,7428487
1630680016442,7428539
1630680016482,7427966
1630680016522,7427340
1630680016562,7428174
1630680016602,7427705
1630680016642,7427913
1630680016682,7427079
1630680016722,7427966
1630680016762,7429321
1630680016802,7430103
1630680016842,7431407
1630680016882,7432294
1630680016922,7433702
1630680016962,7435110
1630680017002,7436727
1630680017042,7437352
1630680017082,7439490
1630680017122,7440273
1630680017162,7441003
1630680017202,7441994
1630680017242,7443871
1630680017282,7445123
1630680017322,7446478
1630680017362,7447052
1630680017402,7448512
1630680017442,7449347
1630680017482,7450598
1630680017522,7451537
1630680017562,7451693
1630680017602,7452267
1630680017642,7451589
1630680017682,7451224
1630680017722,7450337
1630680017762,7448929
1630680017802,7449347
1630680017842,7447834
1630680017882,7447157
1630680017922,7446583
1630680017962,7444757
1630680018002,7444132
1630680018042,7443349
1630680018082,7442254
1630680018122,7442202
1630680018162,7440951
1630680018202,7440794
1630680018242,7439908
1630680018282,7439647
1630680018322,7438708
1630680018362,7438969
1630680018402,7437144
1630680018442,7435475
1630680018482,7435579
1630680018522,7433963
1630680018562,7433180
1630680018602,7432503
1630680018642,7431825
1630680018682,7431199
1630680018722,7430782
1630680018762,7430260
1630680018802,7429791
1630680018842,7429530
1630680018882,7429530
1630680018922,7428487
1630680018962,7429321
1630680019002,7428331
1630680019042,7427340
1630680019082,7427861
1630680019122,7427809
1630680019162,7428644
1630680019202,7429321
1630680019242,7430103
1630680019282,7431616
1630680019322,7432398
1630680019362,7434536
1630680019402,7435475
1630680019442,7436622
1630680019482,7438500
1630680019522,7438969
1630680019562,7440064
1630680019602,7441681
1630680019642,7442672
1630680019682,7443871
1630680019722,7444914
1630680019762,7446531
1630680019802,7447469
1630680019842,7447834
1630680019882,7448721
1630680019922,7450494
1630680019962,7452006
1630680020002,7453310
1630680020042,7454197
1630680020082,7455240
1630680020122,7454405
1630680020162,7453832
1630680020202,7452945
1630680020242,7452006
1630680020282,7450598
1630680020322,7448512
1630680020362,7447365
1630680020402,7446270
1630680020442,7446218
1630680020482,7444914
1630680020522,7443715
1630680020562,7443349
1630680020602,7442463
1630680020642,7440951
1630680020682,7440638
1630680020722,7440168
1630680020762,7438447
1630680020802,7437978
1630680020842,7436414
1630680020882,7435788
1630680020922,7435527
1630680020962,7434484
1630680021002,7433754
1630680021042,7433233
1630680021082,7432659
1630680021122,7431981
1630680021162,7431407
1630680021202,7431303
1630680021242,7430729
1630680021282,7430364
1630680021322,7430260
1630680021362,7429426
1630680021402,7429165
1630680021442,7428904
1630680021482,7428331
1630680021522,7427966
1630680021562,7427652
1630680021602,7427966
1630680021642,7427757
1630680021682,7427809
1630680021722,7428644
1630680021762,7429686
1630680021802,7430677
1630680021842,7431564
1630680021882,7433754
1630680021922,7434797
1630680021962,7434536
1630680022002,7436257
1630680022042,7436779
1630680022082,7438082
1630680022122,7439908
1630680022162,7440638
1630680022202,7441420
1630680022242,7442567
1630680022282,7443662
1630680022322,7444757
1630680022362,7445749
1630680022402,7446687
1630680022442,7448721
1630680022482,7448825
1630680022522,7449868
1630680022562,7450337
1630680022602,7451798
1630680022642,7452841
1630680022682,7453102
1630680022722,7452789
1630680022762,7453518
1630680022802,7452945
1630680022842,7451798
1630680022882,7452424
1630680022922,7451224
1630680022962,7450755
1630680023002,7449712
1630680023042,7449764
1630680023082,7448512
1630680023122,7448095
1630680023162,7446896
1630680023202,7446322
1630680023242,7446166
1630680023282,7444392
1630680023322,7444132
1630680023362,7443245
1630680023402,7442828
1630680023442,7441889
1630680023482,7441472
1630680023522,7440638
1630680023562,7440168
1630680023602,7439021
1630680023642,7438604
1630680023682,7437874
1630680023722,7437300
1630680023762,7435736
1630680023802,7435475
1630680023842,7434484
1630680023882,7434276
1630680023922,7433076
1630680023962,7433128
1630680024002,7432190
1630680024042,7431355
1630680024082,7431720
1630680024122,7430677
1630680024162,7431042
1630680024202,7430625
1630680024242,7430625
1630680024282,7429999
1630680024322,7429165
1630680024362,7429217
1630680024402,7429009
1630680024442,7428904
1630680024482,7428644
1630680024522,7427601
1630680024562,7427601
1630680024602,7427601
1630680024642,7427705
1630680024682,7428018
1630680024722,7428070
1630680024762,7427913
1630680024802,7428174
1630680024842,7428122
1630680024882,7427809
1630680024922,7427601
1630680024962,7427496
1630680025002,7428174
1630680025042,7428956
1630680025082,7430312
1630680025122,7431094
1630680025162,7432346
1630680025202,7434223
1630680025242,7434641
1630680025282,7435944
1630680025322,7437405
1630680025362,7439125
1630680025402,7439282
1630680025442,7441107
1630680025482,7442046
1630680025522,7442411
1630680025562,7444080
1630680025602,7445227
1630680025642,7446531
1630680025682,7447157
1630680025722,7449347
1630680025762,7449555
1630680025802,7450025
1630680025842,7451693
1630680025882,7453571
1630680025922,7454249
1630680025962,7455969
1630680026002,7456178
1630680026042,7456595
1630680026082,7455813
1630680026122,7454979
1630680026162,7454561
1630680026202,7453362
1630680026242,7452945
1630680026282,7451224
1630680026322,7450963
1630680026362,7449816
1630680026402,7449347
1630680026442,7448669
1630680026482,7449086
1630680026522,7448512
1630680026562,7447730
1630680026602,7446843
1630680026642,7446166
1630680026682,7445540
1630680026722,7445018
1630680026762,7444653
1630680026802,7443819
1630680026842,7443193
1630680026882,7442254
1630680026922,7441837
1630680026962,7441420
1630680027002,7440481
1630680027042,7439595
1630680027082,7438969
1630680027122,7438395
1630680027162,7437717
1630680027202,7437144
1630680027242,7435788
1630680027282,7434901
1630680027322,7434380
1630680027362,7433858
1630680027402,7432972
1630680027442,7433076
1630680027482,7431720
1630680027522,7431616
1630680027562,7431042
1630680027602,7430521
1630680027642,7430573
1630680027682,7430417
1630680027722,7429947
1630680027762,7429895
1630680027802,7429634
1630680027842,7429269
1630680027882,7429113
1630680027922,7428174
1630680027962,7428591
1630680028002,7428852
1630680028042,7429999
1630680028082,7431460
1630680028122,7432085
1630680028162,7433337
1630680028202,7434901
1630680028242,7436101
1630680028282,7437300
1630680028322,7439125
1630680028362,7439856
1630680028402,7441264
1630680028442,7442098
1630680028482,7442828
1630680028522,7443819
1630680028562,7445018
1630680028602,7445957
1630680028642,7446270
1630680028682,7447626
1630680028722,7449294
1630680028762,7449868
1630680028802,7450859
1630680028842,7452110
1630680028882,7452476
1630680028922,7454040
1630680028962,7453832
1630680029002,7454405
1630680029042,7453571
1630680029082,7453467
1630680029122,7452841
1630680029162,7451276
1630680029202,7450755
1630680029242,7449451
1630680029282,7448512
1630680029322,7448095
1630680029362,7446687
1630680029402,7446374
1630680029442,7445227
1630680029482,7445018
1630680029522,7444184
1630680029562,7443089
1630680029602,7443193
1630680029642,7442150
1630680029682,7441420
1630680029722,7440377
1630680029762,7439282
1630680029802,7439438
1630680029842,7438604
1630680029882,7438187
1630680029922,7436883
1630680029962,7436674
1630680030002,7436101
1630680030042,7435684
1630680030082,7435110
1630680030122,7434432
1630680030162,7433806
1630680030202,7433702
1630680030242,7433024
1630680030282,7431564
1630680030322,7431355
1630680030362,7430469
1630680030402,7429791
1630680030442,7430156
1630680030482,7429478
1630680030522,7429530
1630680030562,7429269
1630680030602,7429426
1630680030642,7428644
1630680030682,7429321
1630680030722,7429374
1630680030762,7429634
1630680030802,7430208
1630680030842,7431042
1630680030882,7431564
1630680030922,7432659
1630680030962,7433233
1630680031002,7434328
1630680031042,7435631
1630680031082,7437300
1630680031122,7438291
1630680031162,7439334
1630680031202,7441785
1630680031242,7442254
1630680031282,7443089
1630680031322,7444236
1630680031362,7446061
1630680031402,7446531
1630680031442,7447574
1630680031482,7448565
1630680031522,7449816
1630680031562,7451381
1630680031602,7452580
1630680031642,7453310
1630680031682,7453571
1630680031722,7454561
1630680031762,7454561
1630680031802,7453049
1630680031842,7453153
1630680031882,7452163
1630680031922,7451224
1630680031962,7450025
1630680032002,7448929
1630680032042,7448043
1630680032082,7447104
1630680032122,7446583
1630680032162,7446374
1630680032202,7445018
1630680032242,7444445
1630680032282,7444445
1630680032322,7443349
1630680032362,7443245
1630680032402,7442984
1630680032442,7442254
1630680032482,7441576
1630680032522,7441576
1630680032562,7441107
1630680032602,7440377
1630680032642,7439751
1630680032682,7438708
1630680032722,7439021
1630680032762,7438082
1630680032802,7437665
1630680032842,7436205
1630680032882,7435684
1630680032922,7435423
1630680032962,7434745
1630680033002,7434901
1630680033042,7434015
1630680033082,7433441
1630680033122,7433963
1630680033162,7432711
1630680033202,7432294
1630680033242,7432659
1630680033282,7431511
1630680033322,7430990
1630680033362,7431199
1630680033402,7430469
1630680033442,7430521
1630680033482,7430260
1630680033522,7429947
1630680033562,7429686
1630680033602,7429686
1630680033642,7429374
1630680033682,7429791
1630680033722,7430156
1630680033762,7429530
1630680033802,7429895
1630680033842,7429113
1630680033882,7428644
1630680033922,7427861
1630680033962,7429009
1630680034002,7428226
1630680034042,7428435
1630680034082,7428904
1630680034122,7429999
1630680034162,7430886
1630680034202,7431668
1630680034242,7433233
1630680034282,7434536
1630680034322,7435944
1630680034362,7437665
1630680034402,7437874
1630680034442,7439230
1630680034482,7440794
1630680034522,7442098
1630680034562,7442567
1630680034602,7444132
1630680034642,7444966
1630680034682,7446061
1630680034722,7447834
1630680034762,7448929
1630680034802,7449920
1630680034842,7452371
1630680034882,7454197
1630680034922,7455135
1630680034962,7456439
1630680035002,7457899
1630680035042,7459412
1630680035082,7461393
1630680035122,7462749
1630680035162,7462905
1630680035202,7463010
1630680035242,7462540
1630680035282,7460820
1630680035322,7459881
1630680035362,7458681
1630680035402,7457691
1630680035442,7457117
1630680035482,7455396
1630680035522,7454561
1630680035562,7453832
1630680035602,7452789
1630680035642,7452528
1630680035682,7451693
1630680035722,7450442
1630680035762,7449555
1630680035802,7448721
1630680035842,7448408
1630680035882,7447626
1630680035922,7448460
1630680035962,7448200
1630680036002,7447000
1630680036042,7445749
1630680036082,7445592
1630680036122,7445018
1630680036162,7444184
1630680036202,7442828
1630680036242,7442098
1630680036282,7439803
1630680036322,7439856
1630680036362,7438865
1630680036402,7437978
1630680036442,7437039
1630680036482,7436570
1630680036522,7436101
1630680036562,7435371
1630680036602,7434484
1630680036642,7434223
1630680036682,7433806
1630680036722,7433180
1630680036762,7432815
1630680036802,7432242
1630680036842,7431407
1630680036882,7430729
1630680036922,7430417
1630680036962,7430156
1630680037002,7430208
1630680037042,7429113
1630680037082,7429739
1630680037122,7429634
1630680037162,7429009
1630680037202,7429999
1630680037242,7430625
1630680037282,7431407
1630680037322,7433389
1630680037362,7433858
1630680037402,7435579
1630680037442,7436622
1630680037482,7437352
1630680037522,7438656
1630680037562,7439386
1630680037602,7440064
1630680037642,7441264
1630680037682,7442724
1630680037722,7443819
1630680037762,7445488
1630680037802,7446739
1630680037842,7447730
1630680037882,7448773
1630680037922,7450442
1630680037962,7450755
1630680038002,7452424
1630680038042,7453258
1630680038082,7454561
1630680038122,7455187
1630680038162,7457378
1630680038202,7457586
1630680038242,7458577
1630680038282,7458629
1630680038322,7457743
1630680038362,7456335
1630680038402,7456178
1630680038442,7454405
1630680038482,7453571
1630680038522,7452528
1630680038562,7451850
1630680038602,7450337
1630680038642,7448982
1630680038682,7448251
1630680038722,7446635
1630680038762,7446270
1630680038802,7445644
1630680038842,7445175
1630680038882,7444445
1630680038922,7443975
1630680038962,7443193
1630680039002,7442463
1630680039042,7441941
1630680039082,7440794
1630680039122,7440221
1630680039162,7439699
1630680039202,7438447
1630680039242,7437613
1630680039282,7436831
1630680039322,7436153
1630680039362,7435371
1630680039402,7434954
1630680039442,7434536
1630680039482,7433650
1630680039522,7433858
1630680039562,7433076
1630680039602,7433128
1630680039642,7433285
1630680039682,7432398
1630680039722,7432137
1630680039762,7431251
1630680039802,7430469
1630680039842,7430052
1630680039882,7430417
1630680039922,7430052
1630680039962,7429895
1630680040002,7429634
1630680040042,7429947
1630680040082,7429686
1630680040122,7430156
1630680040162,7431042
1630680040202,7432033
1630680040242,7433963
1630680040282,7435110
1630680040322,7435684
1630680040362,7436205
1630680040402,7437248
1630680040442,7439073
1630680040482,7439021
1630680040522,7441524
1630680040562,7442463
1630680040602,7443506
1630680040642,7444653
1630680040682,7445592
1630680040722,7446478
1630680040762,7448200
1630680040802,7449242
1630680040842,7449764
1630680040882,7451537
1630680040922,7452476
1630680040962,7453779
1630680041002,7454875
1630680041042,7455813
1630680041082,7456230
1630680041122,7455605
1630680041162,7455292
1630680041202,7454197
1630680041242,7453623
1630680041282,7452476
1630680041322,7452319
1630680041362,7452215
1630680041402,7451276
1630680041442,7449294
1630680041482,7449242
1630680041522,7448356
1630680041562,7447678
1630680041602,7446061
1630680041642,7446009
1630680041682,7445435
1630680041722,7445018
1630680041762,7444445
1630680041802,7444288
1630680041842,7443767
1630680041882,7443297
1630680041922,7442776
1630680041962,7442411
1630680042002,7442567
1630680042042,7441420
1630680042082,7441264
1630680042122,7440533
1630680042162,7439543
1630680042202,7438917
1630680042242,7439021
1630680042282,7438187
1630680042322,7437509
1630680042362,7436101
1630680042402,7435684
1630680042442,7434484
1630680042482,7433858
1630680042522,7433702
1630680042562,7433076
1630680042602,7432711
1630680042642,7432711
1630680042682,7431616
1630680042722,7430990
1630680042762,7432398
1630680042802,7432555
1630680042842,7433076
1630680042882,7434588
1630680042922,7435527
1630680042962,7437405
1630680043002,7438447
1630680043042,7439230
1630680043082,7441159
1630680043122,7442150
1630680043162,7444392
1630680043202,7445540
1630680043242,7446792
1630680043282,7447834
1630680043322,7450390
1630680043362,7452632
1630680043402,7454457
1630680043442,7456022
1630680043482,7457951
1630680043522,7460246
1630680043562,7463427
1630680043602,7464940
1630680043642,7467234
1630680043682,7469476
1630680043722,7472136
1630680043762,7474431
1630680043802,7476256
1630680043842,7479228
1630680043882,7481627
1630680043922,7483557
1630680043962,7486112
1630680044002,7487416
1630680044042,7489293
1630680044082,7490492
1630680044122,7489241
1630680044162,7485017
1630680044202,7483035
1630680044242,7478811
1630680044282,7475839
1630680044322,7473388
1630680044362,7471093
1630680044402,7469164
1630680044442,7466087
1630680044482,7464001
1630680044522,7462853
1630680044562,7461758
1630680044602,7460246
1630680044642,7458525
1630680044682,7457795
1630680044722,7456595
1630680044762,7455187
1630680044802,7454144
1630680044842,7452424
1630680044882,7452110
1630680044922,7450702
1630680044962,7449399
1630680045002,7448304
1630680045042,7446843
1630680045082,7446270
1630680045122,7445279
1630680045162,7444497
1630680045202,7442932
1630680045242,7442515
1630680045282,7441629
1630680045322,7440377
1630680045362,7439021
1630680045402,7438082
1630680045442,7437561
1630680045482,7437561
1630680045522,7437665
1630680045562,7438187
1630680045602,7438865
1630680045642,7438447
1630680045682,7438187
1630680045722,7438917
1630680045762,7438760
1630680045802,7438447
1630680045842,7437978
1630680045882,7437352
1630680045922,7437613
1630680045962,7439178
1630680046002,7439647
1630680046042,7439021
1630680046082,7439803
1630680046122,7438813
1630680046162,7439021
1630680046202,7440012
1630680046242,7440012
1630680046282,7440116
1630680046322,7440116
1630680046362,7440377
1630680046402,7439856
1630680046442,7440064
1630680046482,7439543
1630680046522,7439908
1630680046562,7438917
1630680046602,7438552
1630680046642,7437822
1630680046682,7436518
1630680046722,7435736
1630680046762,7435788
1630680046802,7435266
1630680046842,7434641
1630680046882,7435319
1630680046922,7435162
1630680046962,7434536
1630680047002,7434328
1630680047042,7434641
1630680047082,7434536
1630680047122,7435840
1630680047162,7436153
1630680047202,7436831
1630680047242,7439178
1630680047282,7440742
1630680047322,7442150
1630680047362,7443402
1630680047402,7444497
1630680047442,7446009
1630680047482,7446426
1630680047522,7448147
1630680047562,7449659
1630680047602,7451276
1630680047642,7453571
1630680047682,7454614
1630680047722,7456752
1630680047762,7457326
1630680047802,7458421
1630680047842,7459933
1630680047882,7461185
1630680047922,7461810
1630680047962,7462175
1630680048002,7461810
1630680048042,7460246
1630680048082,7458994
1630680048122,7457117
1630680048162,7455709
1630680048202,7454614
1630680048242,7453727
1630680048282,7452163
1630680048322,7451433
1630680048362,7449659
1630680048402,7449138
1630680048442,7448669
1630680048482,7447208
1630680048522,7446113
1630680048562,7445749
1630680048602,7444966
1630680048642,7444184
1630680048682,7443193
1630680048722,7442880
1630680048762,7442411
1630680048802,7441211
1630680048842,7440168
1630680048882,7439021
1630680048922,7437509
1630680048962,7437717
1630680049002,7436622
1630680049042,7436414
1630680049082,7435058
1630680049122,7434641
1630680049162,7434276
1630680049202,7433911
1630680049242,7434015
1630680049282,7434223
1630680049322,7433963
1630680049362,7433911
1630680049402,7432815
1630680049442,7432920
1630680049482,7433128
1630680049522,7432815
1630680049562,7432763
1630680049602,7431720
1630680049642,7431772
1630680049682,7431720
1630680049722,7431303
1630680049762,7431407
1630680049802,7432033
1630680049842,7432972
1630680049882,7433858
1630680049922,7434380
1630680049962,7434432
1630680050002,7435944
1630680050042,7437196
1630680050082,7439908
1630680050122,7440377
1630680050162,7441889
1630680050202,7443193
1630680050242,7444341
1630680050282,7446113
1630680050322,7447157
1630680050362,7448721
1630680050402,7450702
1630680050442,7451589
1630680050482,7452945
1630680050522,7454353
1630680050562,7455761
1630680050602,7457586
1630680050642,7458838
1630680050682,7460037
1630680050722,7460976
1630680050762,7461393
1630680050802,7461445
1630680050842,7460350
1630680050882,7459620
1630680050922,7458838
1630680050962,7458525
1630680051002,7458160
1630680051042,7455918
1630680051082,7454561
1630680051122,7453936
1630680051162,7453623
1630680051202,7452371
1630680051242,7451433
1630680051282,7450807
1630680051322,7450442
1630680051362,7449659
1630680051402,7448512
1630680051442,7447886
1630680051482,7448304
1630680051522,7447261
1630680051562,7446635
1630680051602,7445957
1630680051642,7445383
1630680051682,7444132
1630680051722,7443923
1630680051762,7443871
1630680051802,7443297
1630680051842,7442776
1630680051882,7442724
1630680051922,7443089
1630680051962,7442359
1630680052002,7441420
1630680052042,7441576
1630680052082,7440846
1630680052122,7440690
1630680052162,7439386
1630680052202,7439699
1630680052242,7438343
1630680052282,7439125
1630680052322,7437822
1630680052362,7437248
1630680052402,7436935
1630680052442,7436362
1630680052482,7436414
1630680052522,7436727
1630680052562,7435058
1630680052602,7434693
1630680052642,7434641
1630680052682,7435006
1630680052722,7434276
1630680052762,7434223
1630680052802,7434223
1630680052842,7434380
1630680052882,7435110
1630680052922,7435892
1630680052962,7437822
1630680053002,7438656
1630680053042,7439960
1630680053082,7441681
1630680053122,7441576
1630680053162,7443662
1630680053202,7445279
1630680053242,7446739
1630680053282,7447417
1630680053322,7449608
1630680053362,7450755
1630680053402,7452215
1630680053442,7453832
1630680053482,7455605
1630680053522,7457065
1630680053562,7459046
1630680053602,7460507
1630680053642,7461863
1630680053682,7463740
1630680053722,7465356
1630680053762,7466504
1630680053802,7466869
1630680053842,7467130
1630680053882,7466608
1630680053922,7465252
1630680053962,7463896
1630680054002,7463896
1630680054042,7462228
1630680054082,7460872
1630680054122,7459568
1630680054162,7458629
1630680054202,7457534
1630680054242,7456752
1630680054282,7456178
1630680054322,7455135
1630680054362,7454197
1630680054402,7453206
1630680054442,7453571
1630680054482,7452476
1630680054522,7451172
1630680054562,7451068
1630680054602,7449659
1630680054642,7449451
1630680054682,7448773
1630680054722,7448565
1630680054762,7447157
1630680054802,7446896
1630680054842,7446739
1630680054882,7445853
1630680054922,7445540
1630680054962,7444757
1630680055002,7444392
1630680055042,7443871
1630680055082,7443297
1630680055122,7442515
1630680055162,7442724
1630680055202,7441316
1630680055242,7440273
1630680055282,7440638
1630680055322,7440012
1630680055362,7439125
1630680055402,7438656
1630680055442,7439073
1630680055482,7438552
1630680055522,7438395
1630680055562,7437405
1630680055602,7437300
1630680055642,7436466
1630680055682,7436049
1630680055722,7435527
1630680055762,7435892
1630680055802,7435214
1630680055842,7435006
1630680055882,7434954
1630680055922,7434693
1630680055962,7434901
1630680056002,7435006
1630680056042,7434797
1630680056082,7435527
1630680056122,7435058
1630680056162,7434693
1630680056202,7434328
1630680056242,7434641
1630680056282,7434015
1630680056322,7435006
1630680056362,7435110
1630680056402,7435996
1630680056442,7437822
1630680056482,7438969
1630680056522,7439699
1630680056562,7440377
1630680056602,7441733
1630680056642,7442984
1630680056682,7444497
1630680056722,7446061
1630680056762,7446635
1630680056802,7447991
1630680056842,7449242
1630680056882,7450390
1630680056922,7451745
1630680056962,7451902
1630680057002,7453623
1630680057042,7454822
1630680057082,7456387
1630680057122,7457586
1630680057162,7459307
1630680057202,7460559
1630680057242,7461341
1630680057282,7462853
1630680057322,7463531
1630680057362,7464105
1630680057402,7463114
1630680057442,7462436
1630680057482,7461810
1630680057522,7459568
1630680057562,7459516
1630680057602,7459412
1630680057642,7457534
1630680057682,7456908
1630680057722,7456648
1630680057762,7455240
1630680057802,7454666
1630680057842,7454092
1630680057882,7452841
1630680057922,7452163
1630680057962,7451016
1630680058002,7450025
1630680058042,7450077
1630680058082,7449659
1630680058122,7449138
1630680058162,7448251
1630680058202,7447626
1630680058242,7447000
1630680058282,7446061
1630680058322,7445331
1630680058362,7444549
1630680058402,7444288
1630680058442,7443871
1630680058482,7443715
1630680058522,7442619
1630680058562,7441994
1630680058602,7441316
1630680058642,7441107
1630680058682,7439960
1630680058722,7438291
1630680058762,7436935
1630680058802,7435371
1630680058842,7435475
1630680058882,7434536
1630680058922,7434119
1630680058962,7434484
1630680059002,7434067
1630680059042,7433806
1630680059082,7433128
1630680059122,7433128
1630680059162,7433702
1630680059202,7433911
1630680059242,7434171
1630680059282,7434015
1630680059322,7435110
1630680059362,7436101
1630680059402,7437457
1630680059442,7438343
1630680059482,7440064
1630680059522,7441681
1630680059562,7442254
1630680059602,7443454
1630680059642,7444445
1630680059682,7446113
1630680059722,7446843
1630680059762,7449138
1630680059802,7449451
1630680059842,7450442
1630680059882,7451381
1630680059922,7452476
1630680059962,7453832
1630680060002,7454770
1630680060042,7455657
1630680060082,7457273
1630680060122,7458577
1630680060162,7459151
1630680060202,7460246
1630680060242,7461080
1630680060282,7460194
1630680060322,7460454
1630680060362,7459203
1630680060402,7457951
1630680060442,7457117
1630680060482,7456700
1630680060522,7455813
1630680060562,7454405
1630680060602,7453884
1630680060642,7452997
1630680060682,7452163
1630680060722,7452059
1630680060762,7450651
1630680060802,7449764
1630680060842,7449347
1630680060882,7448877
1630680060922,7448408
1630680060962,7447521
1630680061002,7446583
1630680061042,7446166
1630680061082,7444705
1630680061122,7444757
1630680061162,7444341
1630680061202,7443245
1630680061242,7442359
1630680061282,7441211
1630680061322,7441576
1630680061362,7440116
1630680061402,7439908
1630680061442,7439178
1630680061482,7438500
1630680061522,7439334
1630680061562,7438187
1630680061602,7437561
1630680061642,7437144
1630680061682,7436257
1630680061722,7435892
1630680061762,7436101
1630680061802,7435944
1630680061842,7434276
1630680061882,7434954
1630680061922,7434484
1630680061962,7434328
1630680062002,7434693
1630680062042,7434328
1630680062082,7434588
1630680062122,7434745
1630680062162,7434588
1630680062202,7434536
1630680062242,7434223
1630680062282,7433754
1630680062322,7433545
1630680062362,7434328
1630680062402,7433285
1630680062442,7434276
1630680062482,7433285
1630680062522,7433545
1630680062562,7434328
1630680062602,7435266
1630680062642,7436831
1630680062682,7438239
1630680062722,7439543
1630680062762,7440638
1630680062802,7441576
1630680062842,7443506
1630680062882,7444810
1630680062922,7445540
1630680062962,7447365
1630680063002,7448721
1630680063042,7449503
1630680063082,7451381
1630680063122,7453102
1630680063162,7453467
1630680063202,7454614
1630680063242,7455553
1630680063282,7457117
1630680063322,7458108
1630680063362,7458942
1630680063402,7460194
1630680063442,7460820
1630680063482,7461863
1630680063522,7462019
1630680063562,7462280
1630680063602,7462175
1630680063642,7461132
1630680063682,7459985
1630680063722,7458629
1630680063762,7457326
1630680063802,7457169
1630680063842,7456648
1630680063882,7455657
1630680063922,7454979
1630680063962,7454144
1630680064002,7452424
1630680064042,7451485
1630680064082,7450233
1630680064122,7449451
1630680064162,7448460
1630680064202,7447939
1630680064242,7447730
1630680064282,7446948
1630680064322,7445853
1630680064362,7445749
1630680064402,7444601
1630680064442,7443610
1630680064482,7443454
1630680064522,7442567
1630680064562,7441889
1630680064602,7441055
1630680064642,7439699
1630680064682,7439334
1630680064722,7438604
1630680064762,7438082
1630680064802,7437561
1630680064842,7437457
1630680064882,7437144
1630680064922,7436674
1630680064962,7436727
1630680065002,7436935
1630680065042,7436883
1630680065082,7436622
1630680065122,7435371
1630680065162,7435736
1630680065202,7435475
1630680065242,7436987
1630680065282,7437196
1630680065322,7437874
1630680065362,7439073
1630680065402,7440273
1630680065442,7441681
1630680065482,7443037
1630680065522,7444236
1630680065562,7445383
1630680065602,7447208
1630680065642,7447834
1630680065682,7449764
1630680065722,7450911
1630680065762,7452110
1630680065802,7453206
1630680065842,7454614
1630680065882,7455240
1630680065922,7456804
1630680065962,7457951
1630680066002,7459099
1630680066042,7460142
1630680066082,7461289
1630680066122,7462593
1630680066162,7463323
1630680066202,7462645
1630680066242,7462280
1630680066282,7460454
1630680066322,7459255
1630680066362,7458838
1630680066402,7457169
1630680066442,7455865
1630680066482,7454197
1630680066522,7453571
1630680066562,7451954
1630680066602,7451120
1630680066642,7449868
1630680066682,7448721
1630680066722,7448147
1630680066762,7447626
1630680066802,7446374
1630680066842,7446009
1630680066882,7443819
1630680066922,7443923
1630680066962,7442619
1630680067002,7441941
1630680067042,7441629
1630680067082,7440586
1630680067122,7439751
1630680067162,7438708
1630680067202,7438187
1630680067242,7437926
1630680067282,7437717
1630680067322,7437144
1630680067362,7437248
1630680067402,7436727
1630680067442,7436831
1630680067482,7436414
1630680067522,7435788
1630680067562,7435319
1630680067602,7435423
1630680067642,7435162
1630680067682,7434849
1630680067722,7435527
1630680067762,7436309
1630680067802,7436935
1630680067842,7438917
1630680067882,7439334
1630680067922,7441420
1630680067962,7442359
1630680068002,7443193
1630680068042,7444184
1630680068082,7445227
1630680068122,7446635
1630680068162,7447730
1630680068202,7449086
1630680068242,7449973
1630680068282,7451850
1630680068322,7453153
1630680068362,7454614
1630680068402,7455918
1630680068442,7457013
1630680068482,7458108
1630680068522,7459516
1630680068562,7460142
1630680068602,7461863
1630680068642,7461289
1630680068682,7460820
1630680068722,7460611
1630680068762,7458681
1630680068802,7457326
1630680068842,7455969
1630680068882,7455135
1630680068922,7454144
1630680068962,7452736
1630680069002,7451798
1630680069042,7450181
1630680069082,7449294
1630680069122,7449138
1630680069162,7447626
1630680069202,7445957
1630680069242,7445488
1630680069282,7444601
1630680069322,7444080
1630680069362,7443141
1630680069402,7442567
1630680069442,7441368
1630680069482,7440846
1630680069522,7439386
1630680069562,7439595
1630680069602,7438969
1630680069642,7437770
1630680069682,7438239
1630680069722,7438030
1630680069762,7437248
1630680069802,7437039
1630680069842,7436831
1630680069882,7436153
1630680069922,7435892
1630680069962,7436153
1630680070002,7435840
1630680070042,7435527
1630680070082,7436101
1630680070122,7435371
1630680070162,7435736
1630680070202,7435423
1630680070242,7436205
1630680070282,7435475
1630680070322,7437196
1630680070362,7437509
1630680070402,7437874
1630680070442,7439178
1630680070482,7440273
1630680070522,7441055
1630680070562,7442828
1630680070602,7443767
1630680070642,7444862
1630680070682,7447157
1630680070722,7448200
1630680070762,7449190
1630680070802,7450494
1630680070842,7451381
1630680070882,7452424
1630680070922,7454144
1630680070962,7455344
1630680071002,7455918
1630680071042,7456804
1630680071082,7458316
1630680071122,7459151
1630680071162,7460402
1630680071202,7460559
1630680071242,7461132
1630680071282,7460715
1630680071322,7459672
1630680071362,7458629
1630680071402,7457586
1630680071442,7456126
1630680071482,7455761
1630680071522,7453258
1630680071562,7452163
1630680071602,7450911
1630680071642,7449451
1630680071682,7449138
1630680071722,7447886
1630680071762,7447626
1630680071802,7446270
1630680071842,7445435
1630680071882,7443819
1630680071922,7443715
1630680071962,7442776
1630680072002,7443297
1630680072042,7441681
1630680072082,7440377
1630680072122,7439751
1630680072162,7439595
1630680072202,7438187
1630680072242,7438865
1630680072282,7438343
1630680072322,7438239
1630680072362,7437665
1630680072402,7437613
1630680072442,7436622
1630680072482,7437509
1630680072522,7436622
1630680072562,7437039
1630680072602,7436153
1630680072642,7435944
1630680072682,7435631
1630680072722,7435475
1630680072762,7435319
1630680072802,7436049
1630680072842,7435944
1630680072882,7437092
1630680072922,7437509
1630680072962,7438500
1630680073002,7439386
1630680073042,7440898
1630680073082,7442254
1630680073122,7443819
1630680073162,7444392
1630680073202,7445488
1630680073242,7446583
1630680073282,7448095
1630680073322,7449138
1630680073362,7449608
1630680073402,7451172
1630680073442,7451641
1630680073482,7452893
1630680073522,7453988
1630680073562,7455448
1630680073602,7456439
1630680073642,7457117
1630680073682,7458629
1630680073722,7458681
1630680073762,7459203
1630680073802,7458160
1630680073842,7457847
1630680073882,7456908
1630680073922,7456961
1630680073962,7455448
1630680074002,7454405
1630680074042,7453414
1630680074082,7452736
1630680074122,7451798
1630680074162,7450859
1630680074202,7449920
1630680074242,7449451
1630680074282,7448043
1630680074322,7447417
1630680074362,7446478
1630680074402,7446322
1630680074442,7445383
1630680074482,7444653
1630680074522,7443662
1630680074562,7442672
1630680074602,7442411
1630680074642,7441629
1630680074682,7441785
1630680074722,7440481
1630680074762,7440168
1630680074802,7439647
1630680074842,7440012
1630680074882,7438447
1630680074922,7438813
1630680074962,7438656
1630680075002,7437561
1630680075042,7437300
1630680075082,7436935
1630680075122,7435996
1630680075162,7435892
1630680075202,7436153
1630680075242,7436414
1630680075282,7436518
1630680075322,7435684
1630680075362,7434849
1630680075402,7435631
1630680075442,7436883
1630680075482,7437665
1630680075522,7439230
1630680075562,7440116
1630680075602,7440846
1630680075642,7441576
1630680075682,7443297
1630680075722,7443871
1630680075762,7444810
1630680075802,7446218
1630680075842,7447261
1630680075882,7448460
1630680075922,7449712
1630680075962,7450546
1630680076002,7451745
1630680076042,7452893
1630680076082,7454040
1630680076122,7454561
1630680076162,7455553
1630680076202,7457847
1630680076242,7457534
1630680076282,7458629
1630680076322,7458577
1630680076362,7458525
1630680076402,7458264
1630680076442,7457117
1630680076482,7457221
1630680076522,7456856
1630680076562,7455240
1630680076602,7454457
1630680076642,7454666
1630680076682,7452945
1630680076722,7452528
1630680076762,7451433
1630680076802,7450702
1630680076842,7449920
1630680076882,7449347
1630680076922,7448460
1630680076962,7447208
1630680077002,7446270
1630680077042,7446061
1630680077082,7445175
1630680077122,7444966
1630680077162,7444341
1630680077202,7444341
1630680077242,7443558
1630680077282,7442776
1630680077322,7442515
1630680077362,7441211
1630680077402,7440586
1630680077442,7440481
1630680077482,7439178
1630680077522,7438708
1630680077562,7438656
1630680077602,7438395
1630680077642,7437874
1630680077682,7437561
1630680077722,7436883
1630680077762,7436727
1630680077802,7437039
1630680077842,7436622
1630680077882,7436987
1630680077922,7436570
1630680077962,7435631
1630680078002,7436257
1630680078042,7436257
1630680078082,7437300
1630680078122,7437978
1630680078162,7438969
1630680078202,7440325
1630680078242,7441889
1630680078282,7442880
1630680078322,7444236
1630680078362,7445957
1630680078402,7446270
1630680078442,7447626
1630680078482,7449086
1630680078522,7449242
1630680078562,7449764
1630680078602,7451589
1630680078642,7452267
1630680078682,7453832
1630680078722,7454040
1630680078762,7455031
1630680078802,7456230
1630680078842,7457951
1630680078882,7458890
1630680078922,7459933
1630680078962,7459255
1630680079002,7459568
1630680079042,7458786
1630680079082,7457899
1630680079122,7457221
1630680079162,7456439
1630680079202,7454457
1630680079242,7453936
1630680079282,7452632
1630680079322,7451172
1630680079362,7449973
1630680079402,7449086
1630680079442,7448408
1630680079482,7448773
1630680079522,7446374
1630680079562,7445696
1630680079602,7445749
1630680079642,7445123
1630680079682,7444549
1630680079722,7443767
1630680079762,7441941
1630680079802,7441316
1630680079842,7440429
1630680079882,7440168
1630680079922,7439751
1630680079962,7439021
1630680080002,7438395
1630680080042,7439021
1630680080082,7438395
1630680080122,7437405
1630680080162,7437092
1630680080202,7437509
1630680080242,7437300
1630680080282,7436727
1630680080322,7436674
1630680080362,7436622
1630680080402,7436414
1630680080442,7436205
1630680080482,7436883
1630680080522,7437613
1630680080562,7438865
1630680080602,7439647
1630680080642,7441316
1630680080682,7442098
1630680080722,7443662
1630680080762,7444966
1630680080802,7445905
1630680080842,7447313
1630680080882,7448304
1630680080922,7449503
1630680080962,7450442
1630680081002,7451328
1630680081042,7451745
1630680081082,7452789
1630680081122,7454510
1630680081162,7455553
1630680081202,7456856
1630680081242,7458004
1630680081282,7458681
1630680081322,7459464
1630680081362,7459777
1630680081402,7459724
1630680081442,7459568
1630680081482,7458629
1630680081522,7457326
1630680081562,7456961
1630680081602,7455135
1630680081642,7454561
1630680081682,7453414
1630680081722,7452006
1630680081762,7452006
1630680081802,7451589
1630680081842,7449764
1630680081882,7449399
1630680081922,7448460
1630680081962,7448147
1630680082002,7447626
1630680082042,7446687
1630680082082,7446322
1630680082122,7444862
1630680082162,7443662
1630680082202,7443193
1630680082242,7442515
1630680082282,7441368
1630680082322,7441316
1630680082362,7440429
1630680082402,7440273
1630680082442,7438760
1630680082482,7439178
1630680082522,7438447
1630680082562,7438604
1630680082602,7439073
1630680082642,7437561
1630680082682,7437405
1630680082722,7437248
1630680082762,7436622
1630680082802,7436622
1630680082842,7435996
1630680082882,7435788
1630680082922,7436205
1630680082962,7435996
1630680083002,7436518
1630680083042,7437248
1630680083082,7439021
1630680083122,7440273
1630680083162,7441420
1630680083202,7442619
1630680083242,7444601
1630680083282,7444966
1630680083322,7445749
1630680083362,7447261
1630680083402,7448825
1630680083442,7449451
1630680083482,7449973
1630680083522,7451485
1630680083562,7452580
1630680083602,7454249
1630680083642,7455448
1630680083682,7456908
1630680083722,7457586
1630680083762,7458681
1630680083802,7458994
1630680083842,7459412
1630680083882,7460089
1630680083922,7459412
1630680083962,7458108
1630680084002,7457378
1630680084042,7456595
1630680084082,7456126
1630680084122,7455031
1630680084162,7453988
1630680084202,7453884
1630680084242,7452424
1630680084282,7452267
1630680084322,7451276
1630680084362,7450702
1630680084402,7449608
1630680084442,7449451
1630680084482,7449190
1630680084522,7447574
1630680084562,7446843
1630680084602,7446739
1630680084642,7445592
1630680084682,7444341
1630680084722,7444653
1630680084762,7443402
1630680084802,7442828
1630680084842,7442463
1630680084882,7442254
1630680084922,7441994
1630680084962,7440898
1630680085002,7441003
1630680085042,7440273
1630680085082,7439490
1630680085122,7439178
1630680085162,7437822
1630680085202,7438030
1630680085242,7437978
1630680085282,7437405
1630680085322,7437352
1630680085362,7436987
1630680085402,7436883
1630680085442,7436883
1630680085482,7436622
1630680085522,7436831
1630680085562,7437665
1630680085602,7439490
1630680085642,7440533
1630680085682,7441316
1630680085722,7441576
1630680085762,7443089
1630680085802,7444601
1630680085842,7445592
1630680085882,7446478
1630680085922,7447365
1630680085962,7448721
1630680086002,7449764
1630680086042,7451068
1630680086082,7452424
1630680086122,7453571
1630680086162,7455500
1630680086202,7456074
1630680086242,7457430
1630680086282,7457586
1630680086322,7458734
1630680086362,7459412
1630680086402,7458421
1630680086442,7458473
1630680086482,7457378
1630680086522,7457065
1630680086562,7457169
1630680086602,7456022
1630680086642,7455031
1630680086682,7453884
1630680086722,7453518
1630680086762,7453102
1630680086802,7452736
1630680086842,7452006
1630680086882,7451120
1630680086922,7449973
1630680086962,7449034
1630680087002,7448773
1630680087042,7448200
1630680087082,7446583
1630680087122,7446061
1630680087162,7444653
1630680087202,7443297
1630680087242,7441524
1630680087282,7441420
1630680087322,7441107
1630680087362,7440012
1630680087402,7439803
1630680087442,7438708
1630680087482,7438604
1630680087522,7438708
1630680087562,7441107
1630680087602,7443819
1630680087642,7446896
1630680087682,7450911
1630680087722,7455396
1630680087762,7459829
1630680087802,7462905
1630680087842,7466399
1630680087882,7469424
1630680087922,7471666
1630680087962,7474066
1630680088002,7475578
1630680088042,7476464
1630680088082,7480011
1630680088122,7481731
1630680088162,7482827
1630680088202,7482514
1630680088242,7483400
1630680088282,7484235
1630680088322,7484391
1630680088362,7484547
1630680088402,7485278
1630680088442,7484339
1630680088482,7483661
1630680088522,7484130
1630680088562,7483452
1630680088602,7483035
1630680088642,7482827
1630680088682,7481575
1630680088722,7481210
1630680088762,7480793
1630680088802,7480532
1630680088842,7481627
1630680088882,7482827
1630680088922,7482096
1630680088962,7481366
1630680089002,7479541
1630680089042,7478394
1630680089082,7475109
1630680089122,7473127
1630680089162,7470467
1630680089202,7467703
1630680089242,7464418
1630680089282,7462280
1630680089322,7462175
1630680089362,7462071
1630680089402,7461810
1630680089442,7464470
1630680089482,7469007
1630680089522,7482879
1630680089562,7486477
1630680089602,7484600
1630680089642,7476882
1630680089682,7470102
1630680089722,7466973
1630680089762,7469059
1630680089802,7472188
1630680089842,7476725
1630680089882,7479385
1630680089922,7480480
1630680089962,7479541
1630680090002,7477403
1630680090042,7476256
1630680090082,7478498
1630680090122,7478759
1630680090162,7476882
1630680090202,7474431
1630680090242,7474117
1630680090282,7473805
1630680090322,7473440
1630680090362,7473648
1630680090402,7474952
1630680090442,7476360
1630680090482,7477403
1630680090522,7477820
1630680090562,7475265
1630680090602,7469581
1630680090642,7463531
1630680090682,7459464
1630680090722,7456335
1630680090762,7453049
1630680090802,7452424
1630680090842,7453049
1630680090882,7454457
1630680090922,7457378
1630680090962,7458681
1630680091002,7460350
1630680091042,7461602
1630680091082,7463427
1630680091122,7464731
1630680091162,7466139
1630680091202,7465878
1630680091242,7465982
1630680091282,7465669
1630680091322,7464835
1630680091362,7464001
1630680091402,7463166
1630680091442,7462853
1630680091482,7462697
1630680091522,7462019
1630680091562,7461758
1630680091602,7461915
1630680091642,7460924
1630680091682,7460507
1630680091722,7461028
1630680091762,7461132
1630680091802,7461445
1630680091842,7461080
1630680091882,7460194
1630680091922,7460037
1630680091962,7461445
1630680092002,7464574
1630680092042,7466504
1630680092082,7468225
1630680092122,7468903
1630680092162,7467964
1630680092202,7465356
1630680092242,7464261
1630680092282,7464001
1630680092322,7463531
1630680092362,7463062
1630680092402,7461132
1630680092442,7461550
1630680092482,7463010
1630680092522,7461393
1630680092562,7460663
1630680092602,7460142
1630680092642,7459620
1630680092682,7459829
1630680092722,7460298
1630680092762,7461028
1630680092802,7460767
1630680092842,7460611
1630680092882,7459359
1630680092922,7458681
1630680092962,7458108
1630680093002,7458004
1630680093042,7456439
1630680093082,7454875
1630680093122,7453988
1630680093162,7453884
1630680093202,7453936
1630680093242,7453362
1630680093282,7454770
1630680093322,7456335
1630680093362,7458160
1630680093402,7459412
1630680093442,7460924
1630680093482,7460976
1630680093522,7461915
1630680093562,7461810
1630680093602,7463166
1630680093642,7462801
1630680093682,7463948
1630680093722,7464157
1630680093762,7464991
1630680093802,7467234
1630680093842,7468068
1630680093882,7469268
1630680093922,7470989
1630680093962,7471875
1630680094002,7472449
1630680094042,7474431
1630680094082,7475786
1630680094122,7475160
1630680094162,7473909
1630680094202,7471301
1630680094242,7469998
1630680094282,7468433
1630680094322,7465461
1630680094362,7464366
1630680094402,7464261
1630680094442,7463375
1630680094482,7462123
1630680094522,7461289
1630680094562,7460715
1630680094602,7460089
1630680094642,7458994
1630680094682,7457482
1630680094722,7456595
1630680094762,7457065
1630680094802,7455605
1630680094842,7455240
1630680094882,7454666
1630680094922,7453936
1630680094962,7453727
1630680095002,7452736
1630680095042,7452684
1630680095082,7451902
1630680095122,7451902
1630680095162,7451328
1630680095202,7451120
1630680095242,7450129
1630680095282,7449764
1630680095322,7449294
1630680095362,7448565
1630680095402,7448251
1630680095442,7448356
1630680095482,7446426
1630680095522,7447104
1630680095562,7446687
1630680095602,7446948
1630680095642,7446218
1630680095682,7446739
1630680095722,7447313
1630680095762,7449451
1630680095802,7453675
1630680095842,7455969
1630680095882,7461080
1630680095922,7465878
1630680095962,7468955
1630680096002,7471615
1630680096042,7473596
1630680096082,7474274
1630680096122,7473231
1630680096162,7469164
1630680096202,7466087
1630680096242,7464053
1630680096282,7464261
1630680096322,7465982
1630680096362,7466087
1630680096402,7466452
1630680096442,7468642
1630680096482,7471197
1630680096522,7473127
1630680096562,7474796
1630680096602,7475786
1630680096642,7478029
1630680096682,7479593
1630680096722,7480428
1630680096762,7479437
1630680096802,7477351
1630680096842,7478133
1630680096882,7481001
1630680096922,7485173
1630680096962,7489710
1630680097002,7495551
1630680097042,7502330
1630680097082,7508745
1630680097122,7515629
1630680097162,7522356
1630680097202,7528509
1630680097242,7533203
1630680097282,7536540
1630680097322,7544467
1630680097362,7551768
1630680097402,7556044
1630680097442,7550673
1630680097482,7540608
1630680097522,7532473
1630680097562,7524598
1630680097602,7518236
1630680097642,7512656
1630680097682,7506033
1630680097722,7500453
1630680097762,7496020
1630680097802,7492943
1630680097842,7490127
1630680097882,7487103
1630680097922,7482618
1630680097962,7481158
1630680098002,7482722
1630680098042,7482722
1630680098082,7483452
1630680098122,7484026
1630680098162,7484287
1630680098202,7485017
1630680098242,7484443
1630680098282,7481888
1630680098322,7478968
1630680098362,7476986
1630680098402,7474535
1630680098442,7472658
1630680098482,7470572
1630680098522,7468746
1630680098562,7466191
1630680098602,7460924
1630680098642,7456439
1630680098682,7453675
1630680098722,7450963
1630680098762,7449659
1630680098802,7447939
1630680098842,7446218
1630680098882,7444810
1630680098922,7445123
1630680098962,7444288
1630680099002,7443871
1630680099042,7443037
1630680099082,7443245
1630680099122,7442463
1630680099162,7443871
1630680099202,7445957
1630680099242,7448669
1630680099282,7449503
1630680099322,7450651
1630680099362,7451693
1630680099402,7450807
1630680099442,7451589
1630680099482,7449503
1630680099522,7447678
1630680099562,7445853
1630680099602,7443871
1630680099642,7443037
1630680099682,7442306
1630680099722,7441524
1630680099762,7441472
1630680099802,7441368
1630680099842,7442046
1630680099882,7441941
1630680099922,7442619
1630680099962,7443819
1630680100002,7445123
1630680100042,7446792
1630680100082,7448408
1630680100122,7448773
1630680100162,7450651
1630680100202,7451381
1630680100242,7452319
1630680100282,7454040
1630680100322,7455240
1630680100362,7457065
1630680100402,7457847
1630680100442,7459359
1630680100482,7460872
1630680100522,7461967
1630680100562,7462749
1630680100602,7465356
1630680100642,7468173
1630680100682,7469946
1630680100722,7470936
1630680100762,7472501
1630680100802,7472553
1630680100842,7472292
1630680100882,7471301
1630680100922,7469946
1630680100962,7467964
1630680101002,7465774
1630680101042,7463896
1630680101082,7462853
1630680101122,7461028
1630680101162,7459777
1630680101202,7458004
1630680101242,7457013
1630680101282,7456856
1630680101322,7455865
1630680101362,7455031
1630680101402,7454040
1630680101442,7453884
1630680101482,7453258
1630680101522,7452424
1630680101562,7451485
1630680101602,7450337
1630680101642,7449868
1630680101682,7449190
1630680101722,7449764
1630680101762,7448512
1630680101802,7448721
1630680101842,7448460
1630680101882,7448773
1630680101922,7447261
1630680101962,7446687
1630680102002,7446113
1630680102042,7446270
1630680102082,7445540
1630680102122,7444862
1630680102162,7444027
1630680102202,7444601
1630680102242,7444392
1630680102282,7443819
1630680102322,7443558
1630680102362,7443819
1630680102402,7443506
1630680102442,7443245
1630680102482,7443715
1630680102522,7443662
1630680102562,7442776
1630680102602,7442672
1630680102642,7442202
1630680102682,7442254
1630680102722,7441837
1630680102762,7441994
1630680102802,7441681
1630680102842,7442202
1630680102882,7441785
1630680102922,7442515
1630680102962,7442672
1630680103002,7441994
1630680103042,7440690
1630680103082,7441211
1630680103122,7441264
1630680103162,7440481
1630680103202,7440846
1630680103242,7441107
1630680103282,7440168
1630680103322,7440221
1630680103362,7440742
1630680103402,7441003
1630680103442,7440325
1630680103482,7440377
1630680103522,7439178
1630680103562,7439073
1630680103602,7438708
1630680103642,7437665
1630680103682,7437978
1630680103722,7437770
1630680103762,7437039
1630680103802,7436779
1630680103842,7435579
1630680103882,7435996
1630680103922,7436674
1630680103962,7436727
1630680104002,7438187
1630680104042,7439908
1630680104082,7440638
1630680104122,7441576
1630680104162,7443245
1630680104202,7444497
1630680104242,7446113
1630680104282,7445957
1630680104322,7447417
1630680104362,7448617
1630680104402,7449920
1630680104442,7451120
1630680104482,7452580
1630680104522,7453623
1630680104562,7454770
1630680104602,7455135
1630680104642,7456074
1630680104682,7456595
1630680104722,7456178
1630680104762,7456126
1630680104802,7455448
1630680104842,7453467
1630680104882,7450651
1630680104922,7447157
1630680104962,7444601
1630680105002,7440898
1630680105042,7438447
1630680105082,7435006
1630680105122,7432972
1630680105162,7431303
1630680105202,7429217
1630680105242,7427496
1630680105282,7426193
1630680105322,7425567
1630680105362,7425358
1630680105402,7423950
1630680105442,7423637
1630680105482,7422907
1630680105522,7422907
1630680105562,7423428
1630680105602,7423011
1630680105642,7422750
1630680105682,7422438
1630680105722,7421812
1630680105762,7420977
1630680105802,7420404
1630680105842,7419204
1630680105882,7419830
1630680105922,7418683
1630680105962,7418526
1630680106002,7418579
1630680106042,7416962
1630680106082,7416910
1630680106122,7416388
1630680106162,7416180
1630680106202,7416023
1630680106242,7415658
1630680106282,7414511
1630680106322,7414355
1630680106362,7413468
1630680106402,7413259
1630680106442,7412738
1630680106482,7412947
1630680106522,7412581
1630680106562,7411904
1630680106602,7411695
1630680106642,7412425
1630680106682,7413259
1630680106722,7414198
1630680106762,7414407
1630680106802,7414042
1630680106842,7415293
1630680106882,7414355
1630680106922,7415502
1630680106962,7415919
1630680107002,7417014
1630680107042,7417848
1630680107082,7418370
1630680107122,7421655
1630680107162,7425150
1630680107202,7428331
1630680107242,7430103
1630680107282,7432503
1630680107322,7434328
1630680107362,7436049
1630680107402,7437874
1630680107442,7439647
1630680107482,7439699
1630680107522,7441264
1630680107562,7442672
1630680107602,7443506
1630680107642,7444810
1630680107682,7445957
1630680107722,7449503
1630680107762,7451224
1630680107802,7454405
1630680107842,7457534
1630680107882,7460246
1630680107922,7462123
1630680107962,7462436
1630680108002,7463375
1630680108042,7463844
1630680108082,7464157
1630680108122,7464470
1630680108162,7464314
1630680108202,7463271
1630680108242,7461863
1630680108282,7460924
1630680108322,7460037
1630680108362,7458942
1630680108402,7457847
1630680108442,7457534
1630680108482,7456283
1630680108522,7455031
1630680108562,7454144
1630680108602,7452424
1630680108642,7451172
1630680108682,7449920
1630680108722,7448617
1630680108762,7447626
1630680108802,7446531
1630680108842,7446270
1630680108882,7445018
1630680108922,7444341
1630680108962,7444184
1630680109002,7442619
1630680109042,7442880
1630680109082,7442515
1630680109122,7441524
1630680109162,7440951
1630680109202,7440377
1630680109242,7440429
1630680109282,7439856
1630680109322,7440377
1630680109362,7440221
1630680109402,7439647
1630680109442,7439699
1630680109482,7439803
1630680109522,7439178
1630680109562,7438447
1630680109602,7439125
1630680109642,7438030
1630680109682,7437613
1630680109722,7437092
1630680109762,7437509
1630680109802,7437874
1630680109842,7437509
1630680109882,7437770
1630680109922,7437822
1630680109962,7438500
1630680110002,7438708
1630680110042,7439073
1630680110082,7439282
1630680110122,7440116
1630680110162,7440898
1630680110202,7440481
1630680110242,7440898
1630680110282,7441472
1630680110322,7442724
1630680110362,7444757
1630680110402,7445592
1630680110442,7448200
1630680110482,7449451
1630680110522,7451902
1630680110562,7453102
1630680110602,7454614
1630680110642,7457065
1630680110682,7457951
1630680110722,7458838
1630680110762,7459933
1630680110802,7460454
1630680110842,7462123
1630680110882,7463218
1630680110922,7463844
1630680110962,7464887
1630680111002,7466295
1630680111042,7467286
1630680111082,7467286
1630680111122,7467182
1630680111162,7467234
1630680111202,7466034
1630680111242,7465461
1630680111282,7464053
1630680111322,7462853
1630680111362,7462280
1630680111402,7460350
1630680111442,7459516
1630680111482,7458004
1630680111522,7457169
1630680111562,7457013
1630680111602,7455813
1630680111642,7455605
1630680111682,7454718
1630680111722,7453153
1630680111762,7452424
1630680111802,7452267
1630680111842,7451068
1630680111882,7450285
1630680111922,7449764
1630680111962,7449138
1630680112002,7448095
1630680112042,7447886
1630680112082,7447417
1630680112122,7446948
1630680112162,7447052
1630680112202,7445853
1630680112242,7445540
1630680112282,7445592
1630680112322,7445279
1630680112362,7445488
1630680112402,7444966
1630680112442,7444392
1630680112482,7444027
1630680112522,7443037
1630680112562,7443037
1630680112602,7442724
1630680112642,7443037
1630680112682,7442828
1630680112722,7442463
1630680112762,7442672
1630680112802,7442724
1630680112842,7442046
1630680112882,7442306
1630680112922,7442306
1630680112962,7442359
1630680113002,7441368
1630680113042,7441107
1630680113082,7441368
1630680113122,7441420
1630680113162,7440168
1630680113202,7440325
1630680113242,7440429
1630680113282,7440638
1630680113322,7440846
1630680113362,7440898
1630680113402,7440898
1630680113442,7440429
1630680113482,7441576
1630680113522,7441629
1630680113562,7440846
1630680113602,7441994
1630680113642,7442567
1630680113682,7443141
1630680113722,7444757
1630680113762,7445957
1630680113802,7447417
1630680113842,7448929
1630680113882,7450494
1630680113922,7452371
1630680113962,7453832
1630680114002,7455240
1630680114042,7456856
1630680114082,7458004
1630680114122,7459568
1630680114162,7460350
1630680114202,7461967
1630680114242,7463740
1630680114282,7464366
1630680114322,7465617
1630680114362,7467025
1630680114402,7466921
1630680114442,7467547
1630680114482,7467338
1630680114522,7465565
1630680114562,7464001
1630680114602,7461915
1630680114642,7461758
1630680114682,7460298
1630680114722,7459724
1630680114762,7457847
1630680114802,7457691
1630680114842,7456648
1630680114882,7455553
1630680114922,7454249
1630680114962,7453310
1630680115002,7453258
1630680115042,7453102
1630680115082,7452632
1630680115122,7452371
1630680115162,7451537
1630680115202,7450859
1630680115242,7450390
1630680115282,7449399
1630680115322,7448877
1630680115362,7448095
1630680115402,7448721
1630680115442,7447365
1630680115482,7447730
1630680115522,7446166
1630680115562,7445957
1630680115602,7445644
1630680115642,7445749
1630680115682,7445435
1630680115722,7445123
1630680115762,7444497
1630680115802,7444288
1630680115842,7444549
1630680115882,7443871
1630680115922,7443610
1630680115962,7442672
1630680116002,7442046
1630680116042,7442098
1630680116082,7441733
1630680116122,7441994
1630680116162,7441733
1630680116202,7441681
1630680116242,7441733
1630680116282,7440846
1630680116322,7441629
1630680116362,7441264
1630680116402,7441576
1630680116442,7440742
1630680116482,7440533
1630680116522,7441368
1630680116562,7441211
1630680116602,7441524
1630680116642,7442880
1630680116682,7443506
1630680116722,7444862
1630680116762,7446061
1630680116802,7447730
1630680116842,7449242
1630680116882,7450702
1630680116922,7451902
1630680116962,7453727
1630680117002,7454092
1630680117042,7456074
1630680117082,7456491
1630680117122,7458160
1630680117162,7459099
1630680117202,7460507
1630680117242,7461185
1630680117282,7462645
1630680117322,7464887
1630680117362,7465930
1630680117402,7468173
1630680117442,7469476
1630680117482,7469893
1630680117522,7470832
1630680117562,7469424
1630680117602,7469320
1630680117642,7466765
1630680117682,7466399
1630680117722,7464418
1630680117762,7462488
1630680117802,7460663
1630680117842,7459881
1630680117882,7458316
1630680117922,7456335
1630680117962,7455396
1630680118002,7453571
1630680118042,7452684
1630680118082,7452215
1630680118122,7451276
1630680118162,7450390
1630680118202,7449034
1630680118242,7447782
1630680118282,7447261
1630680118322,7446113
1630680118362,7445331
1630680118402,7445279
1630680118442,7444184
1630680118482,7444027
1630680118522,7443767
1630680118562,7442619
1630680118602,7442359
1630680118642,7442046
1630680118682,7442776
1630680118722,7442254
1630680118762,7441837
1630680118802,7440898
1630680118842,7441420
1630680118882,7440377
1630680118922,7440064
1630680118962,7440586
1630680119002,7440168
1630680119042,7440325
1630680119082,7440586
1630680119122,7440794
1630680119162,7440325
1630680119202,7441211
1630680119242,7441733
1630680119282,7442046
1630680119322,7441733
1630680119362,7443245
1630680119402,7444184
1630680119442,7445540
1630680119482,7446113
1630680119522,7448669
1630680119562,7449503
1630680119602,7450285
1630680119642,7451537
1630680119682,7453779
1630680119722,7454457
1630680119762,7455396
1630680119802,7457065
1630680119842,7458681
1630680119882,7459359
1630680119922,7461550
1630680119962,7462280
1630680120002,7463688
1630680120042,7464887
1630680120082,7465774
1630680120122,7466452
1630680120162,7466973
1630680120202,7466921
1630680120242,7466608
1630680120282,7466087
1630680120322,7464679
1630680120362,7463010
1630680120402,7462749
1630680120442,7461602
1630680120482,7460559
1630680120522,7458786
1630680120562,7458056
1630680120602,7456700
1630680120642,7455292
1630680120682,7454405
1630680120722,7453779
1630680120762,7452789
1630680120802,7452319
1630680120842,7450651
1630680120882,7449659
1630680120922,7448095
1630680120962,7448147
1630680121002,7447782
1630680121042,7446739
1630680121082,7445435
1630680121122,7445644
1630680121162,7444810
1630680121202,7444966
1630680121242,7444132
1630680121282,7443349
1630680121322,7443715
1630680121362,7442515
1630680121402,7442984
1630680121442,7442150
1630680121482,7442254
1630680121522,7442150
1630680121562,7442098
1630680121602,7441629
1630680121642,7440690
1630680121682,7440012
1630680121722,7440116
1630680121762,7439699
1630680121802,7439490
1630680121842,7439490
1630680121882,7439282
1630680121922,7439386
1630680121962,7438917
1630680122002,7438552
1630680122042,7439282
1630680122082,7439282
1630680122122,7438865
1630680122162,7438604
1630680122202,7438343
1630680122242,7438343
1630680122282,7438447
1630680122322,7439751
1630680122362,7441107
1630680122402,7442515
1630680122442,7443975
1630680122482,7445540
1630680122522,7446792
1630680122562,7448356
1630680122602,7449034
1630680122642,7449920
1630680122682,7452163
1630680122722,7452841
1630680122762,7453623
1630680122802,7454718
1630680122842,7454249
1630680122882,7455083
1630680122922,7456335
1630680122962,7457221
1630680123002,7457117
1630680123042,7458942
1630680123082,7460194
1630680123122,7459985
1630680123162,7460246
1630680123202,7459672
1630680123242,7459829
1630680123282,7457743
1630680123322,7455918
1630680123362,7455187
1630680123402,7453153
1630680123442,7451381
1630680123482,7450598
1630680123522,7449451
1630680123562,7448251
1630680123602,7447313
1630680123642,7447157
1630680123682,7446322
1630680123722,7445279
1630680123762,7444601
1630680123802,7443923
1630680123842,7442672
1630680123882,7441889
1630680123922,7441107
1630680123962,7440012
1630680124002,7439595
1630680124042,7439178
1630680124082,7438552
1630680124122,7438604
1630680124162,7437405
1630680124202,7437770
1630680124242,7437926
1630680124282,7437665
1630680124322,7437196
1630680124362,7436935
1630680124402,7436257
1630680124442,7436727
1630680124482,7435944
1630680124522,7436518
1630680124562,7436049
1630680124602,7434954
1630680124642,7434849
1630680124682,7434536
1630680124722,7434536
1630680124762,7435319
1630680124802,7434901
1630680124842,7435996
1630680124882,7437196
1630680124922,7438813
1630680124962,7440586
1630680125002,7441889
1630680125042,7443662
1630680125082,7444601
1630680125122,7446218
1630680125162,7447469
1630680125202,7447678
1630680125242,7448877
1630680125282,7449868
1630680125322,7451641
1630680125362,7452528
1630680125402,7453518
1630680125442,7454822
1630680125482,7455187
1630680125522,7457221
1630680125562,7457638
1630680125602,7459412
1630680125642,7460507
1630680125682,7460924
1630680125722,7460715
1630680125762,7460194
1630680125802,7458890
1630680125842,7457795
1630680125882,7456335
1630680125922,7456074
1630680125962,7454614
1630680126002,7453884
1630680126042,7452789
1630680126082,7451328
1630680126122,7450807
1630680126162,7449451
1630680126202,7448617
1630680126242,7448147
1630680126282,7446166
1630680126322,7445435
1630680126362,7445227
1630680126402,7445383
1630680126442,7443923
1630680126482,7443558
1630680126522,7443871
1630680126562,7442046
1630680126602,7443193
1630680126642,7444184
1630680126682,7443610
1630680126722,7443089
1630680126762,7441889
1630680126802,7441003
1630680126842,7440064
1630680126882,7438552
1630680126922,7438552
1630680126962,7437248
1630680127002,7436518
1630680127042,7435214
1630680127082,7433493
1630680127122,7433180
1630680127162,7432555
1630680127202,7433233
1630680127242,7434067
1630680127282,7435058
1630680127322,7436101
1630680127362,7437561
1630680127402,7439699
1630680127442,7440064
1630680127482,7440794
1630680127522,7442306
1630680127562,7443871
1630680127602,7445331
1630680127642,7446635
1630680127682,7447939
1630680127722,7448825
1630680127762,7449347
1630680127802,7450911
1630680127842,7451537
1630680127882,7451589
1630680127922,7451016
1630680127962,7449138
1630680128002,7448147
1630680128042,7446061
1630680128082,7444445
1630680128122,7442984
1630680128162,7442098
1630680128202,7442567
1630680128242,7441837
1630680128282,7440221
1630680128322,7439803
1630680128362,7439178
1630680128402,7437405
1630680128442,7435944
1630680128482,7434380
1630680128522,7433024
1630680128562,7431877
1630680128602,7431929
1630680128642,7430677
1630680128682,7429374
1630680128722,7428226
1630680128762,7427444
1630680128802,7426923
1630680128842,7424576
1630680128882,7424419
1630680128922,7422750
1630680128962,7422177
1630680129002,7421760
1630680129042,7420091
1630680129082,7420925
1630680129122,7419934
1630680129162,7419726
1630680129202,7419622
1630680129242,7420456
1630680129282,7419726
1630680129322,7420717
1630680129362,7421186
1630680129402,7421395
1630680129442,7422959
1630680129482,7423846
1630680129522,7424628
1630680129562,7425462
1630680129602,7426140
1630680129642,7427809
1630680129682,7429634
1630680129722,7430625
1630680129762,7431511
1630680129802,7432763
1630680129842,7433128
1630680129882,7434328
1630680129922,7435475
1630680129962,7436414
1630680130002,7437926
1630680130042,7439178
1630680130082,7440012
1630680130122,7441055
1630680130162,7442776
1630680130202,7442932
1630680130242,7443245
1630680130282,7443349
1630680130322,7443193
1630680130362,7442567
1630680130402,7440951
1630680130442,7440481
1630680130482,7438969
1630680130522,7438447
1630680130562,7437196
1630680130602,7435527
1630680130642,7434536
1630680130682,7433702
1630680130722,7432711
1630680130762,7431772
1630680130802,7431094
1630680130842,7430573
1630680130882,7429686
1630680130922,7429113
1630680130962,7428226
1630680131002,7427913
1630680131042,7427340
1630680131082,7427235
1630680131122,7426453
1630680131162,7426505
1630680131202,7425150
1630680131242,7424367
1630680131282,7424419
1630680131322,7423846
1630680131362,7423585
1630680131402,7423793
1630680131442,7422959
1630680131482,7422594
1630680131522,7422125
1630680131562,7421082
1630680131602,7421186
1630680131642,7421082
1630680131682,7421655
1630680131722,7421603
1630680131762,7422438
1630680131802,7423846
1630680131842,7425201
1630680131882,7426244
1630680131922,7426870
1630680131962,7427496
1630680132002,7429739
1630680132042,7430938
1630680132082,7431981
1630680132122,7433285
1630680132162,7433963
1630680132202,7435266
1630680132242,7435788
1630680132282,7437092
1630680132322,7438500
1630680132362,7439803
1630680132402,7441003
1630680132442,7442359
1630680132482,7443297
1630680132522,7444184
1630680132562,7445018
1630680132602,7445383
1630680132642,7445175
1630680132682,7444914
1630680132722,7443506
1630680132762,7442619
1630680132802,7441472
1630680132842,7440377
1630680132882,7439073
1630680132922,7437352
1630680132962,7436049
1630680133002,7434641
1630680133042,7433650
1630680133082,7432450
1630680133122,7432033
1630680133162,7431251
1630680133202,7432033
1630680133242,7432607
1630680133282,7433233
1630680133322,7433806
1630680133362,7433754
1630680133402,7433285
1630680133442,7432085
1630680133482,7431511
1630680133522,7429739
1630680133562,7429895
1630680133602,7428487
1630680133642,7427652
1630680133682,7427079
1630680133722,7427131
1630680133762,7426975
1630680133802,7427496
1630680133842,7428278
1630680133882,7428435
1630680133922,7430469
1630680133962,7432450
1630680134002,7433702
1630680134042,7435214
1630680134082,7436831
1630680134122,7437874
1630680134162,7438813
1630680134202,7440012
1630680134242,7441316
1630680134282,7441837
1630680134322,7444080
1630680134362,7445383
1630680134402,7447782
1630680134442,7449503
1630680134482,7452528
1630680134522,7455813
1630680134562,7456752
1630680134602,7457326
1630680134642,7457117
1630680134682,7454197
1630680134722,7450285
1630680134762,7448460
1630680134802,7447678
1630680134842,7445800
1630680134882,7445070
1630680134922,7446061
1630680134962,7446426
1630680135002,7446687
1630680135042,7447104
1630680135082,7444288
1630680135122,7441837
1630680135162,7439334
1630680135202,7437770
1630680135242,7437509
1630680135282,7437092
1630680135322,7436622
1630680135362,7436414
1630680135402,7436101
1630680135442,7436414
1630680135482,7436883
1630680135522,7438500
1630680135562,7439908
1630680135602,7441055
1630680135642,7441264
1630680135682,7441420
1630680135722,7441055
1630680135762,7440116
1630680135802,7439490
1630680135842,7439438
1630680135882,7439908
1630680135922,7439021
1630680135962,7439490
1630680136002,7439595
1630680136042,7439334
1630680136082,7438656
1630680136122,7439125
1630680136162,7439125
1630680136202,7438656
1630680136242,7439021
1630680136282,7439125
1630680136322,7438969
1630680136362,7439490
1630680136402,7438865
1630680136442,7438917
1630680136482,7439073
1630680136522,7439178
1630680136562,7438604
1630680136602,7438708
1630680136642,7438447
1630680136682,7437613
1630680136722,7436779
1630680136762,7436414
1630680136802,7436309
1630680136842,7435475
1630680136882,7435840
1630680136922,7435423
1630680136962,7434849
1630680137002,7434901
1630680137042,7435631
1630680137082,7435996
1630680137122,7436153
1630680137162,7437770
1630680137202,7439647
1630680137242,7441681
1630680137282,7442932
1630680137322,7445331
1630680137362,7446792
1630680137402,7448825
1630680137442,7449608
1630680137482,7451068
1630680137522,7452476
1630680137562,7454144
1630680137602,7455605
1630680137642,7456961
1630680137682,7458421
1630680137722,7459724
1630680137762,7461185
1630680137802,7462593
1630680137842,7464314
1630680137882,7466712
1630680137922,7467964
1630680137962,7468746
1630680138002,7469893
1630680138042,7470467
1630680138082,7470207
1630680138122,7467756
1630680138162,7465565
1630680138202,7463636
1630680138242,7461289
1630680138282,7460142
1630680138322,7458316
1630680138362,7457169
1630680138402,7455396
1630680138442,7453310
1630680138482,7452215
1630680138522,7450025
1630680138562,7449764
1630680138602,7448617
1630680138642,7447104
1630680138682,7445749
1630680138722,7445227
1630680138762,7444862
1630680138802,7444445
1630680138842,7444288
1630680138882,7443037
1630680138922,7442776
1630680138962,7442463
1630680139002,7442150
1630680139042,7441368
1630680139082,7441107
1630680139122,7441055
1630680139162,7440429
1630680139202,7440168
1630680139242,7439856
1630680139282,7439334
1630680139322,7438395
1630680139362,7438552
1630680139402,7438760
1630680139442,7439021
1630680139482,7437770
1630680139522,7437770
1630680139562,7437613
1630680139602,7437457
1630680139642,7438030
1630680139682,7437561
1630680139722,7437770
1630680139762,7437770
1630680139802,7438082
1630680139842,7438708
1630680139882,7440794
1630680139922,7442515
1630680139962,7444236
1630680140002,7445696
1630680140042,7447417
1630680140082,7449399
1630680140122,7450181
1630680140162,7451589
1630680140202,7453623
1630680140242,7454770
1630680140282,7456439
1630680140322,7457378
1630680140362,7460089
1630680140402,7460559
1630680140442,7462071
1630680140482,7464001
1630680140522,7464991
1630680140562,7466504
1630680140602,7468538
1630680140642,7469216
1630680140682,7467807
1630680140722,7465878
1630680140762,7462540
1630680140802,7458108
1630680140842,7453414
1630680140882,7450963
1630680140922,7447991
1630680140962,7446478
1630680141002,7445331
1630680141042,7444288
1630680141082,7442984
1630680141122,7442202
1630680141162,7439803
1630680141202,7437665
1630680141242,7436153
1630680141282,7434067
1630680141322,7432868
1630680141362,7430938
1630680141402,7429113
1630680141442,7427340
1630680141482,7425462
1630680141522,7424263
1630680141562,7422855
1630680141602,7422333
1630680141642,7422073
1630680141682,7421655
1630680141722,7420352
1630680141762,7420665
1630680141802,7419204
1630680141842,7420091
1630680141882,7419934
1630680141922,7420352
1630680141962,7421238
1630680142002,7421968
1630680142042,7422281
1630680142082,7423793
1630680142122,7424941
1630680142162,7426244
1630680142202,7428018
1630680142242,7429269
1630680142282,7430469
1630680142322,7432450
1630680142362,7434693
1630680142402,7435006
1630680142442,7435840
1630680142482,7437300
1630680142522,7437405
1630680142562,7438604
1630680142602,7439699
1630680142642,7440429
1630680142682,7441576
1630680142722,7441837
1630680142762,7443558
1630680142802,7443871
1630680142842,7444549
1630680142882,7445175
1630680142922,7444601
1630680142962,7444236
1630680143002,7443297
1630680143042,7442567
1630680143082,7441524
1630680143122,7440951
1630680143162,7440012
1630680143202,7439490
1630680143242,7438813
1630680143282,7437822
1630680143322,7437509
1630680143362,7436935
1630680143402,7436309
1630680143442,7435266
1630680143482,7435162
1630680143522,7435058
1630680143562,7434693
1630680143602,7434276
1630680143642,7433702
1630680143682,7433963
1630680143722,7433337
1630680143762,7433754
1630680143802,7433180
1630680143842,7433128
1630680143882,7431877
1630680143922,7431877
1630680143962,7431355
1630680144002,7430834
1630680144042,7431042
1630680144082,7430521
1630680144122,7430052
1630680144162,7429686
1630680144202,7429060
1630680144242,7429009
1630680144282,7428956
1630680144322,7428904
1630680144362,7427913
1630680144402,7428278
1630680144442,7427652
1630680144482,7427392
1630680144522,7426297
1630680144562,7426401
1630680144602,7426140
1630680144642,7426036
1630680144682,7425045
1630680144722,7425045
1630680144762,7425201
1630680144802,7424576
1630680144842,7424211
1630680144882,7424211
1630680144922,7424263
1630680144962,7423846
1630680145002,7423637
1630680145042,7423272
1630680145082,7423063
1630680145122,7423116
1630680145162,7422490
1630680145202,7423116
1630680145242,7424002
1630680145282,7426036
1630680145322,7427079
1630680145362,7428331
1630680145402,7429165
1630680145442,7430103
1630680145482,7431460
1630680145522,7432033
1630680145562,7433285
1630680145602,7433598
1630680145642,7434641
1630680145682,7436414
1630680145722,7437561
1630680145762,7438656
1630680145802,7439490
1630680145842,7441107
1630680145882,7442202
1630680145922,7442724
1630680145962,7444288
1630680146002,7445592
1630680146042,7446583
1630680146082,7447208
1630680146122,7447678
1630680146162,7447678
1630680146202,7445488
1630680146242,7444236
1630680146282,7443506
1630680146322,7441889
1630680146362,7441264
1630680146402,7439647
1630680146442,7439178
1630680146482,7438343
1630680146522,7436570
1630680146562,7436101
1630680146602,7434954
1630680146642,7434223
1630680146682,7433389
1630680146722,7432711
1630680146762,7431407
1630680146802,7430573
1630680146842,7429895
1630680146882,7429321
1630680146922,7429217
1630680146962,7428644
1630680147002,7428122
1630680147042,7428591
1630680147082,7427601
1630680147122,7426766
1630680147162,7426349
1630680147202,7426714
1630680147242,7426088
1630680147282,7425671
1630680147322,7424315
1630680147362,7424367
1630680147402,7423950
1630680147442,7423846
1630680147482,7423428
1630680147522,7423011
1630680147562,7423324
1630680147602,7422855
1630680147642,7422125
1630680147682,7422699
1630680147722,7422959
1630680147762,7423011
1630680147802,7423428
1630680147842,7424836
1630680147882,7425358
1630680147922,7426244
1630680147962,7426036
1630680148002,7427131
1630680148042,7429060
1630680148082,7429426
1630680148122,7431668
1630680148162,7431929
1630680148202,7433963
1630680148242,7434849
1630680148282,7436727
1630680148322,7437561
1630680148362,7439490
1630680148402,7440586
1630680148442,7442098
1630680148482,7443141
1630680148522,7443662
1630680148562,7444392
1630680148602,7444392
1630680148642,7445070
1630680148682,7444080
1630680148722,7442515
1630680148762,7441994
1630680148802,7442046
1630680148842,7441055
1630680148882,7439334
1630680148922,7439178
1630680148962,7437405
1630680149002,7437039
1630680149042,7435579
1630680149082,7434954
1630680149122,7433858
1630680149162,7434015
1630680149202,7432763
1630680149242,7432242
1630680149282,7430938
1630680149322,7430625
1630680149362,7429895
1630680149402,7428904
1630680149442,7428695
1630680149482,7428278
1630680149522,7427913
1630680149562,7427235
1630680149602,7426766
1630680149642,7426088
1630680149682,7426036
1630680149722,7426244
1630680149762,7425567
1630680149802,7425201
1630680149842,7424889
1630680149882,7424628
1630680149922,7424732
1630680149962,7424524
1630680150002,7424315
1630680150042,7424836
1630680150082,7424054
1630680150122,7426244
1630680150162,7426558
1630680150202,7428122
1630680150242,7429843
1630680150282,7431147
1630680150322,7431616
1630680150362,7432972
1630680150402,7433702
1630680150442,7435319
1630680150482,7436622
1630680150522,7437144
1630680150562,7438343
1630680150602,7438969
1630680150642,7439856
1630680150682,7440638
1630680150722,7441524
1630680150762,7441576
1630680150802,7442932
1630680150842,7443141
1630680150882,7443819
1630680150922,7444132
1630680150962,7443610
1630680151002,7442828
1630680151042,7443037
1630680151082,7442306
1630680151122,7441681
1630680151162,7441733
1630680151202,7440742
1630680151242,7439386
1630680151282,7438969
1630680151322,7438291
1630680151362,7437978
1630680151402,7436831
1630680151442,7436049
1630680151482,7435840
1630680151522,7434849
1630680151562,7434380
1630680151602,7433493
1630680151642,7432711
1630680151682,7432137
1630680151722,7431460
1630680151762,7430729
1630680151802,7430312
1630680151842,7429582
1630680151882,7429113
1630680151922,7429269
1630680151962,7428748
1630680152002,7428122
1630680152042,7427966
1630680152082,7427652
1630680152122,7427079
1630680152162,7427809
1630680152202,7426870
1630680152242,7426349
1630680152282,7426349
1630680152322,7425932
1630680152362,7425984
1630680152402,7425515
1630680152442,7425201
1630680152482,7425201
1630680152522,7425723
1630680152562,7425723
1630680152602,7426349
1630680152642,7426818
1630680152682,7428956
1630680152722,7429478
1630680152762,7430364
1630680152802,7431094
1630680152842,7433076
1630680152882,7433545
1630680152922,7434067
1630680152962,7434693
1630680153002,7436414
1630680153042,7437092
1630680153082,7438969
1630680153122,7439490
1630680153162,7440273
1630680153202,7441368
1630680153242,7441837
1630680153282,7442984
1630680153322,7444184
1630680153362,7445070
1630680153402,7445644
1630680153442,7446843
1630680153482,7447104
1630680153522,7447365
1630680153562,7447782
1630680153602,7446478
1630680153642,7445696
1630680153682,7444653
1630680153722,7444080
1630680153762,7442672
1630680153802,7442150
1630680153842,7441055
1630680153882,7440742
1630680153922,7438969
1630680153962,7438291
1630680154002,7437613
1630680154042,7436570
1630680154082,7436049
1630680154122,7435006
1630680154162,7434171
1630680154202,7432763
1630680154242,7432346
1630680154282,7432294
1630680154322,7431147
1630680154362,7430364
1630680154402,7430052
1630680154442,7429582
1630680154482,7429426
1630680154522,7429165
1630680154562,7428800
1630680154602,7429060
1630680154642,7428591
1630680154682,7427496
1630680154722,7427705
1630680154762,7427340
1630680154802,7427652
1630680154842,7427392
1630680154882,7426505
1630680154922,7425567
1630680154962,7425775
1630680155002,7425932
1630680155042,7426609
1630680155082,7426609
1630680155122,7428852
1630680155162,7429374
1630680155202,7430364
1630680155242,7431199
1630680155282,7432346
1630680155322,7433806
1630680155362,7434797
1630680155402,7436205
1630680155442,7437874
1630680155482,7439073
1630680155522,7438656
1630680155562,7440064
1630680155602,7440481
1630680155642,7441576
1630680155682,7442202
1630680155722,7444341
1630680155762,7444966
1630680155802,7445175
1630680155842,7446009
1630680155882,7446843
1630680155922,7447834
1630680155962,7447678
1630680156002,7448200
1630680156042,7448095
1630680156082,7446948
1630680156122,7447939
1630680156162,7446792
1630680156202,7446948
1630680156242,7445123
1630680156282,7444966
1630680156322,7443610
1630680156362,7443506
1630680156402,7442984
1630680156442,7442046
1630680156482,7441629
1630680156522,7441629
1630680156562,7440325
1630680156602,7439960
1630680156642,7439386
1630680156682,7439438
1630680156722,7438917
1630680156762,7439073
1630680156802,7439230
1630680156842,7438760
1630680156882,7438395
1630680156922,7439647
1630680156962,7438395
1630680157002,7439386
1630680157042,7437874
1630680157082,7438447
1630680157122,7437405
1630680157162,7436883
1630680157202,7437092
1630680157242,7436257
1630680157282,7435736
1630680157322,7435892
1630680157362,7435840
1630680157402,7435579
1630680157442,7435527
1630680157482,7434954
1630680157522,7433806
1630680157562,7432763
1630680157602,7432450
1630680157642,7432555
1630680157682,7431720
1630680157722,7431460
1630680157762,7432137
1630680157802,7432503
1630680157842,7432815
1630680157882,7433024
1630680157922,7433076
1630680157962,7433024
1630680158002,7432972
1630680158042,7432711
1630680158082,7431772
1630680158122,7431460
1630680158162,7431825
1630680158202,7431199
1630680158242,7431460
1630680158282,7431511
1630680158322,7432033
1630680158362,7431199
1630680158402,7431616
1630680158442,7431616
1630680158482,7431877
1630680158522,7432920
1630680158562,7431668
1630680158602,7431668
1630680158642,7431825
1630680158682,7431042
1630680158722,7431407
1630680158762,7431407
1630680158802,7431094
1630680158842,7431147
1630680158882,7430573
1630680158922,7429947
1630680158962,7429686
1630680159002,7430521
1630680159042,7429686
1630680159082,7429374
1630680159122,7429060
1630680159162,7429113
1630680159202,7428644
1630680159242,7428018
1630680159282,7427913
1630680159322,7428070
1630680159362,7428331
1630680159402,7427392
1630680159442,7427652
1630680159482,7426297
1630680159522,7426558
1630680159562,7426714
1630680159602,7426088
1630680159642,7425671
1630680159682,7425410
1630680159722,7425201
1630680159762,7425097
1630680159802,7424680
1630680159842,7424263
1630680159882,7424263
1630680159922,7424836
1630680159962,7424628
1630680160002,7425358
1630680160042,7425306
1630680160082,7426558
1630680160122,7428018
1630680160162,7428852
1630680160202,7428591
1630680160242,7430886
1630680160282,7432033
1630680160322,7433076
1630680160362,7434484
1630680160402,7435162
1630680160442,7436883
1630680160482,7438030
1630680160522,7439334
1630680160562,7439647
1630680160602,7441264
1630680160642,7442672
1630680160682,7443037
1630680160722,7443819
1630680160762,7444653
1630680160802,7446061
1630680160842,7446478
1630680160882,7448356
1630680160922,7450025
1630680160962,7449816
1630680161002,7451068
1630680161042,7451641
1630680161082,7451381
1630680161122,7450494
1630680161162,7449503
1630680161202,7449764
1630680161242,7449659
1630680161282,7449712
1630680161322,7449399
1630680161362,7448877
1630680161402,7447365
1630680161442,7447261
1630680161482,7446166
1630680161522,7446322
1630680161562,7445279
1630680161602,7445018
1630680161642,7444132
1630680161682,7443402
1630680161722,7442984
1630680161762,7442567
1630680161802,7441316
1630680161842,7439908
1630680161882,7439595
1630680161922,7438708
1630680161962,7438343
1630680162002,7437196
1630680162042,7436570
1630680162082,7436309
1630680162122,7434536
1630680162162,7434641
1630680162202,7434171
1630680162242,7433337
1630680162282,7433493
1630680162322,7432815
1630680162362,7431929
1630680162402,7431460
1630680162442,7430938
1630680162482,7431147
1630680162522,7430573
1630680162562,7430312
1630680162602,7429686
1630680162642,7429634
1630680162682,7429060
1630680162722,7428383
1630680162762,7428904
1630680162802,7428539
1630680162842,7428383
1630680162882,7429217
1630680162922,7428695
1630680162962,7429113
1630680163002,7429843
1630680163042,7429582
1630680163082,7430312
1630680163122,7431355
1630680163162,7432711
1630680163202,7433389
1630680163242,7434797
1630680163282,7435840
1630680163322,7436831
1630680163362,7436831
1630680163402,7438082
1630680163442,7439125
1630680163482,7440325
1630680163522,7441681
1630680163562,7441524
1630680163602,7442672
1630680163642,7442880
1630680163682,7444549
1630680163722,7444392
1630680163762,7444862
1630680163802,7444341
1630680163842,7444497
1630680163882,7444236
1630680163922,7444497
1630680163962,7444288
1630680164002,7444757
1630680164042,7443871
1630680164082,7442932
1630680164122,7443610
1630680164162,7444705
1630680164202,7444705
1630680164242,7444080
1630680164282,7444549
1630680164322,7443819
1630680164362,7444080
1630680164402,7443871
1630680164442,7443402
1630680164482,7442828
1630680164522,7442932
1630680164562,7442672
1630680164602,7441733
1630680164642,7442202
1630680164682,7441629
1630680164722,7441159
1630680164762,7440846
1630680164802,7440951
1630680164842,7441785
1630680164882,7441003
1630680164922,7441055
1630680164962,7440481
1630680165002,7440481
1630680165042,7440325
1630680165082,7440064
1630680165122,7440429
1630680165162,7439751
1630680165202,7439334
1630680165242,7438656
1630680165282,7437770
1630680165322,7437352
1630680165362,7437248
1630680165402,7436883
1630680165442,7436518
1630680165482,7436205
1630680165522,7435266
1630680165562,7434484
1630680165602,7433545
1630680165642,7432711
1630680165682,7432450
1630680165722,7431511
1630680165762,7430521
1630680165802,7429947
1630680165842,7429217
1630680165882,7429321
1630680165922,7428435
1630680165962,7427392
1630680166002,7426923
1630680166042,7425932
1630680166082,7426244
1630680166122,7425932
1630680166162,7426244
1630680166202,7426193
1630680166242,7427287
1630680166282,7428018
1630680166322,7429165
1630680166362,7429739
1630680166402,7431094
1630680166442,7432242
1630680166482,7433128
1630680166522,7434954
1630680166562,7435788
1630680166602,7436831
1630680166642,7438500
1630680166682,7439178
1630680166722,7440481
1630680166762,7442098
1630680166802,7442619
1630680166842,7442828
1630680166882,7444445
1630680166922,7444653
1630680166962,7445592
1630680167002,7446113
1630680167042,7447261
1630680167082,7447365
1630680167122,7447417
1630680167162,7447417
1630680167202,7446583
1630680167242,7445540
1630680167282,7445435
1630680167322,7444810
1630680167362,7445123
1630680167402,7445488
1630680167442,7444601
1630680167482,7444288
1630680167522,7443454
1630680167562,7443506
1630680167602,7443141
1630680167642,7442672
1630680167682,7442254
1630680167722,7441837
1630680167762,7441681
1630680167802,7441055
1630680167842,7440742
1630680167882,7440742
1630680167922,7441159
1630680167962,7440168
1630680168002,7439803
1630680168042,7439334
1630680168082,7439230
1630680168122,7438708
1630680168162,7438447
1630680168202,7438187
1630680168242,7437665
1630680168282,7438030
1630680168322,7437509
1630680168362,7437092
1630680168402,7435944
1630680168442,7436518
1630680168482,7436414
1630680168522,7435579
1630680168562,7435214
1630680168602,7435475
1630680168642,7434745
1630680168682,7434641
1630680168722,7434380
1630680168762,7435006
1630680168802,7434223
1630680168842,7434588
1630680168882,7434223
1630680168922,7433858
1630680168962,7432763
1630680169002,7432398
1630680169042,7432190
1630680169082,7432346
1630680169122,7432450
1630680169162,7432242
1630680169202,7431407
1630680169242,7431147
1630680169282,7430208
1630680169322,7429947
1630680169362,7429999
1630680169402,7429634
1630680169442,7429634
1630680169482,7429269
1630680169522,7428852
1630680169562,7428800
1630680169602,7428591
1630680169642,7428278
1630680169682,7427705
1630680169722,7427861
1630680169762,7427444
1630680169802,7426923
1630680169842,7426609
1630680169882,7426714
1630680169922,7426870
1630680169962,7427340
1630680170002,7428800
1630680170042,7430103
1630680170082,7431199
1630680170122,7431511
1630680170162,7432815
1630680170202,7433963
1630680170242,7435527
1630680170282,7437144
1630680170322,7438447
1630680170362,7439490
1630680170402,7440116
1630680170442,7442046
1630680170482,7443193
1630680170522,7444027
1630680170562,7445749
1630680170602,7446270
1630680170642,7447261
1630680170682,7448095
1630680170722,7449086
1630680170762,7449347
1630680170802,7449712
1630680170842,7449555
1630680170882,7448617
1630680170922,7448356
1630680170962,7447886
1630680171002,7447052
1630680171042,7447104
1630680171082,7446270
1630680171122,7445279
1630680171162,7445644
1630680171202,7444862
1630680171242,7444445
1630680171282,7443767
1630680171322,7444027
1630680171362,7443297
1630680171402,7443558
1630680171442,7442984
1630680171482,7442515
1630680171522,7442046
1630680171562,7442046
1630680171602,7441159
1630680171642,7440064
1630680171682,7439386
1630680171722,7440116
1630680171762,7439230
1630680171802,7438656
1630680171842,7438708
1630680171882,7438082
1630680171922,7437926
1630680171962,7438291
1630680172002,7437665
1630680172042,7437978
1630680172082,7438135
1630680172122,7437613
1630680172162,7437561
1630680172202,7437352
1630680172242,7436518
1630680172282,7436674
1630680172322,7435475
1630680172362,7435996
1630680172402,7435579
1630680172442,7436727
1630680172482,7435475
1630680172522,7435214
1630680172562,7435423
1630680172602,7434536
1630680172642,7434223
1630680172682,7433911
1630680172722,7434223
1630680172762,7433806
1630680172802,7433493
1630680172842,7432711
1630680172882,7432346
1630680172922,7432137
1630680172962,7431825
1630680173002,7432294
1630680173042,7431407
1630680173082,7431511
1630680173122,7431616
1630680173162,7430886
1630680173202,7431825
1630680173242,7431042
1630680173282,7431407
1630680173322,7431199
1630680173362,7430208
1630680173402,7430990
1630680173442,7430103
1630680173482,7429113
1630680173522,7428852
1630680173562,7429165
1630680173602,7429269
1630680173642,7429009
1630680173682,7429113
1630680173722,7428487
1630680173762,7428904
1630680173802,7428800
1630680173842,7429582
1630680173882,7430417
1630680173922,7430677
1630680173962,7431407
1630680174002,7433441
1630680174042,7433702
1630680174082,7435162
1630680174122,7436727
1630680174162,7437978
1630680174202,7438865
1630680174242,7440012
1630680174282,7442046
1630680174322,7442515
1630680174362,7444184
1630680174402,7445800
1630680174442,7447365
1630680174482,7448669
1630680174522,7450077
1630680174562,7451641
1630680174602,7452684
1630680174642,7454144
1630680174682,7455865
1630680174722,7457013
1630680174762,7457951
1630680174802,7459203
1630680174842,7459359
1630680174882,7460194
1630680174922,7458212
1630680174962,7456126
1630680175002,7454979
1630680175042,7454092
1630680175082,7452893
1630680175122,7452371
1630680175162,7451276
1630680175202,7450285
1630680175242,7449034
1630680175282,7448565
1630680175322,7447730
1630680175362,7446009
1630680175402,7444966
1630680175442,7444757
1630680175482,7443923
1630680175522,7443454
1630680175562,7442776
1630680175602,7442567
1630680175642,7441316
1630680175682,7441316
1630680175722,7441211
1630680175762,7439699
1630680175802,7438552
1630680175842,7438760
1630680175882,7438082
1630680175922,7437144
1630680175962,7437248
1630680176002,7436831
1630680176042,7436674
1630680176082,7435892
1630680176122,7436153
1630680176162,7434954
1630680176202,7434797
1630680176242,7434015
1630680176282,7433493
1630680176322,7432972
1630680176362,7433024
1630680176402,7431877
1630680176442,7432033
1630680176482,7431147
1630680176522,7431825
1630680176562,7430625
1630680176602,7430103
1630680176642,7430417
1630680176682,7430364
1630680176722,7429739
1630680176762,7429478
1630680176802,7429686
1630680176842,7429269
1630680176882,7428695
1630680176922,7428331
1630680176962,7428539
1630680177002,7427861
1630680177042,7428122
1630680177082,7428383
1630680177122,7428748
1630680177162,7429426
1630680177202,7430052
1630680177242,7431460
1630680177282,7432346
1630680177322,7434328
1630680177362,7435058
1630680177402,7436205
1630680177442,7437509
1630680177482,7438604
1630680177522,7438552
1630680177562,7440116
1630680177602,7441629
1630680177642,7442567
1630680177682,7443871
1630680177722,7445227
1630680177762,7445540
1630680177802,7446531
1630680177842,7448773
1630680177882,7448877
1630680177922,7449764
1630680177962,7451328
1630680178002,7452736
1630680178042,7453832
1630680178082,7454457
1630680178122,7454666
1630680178162,7453414
1630680178202,7451589
1630680178242,7449816
1630680178282,7449086
1630680178322,7446948
1630680178362,7446009
1630680178402,7444445
1630680178442,7443193
1630680178482,7441733
1630680178522,7441264
1630680178562,7439960
1630680178602,7438656
1630680178642,7438135
1630680178682,7436674
1630680178722,7435892
1630680178762,7435423
1630680178802,7434536
1630680178842,7433285
1630680178882,7433545
1630680178922,7433024
1630680178962,7431929
1630680179002,7431511
1630680179042,7431303
1630680179082,7430729
1630680179122,7429739
1630680179162,7429686
1630680179202,7429374
1630680179242,7429060
1630680179282,7429060
1630680179322,7428644
1630680179362,7429113
1630680179402,7428278
1630680179442,7428278
1630680179482,7428278
1630680179522,7427809
1630680179562,7428070
1630680179602,7427809
1630680179642,7427913
1630680179682,7428539
1630680179722,7428644
1630680179762,7429165
1630680179802,7429999
1630680179842,7431094
1630680179882,7432033
1630680179922,7433389
1630680179962,7434223
1630680180002,7435631
1630680180042,7436570
1630680180082,7438135
1630680180122,7439178
1630680180162,7439803
1630680180202,7441368
1630680180242,7441629
1630680180282,7442619
1630680180322,7443454
1630680180362,7444810
1630680180402,7445279
1630680180442,7446270
1630680180482,7447052
1630680180522,7448200
1630680180562,7448200
1630680180602,7448095
1630680180642,7447208
1630680180682,7446061
1630680180722,7446113
1630680180762,7445800
1630680180802,7444810
1630680180842,7444392
1630680180882,7442724
1630680180922,7441994
1630680180962,7441316
1630680181002,7440586
1630680181042,7439230
1630680181082,7439021
1630680181122,7437405
1630680181162,7438187
1630680181202,7436414
1630680181242,7435423
1630680181282,7434849
1630680181322,7434067
1630680181362,7433285
1630680181402,7432972
1630680181442,7433076
1630680181482,7432294
1630680181522,7431511
1630680181562,7430625
1630680181602,7430729
1630680181642,7430782
1630680181682,7429634
1630680181722,7429895
1630680181762,7429426
1630680181802,7429530
1630680181842,7429321
1630680181882,7428695
1630680181922,7428435
1630680181962,7428644
1630680182002,7428695
1630680182042,7428070
1630680182082,7427392
1630680182122,7427548
1630680182162,7427131
1630680182202,7427079
1630680182242,7427548
1630680182282,7429060
1630680182322,7429009
1630680182362,7429999
1630680182402,7431460
1630680182442,7432868
1630680182482,7433858
1630680182522,7434588
1630680182562,7435371
1630680182602,7436987
1630680182642,7437770
1630680182682,7438760
1630680182722,7439490
1630680182762,7439751
1630680182802,7440846
1630680182842,7441629
1630680182882,7442098
1630680182922,7443141
1630680182962,7444705
1630680183002,7445331
1630680183042,7446478
1630680183082,7446687
1630680183122,7447000
1630680183162,7446635
1630680183202,7446166
1630680183242,7444914
1630680183282,7443975
1630680183322,7443871
1630680183362,7442880
1630680183402,7442828
1630680183442,7441264
1630680183482,7440533
1630680183522,7439595
1630680183562,7438552
1630680183602,7437874
1630680183642,7436049
1630680183682,7435631
1630680183722,7434641
1630680183762,7434223
1630680183802,7432972
1630680183842,7433128
1630680183882,7431981
1630680183922,7431355
1630680183962,7431251
1630680184002,7431094
1630680184042,7430364
1630680184082,7429947
1630680184122,7429947
1630680184162,7429895
1630680184202,7429582
1630680184242,7429217
1630680184282,7428748
1630680184322,7428383
1630680184362,7427548
1630680184402,7428956
1630680184442,7428435
1630680184482,7427548
1630680184522,7427027
1630680184562,7427131
1630680184602,7426975
1630680184642,7427235
1630680184682,7427079
1630680184722,7426766
1630680184762,7426766
1630680184802,7426349
1630680184842,7427183
1630680184882,7428174
1630680184922,7428331
1630680184962,7429374
1630680185002,7429843
1630680185042,7431251
1630680185082,7431929
1630680185122,7433128
1630680185162,7434588
1630680185202,7435579
1630680185242,7436049
1630680185282,7437405
1630680185322,7438813
1630680185362,7438917
1630680185402,7440168
1630680185442,7440533
1630680185482,7441107
1630680185522,7442619
1630680185562,7443193
1630680185602,7444080
1630680185642,7445800
1630680185682,7446583
1630680185722,7447104
1630680185762,7447834
1630680185802,7447834
1630680185842,7448408
1630680185882,7447208
1630680185922,7447313
1630680185962,7445644
1630680186002,7445957
1630680186042,7444497
1630680186082,7443975
1630680186122,7443089
1630680186162,7441837
1630680186202,7440690
1630680186242,7439230
1630680186282,7438708
1630680186322,7437509
1630680186362,7436362
1630680186402,7435631
1630680186442,7434432
1630680186482,7434171
1630680186522,7432763
1630680186562,7432190
1630680186602,7431511
1630680186642,7431772
1630680186682,7430417
1630680186722,7430417
1630680186762,7429895
1630680186802,7429269
1630680186842,7429686
1630680186882,7429426
1630680186922,7429999
1630680186962,7430052
1630680187002,7430573
1630680187042,7431147
1630680187082,7431042
1630680187122,7431199
1630680187162,7431251
1630680187202,7430364
1630680187242,7429895
1630680187282,7430156
1630680187322,7429739
1630680187362,7430103
1630680187402,7429686
1630680187442,7429634
1630680187482,7429426
1630680187522,7429374
1630680187562,7429739
1630680187602,7429582
1630680187642,7429895
1630680187682,7429999
1630680187722,7429947
1630680187762,7429426
1630680187802,7429634
1630680187842,7428435
1630680187882,7429217
1630680187922,7428852
1630680187962,7427966
1630680188002,7427444
1630680188042,7427809
1630680188082,7426975
1630680188122,7426244
1630680188162,7426193
1630680188202,7424471
1630680188242,7422385
1630680188282,7419934
1630680188322,7419622
1630680188362,7419361
1630680188402,7419778
1630680188442,7421447
1630680188482,7423168
1630680188522,7424419
1630680188562,7425567
1630680188602,7427601
1630680188642,7429895
1630680188682,7431094
1630680188722,7432346
1630680188762,7433233
1630680188802,7434171
1630680188842,7436153
1630680188882,7437457
1630680188922,7438656
1630680188962,7440429
1630680189002,7441420
1630680189042,7442046
1630680189082,7443871
1630680189122,7444757
1630680189162,7445800
1630680189202,7447313
1630680189242,7447678
1630680189282,7448460
1630680189322,7449868
1630680189362,7450911
1630680189402,7451485
1630680189442,7451745
1630680189482,7452789
1630680189522,7452110
1630680189562,7452371
1630680189602,7452424
1630680189642,7451537
1630680189682,7451224
1630680189722,7449764
1630680189762,7448825
1630680189802,7448617
1630680189842,7447052
1630680189882,7445644
1630680189922,7444757
1630680189962,7442776
1630680190002,7441941
1630680190042,7441576
1630680190082,7439386
1630680190122,7439125
1630680190162,7438500
1630680190202,7438030
1630680190242,7437196
1630680190282,7435527
1630680190322,7435475
1630680190362,7434380
1630680190402,7434328
1630680190442,7433598
1630680190482,7432607
1630680190522,7432450
1630680190562,7432398
1630680190602,7431511
1630680190642,7430625
1630680190682,7429999
1630680190722,7430417
1630680190762,7429739
1630680190802,7429895
1630680190842,7429843
1630680190882,7429791
1630680190922,7429739
1630680190962,7429009
1630680191002,7428956
1630680191042,7429217
1630680191082,7428539
1630680191122,7428956
1630680191162,7429060
1630680191202,7429269
1630680191242,7429582
1630680191282,7430469
1630680191322,7430782
1630680191362,7432085
1630680191402,7433858
1630680191442,7434171
1630680191482,7435162
1630680191522,7436153
1630680191562,7437822
1630680191602,7438500
1630680191642,7439334
1630680191682,7440221
1630680191722,7441159
1630680191762,7442306
1630680191802,7443349
1630680191842,7443975
1630680191882,7444862
1630680191922,7446061
1630680191962,7446635
1630680192002,7447730
1630680192042,7447521
1630680192082,7447208
1630680192122,7446792
1630680192162,7446478
1630680192202,7445800
1630680192242,7445383
1630680192282,7444653
1630680192322,7444184
1630680192362,7442724
1630680192402,7441837
1630680192442,7441420
1630680192482,7440325
1630680192522,7440012
1630680192562,7439230
1630680192602,7438813
1630680192642,7438760
1630680192682,7437926
1630680192722,7437822
1630680192762,7436935
1630680192802,7436257
1630680192842,7435475
1630680192882,7434849
1630680192922,7433441
1630680192962,7433285
1630680193002,7433128
1630680193042,7431877
1630680193082,7431094
1630680193122,7431511
1630680193162,7430521
1630680193202,7429791
1630680193242,7429999
1630680193282,7430260
1630680193322,7430208
1630680193362,7429269
1630680193402,7428800
1630680193442,7428539
1630680193482,7428383
1630680193522,7428278
1630680193562,7428644
1630680193602,7428070
1630680193642,7427548
1630680193682,7427705
1630680193722,7427496
1630680193762,7427861
1630680193802,7427340
1630680193842,7427392
1630680193882,7427235
1630680193922,7427444
1630680193962,7427392
1630680194002,7427340
1630680194042,7427652
1630680194082,7427809
1630680194122,7429060
1630680194162,7429739
1630680194202,7431460
1630680194242,7432659
1630680194282,7433180
1630680194322,7434432
1630680194362,7434954
1630680194402,7436257
1630680194442,7436987
1630680194482,7437613
1630680194522,7438708
1630680194562,7439699
1630680194602,7440168
1630680194642,7441472
1630680194682,7441889
1630680194722,7443506
1630680194762,7444288
1630680194802,7444445
1630680194842,7446061
1630680194882,7446009
1630680194922,7447730
1630680194962,7447313
1630680195002,7447678
1630680195042,7447261
1630680195082,7446687
1630680195122,7446061
1630680195162,7445227
1630680195202,7444236
1630680195242,7444080
1630680195282,7443193
1630680195322,7442463
1630680195362,7441629
1630680195402,7441316
1630680195442,7440690
1630680195482,7440846
1630680195522,7440221
1630680195562,7439073
1630680195602,7438395
1630680195642,7437926
1630680195682,7437613
1630680195722,7436518
1630680195762,7436101
1630680195802,7435840
1630680195842,7435006
1630680195882,7434536
1630680195922,7434536
1630680195962,7434119
1630680196002,7433493
1630680196042,7433128
1630680196082,7433754
1630680196122,7432659
1630680196162,7431929
1630680196202,7431303
1630680196242,7431199
1630680196282,7431147
1630680196322,7430886
1630680196362,7430208
1630680196402,7429895
1630680196442,7430208
1630680196482,7430208
1630680196522,7429739
1630680196562,7428695
1630680196602,7429999
1630680196642,7429478
1630680196682,7429321
1630680196722,7428435
1630680196762,7428539
1630680196802,7428174
1630680196842,7427809
1630680196882,7428122
1630680196922,7427496
1630680196962,7427131
1630680197002,7427861
1630680197042,7427444
1630680197082,7426766
1630680197122,7427079
1630680197162,7426193
1630680197202,7426140
1630680197242,7425827
1630680197282,7425619
1630680197322,7425723
1630680197362,7425097
1630680197402,7425150
1630680197442,7425097
1630680197482,7425045
1630680197522,7425462
1630680197562,7425358
1630680197602,7425827
1630680197642,7426714
1630680197682,7428122
1630680197722,7429426
1630680197762,7430521
1630680197802,7431772
1630680197842,7432763
1630680197882,7434015
1630680197922,7435162
1630680197962,7437613
1630680198002,7437770
1630680198042,7439125
1630680198082,7441264
1630680198122,7442411
1630680198162,7443402
1630680198202,7444549
1630680198242,7445435
1630680198282,7446009
1630680198322,7446583
1630680198362,7448251
1630680198402,7448982
1630680198442,7450442
1630680198482,7451120
1630680198522,7451589
1630680198562,7450390
1630680198602,7449868
1630680198642,7447939
1630680198682,7447365
1630680198722,7447000
1630680198762,7446374
1630680198802,7446061
1630680198842,7444914
1630680198882,7444080
1630680198922,7443402
1630680198962,7443349
1630680199002,7443141
1630680199042,7441420
1630680199082,7441211
1630680199122,7439856
1630680199162,7439125
1630680199202,7438447
1630680199242,7438239
1630680199282,7437457
1630680199322,7436101
1630680199362,7435684
1630680199402,7435266
1630680199442,7434171
1630680199482,7434067
1630680199522,7433441
1630680199562,7432868
1630680199602,7431929
1630680199642,7431355
1630680199682,7431407
1630680199722,7431042
1630680199762,7430312
1630680199802,7429791
1630680199842,7429634
1630680199882,7429478
1630680199922,7429165
1630680199962,7428904
1630680200002,7429165
1630680200042,7428591
1630680200082,7428904
1630680200122,7429426
1630680200162,7429999
1630680200202,7431564
1630680200242,7432346
1630680200282,7432763
1630680200322,7434067
1630680200362,7434641
1630680200402,7435684
1630680200442,7436518
1630680200482,7437613
1630680200522,7439021
1630680200562,7439595
1630680200602,7440325
1630680200642,7441785
1630680200682,7442098
1630680200722,7442776
1630680200762,7442984
1630680200802,7443349
1630680200842,7444392
1630680200882,7444862
1630680200922,7444862
1630680200962,7445383
1630680201002,7445070
1630680201042,7445227
1630680201082,7444653
1630680201122,7444080
1630680201162,7443297
1630680201202,7443454
1630680201242,7443402
1630680201282,7442724
1630680201322,7441785
1630680201362,7441472
1630680201402,7441629
1630680201442,7440586
1630680201482,7439908
1630680201522,7439699
1630680201562,7439073
1630680201602,7437874
1630680201642,7437144
1630680201682,7436257
1630680201722,7435423
1630680201762,7435736
1630680201802,7434641
1630680201842,7434223
1630680201882,7432555
1630680201922,7432137
1630680201962,7431251
1630680202002,7430729
1630680202042,7429947
1630680202082,7429217
1630680202122,7429009
1630680202162,7428695
1630680202202,7428487
1630680202242,7428226
1630680202282,7428487
1630680202322,7428695
1630680202362,7429426
1630680202402,7430103
1630680202442,7430729
1630680202482,7431564
1630680202522,7432920
1630680202562,7434588
1630680202602,7435214
1630680202642,7435840
1630680202682,7437509
1630680202722,7438865
1630680202762,7439699
1630680202802,7440951
1630680202842,7442306
1630680202882,7443506
1630680202922,7444184
1630680202962,7445905
1630680203002,7448043
1630680203042,7448877
1630680203082,7449816
1630680203122,7451433
1630680203162,7452893
1630680203202,7454353
1630680203242,7454197
1630680203282,7454822
1630680203322,7455605
1630680203362,7455396
1630680203402,7454770
1630680203442,7454457
1630680203482,7454301
1630680203522,7453258
1630680203562,7452371
1630680203602,7452215
1630680203642,7452476
1630680203682,7451381
1630680203722,7450911
1630680203762,7450859
1630680203802,7450702
1630680203842,7450702
1630680203882,7450755
1630680203922,7450025
1630680203962,7449242
1630680204002,7449451
1630680204042,7449608
1630680204082,7448669
1630680204122,7448512
1630680204162,7448565
1630680204202,7448147
1630680204242,7448408
1630680204282,7447208
1630680204322,7447261
1630680204362,7447157
1630680204402,7447261
1630680204442,7446687
1630680204482,7446374
1630680204522,7445644
1630680204562,7445488
1630680204602,7444392
1630680204642,7444862
1630680204682,7444236
1630680204722,7443662
1630680204762,7443506
1630680204802,7442411
1630680204842,7442150
1630680204882,7441576
1630680204922,7441681
1630680204962,7440481
1630680205002,7441055
1630680205042,7440638
1630680205082,7439386
1630680205122,7439334
1630680205162,7439230
1630680205202,7438760
1630680205242,7438552
1630680205282,7437561
1630680205322,7436883
1630680205362,7436622
1630680205402,7436674
1630680205442,7436309
1630680205482,7435840
1630680205522,7435214
1630680205562,7435162
1630680205602,7434849
1630680205642,7434588
1630680205682,7434484
1630680205722,7433963
1630680205762,7433858
1630680205802,7433806
1630680205842,7433754
1630680205882,7433389
1630680205922,7433180
1630680205962,7432868
1630680206002,7432137
1630680206042,7432659
1630680206082,7431877
1630680206122,7432085
1630680206162,7431147
1630680206202,7432190
1630680206242,7431511
1630680206282,7431616
1630680206322,7431511
1630680206362,7431303
1630680206402,7430990
1630680206442,7430625
1630680206482,7430677
1630680206522,7428956
1630680206562,7429791
1630680206602,7429791
1630680206642,7429634
1630680206682,7430312
1630680206722,7430364
1630680206762,7431042
1630680206802,7432137
1630680206842,7433180
1630680206882,7433754
1630680206922,7435162
1630680206962,7435371
1630680207002,7435892
1630680207042,7437717
1630680207082,7438187
1630680207122,7439178
1630680207162,7439386
1630680207202,7441055
1630680207242,7441785
1630680207282,7443037
1630680207322,7444184
1630680207362,7444392
1630680207402,7445540
1630680207442,7446113
1630680207482,7447052
1630680207522,7447469
1630680207562,7448669
1630680207602,7448304
1630680207642,7448460
1630680207682,7448929
1630680207722,7448043
1630680207762,7447626
1630680207802,7446218
1630680207842,7446270
1630680207882,7445540
1630680207922,7444966
1630680207962,7444392
1630680208002,7443037
1630680208042,7443193
1630680208082,7441837
1630680208122,7441420
1630680208162,7440273
1630680208202,7440533
1630680208242,7439386
1630680208282,7438500
1630680208322,7438187
1630680208362,7437665
1630680208402,7436518
1630680208442,7436831
1630680208482,7435214
1630680208522,7435214
1630680208562,7434693
1630680208602,7434067
1630680208642,7433545
1630680208682,7433911
1630680208722,7433493
1630680208762,7433128
1630680208802,7431825
1630680208842,7431929
1630680208882,7431877
1630680208922,7431981
1630680208962,7430990
1630680209002,7431564
1630680209042,7430417
1630680209082,7430729
1630680209122,7430521
1630680209162,7430938
1630680209202,7430364
1630680209242,7430208
1630680209282,7430052
1630680209322,7429686
1630680209362,7429478
1630680209402,7429895
1630680209442,7429999
1630680209482,7429217
1630680209522,7429582
1630680209562,7428800
1630680209602,7429060
1630680209642,7429269
1630680209682,7429582
1630680209722,7430312
1630680209762,7430990
1630680209802,7431825
1630680209842,7432659
1630680209882,7433963
1630680209922,7433911
1630680209962,7434328
1630680210002,7434797
1630680210042,7435736
1630680210082,7436935
1630680210122,7437561
1630680210162,7438604
1630680210202,7439073
1630680210242,7439960
1630680210282,7440742
1630680210322,7441837
1630680210362,7442932
1630680210402,7442880
1630680210442,7444288
1630680210482,7444914
1630680210522,7446061
1630680210562,7445853
1630680210602,7446270
1630680210642,7446478
1630680210682,7445175
1630680210722,7444862
1630680210762,7444549
1630680210802,7444392
1630680210842,7444288
1630680210882,7443454
1630680210922,7442828
1630680210962,7441994
1630680211002,7441211
1630680211042,7441055
1630680211082,7439647
1630680211122,7439699
1630680211162,7439282
1630680211202,7438760
1630680211242,7437978
1630680211282,7437248
1630680211322,7437144
1630680211362,7436831
1630680211402,7436570
1630680211442,7435944
1630680211482,7435266
1630680211522,7434849
1630680211562,7434588
1630680211602,7434536
1630680211642,7433650
1630680211682,7433806
1630680211722,7433180
1630680211762,7432763
1630680211802,7432398
1630680211842,7432137
1630680211882,7432659
1630680211922,7431772
1630680211962,7431355
1630680212002,7431616
1630680212042,7431720
1630680212082,7430677
1630680212122,7431147
1630680212162,7430156
1630680212202,7430103
1630680212242,7430417
1630680212282,7429686
1630680212322,7430886
1630680212362,7429113
1630680212402,7430364
1630680212442,7429374
1630680212482,7428956
1630680212522,7429478
1630680212562,7428956
1630680212602,7429321
1630680212642,7429060
1630680212682,7428644
1630680212722,7429009
1630680212762,7429843
1630680212802,7429947
1630680212842,7431668
1630680212882,7433233
1630680212922,7433858
1630680212962,7434328
1630680213002,7434954
1630680213042,7436309
1630680213082,7436935
1630680213122,7437717
1630680213162,7439386
1630680213202,7439647
1630680213242,7440168
1630680213282,7441264
1630680213322,7441681
1630680213362,7442724
1630680213402,7443297
1630680213442,7444810
1630680213482,7445644
1630680213522,7446061
1630680213562,7446843
1630680213602,7447313
1630680213642,7448929
1630680213682,7448408
1630680213722,7447939
1630680213762,7447104
1630680213802,7445488
1630680213842,7445175
1630680213882,7444757
1630680213922,7444132
1630680213962,7443245
1630680214002,7442672
1630680214042,7442046
1630680214082,7440898
1630680214122,7440168
1630680214162,7439490
1630680214202,7439334
1630680214242,7439282
1630680214282,7439021
1630680214322,7438239
1630680214362,7437822
1630680214402,7438135
1630680214442,7436987
1630680214482,7436257
1630680214522,7436362
1630680214562,7435371
1630680214602,7435162
1630680214642,7433963
1630680214682,7433754
1630680214722,7432972
1630680214762,7432711
1630680214802,7431616
1630680214842,7431668
1630680214882,7430312
1630680214922,7430417
1630680214962,7430625
1630680215002,7430312
1630680215042,7428435
1630680215082,7429165
1630680215122,7428070
1630680215162,7428174
1630680215202,7427913
1630680215242,7428278
1630680215282,7427705
1630680215322,7428487
1630680215362,7428956
1630680215402,7429374
1630680215442,7429843
1630680215482,7431825
1630680215522,7432503
1630680215562,7433285
1630680215602,7434328
1630680215642,7434901
1630680215682,7435684
1630680215722,7436987
1630680215762,7437405
1630680215802,7438343
1630680215842,7438969
1630680215882,7440221
1630680215922,7441785
1630680215962,7441994
1630680216002,7443037
1630680216042,7443871
1630680216082,7444810
1630680216122,7445383
1630680216162,7446218
1630680216202,7447574
1630680216242,7447730
1630680216282,7447365
1630680216322,7447626
1630680216362,7446896
1630680216402,7445905
1630680216442,7445592
1630680216482,7445175
1630680216522,7444810
1630680216562,7443506
1630680216602,7443245
1630680216642,7442828
1630680216682,7442932
1630680216722,7442359
1630680216762,7440951
1630680216802,7440273
1630680216842,7440377
1630680216882,7439021
1630680216922,7438969
1630680216962,7438239
1630680217002,7437770
1630680217042,7437978
1630680217082,7436674
1630680217122,7437196
1630680217162,7436674
1630680217202,7436101
1630680217242,7436153
1630680217282,7435996
1630680217322,7435162
1630680217362,7435423
1630680217402,7434484
1630680217442,7433598
1630680217482,7433337
1630680217522,7433337
1630680217562,7432972
1630680217602,7432190
1630680217642,7433128
1630680217682,7432085
1630680217722,7432346
1630680217762,7431147
1630680217802,7431147
1630680217842,7431199
1630680217882,7430938
1630680217922,7429895
1630680217962,7429895
1630680218002,7429165
1630680218042,7428695
1630680218082,7428383
1630680218122,7427757
1630680218162,7427757
1630680218202,7427287
1630680218242,7427287
1630680218282,7427392
1630680218322,7427601
1630680218362,7427652
1630680218402,7428278
1630680218442,7428956
1630680218482,7430103
1630680218522,7431355
1630680218562,7431616
1630680218602,7432711
1630680218642,7434015
1630680218682,7434536
1630680218722,7435527
1630680218762,7436518
1630680218802,7437926
1630680218842,7439595
1630680218882,7439803
1630680218922,7440325
1630680218962,7441264
1630680219002,7442776
1630680219042,7442411
1630680219082,7443819
1630680219122,7444601
1630680219162,7445696
1630680219202,7446426
1630680219242,7446583
1630680219282,7446948
1630680219322,7447313
1630680219362,7446531
1630680219402,7446792
1630680219442,7446166
1630680219482,7445488
1630680219522,7444966
1630680219562,7445070
1630680219602,7443610
1630680219642,7444392
1630680219682,7443558
1630680219722,7443089
1630680219762,7443089
1630680219802,7442672
1630680219842,7441576
1630680219882,7441629
1630680219922,7441211
1630680219962,7441472
1630680220002,7441576
1630680220042,7440533
1630680220082,7439856
1630680220122,7440481
1630680220162,7439438
1630680220202,7439282
1630680220242,7438865
1630680220282,7439073
1630680220322,7438447
1630680220362,7437509
1630680220402,7437665
1630680220442,7436101
1630680220482,7435684
1630680220522,7434901
1630680220562,7434536
1630680220602,7433858
1630680220642,7433076
1630680220682,7432711
1630680220722,7432137
1630680220762,7431511
1630680220802,7431616
1630680220842,7430990
1630680220882,7429739
1630680220922,7429843
1630680220962,7429374
1630680221002,7428800
1630680221042,7429217
1630680221082,7429374
1630680221122,7429426
1630680221162,7428800
1630680221202,7428748
1630680221242,7429217
1630680221282,7429634
1630680221322,7430208
1630680221362,7430990
1630680221402,7431772
1630680221442,7432294
1630680221482,7433493
1630680221522,7434745
1630680221562,7435058
1630680221602,7436257
1630680221642,7437144
1630680221682,7438500
1630680221722,7439178
1630680221762,7440168
1630680221802,7441472
1630680221842,7441994
1630680221882,7443297
1630680221922,7443871
1630680221962,7444445
1630680222002,7446374
1630680222042,7447208
1630680222082,7447521
1630680222122,7450285
1630680222162,7450911
1630680222202,7451745
1630680222242,7452424
1630680222282,7451902
1630680222322,7451902
1630680222362,7451328
1630680222402,7450390
1630680222442,7449347
1630680222482,7448043
1630680222522,7447886
1630680222562,7447052
1630680222602,7446374
1630680222642,7445435
1630680222682,7444445
1630680222722,7444392
1630680222762,7443349
1630680222802,7442724
1630680222842,7442098
1630680222882,7441994
1630680222922,7441994
1630680222962,7440898
1630680223002,7440429
1630680223042,7439021
1630680223082,7438552
1630680223122,7438760
1630680223162,7437978
1630680223202,7438082
1630680223242,7436727
1630680223282,7436779
1630680223322,7436309
1630680223362,7436674
1630680223402,7435996
1630680223442,7436049
1630680223482,7435475
1630680223522,7435319
1630680223562,7434849
1630680223602,7434745
1630680223642,7435006
1630680223682,7434119
1630680223722,7433233
1630680223762,7433024
1630680223802,7432972
1630680223842,7432085
1630680223882,7431668
1630680223922,7430886
1630680223962,7431355
1630680224002,7430260
1630680224042,7430052
1630680224082,7429895
1630680224122,7430312
1630680224162,7429426
1630680224202,7428695
1630680224242,7429321
1630680224282,7428122
1630680224322,7427444
1630680224362,7427444
1630680224402,7427496
1630680224442,7427287
1630680224482,7427027
1630680224522,7426505
1630680224562,7426818
1630680224602,7428226
1630680224642,7428018
1630680224682,7429269
1630680224722,7429582
1630680224762,7430729
1630680224802,7431929
1630680224842,7432503
1630680224882,7433493
1630680224922,7434067
1630680224962,7434641
1630680225002,7435892
1630680225042,7437978
1630680225082,7438917
1630680225122,7440168
1630680225162,7441264
1630680225202,7442463
1630680225242,7443767
1630680225282,7444966
1630680225322,7446531
1630680225362,7447104
1630680225402,7448565
1630680225442,7449555
1630680225482,7451016
1630680225522,7452580
1630680225562,7453518
1630680225602,7454144
1630680225642,7455344
1630680225682,7455657
1630680225722,7456856
1630680225762,7456856
1630680225802,7457117
1630680225842,7457534
1630680225882,7457795
1630680225922,7457691
1630680225962,7457117
1630680226002,7456491
1630680226042,7455448
1630680226082,7454405
1630680226122,7453571
1630680226162,7451902
1630680226202,7451954
1630680226242,7451016
1630680226282,7450025
1630680226322,7448773
1630680226362,7448460
1630680226402,7448669
1630680226442,7447521
1630680226482,7446270
1630680226522,7445488
1630680226562,7444862
1630680226602,7444027
1630680226642,7442515
1630680226682,7442672
1630680226722,7441681
1630680226762,7441159
1630680226802,7440846
1630680226842,7439856
1630680226882,7439282
1630680226922,7438447
1630680226962,7438239
1630680227002,7437196
1630680227042,7436674
1630680227082,7436309
1630680227122,7435214
1630680227162,7434745
1630680227202,7434328
1630680227242,7434015
1630680227282,7433285
1630680227322,7433337
1630680227362,7433233
1630680227402,7432085
1630680227442,7432503
1630680227482,7431825
1630680227522,7432242
1630680227562,7431564
1630680227602,7431303
1630680227642,7431407
1630680227682,7430156
1630680227722,7429999
1630680227762,7430260
1630680227802,7430312
1630680227842,7429478
1630680227882,7429426
1630680227922,7429060
1630680227962,7429321
1630680228002,7429374
1630680228042,7429060
1630680228082,7430469
1630680228122,7431720
1630680228162,7432033
1630680228202,7433285
1630680228242,7433806
1630680228282,7434536
1630680228322,7435788
1630680228362,7436779
1630680228402,7437092
1630680228442,7437613
1630680228482,7439490
1630680228522,7440064
1630680228562,7441472
1630680228602,7441941
1630680228642,7443037
1630680228682,7443819
1630680228722,7444705
1630680228762,7445331
1630680228802,7445592
1630680228842,7446113
1630680228882,7447000
1630680228922,7447521
1630680228962,7447261
1630680229002,7446843
1630680229042,7446896
1630680229082,7446843
1630680229122,7445488
1630680229162,7445957
1630680229202,7444966
1630680229242,7444862
1630680229282,7444653
1630680229322,7444601
1630680229362,7443923
1630680229402,7444288
1630680229442,7443871
1630680229482,7443349
1630680229522,7442984
1630680229562,7442619
1630680229602,7441733
1630680229642,7441420
1630680229682,7440168
1630680229722,7440012
1630680229762,7439282
1630680229802,7438447
1630680229842,7438708
1630680229882,7437717
1630680229922,7436622
1630680229962,7436049
1630680230002,7435475
1630680230042,7434954
1630680230082,7434276
1630680230122,7433702
1630680230162,7432763
1630680230202,7433650
1630680230242,7433180
1630680230282,7432711
1630680230322,7431929
1630680230362,7431355
1630680230402,7431303
1630680230442,7431877
1630680230482,7430782
1630680230522,7430625
1630680230562,7430103
1630680230602,7430156
1630680230642,7429478
1630680230682,7429374
1630680230722,7428904
1630680230762,7429217
1630680230802,7428904
1630680230842,7428695
1630680230882,7428800
1630680230922,7428904
1630680230962,7429739
1630680231002,7430886
1630680231042,7431251
1630680231082,7432711
1630680231122,7432815
1630680231162,7434067
1630680231202,7434954
1630680231242,7435214
1630680231282,7436153
1630680231322,7437196
1630680231362,7438082
1630680231402,7439490
1630680231442,7439543
1630680231482,7439856
1630680231522,7441211
1630680231562,7442515
1630680231602,7442880
1630680231642,7443454
1630680231682,7444810
1630680231722,7445279
1630680231762,7445592
1630680231802,7446478
1630680231842,7446843
1630680231882,7446843
1630680231922,7446687
1630680231962,7446739
1630680232002,7445853
1630680232042,7445070
1630680232082,7444132
1630680232122,7444497
1630680232162,7442932
1630680232202,7442306
1630680232242,7440951
1630680232282,7441055
1630680232322,7440429
1630680232362,7439908
1630680232402,7438813
1630680232442,7437509
1630680232482,7437092
1630680232522,7436414
1630680232562,7436049
1630680232602,7435266
1630680232642,7434693
1630680232682,7434015
1630680232722,7433076
1630680232762,7432711
1630680232802,7433233
1630680232842,7432085
1630680232882,7431929
1630680232922,7431616
1630680232962,7430990
1630680233002,7430469
1630680233042,7431094
1630680233082,7430156
1630680233122,7429791
1630680233162,7430364
1630680233202,7429634
1630680233242,7429843
1630680233282,7429321
1630680233322,7429686
1630680233362,7429113
1630680233402,7429843
1630680233442,7429113
1630680233482,7428852
1630680233522,7428956
1630680233562,7428487
1630680233602,7427913
1630680233642,7428435
1630680233682,7428904
1630680233722,7430312
1630680233762,7430938
1630680233802,7431668
1630680233842,7432450
1630680233882,7433650
1630680233922,7433911
1630680233962,7435840
1630680234002,7436883
1630680234042,7437039
1630680234082,7437770
1630680234122,7439230
1630680234162,7439125
1630680234202,7440325
1630680234242,7441003
1630680234282,7441629
1630680234322,7443297
1630680234362,7443767
1630680234402,7444966
1630680234442,7444705
1630680234482,7445905
1630680234522,7446374
1630680234562,7446792
1630680234602,7447052
1630680234642,7447104
1630680234682,7446792
1630680234722,7445957
1630680234762,7444236
1630680234802,7445227
1630680234842,7444810
1630680234882,7444341
1630680234922,7442880
1630680234962,7443037
1630680235002,7442724
1630680235042,7441420
1630680235082,7441107
1630680235122,7441003
1630680235162,7439647
1630680235202,7439595
1630680235242,7438917
1630680235282,7438030
1630680235322,7437457
1630680235362,7436779
1630680235402,7437144
1630680235442,7435996
1630680235482,7436101
1630680235522,7435319
1630680235562,7435006
1630680235602,7434432
1630680235642,7434223
1630680235682,7434328
1630680235722,7433702
1630680235762,7433545
1630680235802,7433233
1630680235842,7432555
1630680235882,7431929
1630680235922,7431042
1630680235962,7431511
1630680236002,7430521
1630680236042,7430677
1630680236082,7430469
1630680236122,7429530
1630680236162,7429895
1630680236202,7429895
1630680236242,7429374
1630680236282,7429739
1630680236322,7430208
1630680236362,7430103
1630680236402,7429999
1630680236442,7430364
1630680236482,7431303
1630680236522,7431825
1630680236562,7433076
1630680236602,7433650
1630680236642,7434693
1630680236682,7435319
1630680236722,7436257
1630680236762,7437665
1630680236802,7438656
1630680236842,7438917
1630680236882,7440429
1630680236922,7441211
1630680236962,7442202
1630680237002,7443454
1630680237042,7444549
1630680237082,7445800
1630680237122,7446478
1630680237162,7448304
1630680237202,7448512
1630680237242,7450129
1630680237282,7451068
1630680237322,7450702
1630680237362,7449920
1630680237402,7449138
1630680237442,7449086
1630680237482,7447313
1630680237522,7446113
1630680237562,7445644
1630680237602,7443871
1630680237642,7442098
1630680237682,7441681
1630680237722,7440481
1630680237762,7439595
1630680237802,7438969
1630680237842,7438187
1630680237882,7437457
1630680237922,7436935
1630680237962,7435892
1630680238002,7434641
1630680238042,7434067
1630680238082,7433754
1630680238122,7433076
1630680238162,7433389
1630680238202,7431616
1630680238242,7431877
1630680238282,7430834
1630680238322,7430938
1630680238362,7430834
1630680238402,7429843
1630680238442,7429374
1630680238482,7430312
1630680238522,7430103
1630680238562,7429843
1630680238602,7430312
1630680238642,7429947
1630680238682,7429843
1630680238722,7430417
1630680238762,7430729
1630680238802,7431616
1630680238842,7432607
1630680238882,7433128
1630680238922,7433650
1630680238962,7435162
1630680239002,7436205
1630680239042,7437196
1630680239082,7437874
1630680239122,7439647
1630680239162,7439856
1630680239202,7441368
1630680239242,7442306
1630680239282,7442984
1630680239322,7443923
1630680239362,7445018
1630680239402,7445592
1630680239442,7446687
1630680239482,7447469
1630680239522,7448356
1630680239562,7448982
1630680239602,7449555
1630680239642,7449399
1630680239682,7448825
1630680239722,7448565
1630680239762,7449034
1630680239802,7447834
1630680239842,7447261
1630680239882,7446531
1630680239922,7445800
1630680239962,7444966
1630680240002,7444080
1630680240042,7444184
1630680240082,7442828
1630680240122,7442411
1630680240162,7442098
1630680240202,7441264
1630680240242,7440690
1630680240282,7439751
1630680240322,7439178
1630680240362,7438708
1630680240402,7437613
1630680240442,7437144
1630680240482,7436779
1630680240522,7435527
1630680240562,7435006
1630680240602,7434328
1630680240642,7433598
1630680240682,7433702
1630680240722,7433076
1630680240762,7432137
1630680240802,7431877
1630680240842,7431720
1630680240882,7431251
1630680240922,7430417
1630680240962,7430782
1630680241002,7430469
1630680241042,7429739
1630680241082,7430052
1630680241122,7429478
1630680241162,7429686
1630680241202,7429060
1630680241242,7428331
1630680241282,7428956
1630680241322,7429582
1630680241362,7429999
1630680241402,7431147
1630680241442,7431303
1630680241482,7432190
1630680241522,7432711
1630680241562,7433389
1630680241602,7433806
1630680241642,7434588
1630680241682,7435996
1630680241722,7436205
1630680241762,7437092
1630680241802,7438604
1630680241842,7439334
1630680241882,7439073
1630680241922,7441003
1630680241962,7441524
1630680242002,7442567
1630680242042,7443871
1630680242082,7444288
1630680242122,7444914
1630680242162,7446270
1630680242202,7447104
1630680242242,7447365
1630680242282,7448200
1630680242322,7447469
1630680242362,7447000
1630680242402,7447521
1630680242442,7445383
1630680242482,7445331
1630680242522,7444757
1630680242562,7443819
1630680242602,7443245
1630680242642,7443454
1630680242682,7442515
1630680242722,7442359
1630680242762,7441576
1630680242802,7441681
1630680242842,7440325
1630680242882,7439490
1630680242922,7438760
1630680242962,7437770
1630680243002,7437926
1630680243042,7436466
1630680243082,7435684
1630680243122,7435423
1630680243162,7434328
1630680243202,7433754
1630680243242,7433128
1630680243282,7432868
1630680243322,7431929
1630680243362,7431981
1630680243402,7431042
1630680243442,7430417
1630680243482,7430208
1630680243522,7430208
1630680243562,7428800
1630680243602,7428278
1630680243642,7429217
1630680243682,7428852
1630680243722,7428331
1630680243762,7428644
1630680243802,7428591
1630680243842,7428644
1630680243882,7429009
1630680243922,7429321
1630680243962,7430417
1630680244002,7430208
1630680244042,7431668
1630680244082,7431407
1630680244122,7433545
1630680244162,7433911
1630680244202,7434432
1630680244242,7435788
1630680244282,7436414
1630680244322,7437405
1630680244362,7438343
1630680244402,7438969
1630680244442,7439803
1630680244482,7440429
1630680244522,7441629
1630680244562,7442359
1630680244602,7443141
1630680244642,7444236
1630680244682,7445696
1630680244722,7446270
1630680244762,7446948
1630680244802,7448147
1630680244842,7448043
1630680244882,7447991
1630680244922,7446948
1630680244962,7445749
1630680245002,7445435
1630680245042,7444914
1630680245082,7443819
1630680245122,7443715
1630680245162,7442254
1630680245202,7441629
1630680245242,7441003
1630680245282,7441055
1630680245322,7440846
1630680245362,7439386
1630680245402,7439073
1630680245442,7438447
1630680245482,7437561
1630680245522,7436935
1630680245562,7436570
1630680245602,7435319
1630680245642,7434223
1630680245682,7434276
1630680245722,7433180
1630680245762,7432868
1630680245802,7431564
1630680245842,7432033
1630680245882,7431407
1630680245922,7430938
1630680245962,7430521
1630680246002,7429999
1630680246042,7429426
1630680246082,7429269
1630680246122,7429686
1630680246162,7429165
1630680246202,7428800
1630680246242,7428695
1630680246282,7428539
1630680246322,7428331
1630680246362,7428487
1630680246402,7429113
1630680246442,7429791
1630680246482,7430364
1630680246522,7432033
1630680246562,7431720
1630680246602,7432711
1630680246642,7433963
1630680246682,7434797
1630680246722,7436101
1630680246762,7436674
1630680246802,7437405
1630680246842,7438239
1630680246882,7438865
1630680246922,7439803
1630680246962,7439960
1630680247002,7440898
1630680247042,7441472
1630680247082,7442567
1630680247122,7443923
1630680247162,7445018
1630680247202,7445331
1630680247242,7446218
1630680247282,7446792
1630680247322,7446531
1630680247362,7446478
1630680247402,7445279
1630680247442,7444862
1630680247482,7444080
1630680247522,7442724
1630680247562,7442515
1630680247602,7441264
1630680247642,7440586
1630680247682,7440481
1630680247722,7439386
1630680247762,7438969
1630680247802,7438187
1630680247842,7437561
1630680247882,7437196
1630680247922,7435944
1630680247962,7435319
1630680248002,7434797
1630680248042,7434223
1630680248082,7433963
1630680248122,7432815
1630680248162,7432137
1630680248202,7432398
1630680248242,7432033
1630680248282,7431094
1630680248322,7430834
1630680248362,7430103
1630680248402,7430103
1630680248442,7429739
1630680248482,7428956
1630680248522,7429582
1630680248562,7428800
1630680248602,7428331
1630680248642,7428383
1630680248682,7427809
1630680248722,7428800
1630680248762,7429165
1630680248802,7429739
1630680248842,7430990
1630680248882,7432503
1630680248922,7433180
1630680248962,7434171
1630680249002,7435110
1630680249042,7435840
1630680249082,7436779
1630680249122,7437874
1630680249162,7439178
1630680249202,7439438
1630680249242,7441524
1630680249282,7442672
1630680249322,7443141
1630680249362,7445070
1630680249402,7445540
1630680249442,7446374
1630680249482,7447782
1630680249522,7448877
1630680249562,7449608
1630680249602,7450859
1630680249642,7451485
1630680249682,7452059
1630680249722,7451641
1630680249762,7450077
1630680249802,7449451
1630680249842,7448669
1630680249882,7448147
1630680249922,7447052
1630680249962,7446322
1630680250002,7445905
1630680250042,7446270
1630680250082,7445800
1630680250122,7444757
1630680250162,7444445
1630680250202,7443610
1630680250242,7443402
1630680250282,7443193
1630680250322,7442776
1630680250362,7442254
1630680250402,7441994
1630680250442,7441368
1630680250482,7440690
1630680250522,7441316
1630680250562,7440742
1630680250602,7440325
1630680250642,7439751
1630680250682,7439960
1630680250722,7438656
1630680250762,7438760
1630680250802,7438708
1630680250842,7437770
1630680250882,7437717
1630680250922,7437300
1630680250962,7436674
1630680251002,7436518
1630680251042,7435736
1630680251082,7435944
1630680251122,7435006
1630680251162,7433963
1630680251202,7434223
1630680251242,7433650
1630680251282,7432242
1630680251322,7432346
1630680251362,7430938
1630680251402,7430312
1630680251442,7430156
1630680251482,7429999
1630680251522,7429999
1630680251562,7429686
1630680251602,7429530
1630680251642,7429634
1630680251682,7429217
1630680251722,7429009
1630680251762,7429374
1630680251802,7430312
1630680251842,7429999
1630680251882,7431720
1630680251922,7432450
1630680251962,7433337
1630680252002,7433911
1630680252042,7434901
1630680252082,7435736
1630680252122,7436935
1630680252162,7437561
1630680252202,7439438
1630680252242,7439856
1630680252282,7440846
1630680252322,7441733
1630680252362,7442567
1630680252402,7444653
1630680252442,7445175
1630680252482,7446478
1630680252522,7447574
1630680252562,7448460
1630680252602,7449399
1630680252642,7450807
1630680252682,7451641
1630680252722,7450963
1630680252762,7450546
1630680252802,7450233
1630680252842,7449034
1630680252882,7448251
1630680252922,7448200
1630680252962,7447469
1630680253002,7445905
1630680253042,7445488
1630680253082,7444862
1630680253122,7444236
1630680253162,7443715
1630680253202,7442567
1630680253242,7441837
1630680253282,7441785
1630680253322,7440638
1630680253362,7440638
1630680253402,7439595
1630680253442,7438865
1630680253482,7438082
1630680253522,7437300
1630680253562,7436362
1630680253602,7436309
1630680253642,7435840
1630680253682,7434641
1630680253722,7433650
1630680253762,7433389
1630680253802,7433128
1630680253842,7432607
1630680253882,7432763
1630680253922,7431772
1630680253962,7431564
1630680254002,7431564
1630680254042,7431929
1630680254082,7431251
1630680254122,7430886
1630680254162,7430573
1630680254202,7430625
1630680254242,7430052
1630680254282,7430260
1630680254322,7429947
1630680254362,7429009
1630680254402,7429060
1630680254442,7428800
1630680254482,7429060
1630680254522,7429582
1630680254562,7428800
1630680254602,7429217
1630680254642,7429009
1630680254682,7429739
1630680254722,7429895
1630680254762,7429999
1630680254802,7430364
1630680254842,7431460
1630680254882,7431929
1630680254922,7432972
1630680254962,7433180
1630680255002,7433702
1630680255042,7434849
1630680255082,7436049
1630680255122,7436883
1630680255162,7438082
1630680255202,7438604
1630680255242,7439073
1630680255282,7440533
1630680255322,7441159
1630680255362,7442567
1630680255402,7443037
1630680255442,7443297
1630680255482,7445018
1630680255522,7445175
1630680255562,7446374
1630680255602,7447469
1630680255642,7448304
1630680255682,7448043
1630680255722,7448460
1630680255762,7447730
1630680255802,7447000
1630680255842,7446792
1630680255882,7445644
1630680255922,7444392
1630680255962,7443871
1630680256002,7442515
1630680256042,7442098
1630680256082,7440951
1630680256122,7440168
1630680256162,7438604
1630680256202,7439178
1630680256242,7437405
1630680256282,7436727
1630680256322,7436153
1630680256362,7435006
1630680256402,7434380
1630680256442,7434276
1630680256482,7434067
1630680256522,7434067
1630680256562,7433441
1630680256602,7432555
1630680256642,7432450
1630680256682,7431616
1630680256722,7431668
1630680256762,7430417
1630680256802,7430364
1630680256842,7429999
1630680256882,7429791
1630680256922,7429999
1630680256962,7429739
1630680257002,7429165
1630680257042,7428748
1630680257082,7428956
1630680257122,7429113
1630680257162,7428695
1630680257202,7428487
1630680257242,7428904
1630680257282,7428956
1630680257322,7429582
1630680257362,7429999
1630680257402,7429217
1630680257442,7429269
1630680257482,7428956
1630680257522,7428487
1630680257562,7429009
1630680257602,7428748
1630680257642,7428226
1630680257682,7428174
1630680257722,7427287
1630680257762,7426766
1630680257802,7427235
1630680257842,7427861
1630680257882,7427392
1630680257922,7427340
1630680257962,7428487
1630680258002,7428070
1630680258042,7428174
1630680258082,7427757
1630680258122,7427861
1630680258162,7427757
1630680258202,7427287
1630680258242,7427027
1630680258282,7426088
1630680258322,7426297
1630680258362,7426558
1630680258402,7425932
1630680258442,7425984
1630680258482,7425515
1630680258522,7425775
1630680258562,7426193
1630680258602,7427913
1630680258642,7428174
1630680258682,7430208
1630680258722,7431460
1630680258762,7432033
1630680258802,7433441
1630680258842,7434745
1630680258882,7435840
1630680258922,7436727
1630680258962,7437509
1630680259002,7439490
1630680259042,7441420
1630680259082,7442254
1630680259122,7443975
1630680259162,7445123
1630680259202,7446583
1630680259242,7447886
1630680259282,7449034
1630680259322,7449973
1630680259362,7450390
1630680259402,7450755
1630680259442,7449555
1630680259482,7448200
1630680259522,7448408
1630680259562,7447208
1630680259602,7446896
1630680259642,7446270
1630680259682,7445435
1630680259722,7445175
1630680259762,7444027
1630680259802,7443819
1630680259842,7442984
1630680259882,7442515
1630680259922,7441472
1630680259962,7440898
1630680260002,7440221
1630680260042,7439960
1630680260082,7439490
1630680260122,7439125
1630680260162,7438447
1630680260202,7438395
1630680260242,7437874
1630680260282,7437196
1630680260322,7437248
1630680260362,7436883
1630680260402,7436257
1630680260442,7435162
1630680260482,7434954
1630680260522,7433963
1630680260562,7433076
1630680260602,7433441
1630680260642,7432868
1630680260682,7432450
1630680260722,7431355
1630680260762,7431720
1630680260802,7431303
1630680260842,7430417
1630680260882,7430521
1630680260922,7430260
1630680260962,7429791
1630680261002,7430208
1630680261042,7429530
1630680261082,7429113
1630680261122,7429165
1630680261162,7428800
1630680261202,7429269
1630680261242,7429217
1630680261282,7428644
1630680261322,7428539
1630680261362,7428331
1630680261402,7428070
1630680261442,7428331
1630680261482,7427861
1630680261522,7428278
1630680261562,7428487
1630680261602,7428278
1630680261642,7429321
1630680261682,7430052
1630680261722,7430834
1630680261762,7432868
1630680261802,7433076
1630680261842,7433598
1630680261882,7434536
1630680261922,7436153
1630680261962,7437405
1630680262002,7438030
1630680262042,7439230
1630680262082,7439647
1630680262122,7442359
1630680262162,7442828
1630680262202,7443819
1630680262242,7445383
1630680262282,7445644
1630680262322,7447000
1630680262362,7448512
1630680262402,7449138
1630680262442,7449190
1630680262482,7450755
1630680262522,7452006
1630680262562,7452215
1630680262602,7452789
1630680262642,7452163
1630680262682,7451954
1630680262722,7451537
1630680262762,7451537
1630680262802,7451172
1630680262842,7450598
1630680262882,7449868
1630680262922,7449764
1630680262962,7448200
1630680263002,7446896
1630680263042,7447052
1630680263082,7446061
1630680263122,7444757
1630680263162,7444549
1630680263202,7444132
1630680263242,7443506
1630680263282,7441785
1630680263322,7441576
1630680263362,7441472
1630680263402,7439699
1630680263442,7438500
1630680263482,7438447
1630680263522,7437457
1630680263562,7436935
1630680263602,7436153
1630680263642,7435684
1630680263682,7435006
1630680263722,7434849
1630680263762,7433911
1630680263802,7433806
1630680263842,7433233
1630680263882,7432763
1630680263922,7432503
1630680263962,7432242
1630680264002,7431460
1630680264042,7432555
1630680264082,7432346
1630680264122,7430990
1630680264162,7430417
1630680264202,7430886
1630680264242,7429947
1630680264282,7430103
1630680264322,7430156
1630680264362,7430156
1630680264402,7429321
1630680264442,7430103
1630680264482,7429999
1630680264522,7429999
1630680264562,7429009
1630680264602,7428644
1630680264642,7428539
1630680264682,7427966
1630680264722,7427548
1630680264762,7426558
1630680264802,7426244
1630680264842,7425827
1630680264882,7425515
1630680264922,7425879
1630680264962,7425462
1630680265002,7425567
1630680265042,7425097
1630680265082,7424263
1630680265122,7424993
1630680265162,7425723
1630680265202,7426140
1630680265242,7426714
1630680265282,7427548
1630680265322,7429165
1630680265362,7429947
1630680265402,7431929
1630680265442,7432711
1630680265482,7434641
1630680265522,7434901
1630680265562,7436935
1630680265602,7438239
1630680265642,7439334
1630680265682,7440168
1630680265722,7441055
1630680265762,7442932
1630680265802,7443245
1630680265842,7444341
1630680265882,7445592
1630680265922,7445644
1630680265962,7446583
1630680266002,7448251
1630680266042,7448565
1630680266082,7449190
1630680266122,7449190
1630680266162,7449242
1630680266202,7449347
1630680266242,7448825
1630680266282,7448512
1630680266322,7448200
1630680266362,7447469
1630680266402,7447104
1630680266442,7446218
1630680266482,7445383
1630680266522,7445331
1630680266562,7444132
1630680266602,7443297
1630680266642,7442932
1630680266682,7442202
1630680266722,7442098
1630680266762,7441264
1630680266802,7440221
1630680266842,7439178
1630680266882,7439178
1630680266922,7438708
1630680266962,7437665
1630680267002,7437248
1630680267042,7435996
1630680267082,7435527
1630680267122,7434484
1630680267162,7434641
1630680267202,7433285
1630680267242,7433233
1630680267282,7433493
1630680267322,7432711
1630680267362,7432503
1630680267402,7431877
1630680267442,7431720
1630680267482,7431199
1630680267522,7431511
1630680267562,7430469
1630680267602,7430573
1630680267642,7430417
1630680267682,7430052
1630680267722,7429634
1630680267762,7429791
1630680267802,7429269
1630680267842,7429321
1630680267882,7429374
1630680267922,7429217
1630680267962,7429374
1630680268002,7429217
1630680268042,7429217
1630680268082,7430052
1630680268122,7430312
1630680268162,7431407
1630680268202,7432503
1630680268242,7433754
1630680268282,7434223
1630680268322,7434849
1630680268362,7435736
1630680268402,7436727
1630680268442,7437926
1630680268482,7439282
1630680268522,7439438
1630680268562,7440377
1630680268602,7441941
1630680268642,7442724
1630680268682,7443558
1630680268722,7444341
1630680268762,7444653
1630680268802,7445488
1630680268842,7446687
1630680268882,7448251
1630680268922,7448669
1630680268962,7449399
1630680269002,7449920
1630680269042,7451016
1630680269082,7450755
1630680269122,7449973
1630680269162,7449555
1630680269202,7449659
1630680269242,7448825
1630680269282,7447626
1630680269322,7446478
1630680269362,7446687
1630680269402,7446113
1630680269442,7444914
1630680269482,7444810
1630680269522,7443975
1630680269562,7443715
1630680269602,7442411
1630680269642,7442515
1630680269682,7442463
1630680269722,7441576
1630680269762,7441107
1630680269802,7440325
1630680269842,7440221
1630680269882,7440064
1630680269922,7439595
1630680269962,7439490
1630680270002,7438813
1630680270042,7437770
1630680270082,7436987
1630680270122,7436570
1630680270162,7436257
1630680270202,7435579
1630680270242,7435319
1630680270282,7435006
1630680270322,7434223
1630680270362,7433963
1630680270402,7433285
1630680270442,7434015
1630680270482,7433076
1630680270522,7432398
1630680270562,7432294
1630680270602,7432242
1630680270642,7432033
1630680270682,7431668
1630680270722,7431407
1630680270762,7430052
1630680270802,7430156
1630680270842,7430573
1630680270882,7429426
1630680270922,7429791
1630680270962,7429478
1630680271002,7429165
1630680271042,7429791
1630680271082,7429582
1630680271122,7429999
1630680271162,7429321
1630680271202,7430312
1630680271242,7430469
1630680271282,7431720
1630680271322,7432294
1630680271362,7433337
1630680271402,7434536
1630680271442,7434328
1630680271482,7435684
1630680271522,7436570
1630680271562,7437665
1630680271602,7438395
1630680271642,7439125
1630680271682,7440064
1630680271722,7441003
1630680271762,7441368
1630680271802,7441941
1630680271842,7443558
1630680271882,7443610
1630680271922,7444236
1630680271962,7445696
1630680272002,7445696
1630680272042,7446478
1630680272082,7447261
1630680272122,7448200
1630680272162,7448512
1630680272202,7447991
1630680272242,7447417
1630680272282,7447052
1630680272322,7447052
1630680272362,7446270
1630680272402,7445800
1630680272442,7444966
1630680272482,7444027
1630680272522,7443037
1630680272562,7442515
1630680272602,7441889
1630680272642,7441941
1630680272682,7441003
1630680272722,7439230
1630680272762,7439490
1630680272802,7439073
1630680272842,7437822
1630680272882,7437300
1630680272922,7436727
1630680272962,7436153
1630680273002,7436049
1630680273042,7434745
1630680273082,7433754
1630680273122,7434171
1630680273162,7433180
1630680273202,7432607
1630680273242,7432450
1630680273282,7432085
1630680273322,7431877
1630680273362,7430990
1630680273402,7431147
1630680273442,7430312
1630680273482,7430312
1630680273522,7430521
1630680273562,7429895
1630680273602,7430729
1630680273642,7430312
1630680273682,7429843
1630680273722,7429686
1630680273762,7429478
1630680273802,7430312
1630680273842,7430156
1630680273882,7430782
1630680273922,7431668
1630680273962,7432137
1630680274002,7433285
1630680274042,7433911
1630680274082,7434849
1630680274122,7436466
1630680274162,7436831
1630680274202,7438656
1630680274242,7439282
1630680274282,7440116
1630680274322,7441420
1630680274362,7442046
1630680274402,7442515
1630680274442,7444080
1630680274482,7445644
1630680274522,7446896
1630680274562,7447939
1630680274602,7448825
1630680274642,7449868
1630680274682,7451589
1630680274722,7452580
1630680274762,7452476
1630680274802,7452632
1630680274842,7451328
1630680274882,7451902
1630680274922,7451224
1630680274962,7449190
1630680275002,7448200
1630680275042,7447782
1630680275082,7446531
1630680275122,7446374
1630680275162,7445488
1630680275202,7445123
1630680275242,7444549
1630680275282,7443871
1630680275322,7443297
1630680275362,7442828
1630680275402,7442098
1630680275442,7441733
1630680275482,7441264
1630680275522,7440377
1630680275562,7439386
1630680275602,7439334
1630680275642,7438187
1630680275682,7437770
1630680275722,7438030
1630680275762,7437874
1630680275802,7437092
1630680275842,7436205
1630680275882,7436831
1630680275922,7436049
1630680275962,7434693
1630680276002,7434119
1630680276042,7434223
1630680276082,7434119
1630680276122,7433441
1630680276162,7433806
1630680276202,7432920
1630680276242,7432711
1630680276282,7431564
1630680276322,7431355
1630680276362,7431407
1630680276402,7431147
1630680276442,7430938
1630680276482,7430573
1630680276522,7430364
1630680276562,7429843
1630680276602,7430103
1630680276642,7429530
1630680276682,7429686
1630680276722,7430208
1630680276762,7429999
1630680276802,7430312
1630680276842,7430260
1630680276882,7431303
1630680276922,7431981
1630680276962,7433963
1630680277002,7434223
1630680277042,7435006
1630680277082,7436049
1630680277122,7437144
1630680277162,7437874
1630680277202,7438552
1630680277242,7439803
1630680277282,7439960
1630680277322,7441159
1630680277362,7441994
1630680277402,7442984
1630680277442,7443767
1630680277482,7444862
1630680277522,7445957
1630680277562,7446635
1630680277602,7447834
1630680277642,7448721
1630680277682,7449294
1630680277722,7450025
1630680277762,7449868
1630680277802,7448565
1630680277842,7448408
1630680277882,7447834
1630680277922,7447052
1630680277962,7445592
1630680278002,7444966
1630680278042,7444236
1630680278082,7443923
1630680278122,7442880
1630680278162,7442619
1630680278202,7441107
1630680278242,7440481
1630680278282,7440429
1630680278322,7440012
1630680278362,7438656
1630680278402,7437822
1630680278442,7437039
1630680278482,7436727
1630680278522,7436779
1630680278562,7436153
1630680278602,7435840
1630680278642,7434849
1630680278682,7434745
1630680278722,7434484
1630680278762,7434484
1630680278802,7433024
1630680278842,7433233
1630680278882,7432555
1630680278922,7433233
1630680278962,7432450
1630680279002,7432085
1630680279042,7432137
1630680279082,7431147
1630680279122,7431355
1630680279162,7431511
1630680279202,7431147
1630680279242,7430677
1630680279282,7430677
1630680279322,7430573
1630680279362,7430417
1630680279402,7429530
1630680279442,7430312
1630680279482,7429582
1630680279522,7429269
1630680279562,7429530
1630680279602,7429269
1630680279642,7429321
1630680279682,7429217
1630680279722,7429374
1630680279762,7430573
1630680279802,7430364
1630680279842,7430364
1630680279882,7431772
1630680279922,7433285
1630680279962,7433650
1630680280002,7434745
1630680280042,7435892
1630680280082,7436309
1630680280122,7437874
1630680280162,7438187
1630680280202,7439230
1630680280242,7440064
1630680280282,7440586
1630680280322,7441681
1630680280362,7442463
1630680280402,7442984
1630680280442,7443506
1630680280482,7444445
1630680280522,7445488
1630680280562,7445905
1630680280602,7446426
1630680280642,7447261
1630680280682,7447574
1630680280722,7447991
1630680280762,7447104
1630680280802,7447052
1630680280842,7446478
1630680280882,7444914
1630680280922,7444757
1630680280962,7444445
1630680281002,7442984
1630680281042,7442254
1630680281082,7441472
1630680281122,7441211
1630680281162,7439856
1630680281202,7439282
1630680281242,7439178
1630680281282,7437926
1630680281322,7437300
1630680281362,7437196
1630680281402,7436257
1630680281442,7435371
1630680281482,7435162
1630680281522,7434536
1630680281562,7433389
1630680281602,7432972
1630680281642,7432920
1630680281682,7432555
1630680281722,7432033
1630680281762,7431511
1630680281802,7432033
1630680281842,7430886
1630680281882,7430469
1630680281922,7430782
1630680281962,7430260
1630680282002,7429895
1630680282042,7429947
1630680282082,7429269
1630680282122,7429634
1630680282162,7428591
1630680282202,7428852
1630680282242,7428748
1630680282282,7428800
1630680282322,7428800
1630680282362,7429686
1630680282402,7429478
1630680282442,7430103
1630680282482,7431251
1630680282522,7432398
1630680282562,7432868
1630680282602,7434119
1630680282642,7434745
1630680282682,7435684
1630680282722,7436257
1630680282762,7437717
1630680282802,7439073
1630680282842,7439751
1630680282882,7440429
1630680282922,7441472
1630680282962,7441941
1630680283002,7443297
1630680283042,7443402
1630680283082,7444705
1630680283122,7445644
1630680283162,7446322
1630680283202,7446635
1630680283242,7448460
1630680283282,7447313
1630680283322,7447261
1630680283362,7446270
1630680283402,7445644
1630680283442,7445175
1630680283482,7444757
1630680283522,7444184
1630680283562,7443558
1630680283602,7443454
1630680283642,7442724
1630680283682,7442724
1630680283722,7441733
1630680283762,7441264
1630680283802,7441055
1630680283842,7439647
1630680283882,7439021
1630680283922,7438708
1630680283962,7438343
1630680284002,7437874
1630680284042,7436935
1630680284082,7436831
1630680284122,7436362
1630680284162,7435736
1630680284202,7435006
1630680284242,7435006
1630680284282,7435110
1630680284322,7433702
1630680284362,7434536
1630680284402,7433441
1630680284442,7432868
1630680284482,7432815
1630680284522,7431877
1630680284562,7432085
1630680284602,7431303
1630680284642,7431877
1630680284682,7430469
1630680284722,7430938
1630680284762,7430364
1630680284802,7430677
1630680284842,7430260
1630680284882,7430156
1630680284922,7429686
1630680284962,7430156
1630680285002,7429999
1630680285042,7429686
1630680285082,7429478
1630680285122,7429999
1630680285162,7429582
1630680285202,7429165
1630680285242,7429374
1630680285282,7429634
1630680285322,7430260
1630680285362,7430364
1630680285402,7431303
1630680285442,7431877
1630680285482,7433702
1630680285522,7434276
1630680285562,7434954
1630680285602,7435684
1630680285642,7436674
1630680285682,7437248
1630680285722,7438187
1630680285762,7438969
1630680285802,7439386
1630680285842,7439856
1630680285882,7441576
1630680285922,7441368
1630680285962,7441629
1630680286002,7443141
1630680286042,7444184
1630680286082,7445175
1630680286122,7446270
1630680286162,7447104
1630680286202,7446843
1630680286242,7447678
1630680286282,7447521
1630680286322,7447157
1630680286362,7445435
1630680286402,7444497
1630680286442,7444705
1630680286482,7443558
1630680286522,7442828
1630680286562,7442306
1630680286602,7440846
1630680286642,7440168
1630680286682,7439699
1630680286722,7438760
1630680286762,7438447
1630680286802,7437978
1630680286842,7437300
1630680286882,7435840
1630680286922,7435475
1630680286962,7435006
1630680287002,7434901
1630680287042,7433702
1630680287082,7432972
1630680287122,7433858
1630680287162,7432346
1630680287202,7432503
1630680287242,7431981
1630680287282,7431877
1630680287322,7432659
1630680287362,7431981
1630680287402,7430729
1630680287442,7431147
1630680287482,7430260
1630680287522,7431094
1630680287562,7430469
1630680287602,7430417
1630680287642,7430260
1630680287682,7430625
1630680287722,7429634
1630680287762,7430103
1630680287802,7429843
1630680287842,7429999
1630680287882,7429478
1630680287922,7429478
1630680287962,7428748
1630680288002,7429582
1630680288042,7429113
1630680288082,7428226
1630680288122,7428748
1630680288162,7429165
1630680288202,7429374
1630680288242,7429634
1630680288282,7431407
1630680288322,7431877
1630680288362,7432972
1630680288402,7433441
1630680288442,7434484
1630680288482,7434588
1630680288522,7436257
1630680288562,7436674
1630680288602,7437613
1630680288642,7438917
1630680288682,7439178
1630680288722,7439490
1630680288762,7441055
1630680288802,7441733
1630680288842,7442046
1630680288882,7442984
1630680288922,7444288
1630680288962,7445175
1630680289002,7445592
1630680289042,7446322
1630680289082,7446635
1630680289122,7446792
1630680289162,7446531
1630680289202,7445383
1630680289242,7446009
1630680289282,7444445
1630680289322,7444027
1630680289362,7443297
1630680289402,7442932
1630680289442,7442411
1630680289482,7442150
1630680289522,7440846
1630680289562,7440273
1630680289602,7439230
1630680289642,7438813
1630680289682,7438708
1630680289722,7437405
1630680289762,7437196
1630680289802,7436831
1630680289842,7435684
1630680289882,7435266
1630680289922,7434901
1630680289962,7433806
1630680290002,7433180
1630680290042,7433233
1630680290082,7432659
1630680290122,7432555
1630680290162,7432346
1630680290202,7431251
1630680290242,7431616
1630680290282,7430782
1630680290322,7430312
1630680290362,7430208
1630680290402,7430156
1630680290442,7430103
1630680290482,7429374
1630680290522,7429895
1630680290562,7429060
1630680290602,7429321
1630680290642,7429009
1630680290682,7429217
1630680290722,7429374
1630680290762,7428383
1630680290802,7429009
1630680290842,7428956
1630680290882,7429060
1630680290922,7429321
1630680290962,7430052
1630680291002,7430625
1630680291042,7431616
1630680291082,7431564
1630680291122,7433076
1630680291162,7434119
1630680291202,7434536
1630680291242,7434901
1630680291282,7436153
1630680291322,7437613
1630680291362,7437874
1630680291402,7439230
1630680291442,7439595
1630680291482,7441368
1630680291522,7441576
1630680291562,7442932
1630680291602,7442932
1630680291642,7444288
1630680291682,7444653
1630680291722,7445853
1630680291762,7446583
1630680291802,7446896
1630680291842,7447417
1630680291882,7447313
1630680291922,7446792
1630680291962,7446583
1630680292002,7445749
1630680292042,7445905
1630680292082,7444810
1630680292122,7444445
1630680292162,7443245
1630680292202,7442932
1630680292242,7441889
1630680292282,7440794
1630680292322,7440377
1630680292362,7439334
1630680292402,7438656
1630680292442,7439282
1630680292482,7437613
1630680292522,7436049
1630680292562,7437039
1630680292602,7437144
1630680292642,7435944
1630680292682,7435266
1630680292722,7434067
1630680292762,7433911
1630680292802,7433337
1630680292842,7433128
1630680292882,7433128
1630680292922,7432763
1630680292962,7432085
1630680293002,7431511
1630680293042,7431616
1630680293082,7430625
1630680293122,7430886
1630680293162,7430990
1630680293202,7429739
1630680293242,7429947
1630680293282,7430156
1630680293322,7429321
1630680293362,7429009
1630680293402,7429009
1630680293442,7429009
1630680293482,7429060
1630680293522,7428852
1630680293562,7429478
1630680293602,7430156
1630680293642,7430729
1630680293682,7431616
1630680293722,7432659
1630680293762,7433702
1630680293802,7434745
1630680293842,7435631
1630680293882,7435996
1630680293922,7437352
1630680293962,7437665
1630680294002,7438969
1630680294042,7439490
1630680294082,7440794
1630680294122,7441107
1630680294162,7443245
1630680294202,7442776
1630680294242,7443767
1630680294282,7444601
1630680294322,7445800
1630680294362,7446896
1630680294402,7447313
1630680294442,7447469
1630680294482,7448251
1630680294522,7447834
1630680294562,7447365
1630680294602,7447000
1630680294642,7446270
1630680294682,7445644
1630680294722,7445018
1630680294762,7444810
1630680294802,7444288
1630680294842,7444184
1630680294882,7442880
1630680294922,7442880
1630680294962,7442046
1630680295002,7441994
1630680295042,7442046
1630680295082,7440846
1630680295122,7440690
1630680295162,7439386
1630680295202,7439021
1630680295242,7438760
1630680295282,7437561
1630680295322,7437300
1630680295362,7437300
1630680295402,7436674
1630680295442,7436466
1630680295482,7435684
1630680295522,7434328
1630680295562,7434119
1630680295602,7433441
1630680295642,7433911
1630680295682,7433128
1630680295722,7432711
1630680295762,7432607
1630680295802,7431772
1630680295842,7432137
1630680295882,7431147
1630680295922,7431199
1630680295962,7430834
1630680296002,7430469
1630680296042,7429791
1630680296082,7429530
1630680296122,7430156
1630680296162,7428852
1630680296202,7429947
1630680296242,7428800
1630680296282,7429321
1630680296322,7429686
1630680296362,7429634
1630680296402,7430521
1630680296442,7431199
1630680296482,7432659
1630680296522,7433493
1630680296562,7433963
1630680296602,7435371
1630680296642,7435736
1630680296682,7436727
1630680296722,7437822
1630680296762,7438865
1630680296802,7439595
1630680296842,7440116
1630680296882,7441316
1630680296922,7442619
1630680296962,7442672
1630680297002,7443662
1630680297042,7445435
1630680297082,7445540
1630680297122,7446687
1630680297162,7448617
1630680297202,7448304
1630680297242,7449764
1630680297282,7449712
1630680297322,7449555
1630680297362,7449242
1630680297402,7448095
1630680297442,7448200
1630680297482,7446896
1630680297522,7445853
1630680297562,7445905
1630680297602,7445123
1630680297642,7443819
1630680297682,7443037
1630680297722,7442202
1630680297762,7442046
1630680297802,7441055
1630680297842,7441003
1630680297882,7439595
1630680297922,7438604
1630680297962,7438552
1630680298002,7437874
1630680298042,7437978
1630680298082,7436570
1630680298122,7435996
1630680298162,7435944
1630680298202,7435631
1630680298242,7435266
1630680298282,7434380
1630680298322,7433911
1630680298362,7433285
1630680298402,7432503
1630680298442,7432659
1630680298482,7431772
1630680298522,7431981
1630680298562,7431251
1630680298602,7430782
1630680298642,7430782
1630680298682,7430938
1630680298722,7430260
1630680298762,7430417
1630680298802,7430208
1630680298842,7430625
1630680298882,7430729
1630680298922,7430156
1630680298962,7429999
1630680299002,7429895
1630680299042,7429321
1630680299082,7429374
1630680299122,7429426
1630680299162,7428695
1630680299202,7429530
1630680299242,7429791
1630680299282,7430677
1630680299322,7431720
1630680299362,7432242
1630680299402,7433493
1630680299442,7434067
1630680299482,7434328
1630680299522,7435371
1630680299562,7436257
1630680299602,7437561
1630680299642,7438291
1630680299682,7439125
1630680299722,7439386
1630680299762,7440116
1630680299802,7441107
1630680299842,7441994
1630680299882,7443193
1630680299922,7443819
1630680299962,7445331
1630680300002,7445696
1630680300042,7447104
1630680300082,7447991
1630680300122,7448095
1630680300162,7448825
1630680300202,7448565
1630680300242,7447678
1630680300282,7446113
1630680300322,7445488
1630680300362,7444966
1630680300402,7444601
1630680300442,7443506
1630680300482,7442463
1630680300522,7442932
1630680300562,7441211
1630680300602,7441003
1630680300642,7440064
1630680300682,7439490
1630680300722,7439021
1630680300762,7437717
1630680300802,7436570
1630680300842,7436987
1630680300882,7436518
1630680300922,7435266
1630680300962,7434797
1630680301002,7434223
1630680301042,7434223
1630680301082,7433441
1630680301122,7433441
1630680301162,7432920
1630680301202,7433024
1630680301242,7432242
1630680301282,7431668
1630680301322,7431616
1630680301362,7431251
1630680301402,7431094
1630680301442,7431251
1630680301482,7430417
1630680301522,7430625
1630680301562,7430677
1630680301602,7430156
1630680301642,7430156
1630680301682,7430156
1630680301722,7430052
1630680301762,7430052
1630680301802,7429999
1630680301842,7429321
1630680301882,7429321
1630680301922,7429321
1630680301962,7428852
1630680302002,7428487
1630680302042,7429426
1630680302082,7429113
1630680302122,7430625
1630680302162,7431147
1630680302202,7431094
1630680302242,7433076
1630680302282,7433076
1630680302322,7434328
1630680302362,7435319
1630680302402,7435892
1630680302442,7436935
1630680302482,7437457
1630680302522,7438969
1630680302562,7438865
1630680302602,7439803
1630680302642,7441211
1630680302682,7441576
1630680302722,7443402
1630680302762,7443871
1630680302802,7445018
1630680302842,7445331
1630680302882,7446687
1630680302922,7447521
1630680302962,7448565
1630680303002,7448356
1630680303042,7449138
1630680303082,7447730
1630680303122,7446426
1630680303162,7446270
1630680303202,7445853
1630680303242,7444080
1630680303282,7443715
1630680303322,7443506
1630680303362,7442411
1630680303402,7442254
1630680303442,7441420
1630680303482,7440168
1630680303522,7440168
1630680303562,7438760
1630680303602,7438708
1630680303642,7438187
1630680303682,7437248
1630680303722,7436049
1630680303762,7435631
1630680303802,7435214
1630680303842,7434536
1630680303882,7434276
1630680303922,7433858
1630680303962,7433128
1630680304002,7432607
1630680304042,7432659
1630680304082,7432763
1630680304122,7432555
1630680304162,7431147
1630680304202,7430625
1630680304242,7431042
1630680304282,7430208
1630680304322,7429895
1630680304362,7429634
1630680304402,7429530
1630680304442,7429165
1630680304482,7429478
1630680304522,7429217
1630680304562,7428748
1630680304602,7429374
1630680304642,7429060
1630680304682,7429530
1630680304722,7428904
1630680304762,7429165
1630680304802,7429060
1630680304842,7429947
1630680304882,7430938
1630680304922,7431147
1630680304962,7431877
1630680305002,7433233
1630680305042,7434067
1630680305082,7434641
1630680305122,7436205
1630680305162,7436518
1630680305202,7437874
1630680305242,7439125
1630680305282,7439595
1630680305322,7441003
1630680305362,7441733
1630680305402,7442306
1630680305442,7443245
1630680305482,7443089
1630680305522,7444341
1630680305562,7445070
1630680305602,7446739
1630680305642,7447678
1630680305682,7447626
1630680305722,7449138
1630680305762,7448512
1630680305802,7447782
1630680305842,7447261
1630680305882,7446270
1630680305922,7445331
1630680305962,7443610
1630680306002,7443193
1630680306042,7441994
1630680306082,7440794
1630680306122,7440325
1630680306162,7439282
1630680306202,7438447
1630680306242,7437874
1630680306282,7437561
1630680306322,7436987
1630680306362,7436518
1630680306402,7435006
1630680306442,7434015
1630680306482,7433389
1630680306522,7433233
1630680306562,7433024
1630680306602,7432137
1630680306642,7431929
1630680306682,7431616
1630680306722,7430364
1630680306762,7430573
1630680306802,7429895
1630680306842,7430469
1630680306882,7430260
1630680306922,7430103
1630680306962,7429321
1630680307002,7429843
1630680307042,7429478
1630680307082,7429739
1630680307122,7429843
1630680307162,7429321
1630680307202,7430052
1630680307242,7431042
1630680307282,7431616
1630680307322,7432607
1630680307362,7433233
1630680307402,7433806
1630680307442,7434797
1630680307482,7435162
1630680307522,7436518
1630680307562,7437300
1630680307602,7438500
1630680307642,7439230
1630680307682,7439803
1630680307722,7441316
1630680307762,7441889
1630680307802,7443454
1630680307842,7443767
1630680307882,7444966
1630680307922,7446478
1630680307962,7446426
1630680308002,7447365
1630680308042,7448356
1630680308082,7448460
1630680308122,7447939
1630680308162,7447782
1630680308202,7446739
1630680308242,7446061
1630680308282,7445853
1630680308322,7444757
1630680308362,7444601
1630680308402,7443819
1630680308442,7443141
1630680308482,7443141
1630680308522,7441837
1630680308562,7441472
1630680308602,7440898
1630680308642,7440377
1630680308682,7439595
1630680308722,7439438
1630680308762,7438604
1630680308802,7438239
1630680308842,7437352
1630680308882,7436987
1630680308922,7436153
1630680308962,7436101
1630680309002,7435684
1630680309042,7435527
1630680309082,7434588
1630680309122,7434901
1630680309162,7434015
1630680309202,7434328
1630680309242,7433233
1630680309282,7432972
1630680309322,7432450
1630680309362,7431720
1630680309402,7431355
1630680309442,7431981
1630680309482,7430573
1630680309522,7431355
1630680309562,7430625
1630680309602,7430573
1630680309642,7430052
1630680309682,7429843
1630680309722,7429895
1630680309762,7428904
1630680309802,7429269
1630680309842,7429478
1630680309882,7429634
1630680309922,7429060
1630680309962,7429113
1630680310002,7429686
1630680310042,7430990
1630680310082,7431720
1630680310122,7432346
1630680310162,7433598
1630680310202,7434588
1630680310242,7435736
1630680310282,7436205
1630680310322,7436674
1630680310362,7438082
1630680310402,7439543
1630680310442,7440168
1630680310482,7441003
1630680310522,7441576
1630680310562,7442619
1630680310602,7443975
1630680310642,7444705
1630680310682,7445957
1630680310722,7446843
1630680310762,7447678
1630680310802,7449138
1630680310842,7449608
1630680310882,7449608
1630680310922,7449555
1630680310962,7448721
1630680311002,7448147
1630680311042,7447469
1630680311082,7447104
1630680311122,7445331
1630680311162,7444862
1630680311202,7444445
1630680311242,7443402
1630680311282,7442202
1630680311322,7441003
1630680311362,7440586
1630680311402,7439230
1630680311442,7438343
1630680311482,7437561
1630680311522,7436883
1630680311562,7435475
1630680311602,7434536
1630680311642,7433650
1630680311682,7433337
1630680311722,7432398
1630680311762,7432659
1630680311802,7431877
1630680311842,7431355
1630680311882,7430469
1630680311922,7429947
1630680311962,7430417
1630680312002,7429634
1630680312042,7428800
1630680312082,7429113
1630680312122,7429217
1630680312162,7428383
1630680312202,7428904
1630680312242,7428383
1630680312282,7427861
1630680312322,7428331
1630680312362,7428070
1630680312402,7429478
1630680312442,7429686
1630680312482,7429895
1630680312522,7431199
1630680312562,7432503
1630680312602,7432763
1630680312642,7433806
1630680312682,7434536
1630680312722,7435579
1630680312762,7435631
1630680312802,7437092
1630680312842,7438656
1630680312882,7439386
1630680312922,7440533
1630680312962,7440533
1630680313002,7442567
1630680313042,7442984
1630680313082,7444341
1630680313122,7446166
1630680313162,7446687
1630680313202,7447574
1630680313242,7448460
1630680313282,7448200
1630680313322,7448565
1630680313362,7447000
1630680313402,7446792
1630680313442,7446061
1630680313482,7445592
1630680313522,7444497
1630680313562,7445070
1630680313602,7443715
1630680313642,7442150
1630680313682,7441681
1630680313722,7441107
1630680313762,7439699
1630680313802,7439490
1630680313842,7438708
1630680313882,7438865
1630680313922,7437665
1630680313962,7437352
1630680314002,7436101
1630680314042,7435996
1630680314082,7435840
1630680314122,7434328
1630680314162,7434432
1630680314202,7434015
1630680314242,7433128
1630680314282,7433128
1630680314322,7432294
1630680314362,7432137
1630680314402,7431668
1630680314442,7431564
1630680314482,7430938
1630680314522,7430625
1630680314562,7430625
1630680314602,7429791
1630680314642,7430312
1630680314682,7430208
1630680314722,7429999
1630680314762,7429947
1630680314802,7429947
1630680314842,7429947
1630680314882,7429530
1630680314922,7429060
1630680314962,7428956
1630680315002,7429321
1630680315042,7430208
1630680315082,7430469
1630680315122,7431355
1630680315162,7432503
1630680315202,7432659
1630680315242,7433441
1630680315282,7434328
1630680315322,7434223
1630680315362,7436205
1630680315402,7437092
1630680315442,7437457
1630680315482,7438500
1630680315522,7438917
1630680315562,7440638
1630680315602,7441785
1630680315642,7442359
1630680315682,7443141
1630680315722,7443141
1630680315762,7444236
1630680315802,7445800
1630680315842,7445540
1630680315882,7446792
1630680315922,7446896
1630680315962,7447052
1630680316002,7447052
1630680316042,7446270
1630680316082,7444132
1630680316122,7444132
1630680316162,7442359
1630680316202,7442724
1630680316242,7441785
1630680316282,7440742
1630680316322,7439699
1630680316362,7438865
1630680316402,7437457
1630680316442,7437405
1630680316482,7436309
1630680316522,7436153
1630680316562,7434693
1630680316602,7434223
1630680316642,7433545
1630680316682,7432920
1630680316722,7432190
1630680316762,7431564
1630680316802,7431303
1630680316842,7431303
1630680316882,7430625
1630680316922,7429791
1630680316962,7430103
1630680317002,7430625
1630680317042,7430417
1630680317082,7429739
1630680317122,7429478
1630680317162,7430052
1630680317202,7429113
1630680317242,7429165
1630680317282,7429269
1630680317322,7429113
1630680317362,7428748
1630680317402,7428591
1630680317442,7428695
1630680317482,7429009
1630680317522,7428539
1630680317562,7427861
1630680317602,7428591
1630680317642,7428591
1630680317682,7428278
1630680317722,7429165
1630680317762,7428904
1630680317802,7430260
1630680317842,7431251
1630680317882,7431564
1630680317922,7432503
1630680317962,7433858
1630680318002,7434693
1630680318042,7435736
1630680318082,7436362
1630680318122,7437457
1630680318162,7438813
1630680318202,7438917
1630680318242,7440168
1630680318282,7441576
1630680318322,7441420
1630680318362,7442411
1630680318402,7443245
1630680318442,7443923
1630680318482,7444705
1630680318522,7445540
1630680318562,7445905
1630680318602,7446531
1630680318642,7446322
1630680318682,7446583
1630680318722,7445644
1630680318762,7445175
1630680318802,7445488
1630680318842,7444549
1630680318882,7443349
1630680318922,7442776
1630680318962,7441681
1630680319002,7439908
1630680319042,7439282
1630680319082,7438760
1630680319122,7437770
1630680319162,7436935
1630680319202,7436309
1630680319242,7435579
1630680319282,7434536
1630680319322,7433858
1630680319362,7434276
1630680319402,7433128
1630680319442,7432659
1630680319482,7431772
1630680319522,7431564
1630680319562,7430417
1630680319602,7430990
1630680319642,7430677
1630680319682,7430521
1630680319722,7429582
1630680319762,7430156
1630680319802,7429374
1630680319842,7429530
1630680319882,7429686
1630680319922,7429217
1630680319962,7429530
1630680320002,7429739
1630680320042,7429321
1630680320082,7430103
1630680320122,7430990
1630680320162,7431772
1630680320202,7432137
1630680320242,7433285
1630680320282,7434641
1630680320322,7434797
1630680320362,7435475
1630680320402,7436622
1630680320442,7437144
1630680320482,7438343
1630680320522,7439073
1630680320562,7439908
1630680320602,7440429
1630680320642,7441785
1630680320682,7443245
1630680320722,7443454
1630680320762,7444445
1630680320802,7444966
1630680320842,7445488
1630680320882,7444966
1630680320922,7446166
1630680320962,7447104
1630680321002,7446896
1630680321042,7447574
1630680321082,7447157
1630680321122,7446113
1630680321162,7445749
1630680321202,7444757
1630680321242,7444027
1630680321282,7443037
1630680321322,7442724
1630680321362,7441472
1630680321402,7440273
1630680321442,7439438
1630680321482,7438447
1630680321522,7437092
1630680321562,7436727
1630680321602,7435319
1630680321642,7434328
1630680321682,7433076
1630680321722,7432607
1630680321762,7432033
1630680321802,7431251
1630680321842,7430364
1630680321882,7430103
1630680321922,7430260
1630680321962,7429426
1630680322002,7429165
1630680322042,7429165
1630680322082,7429165
1630680322122,7428591
1630680322162,7428070
1630680322202,7427966
1630680322242,7427861
1630680322282,7428070
1630680322322,7427861
1630680322362,7427913
1630680322402,7428331
1630680322442,7428956
1630680322482,7429739
1630680322522,7430677
1630680322562,7432137
1630680322602,7433076
1630680322642,7434015
1630680322682,7435266
1630680322722,7435944
1630680322762,7436362
1630680322802,7438135
1630680322842,7439073
1630680322882,7440533
1630680322922,7441576
1630680322962,7442150
1630680323002,7443037
1630680323042,7444705
1630680323082,7446009
1630680323122,7445749
1630680323162,7447730
1630680323202,7448929
1630680323242,7449294
1630680323282,7449816
1630680323322,7449659
1630680323362,7450494
1630680323402,7449347
1630680323442,7447521
1630680323482,7447313
1630680323522,7446478
1630680323562,7445592
1630680323602,7445070
1630680323642,7443975
1630680323682,7442880
1630680323722,7442098
1630680323762,7441472
1630680323802,7440794
1630680323842,7440116
1630680323882,7439386
1630680323922,7438552
1630680323962,7438135
1630680324002,7436831
1630680324042,7436466
1630680324082,7435684
1630680324122,7434223
1630680324162,7434797
1630680324202,7433911
1630680324242,7433128
1630680324282,7433180
1630680324322,7432346
1630680324362,7431720
1630680324402,7431355
1630680324442,7430938
1630680324482,7430729
1630680324522,7430677
1630680324562,7429582
1630680324602,7429374
1630680324642,7429374
1630680324682,7429374
1630680324722,7429060
1630680324762,7429217
1630680324802,7429165
1630680324842,7429217
1630680324882,7430312
1630680324922,7430938
1630680324962,7431199
1630680325002,7432607
1630680325042,7433911
1630680325082,7434119
1630680325122,7435475
1630680325162,7436414
1630680325202,7437822
1630680325242,7438395
1630680325282,7440273
1630680325322,7441159
1630680325362,7442567
1630680325402,7443715
1630680325442,7445018
1630680325482,7446166
1630680325522,7447261
1630680325562,7449034
1630680325602,7450442
1630680325642,7452215
1630680325682,7453779
1630680325722,7455918
1630680325762,7456648
1630680325802,7457795
1630680325842,7459568
1630680325882,7461289
1630680325922,7462175
1630680325962,7464314
1630680326002,7466034
1630680326042,7467390
1630680326082,7469424
1630680326122,7469633
1630680326162,7469424
1630680326202,7469841
1630680326242,7469633
1630680326282,7469424
1630680326322,7467390
1630680326362,7465200
1630680326402,7463896
1630680326442,7461758
1630680326482,7460350
1630680326522,7458838
1630680326562,7457534
1630680326602,7456700
1630680326642,7456022
1630680326682,7454561
1630680326722,7453518
1630680326762,7452215
1630680326802,7451537
1630680326842,7451328
1630680326882,7450442
1630680326922,7449399
1630680326962,7449347
1630680327002,7448721
1630680327042,7448825
1630680327082,7447469
1630680327122,7447208
1630680327162,7446531
1630680327202,7446166
1630680327242,7445331
1630680327282,7445018
1630680327322,7444445
1630680327362,7444184
1630680327402,7443975
1630680327442,7443402
1630680327482,7443402
1630680327522,7443715
1630680327562,7442880
1630680327602,7442463
1630680327642,7442359
1630680327682,7441994
1630680327722,7441368
1630680327762,7441994
1630680327802,7440690
1630680327842,7440429
1630680327882,7440794
1630680327922,7440325
1630680327962,7439699
1630680328002,7439699
1630680328042,7438969
1630680328082,7438969
1630680328122,7438604
1630680328162,7438813
1630680328202,7438395
1630680328242,7438135
1630680328282,7437509
1630680328322,7437300
1630680328362,7437196
1630680328402,7436414
1630680328442,7436205
1630680328482,7435892
1630680328522,7436101
1630680328562,7436049
1630680328602,7435423
1630680328642,7435006
1630680328682,7434693
1630680328722,7434849
1630680328762,7434797
1630680328802,7434954
1630680328842,7434015
1630680328882,7433441
1630680328922,7434223
1630680328962,7432607
1630680329002,7432555
1630680329042,7432607
1630680329082,7432190
1630680329122,7432137
1630680329162,7432137
1630680329202,7432190
1630680329242,7432972
1630680329282,7433076
1630680329322,7433650
1630680329362,7434067
1630680329402,7435319
1630680329442,7436257
1630680329482,7436779
1630680329522,7437300
1630680329562,7438135
1630680329602,7438604
1630680329642,7440012
1630680329682,7440951
1630680329722,7441524
1630680329762,7442306
1630680329802,7442984
1630680329842,7444549
1630680329882,7445070
1630680329922,7446687
1630680329962,7447104
1630680330002,7448565
1630680330042,7448825
1630680330082,7449816
1630680330122,7451589
1630680330162,7452371
1630680330202,7453102
1630680330242,7453518
1630680330282,7453988
1630680330322,7453884
1630680330362,7452319
1630680330402,7451641
1630680330442,7451433
1630680330482,7450494
1630680330522,7449608
1630680330562,7449555
1630680330602,7448565
1630680330642,7448043
1630680330682,7448043
1630680330722,7447000
1630680330762,7446583
1630680330802,7445905
1630680330842,7445123
1630680330882,7445123
1630680330922,7444132
1630680330962,7444445
1630680331002,7443871
1630680331042,7442515
1630680331082,7442672
1630680331122,7442515
1630680331162,7441837
1630680331202,7441159
1630680331242,7440273
1630680331282,7439282
1630680331322,7439543
1630680331362,7438917
1630680331402,7438500
1630680331442,7437457
1630680331482,7437196
1630680331522,7437196
1630680331562,7436779
1630680331602,7436153
1630680331642,7435475
1630680331682,7435996
1630680331722,7435579
1630680331762,7434797
1630680331802,7434328
1630680331842,7433754
1630680331882,7433702
1630680331922,7433128
1630680331962,7433337
1630680332002,7433337
1630680332042,7432450
1630680332082,7432972
1630680332122,7431668
1630680332162,7431407
1630680332202,7432033
1630680332242,7431981
1630680332282,7432033
1630680332322,7432085
1630680332362,7432242
1630680332402,7432555
1630680332442,7432503
1630680332482,7433076
1630680332522,7434276
1630680332562,7435319
1630680332602,7435527
1630680332642,7436205
1630680332682,7436309
1630680332722,7437405
1630680332762,7438604
1630680332802,7439073
1630680332842,7439856
1630680332882,7441472
1630680332922,7441576
1630680332962,7441733
1630680333002,7442932
1630680333042,7444445
1630680333082,7444966
1630680333122,7445696
1630680333162,7446843
1630680333202,7447782
1630680333242,7448565
1630680333282,7448877
1630680333322,7449138
1630680333362,7448512
1630680333402,7448721
1630680333442,7448356
1630680333482,7447626
1630680333522,7446322
1630680333562,7445331
1630680333602,7445435
1630680333642,7444392
1630680333682,7444236
1630680333722,7443558
1630680333762,7443454
1630680333802,7442411
1630680333842,7442306
1630680333882,7441316
1630680333922,7440742
1630680333962,7440481
1630680334002,7439178
1630680334042,7438552
1630680334082,7437613
1630680334122,7437509
1630680334162,7436987
1630680334202,7435944
1630680334242,7435475
1630680334282,7435631
1630680334322,7435110
1630680334362,7433076
1630680334402,7434380
1630680334442,7434119
1630680334482,7433806
1630680334522,7433024
1630680334562,7433545
1630680334602,7433545
1630680334642,7432033
1630680334682,7431720
1630680334722,7432085
1630680334762,7431981
1630680334802,7431303
1630680334842,7430938
1630680334882,7431407
1630680334922,7430469
1630680334962,7430469
1630680335002,7430834
1630680335042,7430938
1630680335082,7430521
1630680335122,7430834
1630680335162,7432033
1630680335202,7432190
1630680335242,7433285
1630680335282,7433963
1630680335322,7434588
1630680335362,7435058
1630680335402,7435736
1630680335442,7436362
1630680335482,7437561
1630680335522,7438500
1630680335562,7439073
1630680335602,7439438
1630680335642,7440273
1630680335682,7441994
1630680335722,7442411
1630680335762,7443245
1630680335802,7444601
1630680335842,7445175
1630680335882,7446009
1630680335922,7446583
1630680335962,7446948
1630680336002,7447313
1630680336042,7447574
1630680336082,7446792
1630680336122,7447261
1630680336162,7446478
1630680336202,7446843
1630680336242,7445435
1630680336282,7444705
1630680336322,7444080
1630680336362,7443819
1630680336402,7443141
1630680336442,7442411
1630680336482,7442515
1630680336522,7441629
1630680336562,7441316
1630680336602,7440325
1630680336642,7439595
1630680336682,7439543
1630680336722,7438395
1630680336762,7439386
1630680336802,7437978
1630680336842,7437770
1630680336882,7437405
1630680336922,7436049
1630680336962,7436153
1630680337002,7434901
1630680337042,7434536
1630680337082,7434276
1630680337122,7433754
1630680337162,7433702
1630680337202,7432815
1630680337242,7433441
1630680337282,7433389
1630680337322,7431564
1630680337362,7431251
1630680337402,7431511
1630680337442,7431668
1630680337482,7431199
1630680337522,7431094
1630680337562,7430312
1630680337602,7430938
1630680337642,7430312
1630680337682,7429686
1630680337722,7430208
1630680337762,7430886
1630680337802,7430521
1630680337842,7431355
1630680337882,7432242
1630680337922,7432711
1630680337962,7432815
1630680338002,7433389
1630680338042,7434745
1630680338082,7435423
1630680338122,7436518
1630680338162,7436883
1630680338202,7438447
1630680338242,7439125
1630680338282,7439282
1630680338322,7439490
1630680338362,7440690
1630680338402,7441785
1630680338442,7443089
1630680338482,7443715
1630680338522,7443975
1630680338562,7445070
1630680338602,7445905
1630680338642,7447521
1630680338682,7447991
1630680338722,7448356
1630680338762,7448773
1630680338802,7448304
1630680338842,7448251
1630680338882,7448147
1630680338922,7446896
1630680338962,7446792
1630680339002,7445540
1630680339042,7445853
1630680339082,7445227
1630680339122,7445018
1630680339162,7444705
1630680339202,7443819
1630680339242,7444080
1630680339282,7442724
1630680339322,7442724
1630680339362,7441994
1630680339402,7441472
1630680339442,7441107
1630680339482,7439751
1630680339522,7439386
1630680339562,7439334
1630680339602,7438865
1630680339642,7437717
1630680339682,7437561
1630680339722,7436570
1630680339762,7436466
1630680339802,7436309
1630680339842,7435631
1630680339882,7434849
1630680339922,7434588
1630680339962,7434641
1630680340002,7434223
1630680340042,7433598
1630680340082,7433389
1630680340122,7432763
1630680340162,7433389
1630680340202,7433650
1630680340242,7432763
1630680340282,7432190
1630680340322,7432085
1630680340362,7432137
1630680340402,7431668
1630680340442,7431929
1630680340482,7431981
1630680340522,7431511
1630680340562,7431147
1630680340602,7430938
1630680340642,7431147
1630680340682,7431094
1630680340722,7430625
1630680340762,7430990
1630680340802,7431511
1630680340842,7431511
1630680340882,7433024
1630680340922,7432972
1630680340962,7434276
1630680341002,7435266
1630680341042,7435110
1630680341082,7436101
1630680341122,7437822
1630680341162,7437613
1630680341202,7438291
1630680341242,7439543
1630680341282,7439282
1630680341322,7440325
1630680341362,7441941
1630680341402,7443349
1630680341442,7443245
1630680341482,7444236
1630680341522,7445435
1630680341562,7445853
1630680341602,7446531
1630680341642,7447313
1630680341682,7448408
1630680341722,7448460
1630680341762,7448982
1630680341802,7447469
1630680341842,7447208
1630680341882,7446478
1630680341922,7445905
1630680341962,7445279
1630680342002,7444810
1630680342042,7443923
1630680342082,7443558
1630680342122,7442306
1630680342162,7442202
1630680342202,7441941
1630680342242,7441733
1630680342282,7441003
1630680342322,7439960
1630680342362,7439595
1630680342402,7439073
1630680342442,7438447
1630680342482,7437926
1630680342522,7437300
1630680342562,7437405
1630680342602,7436883
1630680342642,7435944
1630680342682,7436205
1630680342722,7435736
1630680342762,7434954
1630680342802,7434536
1630680342842,7433911
1630680342882,7433806
1630680342922,7432763
1630680342962,7433441
1630680343002,7432607
1630680343042,7432137
1630680343082,7431564
1630680343122,7431303
1630680343162,7431147
1630680343202,7431147
1630680343242,7431199
1630680343282,7431094
1630680343322,7430156
1630680343362,7430677
1630680343402,7431094
1630680343442,7431042
1630680343482,7430573
1630680343522,7430729
1630680343562,7431772
1630680343602,7432450
1630680343642,7433024
1630680343682,7433806
1630680343722,7434380
1630680343762,7434849
1630680343802,7436727
1630680343842,7436883
1630680343882,7437561
1630680343922,7439073
1630680343962,7439021
1630680344002,7440116
1630680344042,7441420
1630680344082,7441681
1630680344122,7442254
1630680344162,7443662
1630680344202,7444236
1630680344242,7444757
1630680344282,7445749
1630680344322,7447000
1630680344362,7446687
1630680344402,7446478
1630680344442,7446687
1630680344482,7446374
1630680344522,7446113
1630680344562,7444914
1630680344602,7444601
1630680344642,7444236
1630680344682,7444184
1630680344722,7443402
1630680344762,7442880
1630680344802,7441994
1630680344842,7441837
1630680344882,7441107
1630680344922,7440638
1630680344962,7439438
1630680345002,7439334
1630680345042,7438604
1630680345082,7438447
1630680345122,7437561
1630680345162,7436883
1630680345202,7436831
1630680345242,7435214
1630680345282,7434745
1630680345322,7434276
1630680345362,7433858
1630680345402,7433285
1630680345442,7433337
1630680345482,7432398
1630680345522,7431616
1630680345562,7431668
1630680345602,7431355
1630680345642,7430990
1630680345682,7431147
1630680345722,7430938
1630680345762,7431042
1630680345802,7430208
1630680345842,7430208
1630680345882,7430312
1630680345922,7429739
1630680345962,7429321
1630680346002,7429009
1630680346042,7429791
1630680346082,7430260
1630680346122,7430417
1630680346162,7431355
1630680346202,7431981
1630680346242,7433337
1630680346282,7434119
1630680346322,7434328
1630680346362,7435579
1630680346402,7435892
1630680346442,7437457
1630680346482,7438082
1630680346522,7438708
1630680346562,7440012
1630680346602,7440481
1630680346642,7442098
1630680346682,7442046
1630680346722,7442880
1630680346762,7443454
1630680346802,7444862
1630680346842,7445905
1630680346882,7446218
1630680346922,7446792
1630680346962,7448043
1630680347002,7447991
1630680347042,7448825
1630680347082,7447782
1630680347122,7447365
1630680347162,7446583
1630680347202,7445749
1630680347242,7445800
1630680347282,7445123
1630680347322,7444236
1630680347362,7444184
1630680347402,7443193
1630680347442,7442306
1630680347482,7441733
1630680347522,7440951
1630680347562,7440064
1630680347602,7439751
1630680347642,7439334
1630680347682,7438969
1630680347722,7438239
1630680347762,7436466
1630680347802,7436674
1630680347842,7436466
1630680347882,7435371
1630680347922,7435423
1630680347962,7434693
1630680348002,7435058
1630680348042,7434067
1630680348082,7433441
1630680348122,7433441
1630680348162,7433493
1630680348202,7432659
1630680348242,7432294
1630680348282,7431772
1630680348322,7432659
1630680348362,7431720
1630680348402,7431303
1630680348442,7431251
1630680348482,7431094
1630680348522,7431355
1630680348562,7431147
1630680348602,7429791
1630680348642,7429791
1630680348682,7430103
1630680348722,7429582
1630680348762,7429269
1630680348802,7429426
1630680348842,7429269
1630680348882,7428591
1630680348922,7428956
1630680348962,7429374
1630680349002,7429999
1630680349042,7430729
1630680349082,7431303
1630680349122,7432920
1630680349162,7433598
1630680349202,7434276
1630680349242,7435684
1630680349282,7436049
1630680349322,7437092
1630680349362,7438239
1630680349402,7439230
1630680349442,7439803
1630680349482,7440481
1630680349522,7441472
1630680349562,7442202
1630680349602,7443193
1630680349642,7444288
1630680349682,7445435
1630680349722,7446009
1630680349762,7447208
1630680349802,7448147
1630680349842,7448460
1630680349882,7448877
1630680349922,7449190
1630680349962,7449086
1630680350002,7448825
1630680350042,7447678
1630680350082,7447157
1630680350122,7446792
1630680350162,7445853
1630680350202,7446009
1630680350242,7444705
1630680350282,7444236
1630680350322,7443975
1630680350362,7443037
1630680350402,7442828
1630680350442,7441733
1630680350482,7441472
1630680350522,7440951
1630680350562,7440221
1630680350602,7439699
1630680350642,7439230
1630680350682,7438447
1630680350722,7438187
1630680350762,7437978
1630680350802,7437300
1630680350842,7436883
1630680350882,7437092
1630680350922,7436987
1630680350962,7435788
1630680351002,7435631
1630680351042,7435736
1630680351082,7435058
1630680351122,7434693
1630680351162,7434171
1630680351202,7433911
1630680351242,7433858
1630680351282,7433128
1630680351322,7432085
1630680351362,7433337
1630680351402,7432137
1630680351442,7431825
1630680351482,7431355
1630680351522,7431355
1630680351562,7430521
1630680351602,7430625
1630680351642,7430938
1630680351682,7430938
1630680351722,7430103
1630680351762,7430782
1630680351802,7430938
1630680351842,7431303
1630680351882,7431407
1630680351922,7432711
1630680351962,7433076
1630680352002,7433180
1630680352042,7434223
1630680352082,7434588
1630680352122,7435579
1630680352162,7436205
1630680352202,7437457
1630680352242,7437874
1630680352282,7438552
1630680352322,7440377
1630680352362,7441785
1630680352402,7441733
1630680352442,7442359
1630680352482,7443402
1630680352522,7443715
1630680352562,7444914
1630680352602,7446166
1630680352642,7446531
1630680352682,7447626
1630680352722,7447991
1630680352762,7448825
1630680352802,7448982
1630680352842,7448251
1630680352882,7447730
1630680352922,7447208
1630680352962,7446478
1630680353002,7445800
1630680353042,7444445
1630680353082,7443662
1630680353122,7443715
1630680353162,7442098
1630680353202,7442724
1630680353242,7441889
1630680353282,7441159
1630680353322,7439803
1630680353362,7439803
1630680353402,7438656
1630680353442,7438030
1630680353482,7437822
1630680353522,7436570
1630680353562,7436622
1630680353602,7435423
1630680353642,7434588
1630680353682,7434119
1630680353722,7433754
1630680353762,7433285
1630680353802,7433024
1630680353842,7432503
1630680353882,7431720
1630680353922,7431772
1630680353962,7431511
1630680354002,7431199
1630680354042,7431147
1630680354082,7431616
1630680354122,7431564
1630680354162,7431460
1630680354202,7430834
1630680354242,7430729
1630680354282,7430103
1630680354322,7429895
1630680354362,7430103
1630680354402,7429895
1630680354442,7430625
1630680354482,7431251
1630680354522,7432711
1630680354562,7433806
1630680354602,7433650
1630680354642,7435162
1630680354682,7436257
1630680354722,7436883
1630680354762,7437926
1630680354802,7438865
1630680354842,7439856
1630680354882,7441629
1630680354922,7441941
1630680354962,7442306
1630680355002,7442880
1630680355042,7444757
1630680355082,7445435
1630680355122,7446426
1630680355162,7447417
1630680355202,7447626
1630680355242,7448825
1630680355282,7448669
1630680355322,7448982
1630680355362,7448929
1630680355402,7448251
1630680355442,7447782
1630680355482,7446478
1630680355522,7445800
1630680355562,7445018
1630680355602,7444653
1630680355642,7443819
1630680355682,7443297
1630680355722,7441889
1630680355762,7441941
1630680355802,7440377
1630680355842,7440586
1630680355882,7439178
1630680355922,7437926
1630680355962,7437405
1630680356002,7436831
1630680356042,7436205
1630680356082,7434954
1630680356122,7434849
1630680356162,7434745
1630680356202,7433858
1630680356242,7433702
1630680356282,7433128
1630680356322,7432868
1630680356362,7432763
1630680356402,7431981
1630680356442,7431929
1630680356482,7431460
1630680356522,7432190
1630680356562,7430208
1630680356602,7430364
1630680356642,7429530
1630680356682,7428435
1630680356722,7428539
1630680356762,7427496
1630680356802,7427444
1630680356842,7426401
1630680356882,7427340
1630680356922,7427601
1630680356962,7427340
1630680357002,7428383
1630680357042,7428644
1630680357082,7428695
1630680357122,7428800
1630680357162,7429426
1630680357202,7429999
1630680357242,7430677
1630680357282,7431564
1630680357322,7432346
1630680357362,7433128
1630680357402,7434223
1630680357442,7434276
1630680357482,7434693
1630680357522,7435788
1630680357562,7435631
1630680357602,7436779
1630680357642,7436779
1630680357682,7438395
1630680357722,7440012
1630680357762,7441733
1630680357802,7442202
1630680357842,7443871
1630680357882,7443975
1630680357922,7444288
1630680357962,7445331
1630680358002,7445905
1630680358042,7446113
1630680358082,7446009
1630680358122,7445644
1630680358162,7444392
1630680358202,7443193
1630680358242,7441681
1630680358282,7440273
1630680358322,7438500
1630680358362,7438082
1630680358402,7435788
1630680358442,7435579
1630680358482,7434067
1630680358522,7434380
1630680358562,7432346
1630680358602,7432972
1630680358642,7432450
1630680358682,7431668
1630680358722,7431564
1630680358762,7431199
1630680358802,7430521
1630680358842,7428539
1630680358882,7427652
1630680358922,7425723
1630680358962,7425462
1630680359002,7424263
1630680359042,7424002
1630680359082,7423533
1630680359122,7422959
1630680359162,7421812
1630680359202,7421916
1630680359242,7420717
1630680359282,7419778
1630680359322,7418683
1630680359362,7418631
1630680359402,7417744
1630680359442,7417223
1630680359482,7416806
1630680359522,7416910
1630680359562,7416806
1630680359602,7416962
1630680359642,7416858
1630680359682,7417379
1630680359722,7418214
1630680359762,7418370
1630680359802,7419100
1630680359842,7420039
1630680359882,7420873
1630680359922,7421603
1630680359962,7423481
1630680360002,7424836
1630680360042,7424993
1630680360082,7425932
1630680360122,7427966
1630680360162,7429113
1630680360202,7429530
1630680360242,7430886
1630680360282,7431199
1630680360322,7432190
1630680360362,7433650
1630680360402,7434849
1630680360442,7435058
1630680360482,7436101
1630680360522,7436935
1630680360562,7437144
1630680360602,7437092
1630680360642,7435788
1630680360682,7436153
1630680360722,7435162
1630680360762,7434797
1630680360802,7434432
1630680360842,7434223
1630680360882,7434328
1630680360922,7433337
1630680360962,7432555
1630680361002,7432033
1630680361042,7432137
1630680361082,7430990
1630680361122,7431147
1630680361162,7431407
1630680361202,7430521
1630680361242,7430364
1630680361282,7430364
1630680361322,7430573
1630680361362,7429895
1630680361402,7429113
1630680361442,7429113
1630680361482,7428591
1630680361522,7427966
1630680361562,7428070
1630680361602,7427652
1630680361642,7427079
1630680361682,7426662
1630680361722,7425462
1630680361762,7425932
1630680361802,7425410
1630680361842,7424211
1630680361882,7423742
1630680361922,7423898
1630680361962,7423481
1630680362002,7423011
1630680362042,7422594
1630680362082,7421551
1630680362122,7420717
1630680362162,7419726
1630680362202,7419517
1630680362242,7418683
1630680362282,7418787
1630680362322,7418735
1630680362362,7418057
1630680362402,7418474
1630680362442,7417692
1630680362482,7418161
1630680362522,7418109
1630680362562,7417640
1630680362602,7416806
1630680362642,7416545
1630680362682,7416597
1630680362722,7415710
1630680362762,7416128
1630680362802,7414980
1630680362842,7415085
1630680362882,7414667
1630680362922,7415293
1630680362962,7415032
1630680363002,7415137
1630680363042,7414980
1630680363082,7415085
1630680363122,7416806
1630680363162,7417014
1630680363202,7417275
1630680363242,7417431
1630680363282,7418422
1630680363322,7419204
1630680363362,7418996
1630680363402,7420143
1630680363442,7420508
1630680363482,7421238
1630680363522,7422803
1630680363562,7422907
1630680363602,7423898
1630680363642,7424784
1630680363682,7425306
1630680363722,7426244
1630680363762,7426453
1630680363802,7426505
1630680363842,7428644
1630680363882,7428591
1630680363922,7429686
1630680363962,7429582
1630680364002,7430364
1630680364042,7430208
1630680364082,7430417
1630680364122,7429426
1630680364162,7429426
1630680364202,7429269
1630680364242,7429009
1630680364282,7428956
1630680364322,7428852
1630680364362,7428018
1630680364402,7427757
1630680364442,7426975
1630680364482,7427131
1630680364522,7426766
1630680364562,7425932
1630680364602,7425827
1630680364642,7425827
1630680364682,7426036
1630680364722,7425358
1630680364762,7425358
1630680364802,7424680
1630680364842,7424419
1630680364882,7424941
1630680364922,7424159
1630680364962,7424263
1630680365002,7423585
1630680365042,7423376
1630680365082,7423063
1630680365122,7423168
1630680365162,7422959
1630680365202,7421968
1630680365242,7421864
1630680365282,7421708
1630680365322,7421395
1630680365362,7421447
1630680365402,7420404
1630680365442,7420560
1630680365482,7420769
1630680365522,7419726
1630680365562,7419674
1630680365602,7418631
1630680365642,7418370
1630680365682,7418266
1630680365722,7418005
1630680365762,7418005
1630680365802,7417848
1630680365842,7417327
1630680365882,7416858
1630680365922,7417275
1630680365962,7416649
1630680366002,7416180
1630680366042,7416493
1630680366082,7416336
1630680366122,7415710
1630680366162,7415137
1630680366202,7415606
1630680366242,7414980
1630680366282,7414824
1630680366322,7414772
1630680366362,7414615
1630680366402,7414720
1630680366442,7415032
1630680366482,7415397
1630680366522,7415763
1630680366562,7416440
1630680366602,7416701
1630680366642,7417379
1630680366682,7417744
1630680366722,7418318
1630680366762,7418526
1630680366802,7418944
1630680366842,7420456
1630680366882,7420508
1630680366922,7421551
1630680366962,7422073
1630680367002,7422438
1630680367042,7423116
1630680367082,7423533
1630680367122,7423950
1630680367162,7425306
1630680367202,7425932
1630680367242,7427652
1630680367282,7427131
1630680367322,7428539
1630680367362,7429009
1630680367402,7429217
1630680367442,7430052
1630680367482,7429321
1630680367522,7428383
1630680367562,7428278
1630680367602,7428174
1630680367642,7428539
1630680367682,7426975
1630680367722,7426714
1630680367762,7426453
1630680367802,7426193
1630680367842,7425723
1630680367882,7424784
1630680367922,7424419
1630680367962,7423533
1630680368002,7423324
1630680368042,7422803
1630680368082,7422438
1630680368122,7421916
1630680368162,7421812
1630680368202,7421499
1630680368242,7420352
1630680368282,7420769
1630680368322,7420821
1630680368362,7419987
1630680368402,7420769
1630680368442,7420247
1630680368482,7419204
1630680368522,7419257
1630680368562,7418474
1630680368602,7417848
1630680368642,7417379
1630680368682,7417223
1630680368722,7416753
1630680368762,7416962
1630680368802,7416701
1630680368842,7416597
1630680368882,7415085
1630680368922,7415450
1630680368962,7415032
1630680369002,7415606
1630680369042,7414615
1630680369082,7414615
1630680369122,7414407
1630680369162,7414563
1630680369202,7413937
1630680369242,7413624
1630680369282,7413677
1630680369322,7413781
1630680369362,7412738
1630680369402,7413468
1630680369442,7413103
1630680369482,7413155
1630680369522,7412112
1630680369562,7413103
1630680369602,7413103
1630680369642,7413937
1630680369682,7413885
1630680369722,7414407
1630680369762,7414407
1630680369802,7414980
1630680369842,7415502
1630680369882,7416545
1630680369922,7417118
1630680369962,7418214
1630680370002,7417953
1630680370042,7419100
1630680370082,7419622
1630680370122,7420717
1630680370162,7421499
1630680370202,7422542
1630680370242,7422699
1630680370282,7424054
1630680370322,7423898
1630680370362,7424993
1630680370402,7426349
1630680370442,7426140
1630680370482,7427444
1630680370522,7428278
1630680370562,7428800
1630680370602,7429165
1630680370642,7428435
1630680370682,7428539
1630680370722,7427861
1630680370762,7427757
1630680370802,7427079
1630680370842,7426818
1630680370882,7425827
1630680370922,7425254
1630680370962,7424471
1630680371002,7424002
1630680371042,7423689
1630680371082,7423116
1630680371122,7423220
1630680371162,7422855
1630680371202,7422125
1630680371242,7422646
1630680371282,7421082
1630680371322,7420873
1630680371362,7420352
1630680371402,7419778
1630680371442,7419569
1630680371482,7418631
1630680371522,7418474
1630680371562,7418422
1630680371602,7417379
1630680371642,7417640
1630680371682,7417223
1630680371722,7416493
1630680371762,7416701
1630680371802,7416440
1630680371842,7415763
1630680371882,7415658
1630680371922,7416128
1630680371962,7415867
1630680372002,7415867
1630680372042,7414563
1630680372082,7414563
1630680372122,7415085
1630680372162,7414146
1630680372202,7413885
1630680372242,7413885
1630680372282,7413781
1630680372322,7413259
1630680372362,7414094
1630680372402,7413885
1630680372442,7413468
1630680372482,7414042
1630680372522,7414667
1630680372562,7415293
1630680372602,7416753
1630680372642,7417327
1630680372682,7417275
1630680372722,7418266
1630680372762,7419413
1630680372802,7419413
1630680372842,7420925
1630680372882,7420977
1630680372922,7421864
1630680372962,7422855
1630680373002,7423846
1630680373042,7425723
1630680373082,7425879
1630680373122,7426662
1630680373162,7428487
1630680373202,7429165
1630680373242,7429999
1630680373282,7430782
1630680373322,7431720
1630680373362,7432033
1630680373402,7433285
1630680373442,7432659
1630680373482,7432346
1630680373522,7431877
1630680373562,7431407
1630680373602,7431147
1630680373642,7430364
1630680373682,7429739
1630680373722,7428956
1630680373762,7428591
1630680373802,7427913
1630680373842,7427287
1630680373882,7426401
1630680373922,7425827
1630680373962,7425045
1630680374002,7423220
1630680374042,7423376
1630680374082,7422750
1630680374122,7422699
1630680374162,7422438
1630680374202,7421499
1630680374242,7420821
1630680374282,7420508
1630680374322,7420039
1630680374362,7419413
1630680374402,7419465
1630680374442,7418787
1630680374482,7418214
1630680374522,7417431
1630680374562,7417431
1630680374602,7416753
1630680374642,7416075
1630680374682,7416545
1630680374722,7415502
1630680374762,7414772
1630680374802,7415554
1630680374842,7414824
1630680374882,7414615
1630680374922,7414667
1630680374962,7414615
1630680375002,7414459
1630680375042,7414615
1630680375082,7414042
1630680375122,7413937
1630680375162,7413468
1630680375202,7413364
1630680375242,7413312
1630680375282,7412581
1630680375322,7413364
1630680375362,7412686
1630680375402,7413885
1630680375442,7414198
1630680375482,7413937
1630680375522,7415606
1630680375562,7415919
1630680375602,7416962
1630680375642,7417431
1630680375682,7418057
1630680375722,7418579
1630680375762,7419048
1630680375802,7419465
1630680375842,7420039
1630680375882,7420873
1630680375922,7421603
1630680375962,7422907
1630680376002,7423742
1630680376042,7424002
1630680376082,7424576
1630680376122,7425097
1630680376162,7425984
1630680376202,7427235
1630680376242,7428174
1630680376282,7428695
1630680376322,7429165
1630680376362,7429634
1630680376402,7428748
1630680376442,7428644
1630680376482,7428226
1630680376522,7428070
1630680376562,7427966
1630680376602,7427809
1630680376642,7426558
1630680376682,7426662
1630680376722,7425723
1630680376762,7425879
1630680376802,7425462
1630680376842,7425515
1630680376882,7424732
1630680376922,7424524
1630680376962,7423950
1630680377002,7423376
1630680377042,7422699
1630680377082,7423168
1630680377122,7422803
1630680377162,7422594
1630680377202,7421812
1630680377242,7421655
1630680377282,7420925
1630680377322,7420299
1630680377362,7420717
1630680377402,7419569
1630680377442,7419257
1630680377482,7418526
1630680377522,7417483
1630680377562,7417379
1630680377602,7417327
1630680377642,7416336
1630680377682,7416232
1630680377722,7416128
1630680377762,7416128
1630680377802,7416075
1630680377842,7415815
1630680377882,7415763
1630680377922,7415450
1630680377962,7415345
1630680378002,7415189
1630680378042,7414876
1630680378082,7414667
1630680378122,7414146
1630680378162,7413781
1630680378202,7414146
1630680378242,7414563
1630680378282,7413364
1630680378322,7413572
1630680378362,7413520
1630680378402,7413155
1630680378442,7414250
1630680378482,7413468
1630680378522,7413677
1630680378562,7413572
1630680378602,7413364
1630680378642,7413259
1630680378682,7413207
1630680378722,7413624
1630680378762,7413833
1630680378802,7415397
1630680378842,7415293
1630680378882,7415971
1630680378922,7416806
1630680378962,7417796
1630680379002,7418370
1630680379042,7418839
1630680379082,7419204
1630680379122,7420143
1630680379162,7420665
1630680379202,7421238
1630680379242,7421499
1630680379282,7422803
1630680379322,7423585
1630680379362,7423272
1630680379402,7423533
1630680379442,7425045
1630680379482,7425515
1630680379522,7426401
1630680379562,7426766
1630680379602,7428070
1630680379642,7427913
1630680379682,7427705
1630680379722,7428487
1630680379762,7428018
1630680379802,7428018
1630680379842,7426923
1630680379882,7426297
1630680379922,7425671
1630680379962,7425984
1630680380002,7425045
1630680380042,7424524
1630680380082,7423481
1630680380122,7423376
1630680380162,7423689
1630680380202,7422699
1630680380242,7422281
1630680380282,7422073
1630680380322,7421030
1630680380362,7421760
1630680380402,7420404
1630680380442,7419569
1630680380482,7418891
1630680380522,7418891
1630680380562,7418683
1630680380602,7417953
1630680380642,7418161
1630680380682,7417692
1630680380722,7416806
1630680380762,7416962
1630680380802,7416597
1630680380842,7416075
1630680380882,7415189
1630680380922,7415241
1630680380962,7415345
1630680381002,7415345
1630680381042,7414772
1630680381082,7414094
1630680381122,7413677
1630680381162,7414250
1630680381202,7413729
1630680381242,7412790
1630680381282,7413416
1630680381322,7412373
1630680381362,7412634
1630680381402,7412738
1630680381442,7412060
1630680381482,7412112
1630680381522,7412216
1630680381562,7412321
1630680381602,7412269
1630680381642,7411956
1630680381682,7412321
1630680381722,7413103
1630680381762,7413677
1630680381802,7413885
1630680381842,7414615
1630680381882,7414824
1630680381922,7416493
1630680381962,7416753
1630680382002,7418422
1630680382042,7418735
1630680382082,7420873
1630680382122,7421812
1630680382162,7423168
1630680382202,7423950
1630680382242,7425045
1630680382282,7426401
1630680382322,7427809
1630680382362,7428644
1630680382402,7429374
1630680382442,7430417
1630680382482,7431668
1630680382522,7432868
1630680382562,7433650
1630680382602,7434849
1630680382642,7435736
1630680382682,7435996
1630680382722,7435736
1630680382762,7434223
1630680382802,7433545
1630680382842,7432190
1630680382882,7431981
1630680382922,7430625
1630680382962,7430469
1630680383002,7429843
1630680383042,7429582
1630680383082,7429060
1630680383122,7428331
1630680383162,7428018
1630680383202,7427496
1630680383242,7425984
1630680383282,7425827
1630680383322,7426088
1630680383362,7425723
1630680383402,7424889
1630680383442,7424107
1630680383482,7423742
1630680383522,7423168
1630680383562,7423324
1630680383602,7421499
1630680383642,7421708
1630680383682,7421708
1630680383722,7420091
1630680383762,7420821
1630680383802,7420404
1630680383842,7419674
1630680383882,7418735
1630680383922,7418839
1630680383962,7418683
1630680384002,7418266
1630680384042,7417744
1630680384082,7417640
1630680384122,7416232
1630680384162,7416910
1630680384202,7415032
1630680384242,7415815
1630680384282,7414824
1630680384322,7414615
1630680384362,7414876
1630680384402,7414772
1630680384442,7414459
1630680384482,7413833
1630680384522,7413781
1630680384562,7413312
1630680384602,7413833
1630680384642,7413729
1630680384682,7413259
1630680384722,7412947
1630680384762,7413416
1630680384802,7413312
1630680384842,7412842
1630680384882,7413207
1630680384922,7413416
1630680384962,7413885
1630680385002,7415397
1630680385042,7415450
1630680385082,7416388
1630680385122,7417327
1630680385162,7418474
1630680385202,7419830
1630680385242,7419778
1630680385282,7420717
1630680385322,7421342
1630680385362,7421760
1630680385402,7422907
1630680385442,7423428
1630680385482,7424367
1630680385522,7424889
1630680385562,7425723
1630680385602,7426870
1630680385642,7427652
1630680385682,7428852
1630680385722,7428695
1630680385762,7430625
1630680385802,7429530
1630680385842,7430103
1630680385882,7429947
1630680385922,7429478
1630680385962,7429009
1630680386002,7428695
1630680386042,7427913
1630680386082,7427079
1630680386122,7427183
1630680386162,7426349
1630680386202,7426140
1630680386242,7425410
1630680386282,7425097
1630680386322,7424107
1630680386362,7424211
1630680386402,7423846
1630680386442,7423168
1630680386482,7423376
1630680386522,7423376
1630680386562,7422490
1630680386602,7422333
1630680386642,7421551
1630680386682,7420873
1630680386722,7420717
1630680386762,7420039
1630680386802,7420195
1630680386842,7419569
1630680386882,7418683
1630680386922,7418474
1630680386962,7417953
1630680387002,7416910
1630680387042,7416753
1630680387082,7416336
1630680387122,7416649
1630680387162,7416180
1630680387202,7416023
1630680387242,7415606
1630680387282,7415032
1630680387322,7415032
1630680387362,7414511
1630680387402,7413885
1630680387442,7413833
1630680387482,7414146
1630680387522,7413937
1630680387562,7413885
1630680387602,7413520
1630680387642,7413729
1630680387682,7413677
1630680387722,7413155
1630680387762,7413103
1630680387802,7412738
1630680387842,7412373
1630680387882,7412216
1630680387922,7412425
1630680387962,7411851
1630680388002,7412321
1630680388042,7413468
1630680388082,7414042
1630680388122,7414250
1630680388162,7415502
1630680388202,7415137
1630680388242,7416336
1630680388282,7417066
1630680388322,7417796
1630680388362,7418161
1630680388402,7418474
1630680388442,7418996
1630680388482,7419778
1630680388522,7420769
1630680388562,7421708
1630680388602,7421916
1630680388642,7422959
1630680388682,7423846
1630680388722,7424263
1630680388762,7425045
1630680388802,7425984
1630680388842,7426505
1630680388882,7427913
1630680388922,7428435
1630680388962,7428278
1630680389002,7428644
1630680389042,7428174
1630680389082,7427861
1630680389122,7427548
1630680389162,7427027
1630680389202,7426349
1630680389242,7426193
1630680389282,7425619
1630680389322,7424159
1630680389362,7423742
1630680389402,7423637
1630680389442,7423376
1630680389482,7422594
1630680389522,7422281
1630680389562,7421916
1630680389602,7421186
1630680389642,7420873
1630680389682,7419987
1630680389722,7419361
1630680389762,7419517
1630680389802,7419413
1630680389842,7418422
1630680389882,7418422
1630680389922,7417431
1630680389962,7417483
1630680390002,7416545
1630680390042,7416493
1630680390082,7416649
1630680390122,7415763
1630680390162,7415450
1630680390202,7415450
1630680390242,7414772
1630680390282,7414198
1630680390322,7414042
1630680390362,7414250
1630680390402,7413885
1630680390442,7413051
1630680390482,7413416
1630680390522,7413259
1630680390562,7413677
1630680390602,7412686
1630680390642,7412947
1630680390682,7412373
1630680390722,7412425
1630680390762,7411747
1630680390802,7411747
1630680390842,7411956
1630680390882,7412060
1630680390922,7412216
1630680390962,7412269
1630680391002,7413468
1630680391042,7413781
1630680391082,7414928
1630680391122,7414720
1630680391162,7415345
1630680391202,7416806
1630680391242,7417014
1630680391282,7417536
1630680391322,7418109
1630680391362,7418370
1630680391402,7418891
1630680391442,7420404
1630680391482,7420195
1630680391522,7420977
1630680391562,7421760
1630680391602,7421916
1630680391642,7423011
1630680391682,7424419
1630680391722,7425410
1630680391762,7426297
1630680391802,7426818
1630680391842,7427652
1630680391882,7427757
1630680391922,7427809
1630680391962,7427496
1630680392002,7426558
1630680392042,7426453
1630680392082,7426193
1630680392122,7426244
1630680392162,7425306
1630680392202,7425097
1630680392242,7424107
1630680392282,7423793
1630680392322,7424367
1630680392362,7423324
1630680392402,7423168
1630680392442,7422542
1630680392482,7422333
1630680392522,7421655
1630680392562,7420821
1630680392602,7420873
1630680392642,7419883
1630680392682,7419257
1630680392722,7418735
1630680392762,7418683
1630680392802,7418370
1630680392842,7417796
1630680392882,7416962
1630680392922,7416858
1630680392962,7416545
1630680393002,7416806
1630680393042,7415971
1630680393082,7415867
1630680393122,7415137
1630680393162,7414667
1630680393202,7414459
1630680393242,7414563
1630680393282,7413624
1630680393322,7413520
1630680393362,7413259
1630680393402,7412529
1630680393442,7412008
1630680393482,7412529
1630680393522,7412321
1630680393562,7412164
1630680393602,7412425
1630680393642,7412164
1630680393682,7411226
1630680393722,7410548
1630680393762,7412373
1630680393802,7412790
1630680393842,7413051
1630680393882,7413520
1630680393922,7414615
1630680393962,7414824
1630680394002,7415137
1630680394042,7416701
1630680394082,7416806
1630680394122,7417953
1630680394162,7418631
1630680394202,7418996
1630680394242,7420508
1630680394282,7420508
1630680394322,7421603
1630680394362,7422125
1630680394402,7422490
1630680394442,7423063
1630680394482,7423898
1630680394522,7423689
1630680394562,7425306
1630680394602,7425723
1630680394642,7425984
1630680394682,7425671
1630680394722,7424941
1630680394762,7425150
1630680394802,7425723
1630680394842,7424889
1630680394882,7424524
1630680394922,7423846
1630680394962,7423585
1630680395002,7423689
1630680395042,7423533
1630680395082,7423116
1630680395122,7422125
1630680395162,7421395
1630680395202,7421551
1630680395242,7420925
1630680395282,7420717
1630680395322,7420456
1630680395362,7419517
1630680395402,7419934
1630680395442,7419048
1630680395482,7418735
1630680395522,7419204
1630680395562,7418683
1630680395602,7417379
1630680395642,7417327
1630680395682,7416597
1630680395722,7416232
1630680395762,7415971
1630680395802,7415658
1630680395842,7414980
1630680395882,7414667
1630680395922,7414928
1630680395962,7413937
1630680396002,7414250
1630680396042,7414355
1630680396082,7413729
1630680396122,7412999
1630680396162,7413364
1630680396202,7412738
1630680396242,7413259
1630680396282,7412216
1630680396322,7412216
1630680396362,7412269
1630680396402,7412529
1630680396442,7411591
1630680396482,7411278
1630680396522,7411226
1630680396562,7411434
1630680396602,7411643
1630680396642,7411382
1630680396682,7412060
1630680396722,7412790
1630680396762,7413155
1630680396802,7413885
1630680396842,7414720
1630680396882,7415606
1630680396922,7416128
1630680396962,7417066
1630680397002,7417066
1630680397042,7417536
1630680397082,7418944
1630680397122,7419100
1630680397162,7419517
1630680397202,7420247
1630680397242,7420925
1630680397282,7421395
1630680397322,7422594
1630680397362,7423063
1630680397402,7423168
1630680397442,7424784
1630680397482,7425879
1630680397522,7425410
1630680397562,7425827
1630680397602,7426558
1630680397642,7426505
1630680397682,7426193
1630680397722,7426297
1630680397762,7426140
1630680397802,7424836
1630680397842,7425097
1630680397882,7424628
1630680397922,7424002
1630680397962,7423742
1630680398002,7422855
1630680398042,7422646
1630680398082,7421916
1630680398122,7421499
1630680398162,7421134
1630680398202,7420247
1630680398242,7419413
1630680398282,7419517
1630680398322,7418422
1630680398362,7418214
1630680398402,7418057
1630680398442,7417640
1630680398482,7417275
1630680398522,7417014
1630680398562,7416649
1630680398602,7415658
1630680398642,7416075
1630680398682,7415085
1630680398722,7414250
1630680398762,7414563
1630680398802,7413937
1630680398842,7412842
1630680398882,7413416
1630680398922,7413051
1630680398962,7412686
1630680399002,7412999
1630680399042,7412686
1630680399082,7412321
1630680399122,7412634
1630680399162,7411695
1630680399202,7411643
1630680399242,7411538
1630680399282,7411538
1630680399322,7411434
1630680399362,7410912
1630680399402,7411643
1630680399442,7411643
1630680399482,7411851
1630680399522,7412947
1630680399562,7413885
1630680399602,7414772
1630680399642,7414928
1630680399682,7415763
1630680399722,7417171
1630680399762,7417483
1630680399802,7418579
1630680399842,7419048
1630680399882,7419622
1630680399922,7421238
1630680399962,7421395
1630680400002,7422020
1630680400042,7423116
1630680400082,7423793
1630680400122,7424680
1630680400162,7425723
1630680400202,7427027
1630680400242,7427705
1630680400282,7429217
1630680400322,7430364
1630680400362,7430886
1630680400402,7432137
1630680400442,7432503
1630680400482,7433233
1630680400522,7433337
1630680400562,7432346
1630680400602,7431460
1630680400642,7430938
1630680400682,7429791
1630680400722,7429686
1630680400762,7428904
1630680400802,7428748
1630680400842,7427340
1630680400882,7427027
1630680400922,7426662
1630680400962,7425671
1630680401002,7425201
1630680401042,7425150
1630680401082,7425358
1630680401122,7423742
1630680401162,7423846
1630680401202,7423793
1630680401242,7423116
1630680401282,7422594
1630680401322,7423116
1630680401362,7423116
1630680401402,7421812
1630680401442,7422125
1630680401482,7421603
1630680401522,7420977
1630680401562,7421186
1630680401602,7420717
1630680401642,7419830
1630680401682,7420456
1630680401722,7419152
1630680401762,7418735
1630680401802,7418318
1630680401842,7418109
1630680401882,7417848
1630680401922,7416701
1630680401962,7417014
1630680402002,7416284
1630680402042,7415606
1630680402082,7415241
1630680402122,7415397
1630680402162,7414928
1630680402202,7414928
1630680402242,7414302
1630680402282,7414250
1630680402322,7413781
1630680402362,7413624
1630680402402,7413207
1630680402442,7412425
1630680402482,7412529
1630680402522,7412947
1630680402562,7411851
1630680402602,7412269
1630680402642,7412373
1630680402682,7412790
1630680402722,7413051
1630680402762,7414042
1630680402802,7414146
1630680402842,7414824
1630680402882,7415137
1630680402922,7416023
1630680402962,7417014
1630680403002,7417431
1630680403042,7418109
1630680403082,7418318
1630680403122,7419100
1630680403162,7420299
1630680403202,7420612
1630680403242,7421395
1630680403282,7422073
1630680403322,7422959
1630680403362,7423846
1630680403402,7425306
1630680403442,7426349
1630680403482,7427131
1630680403522,7428435
1630680403562,7429374
1630680403602,7429895
1630680403642,7429895
1630680403682,7429321
1630680403722,7429060
1630680403762,7428539
1630680403802,7427966
1630680403842,7426870
1630680403882,7426609
1630680403922,7426088
1630680403962,7425410
1630680404002,7424680
1630680404042,7423846
1630680404082,7424002
1630680404122,7422907
1630680404162,7422959
1630680404202,7421968
1630680404242,7421812
1630680404282,7420560
1630680404322,7420717
1630680404362,7420195
1630680404402,7419152
1630680404442,7418944
1630680404482,7418839
1630680404522,7418370
1630680404562,7417640
1630680404602,7417692
1630680404642,7416701
1630680404682,7416701
1630680404722,7416493
1630680404762,7416232
1630680404802,7415606
1630680404842,7415345
1630680404882,7415032
1630680404922,7414198
1630680404962,7414302
1630680405002,7414302
1630680405042,7413833
1630680405082,7413572
1630680405122,7414459
1630680405162,7412999
1630680405202,7413259
1630680405242,7413468
1630680405282,7413207
1630680405322,7412999
1630680405362,7412686
1630680405402,7412686
1630680405442,7412686
1630680405482,7412634
1630680405522,7412634
1630680405562,7412842
1630680405602,7412164
1630680405642,7412477
1630680405682,7412373
1630680405722,7412790
1630680405762,7413364
1630680405802,7414302
1630680405842,7414563
1630680405882,7415397
1630680405922,7416545
1630680405962,7417066
1630680406002,7417744
1630680406042,7418631
1630680406082,7418839
1630680406122,7420143
1630680406162,7420665
1630680406202,7421760
1630680406242,7422750
1630680406282,7423168
1630680406322,7423533
1630680406362,7424889
1630680406402,7425984
1630680406442,7426244
1630680406482,7428331
1630680406522,7429009
1630680406562,7429791
1630680406602,7429739
1630680406642,7429426
1630680406682,7429426
1630680406722,7428956
1630680406762,7428226
1630680406802,7428070
1630680406842,7427705
1630680406882,7426453
1630680406922,7426558
1630680406962,7425671
1630680407002,7424889
1630680407042,7424211
1630680407082,7424002
1630680407122,7423950
1630680407162,7423481
1630680407202,7423011
1630680407242,7421968
1630680407282,7421499
1630680407322,7422020
1630680407362,7421551
1630680407402,7420195
1630680407442,7420195
1630680407482,7419048
1630680407522,7418944
1630680407562,7418422
1630680407602,7418474
1630680407642,7417483
1630680407682,7417223
1630680407722,7417118
1630680407762,7416545
1630680407802,7416545
1630680407842,7415658
1630680407882,7415241
1630680407922,7415397
1630680407962,7415085
1630680408002,7414302
1630680408042,7414250
1630680408082,7412894
1630680408122,7413364
1630680408162,7413572
1630680408202,7413103
1630680408242,7412373
1630680408282,7412686
1630680408322,7412686
1630680408362,7412164
1630680408402,7411904
1630680408442,7412164
1630680408482,7412008
1630680408522,7412894
1630680408562,7413103
1630680408602,7413312
1630680408642,7413520
1630680408682,7414615
1630680408722,7414563
1630680408762,7415658
1630680408802,7416545
1630680408842,7417171
1630680408882,7417953
1630680408922,7419361
1630680408962,7420352
1630680409002,7421342
1630680409042,7421760
1630680409082,7422907
1630680409122,7424471
1630680409162,7425462
1630680409202,7426349
1630680409242,7426244
1630680409282,7428122
1630680409322,7429321
1630680409362,7430417
1630680409402,7431251
1630680409442,7432972
1630680409482,7433598
1630680409522,7434849
1630680409562,7435684
1630680409602,7436153
1630680409642,7436049
1630680409682,7435736
1630680409722,7434432
1630680409762,7434171
1630680409802,7432659
1630680409842,7431303
1630680409882,7430834
1630680409922,7429739
1630680409962,7429478
1630680410002,7428122
1630680410042,7427548
1630680410082,7425932
1630680410122,7426140
1630680410162,7425619
1630680410202,7424889
1630680410242,7424211
1630680410282,7424107
1630680410322,7423481
1630680410362,7423742
1630680410402,7422959
1630680410442,7422438
1630680410482,7421499
1630680410522,7420977
1630680410562,7420456
1630680410602,7420039
1630680410642,7419778
1630680410682,7419413
1630680410722,7418631
1630680410762,7418631
1630680410802,7417640
1630680410842,7418005
1630680410882,7416858
1630680410922,7416597
1630680410962,7416284
1630680411002,7416493
1630680411042,7416128
1630680411082,7415241
1630680411122,7415345
1630680411162,7414824
1630680411202,7414720
1630680411242,7414511
1630680411282,7414355
1630680411322,7414459
1630680411362,7414198
1630680411402,7413885
1630680411442,7413989
1630680411482,7414407
1630680411522,7413416
1630680411562,7413416
1630680411602,7412477
1630680411642,7412842
1630680411682,7412894
1630680411722,7412321
1630680411762,7412008
1630680411802,7412477
1630680411842,7412164
1630680411882,7412164
1630680411922,7412112
1630680411962,7412164
1630680412002,7412373
1630680412042,7412477
1630680412082,7413207
1630680412122,7414042
1630680412162,7414615
1630680412202,7414511
1630680412242,7415032
1630680412282,7414876
1630680412322,7416336
1630680412362,7416545
1630680412402,7416962
1630680412442,7418683
1630680412482,7418631
1630680412522,7419726
1630680412562,7420925
1630680412602,7421186
1630680412642,7422177
1630680412682,7423324
1630680412722,7423481
1630680412762,7424889
1630680412802,7425358
1630680412842,7425984
1630680412882,7426609
1630680412922,7427027
1630680412962,7427652
1630680413002,7428122
1630680413042,7428487
1630680413082,7428174
1630680413122,7427757
1630680413162,7426714
1630680413202,7427235
1630680413242,7426297
1630680413282,7425984
1630680413322,7425879
1630680413362,7425358
1630680413402,7425045
1630680413442,7424107
1630680413482,7423585
1630680413522,7423063
1630680413562,7422073
1630680413602,7421968
1630680413642,7421342
1630680413682,7421447
1630680413722,7421082
1630680413762,7420195
1630680413802,7420143
1630680413842,7419726
1630680413882,7419100
1630680413922,7418683
1630680413962,7418839
1630680414002,7418735
1630680414042,7418474
1630680414082,7418161
1630680414122,7418214
1630680414162,7418266
1630680414202,7417014
1630680414242,7417066
1630680414282,7416597
1630680414322,7417640
1630680414362,7417118
1630680414402,7416336
1630680414442,7416753
1630680414482,7416545
1630680414522,7416440
1630680414562,7416597
1630680414602,7416284
1630680414642,7415867
1630680414682,7415189
1630680414722,7415450
1630680414762,7414980
1630680414802,7414772
1630680414842,7414459
1630680414882,7413781
1630680414922,7414615
1630680414962,7414198
1630680415002,7414667
1630680415042,7413781
1630680415082,7413624
1630680415122,7413051
1630680415162,7413207
1630680415202,7412894
1630680415242,7413207
1630680415282,7413364
1630680415322,7412686
1630680415362,7412529
1630680415402,7412425
1630680415442,7412581
1630680415482,7413207
1630680415522,7413729
1630680415562,7413624
1630680415602,7414667
1630680415642,7415085
1630680415682,7415137
1630680415722,7416545
1630680415762,7416910
1630680415802,7417118
1630680415842,7418161
1630680415882,7418474
1630680415922,7419048
1630680415962,7419883
1630680416002,7420560
1630680416042,7422073
1630680416082,7422438
1630680416122,7422542
1630680416162,7423324
1630680416202,7424471
1630680416242,7424315
1630680416282,7425410
1630680416322,7427235
1630680416362,7426505
1630680416402,7427183
1630680416442,7427705
1630680416482,7426923
1630680416522,7426453
1630680416562,7426558
1630680416602,7426036
1630680416642,7425775
1630680416682,7425201
1630680416722,7424471
1630680416762,7424054
1630680416802,7424732
1630680416842,7423324
1630680416882,7423950
1630680416922,7422803
1630680416962,7422959
1630680417002,7423116
1630680417042,7422438
1630680417082,7422281
1630680417122,7421291
1630680417162,7420352
1630680417202,7420925
1630680417242,7420821
1630680417282,7419934
1630680417322,7419152
1630680417362,7419204
1630680417402,7419309
1630680417442,7418579
1630680417482,7418005
1630680417522,7418214
1630680417562,7417588
1630680417602,7416649
1630680417642,7416493
1630680417682,7416284
1630680417722,7416180
1630680417762,7415241
1630680417802,7414928
1630680417842,7415189
1630680417882,7414459
1630680417922,7414407
1630680417962,7413937
1630680418002,7412842
1630680418042,7413155
1630680418082,7413259
1630680418122,7413155
1630680418162,7412947
1630680418202,7412321
1630680418242,7412529
1630680418282,7412999
1630680418322,7412529
1630680418362,7412947
1630680418402,7413051
1630680418442,7413416
1630680418482,7413259
1630680418522,7414667
1630680418562,7415293
1630680418602,7416128
1630680418642,7416753
1630680418682,7418005
1630680418722,7418161
1630680418762,7419152
1630680418802,7420039
1630680418842,7420560
1630680418882,7421603
1630680418922,7422020
1630680418962,7422959
1630680419002,7423272
1630680419042,7424576
1630680419082,7424993
1630680419122,7426036
1630680419162,7426975
1630680419202,7427966
1630680419242,7428122
1630680419282,7428852
1630680419322,7428904
1630680419362,7429582
1630680419402,7429165
1630680419442,7429269
1630680419482,7428278
1630680419522,7427287
1630680419562,7427235
1630680419602,7427079
1630680419642,7426297
1630680419682,7426140
1630680419722,7425097
1630680419762,7425358
1630680419802,7424054
1630680419842,7424628
1630680419882,7424524
1630680419922,7424732
1630680419962,7423950
1630680420002,7423793
1630680420042,7423063
1630680420082,7422438
1630680420122,7422333
1630680420162,7422020
1630680420202,7421082
1630680420242,7421134
1630680420282,7420873
1630680420322,7420404
1630680420362,7420977
1630680420402,7420195
1630680420442,7419465
1630680420482,7419726
1630680420522,7418787
1630680420562,7418891
1630680420602,7419204
1630680420642,7418161
1630680420682,7418109
1630680420722,7417483
1630680420762,7417223
1630680420802,7417431
1630680420842,7417066
1630680420882,7416336
1630680420922,7415606
1630680420962,7416232
1630680421002,7414772
1630680421042,7414928
1630680421082,7414511
1630680421122,7414302
1630680421162,7414824
1630680421202,7413937
1630680421242,7413781
1630680421282,7414042
1630680421322,7413520
1630680421362,7413416
1630680421402,7413624
1630680421442,7413051
1630680421482,7412686
1630680421522,7412790
1630680421562,7412529
1630680421602,7412581
1630680421642,7412738
1630680421682,7412790
1630680421722,7413468
1630680421762,7413624
1630680421802,7414615
1630680421842,7414198
1630680421882,7415397
1630680421922,7415397
1630680421962,7416180
1630680422002,7417014
1630680422042,7417379
1630680422082,7417848
1630680422122,7418631
1630680422162,7418787
1630680422202,7419622
1630680422242,7420456
1630680422282,7421447
1630680422322,7421708
1630680422362,7422699
1630680422402,7423324
1630680422442,7424054
1630680422482,7423898
1630680422522,7425567
1630680422562,7426505
1630680422602,7426662
1630680422642,7427548
1630680422682,7427913
1630680422722,7427757
1630680422762,7427444
1630680422802,7427131
1630680422842,7426975
1630680422882,7426453
1630680422922,7426193
1630680422962,7425827
1630680423002,7425723
1630680423042,7425775
1630680423082,7424836
1630680423122,7424002
1630680423162,7424993
1630680423202,7423846
1630680423242,7423533
1630680423282,7423116
1630680423322,7422594
1630680423362,7423063
1630680423402,7422177
1630680423442,7422333
1630680423482,7422177
1630680423522,7421968
1630680423562,7421864
1630680423602,7421030
1630680423642,7420404
1630680423682,7421291
1630680423722,7420508
1630680423762,7420873
1630680423802,7420143
1630680423842,7420195
1630680423882,7419257
1630680423922,7419465
1630680423962,7418579
1630680424002,7418839
1630680424042,7417588
1630680424082,7417431
1630680424122,7417327
1630680424162,7417118
1630680424202,7416649
1630680424242,7416232
1630680424282,7416336
1630680424322,7415554
1630680424362,7415450
1630680424402,7415502
1630680424442,7414980
1630680424482,7414824
1630680424522,7414250
1630680424562,7414355
1630680424602,7414094
1630680424642,7413468
1630680424682,7413833
1630680424722,7413207
1630680424762,7413364
1630680424802,7412947
1630680424842,7413312
1630680424882,7413468
1630680424922,7412686
1630680424962,7413259
1630680425002,7412634
1630680425042,7412529
1630680425082,7412790
1630680425122,7412060
1630680425162,7412112
1630680425202,7411799
1630680425242,7412060
1630680425282,7411904
1630680425322,7411747
1630680425362,7412321
1630680425402,7412581
1630680425442,7413312
1630680425482,7414720
1630680425522,7414824
1630680425562,7415658
1630680425602,7416232
1630680425642,7416649
1630680425682,7416962
1630680425722,7418579
1630680425762,7418735
1630680425802,7419309
1630680425842,7419413
1630680425882,7420299
1630680425922,7420717
1630680425962,7421082
1630680426002,7422020
1630680426042,7422594
1630680426082,7423481
1630680426122,7423950
1630680426162,7424419
1630680426202,7425358
1630680426242,7425567
1630680426282,7426558
1630680426322,7426766
1630680426362,7427340
1630680426402,7427287
1630680426442,7426609
1630680426482,7426609
1630680426522,7425827
1630680426562,7425879
1630680426602,7424836
1630680426642,7424471
1630680426682,7423742
1630680426722,7423428
1630680426762,7423428
1630680426802,7422646
1630680426842,7422281
1630680426882,7421551
1630680426922,7421864
1630680426962,7420769
1630680427002,7420665
1630680427042,7419987
1630680427082,7418996
1630680427122,7419883
1630680427162,7418370
1630680427202,7418161
1630680427242,7417848
1630680427282,7417483
1630680427322,7416493
1630680427362,7416701
1630680427402,7416284
1630680427442,7416180
1630680427482,7415502
1630680427522,7414772
1630680427562,7415293
1630680427602,7414824
1630680427642,7414980
1630680427682,7414511
1630680427722,7414094
1630680427762,7413364
1630680427802,7413259
1630680427842,7412947
1630680427882,7412686
1630680427922,7413259
1630680427962,7413103
1630680428002,7412634
1630680428042,7412112
1630680428082,7412686
1630680428122,7411591
1630680428162,7412008
1630680428202,7411486
1630680428242,7411956
1630680428282,7412529
1630680428322,7412216
1630680428362,7412842
1630680428402,7412947
1630680428442,7413051
1630680428482,7414980
1630680428522,7415032
1630680428562,7415763
1630680428602,7416284
1630680428642,7416962
1630680428682,7417536
1630680428722,7418161
1630680428762,7418579
1630680428802,7420195
1630680428842,7420247
1630680428882,7420352
1630680428922,7421603
1630680428962,7422073
1630680429002,7422177
1630680429042,7422907
1630680429082,7423689
1630680429122,7424263
1630680429162,7425306
1630680429202,7425723
1630680429242,7425827
1630680429282,7426244
1630680429322,7425775
1630680429362,7426036
1630680429402,7425619
1630680429442,7425462
1630680429482,7424263
1630680429522,7423846
1630680429562,7423428
1630680429602,7422855
1630680429642,7422542
1630680429682,7422229
1630680429722,7421655
1630680429762,7421238
1630680429802,7421655
1630680429842,7420717
1630680429882,7419726
1630680429922,7419778
1630680429962,7419830
1630680430002,7418422
1630680430042,7418214
1630680430082,7417953
1630680430122,7417848
1630680430162,7416962
1630680430202,7416701
1630680430242,7416440
1630680430282,7416180
1630680430322,7415137
1630680430362,7414824
1630680430402,7414928
1630680430442,7414563
1630680430482,7414198
1630680430522,7413937
1630680430562,7414198
1630680430602,7414198
1630680430642,7413259
1630680430682,7413103
1630680430722,7413572
1630680430762,7412894
1630680430802,7413259
1630680430842,7413207
1630680430882,7412373
1630680430922,7412321
1630680430962,7412269
1630680431002,7412060
1630680431042,7411956
1630680431082,7411956
1630680431122,7411799
1630680431162,7412581
1630680431202,7412529
1630680431242,7413259
1630680431282,7414042
1630680431322,7413833
1630680431362,7415189
1630680431402,7415189
1630680431442,7416128
1630680431482,7417327
1630680431522,7417640
1630680431562,7418631
1630680431602,7419883
1630680431642,7420195
1630680431682,7421238
1630680431722,7421864
1630680431762,7422073
1630680431802,7422490
1630680431842,7423898
1630680431882,7424524
1630680431922,7424941
1630680431962,7425671
1630680432002,7425723
1630680432042,7426662
1630680432082,7427444
1630680432122,7428383
1630680432162,7428383
1630680432202,7429269
1630680432242,7429217
1630680432282,7428487
1630680432322,7428174
1630680432362,7428226
1630680432402,7427287
1630680432442,7426244
1630680432482,7426297
1630680432522,7425567
1630680432562,7425254
1630680432602,7424680
1630680432642,7424576
1630680432682,7423011
1630680432722,7423428
1630680432762,7422020
1630680432802,7421864
1630680432842,7421551
1630680432882,7420717
1630680432922,7420039
1630680432962,7419778
1630680433002,7419517
1630680433042,7418891
1630680433082,7418891
1630680433122,7418474
1630680433162,7417901
1630680433202,7417431
1630680433242,7416388
1630680433282,7416806
1630680433322,7415763
1630680433362,7415710
1630680433402,7415397
1630680433442,7414772
1630680433482,7414615
1630680433522,7414876
1630680433562,7414667
1630680433602,7413572
1630680433642,7413885
1630680433682,7413416
1630680433722,7413624
1630680433762,7413781
1630680433802,7413729
1630680433842,7413312
1630680433882,7412999
1630680433922,7412477
1630680433962,7412425
1630680434002,7412216
1630680434042,7412112
1630680434082,7412269
1630680434122,7412581
1630680434162,7412581
1630680434202,7413259
1630680434242,7413259
1630680434282,7413729
1630680434322,7413833
1630680434362,7414667
1630680434402,7414928
1630680434442,7415345
1630680434482,7415554
1630680434522,7416806
1630680434562,7417223
1630680434602,7418109
1630680434642,7418735
1630680434682,7419257
1630680434722,7419413
1630680434762,7420143
1630680434802,7420977
1630680434842,7421291
1630680434882,7422542
1630680434922,7423637
1630680434962,7423898
1630680435002,7424889
1630680435042,7425410
1630680435082,7425879
1630680435122,7426453
1630680435162,7426401
1630680435202,7426870
1630680435242,7425932
1630680435282,7425932
1630680435322,7425775
1630680435362,7424732
1630680435402,7424680
1630680435442,7424054
1630680435482,7424159
1630680435522,7422907
1630680435562,7423324
1630680435602,7422594
1630680435642,7421708
1630680435682,7421760
1630680435722,7420873
1630680435762,7420195
1630680435802,7420352
1630680435842,7419987
1630680435882,7420039
1630680435922,7418839
1630680435962,7418735
1630680436002,7418683
1630680436042,7417744
1630680436082,7417223
1630680436122,7417014
1630680436162,7416806
1630680436202,7417014
1630680436242,7415919
1630680436282,7415189
1630680436322,7415085
1630680436362,7415554
1630680436402,7415085
1630680436442,7414720
1630680436482,7414355
1630680436522,7413989
1630680436562,7414042
1630680436602,7413416
1630680436642,7413364
1630680436682,7412738
1630680436722,7412947
1630680436762,7413155
1630680436802,7412999
1630680436842,7412686
1630680436882,7412373
1630680436922,7412477
1630680436962,7411695
1630680437002,7411226
1630680437042,7411330
1630680437082,7411121
1630680437122,7411121
1630680437162,7411591
1630680437202,7411278
1630680437242,7411956
1630680437282,7412686
1630680437322,7412947
1630680437362,7413729
1630680437402,7414250
1630680437442,7414302
1630680437482,7414928
1630680437522,7415554
1630680437562,7415971
1630680437602,7416440
1630680437642,7416701
1630680437682,7417692
1630680437722,7418318
1630680437762,7419465
1630680437802,7419517
1630680437842,7420247
1630680437882,7420769
1630680437922,7421551
1630680437962,7422594
1630680438002,7423063
1630680438042,7423168
1630680438082,7424680
1630680438122,7424941
1630680438162,7425150
1630680438202,7425201
1630680438242,7424680
1630680438282,7424471
1630680438322,7424263
1630680438362,7424054
1630680438402,7424211
1630680438442,7423533
1630680438482,7422959
1630680438522,7423272
1630680438562,7422594
1630680438602,7421864
1630680438642,7421864
1630680438682,7421291
1630680438722,7421291
1630680438762,7419569
1630680438802,7419934
1630680438842,7419830
1630680438882,7419987
1630680438922,7419622
1630680438962,7419830
1630680439002,7418839
1630680439042,7418839
1630680439082,7418735
1630680439122,7418214
1630680439162,7417796
1630680439202,7417118
1630680439242,7417066
1630680439282,7416858
1630680439322,7417014
1630680439362,7416180
1630680439402,7415032
1630680439442,7415085
1630680439482,7414667
1630680439522,7414615
1630680439562,7414876
1630680439602,7414511
1630680439642,7414250
1630680439682,7413468
1630680439722,7413885
1630680439762,7413520
1630680439802,7412790
1630680439842,7412477
1630680439882,7412634
1630680439922,7412738
1630680439962,7411799
1630680440002,7411851
1630680440042,7411591
1630680440082,7411226
1630680440122,7412947
1630680440162,7412947
1630680440202,7413259
1630680440242,7413677
1630680440282,7414511
1630680440322,7415658
1630680440362,7415450
1630680440402,7416806
1630680440442,7417014
1630680440482,7417223
1630680440522,7418057
1630680440562,7419361
1630680440602,7419934
1630680440642,7420508
1630680440682,7422490
1630680440722,7423324
1630680440762,7424471
1630680440802,7425567
1630680440842,7426975
1630680440882,7428591
1630680440922,7429060
1630680440962,7429791
1630680441002,7431251
1630680441042,7431668
1630680441082,7432868
1630680441122,7432659
1630680441162,7433128
1630680441202,7434432
1630680441242,7435631
1630680441282,7436883
1630680441322,7437926
1630680441362,7438813
1630680441402,7439908
1630680441442,7441681
1630680441482,7441837
1630680441522,7442932
1630680441562,7443141
1630680441602,7444914
1630680441642,7445592
1630680441682,7447521
1630680441722,7448356
1630680441762,7448512
1630680441802,7448877
1630680441842,7447000
1630680441882,7444184
1630680441922,7442567
1630680441962,7440638
1630680442002,7439021
1630680442042,7437300
1630680442082,7436414
1630680442122,7434849
1630680442162,7433650
1630680442202,7432450
1630680442242,7431720
1630680442282,7429947
1630680442322,7429791
1630680442362,7429269
1630680442402,7428383
1630680442442,7427131
1630680442482,7426714
1630680442522,7426818
1630680442562,7426453
1630680442602,7425254
1630680442642,7424680
1630680442682,7424576
1630680442722,7423898
1630680442762,7422750
1630680442802,7422385
1630680442842,7422073
1630680442882,7421551
1630680442922,7420977
1630680442962,7420404
1630680443002,7419569
1630680443042,7419883
1630680443082,7419100
1630680443122,7419048
1630680443162,7418526
1630680443202,7418318
1630680443242,7418214
1630680443282,7417483
1630680443322,7416858
1630680443362,7416388
1630680443402,7416858
1630680443442,7416232
1630680443482,7416388
1630680443522,7416284
1630680443562,7415763
1630680443602,7415554
1630680443642,7415763
1630680443682,7415032
1630680443722,7414876
1630680443762,7415189
1630680443802,7414720
1630680443842,7415293
1630680443882,7415241
1630680443922,7414459
1630680443962,7413989
1630680444002,7414459
1630680444042,7414459
1630680444082,7413259
1630680444122,7414615
1630680444162,7413416
1630680444202,7414302
1630680444242,7414094
1630680444282,7414302
1630680444322,7415189
1630680444362,7415032
1630680444402,7415397
1630680444442,7415919
1630680444482,7417275
1630680444522,7417431
1630680444562,7417796
1630680444602,7418318
1630680444642,7418839
1630680444682,7419726
1630680444722,7420143
1630680444762,7420404
1630680444802,7421238
1630680444842,7422281
1630680444882,7422855
1630680444922,7423011
1630680444962,7424002
1630680445002,7424784
1630680445042,7425775
1630680445082,7425827
1630680445122,7426505
1630680445162,7427079
1630680445202,7426975
1630680445242,7426349
1630680445282,7426923
1630680445322,7426453
1630680445362,7425932
1630680445402,7425723
1630680445442,7425619
1630680445482,7424471
1630680445522,7424211
1630680445562,7423898
1630680445602,7423533
1630680445642,7424315
1630680445682,7423168
1630680445722,7423324
1630680445762,7422855
1630680445802,7422699
1630680445842,7422125
1630680445882,7421708
1630680445922,7422073
1630680445962,7421551
1630680446002,7420977
1630680446042,7420717
1630680446082,7420977
1630680446122,7420612
1630680446162,7420039
1630680446202,7419830
1630680446242,7419204
1630680446282,7419569
1630680446322,7419309
1630680446362,7418579
1630680446402,7418735
1630680446442,7418161
1630680446482,7417640
1630680446522,7417692
1630680446562,7417953
1630680446602,7417223
1630680446642,7417483
1630680446682,7417066
1630680446722,7417014
1630680446762,7416910
1630680446802,7416440
1630680446842,7416493
1630680446882,7416545
1630680446922,7416180
1630680446962,7416336
1630680447002,7416128
1630680447042,7415763
1630680447082,7415658
1630680447122,7415502
1630680447162,7415241
1630680447202,7415606
1630680447242,7415189
1630680447282,7415710
1630680447322,7414355
1630680447362,7415241
1630680447402,7415189
1630680447442,7414824
1630680447482,7414980
1630680447522,7414459
1630680447562,7414615
1630680447602,7414198
1630680447642,7413989
1630680447682,7413364
1630680447722,7413677
1630680447762,7413989
1630680447802,7413468
1630680447842,7414198
1630680447882,7412894
1630680447922,7413416
1630680447962,7413207
1630680448002,7412686
1630680448042,7413416
1630680448082,7413207
1630680448122,7413103
1630680448162,7413833
1630680448202,7413364
1630680448242,7412738
1630680448282,7413416
1630680448322,7412581
1630680448362,7411695
1630680448402,7413364
1630680448442,7412738
1630680448482,7412738
1630680448522,7412373
1630680448562,7412477
1630680448602,7411904
1630680448642,7412269
1630680448682,7412425
1630680448722,7412529
1630680448762,7412477
1630680448802,7411851
1630680448842,7412842
1630680448882,7412634
1630680448922,7412842
1630680448962,7414198
1630680449002,7414615
1630680449042,7414876
1630680449082,7415658
1630680449122,7416440
1630680449162,7417014
1630680449202,7417744
1630680449242,7418891
1630680449282,7419100
1630680449322,7419883
1630680449362,7420925
1630680449402,7421499
1630680449442,7421812
1630680449482,7423168
1630680449522,7423533
1630680449562,7424211
1630680449602,7424680
1630680449642,7426036
1630680449682,7426714
1630680449722,7427809
1630680449762,7428748
1630680449802,7428539
1630680449842,7429791
1630680449882,7428800
1630680449922,7428226
1630680449962,7427652
1630680450002,7427496
1630680450042,7427027
1630680450082,7425775
1630680450122,7425932
1630680450162,7424263
1630680450202,7423846
1630680450242,7423846
1630680450282,7423063
1630680450322,7423481
1630680450362,7422855
1630680450402,7421968
1630680450442,7421812
1630680450482,7421916
1630680450522,7421291
1630680450562,7420456
1630680450602,7420299
1630680450642,7419830
1630680450682,7419100
1630680450722,7419204
1630680450762,7418526
1630680450802,7418318
1630680450842,7418057
1630680450882,7417483
1630680450922,7417275
1630680450962,7417327
1630680451002,7416597
1630680451042,7416545
1630680451082,7415450
1630680451122,7415554
1630680451162,7416180
1630680451202,7415919
1630680451242,7416336
1630680451282,7414407
1630680451322,7414667
1630680451362,7414772
1630680451402,7414667
1630680451442,7414876
1630680451482,7415867
1630680451522,7414563
1630680451562,7415450
1630680451602,7415293
1630680451642,7415137
1630680451682,7415554
1630680451722,7414980
1630680451762,7415710
1630680451802,7415032
1630680451842,7414615
1630680451882,7415032
1630680451922,7414250
1630680451962,7414511
1630680452002,7414876
1630680452042,7415085
1630680452082,7414720
1630680452122,7414876
1630680452162,7415189
1630680452202,7414876
1630680452242,7414667
1630680452282,7414407
1630680452322,7414615
1630680452362,7414511
1630680452402,7413677
1630680452442,7414198
1630680452482,7413155
1630680452522,7412738
1630680452562,7412425
1630680452602,7412738
1630680452642,7412686
1630680452682,7412790
1630680452722,7412529
1630680452762,7412269
1630680452802,7411382
1630680452842,7412269
1630680452882,7411747
1630680452922,7412008
1630680452962,7411486
1630680453002,7411173
1630680453042,7410912
1630680453082,7411330
1630680453122,7411382
1630680453162,7411747
1630680453202,7412581
1630680453242,7412947
1630680453282,7414355
1630680453322,7414094
1630680453362,7415554
1630680453402,7415971
1630680453442,7416545
1630680453482,7417379
1630680453522,7418161
1630680453562,7419778
1630680453602,7419883
1630680453642,7419569
1630680453682,7420247
1630680453722,7421291
1630680453762,7422438
1630680453802,7422803
1630680453842,7423689
1630680453882,7423689
1630680453922,7424680
1630680453962,7425567
1630680454002,7426140
1630680454042,7425984
1630680454082,7426297
1630680454122,7425410
1630680454162,7424524
1630680454202,7423793
1630680454242,7423793
1630680454282,7423793
1630680454322,7423220
1630680454362,7422959
1630680454402,7423011
1630680454442,7422438
1630680454482,7422855
1630680454522,7422542
1630680454562,7422177
1630680454602,7422385
1630680454642,7422177
1630680454682,7422073
1630680454722,7421238
1630680454762,7420456
1630680454802,7420404
1630680454842,7419622
1630680454882,7419830
1630680454922,7419674
1630680454962,7418631
1630680455002,7418631
1630680455042,7418526
1630680455082,7418370
1630680455122,7418109
1630680455162,7417483
1630680455202,7417118
1630680455242,7416545
1630680455282,7416440
1630680455322,7415919
1630680455362,7415710
1630680455402,7415293
1630680455442,7415345
1630680455482,7414772
1630680455522,7415397
1630680455562,7414042
1630680455602,7414928
1630680455642,7413833
1630680455682,7413520
1630680455722,7413259
1630680455762,7413312
1630680455802,7413677
1630680455842,7412738
1630680455882,7413364
1630680455922,7412112
1630680455962,7412477
1630680456002,7412477
1630680456042,7411904
1630680456082,7411382
1630680456122,7412373
1630680456162,7412112
1630680456202,7412477
1630680456242,7412216
1630680456282,7412894
1630680456322,7413207
1630680456362,7413572
1630680456402,7414511
1630680456442,7414876
1630680456482,7415606
1630680456522,7416962
1630680456562,7418109
1630680456602,7419413
1630680456642,7420508
1630680456682,7422646
1630680456722,7423220
1630680456762,7423428
1630680456802,7424784
1630680456842,7426036
1630680456882,7426036
1630680456922,7427652
1630680456962,7428591
1630680457002,7429634
1630680457042,7429374
1630680457082,7431720
1630680457122,7431825
1630680457162,7433128
1630680457202,7432972
1630680457242,7434432
1630680457282,7434328
1630680457322,7434328
1630680457362,7434328
1630680457402,7433650
1630680457442,7433180
1630680457482,7432920
1630680457522,7431668
1630680457562,7431094
1630680457602,7430052
1630680457642,7429165
1630680457682,7428383
1630680457722,7427496
1630680457762,7426088
1630680457802,7425879
1630680457842,7424889
1630680457882,7425045
1630680457922,7425462
1630680457962,7425567
1630680458002,7426453
1630680458042,7427131
1630680458082,7428644
1630680458122,7428539
1630680458162,7427287
1630680458202,7426140
1630680458242,7423898
1630680458282,7423585
1630680458322,7423168
1630680458362,7422281
1630680458402,7421499
1630680458442,7420925
1630680458482,7421291
1630680458522,7423220
1630680458562,7423742
1630680458602,7423168
1630680458642,7422855
1630680458682,7427079
1630680458722,7431407
1630680458762,7435527
1630680458802,7439960
1630680458842,7444184
1630680458882,7448460
1630680458922,7452424
1630680458962,7455918
1630680459002,7458264
1630680459042,7460350
1630680459082,7460298
1630680459122,7460559
1630680459162,7460194
1630680459202,7461654
1630680459242,7462749
1630680459282,7463323
1630680459322,7464731
1630680459362,7465669
1630680459402,7466660
1630680459442,7467807
1630680459482,7469476
1630680459522,7470467
1630680459562,7472032
1630680459602,7473701
1630680459642,7474326
1630680459682,7474952
1630680459722,7474796
1630680459762,7474587
1630680459802,7473752
1630680459842,7470989
1630680459882,7468225
1630680459922,7465148
1630680459962,7462801
1630680460002,7461550
1630680460042,7459412
1630680460082,7457221
1630680460122,7455605
1630680460162,7455344
1630680460202,7453310
1630680460242,7452215
1630680460282,7451798
1630680460322,7451537
1630680460362,7449451
1630680460402,7448982
1630680460442,7448304
1630680460482,7447991
1630680460522,7446478
1630680460562,7446374
1630680460602,7445331
1630680460642,7444810
1630680460682,7444705
1630680460722,7444392
1630680460762,7443975
1630680460802,7443715
1630680460842,7443349
1630680460882,7442724
1630680460922,7442672
1630680460962,7441785
1630680461002,7441472
1630680461042,7441629
1630680461082,7440794
1630680461122,7441055
1630680461162,7440690
1630680461202,7440794
1630680461242,7440273
1630680461282,7440742
1630680461322,7440481
1630680461362,7439803
1630680461402,7440116
1630680461442,7440325
1630680461482,7439543
1630680461522,7439699
1630680461562,7439490
1630680461602,7439073
1630680461642,7438865
1630680461682,7439178
1630680461722,7438708
1630680461762,7438552
1630680461802,7438135
1630680461842,7438291
1630680461882,7438187
1630680461922,7438082
1630680461962,7437561
1630680462002,7437717
1630680462042,7437352
1630680462082,7436883
1630680462122,7437092
1630680462162,7436309
1630680462202,7435996
1630680462242,7436153
1630680462282,7436153
1630680462322,7435996
1630680462362,7435684
1630680462402,7435475
1630680462442,7434901
1630680462482,7435579
1630680462522,7434588
1630680462562,7435006
1630680462602,7434171
1630680462642,7434797
1630680462682,7434849
1630680462722,7434745
1630680462762,7435788
1630680462802,7435788
1630680462842,7436987
1630680462882,7438239
1630680462922,7439647
1630680462962,7440012
1630680463002,7441420
1630680463042,7442306
1630680463082,7443193
1630680463122,7444497
1630680463162,7445853
1630680463202,7447208
1630680463242,7448043
1630680463282,7448721
1630680463322,7449764
1630680463362,7450702
1630680463402,7452424
1630680463442,7453884
1630680463482,7455083
1630680463522,7456230
1630680463562,7457586
1630680463602,7458056
1630680463642,7458004
1630680463682,7458786
1630680463722,7458525
1630680463762,7457743
1630680463802,7456908
1630680463842,7455448
1630680463882,7454822
1630680463922,7453623
1630680463962,7452841
1630680464002,7451328
1630680464042,7450702
1630680464082,7450442
1630680464122,7449555
1630680464162,7448460
1630680464202,7448251
1630680464242,7447521
1630680464282,7446687
1630680464322,7446061
1630680464362,7445696
1630680464402,7444862
1630680464442,7444236
1630680464482,7444132
1630680464522,7443871
1630680464562,7442984
1630680464602,7443297
1630680464642,7442880
1630680464682,7442619
1630680464722,7442046
1630680464762,7442098
1630680464802,7441159
1630680464842,7440533
1630680464882,7440168
1630680464922,7439334
1630680464962,7439960
1630680465002,7439282
1630680465042,7438865
1630680465082,7438343
1630680465122,7438552
1630680465162,7438343
1630680465202,7438239
1630680465242,7438082
1630680465282,7437874
1630680465322,7440221
1630680465362,7442567
1630680465402,7443871
1630680465442,7443819
1630680465482,7443819
1630680465522,7442984
1630680465562,7443037
1630680465602,7442724
1630680465642,7442359
1630680465682,7443715
1630680465722,7443923
1630680465762,7443767
1630680465802,7444810
1630680465842,7444914
1630680465882,7445488
1630680465922,7446531
1630680465962,7447052
1630680466002,7447313
1630680466042,7448721
1630680466082,7449659
1630680466122,7450598
1630680466162,7451537
1630680466202,7452110
1630680466242,7451641
1630680466282,7451798
1630680466322,7452110
1630680466362,7452476
1630680466402,7452580
1630680466442,7452789
1630680466482,7453414
1630680466522,7453675
1630680466562,7453884
1630680466602,7454614
1630680466642,7454927
1630680466682,7454614
1630680466722,7454614
1630680466762,7453988
1630680466802,7451902
1630680466842,7449764
1630680466882,7448304
1630680466922,7446583
1630680466962,7446531
1630680467002,7446374
1630680467042,7447000
1630680467082,7447834
1630680467122,7449451
1630680467162,7450285
1630680467202,7449920
1630680467242,7449503
1630680467282,7448512
1630680467322,7446583
1630680467362,7445227
1630680467402,7441420
1630680467442,7438969
1630680467482,7437092
1630680467522,7436779
1630680467562,7434745
1630680467602,7434276
1630680467642,7433806
1630680467682,7433598
1630680467722,7432555
1630680467762,7432815
1630680467802,7430990
1630680467842,7430208
1630680467882,7430364
1630680467922,7429582
1630680467962,7429165
1630680468002,7429009
1630680468042,7428800
1630680468082,7427652
1630680468122,7427183
1630680468162,7427496
1630680468202,7426766
1630680468242,7425932
1630680468282,7425150
1630680468322,7424524
1630680468362,7424784
1630680468402,7424628
1630680468442,7423793
1630680468482,7424159
1630680468522,7423846
1630680468562,7423272
1630680468602,7423689
1630680468642,7423585
1630680468682,7424732
1630680468722,7424784
1630680468762,7424784
1630680468802,7426036
1630680468842,7425827
1630680468882,7426923
1630680468922,7427392
1630680468962,7427809
1630680469002,7427601
1630680469042,7428435
1630680469082,7428591
1630680469122,7428435
1630680469162,7428383
1630680469202,7427652
1630680469242,7429060
1630680469282,7428800
1630680469322,7429374
1630680469362,7429634
1630680469402,7429999
1630680469442,7430677
1630680469482,7432033
1630680469522,7432972
1630680469562,7433337
1630680469602,7434067
1630680469642,7434015
1630680469682,7434901
1630680469722,7435631
1630680469762,7437613
1630680469802,7438030
1630680469842,7438969
1630680469882,7439178
1630680469922,7440116
1630680469962,7439751
1630680470002,7438865
1630680470042,7438500
1630680470082,7436831
1630680470122,7436414
1630680470162,7435110
1630680470202,7434276
1630680470242,7433285
1630680470282,7432868
1630680470322,7431355
1630680470362,7430886
1630680470402,7430521
1630680470442,7429426
1630680470482,7428591
1630680470522,7428748
1630680470562,7427287
1630680470602,7427079
1630680470642,7426349
1630680470682,7425619
1630680470722,7425045
1630680470762,7424836
1630680470802,7424941
1630680470842,7423898
1630680470882,7423428
1630680470922,7422020
1630680470962,7422073
1630680471002,7421291
1630680471042,7421134
1630680471082,7419778
1630680471122,7420247
1630680471162,7419883
1630680471202,7419465
1630680471242,7419830
1630680471282,7418526
1630680471322,7418370
1630680471362,7418370
1630680471402,7418161
1630680471442,7417640
1630680471482,7417275
1630680471522,7417379
1630680471562,7417171
1630680471602,7416545
1630680471642,7416597
1630680471682,7416493
1630680471722,7416493
1630680471762,7416180
1630680471802,7416493
1630680471842,7415971
1630680471882,7416493
1630680471922,7416075
1630680471962,7415867
1630680472002,7415137
1630680472042,7415658
1630680472082,7415450
1630680472122,7416388
1630680472162,7416388
1630680472202,7416649
1630680472242,7416858
1630680472282,7417223
1630680472322,7417014
1630680472362,7416910
1630680472402,7416753
1630680472442,7417014
1630680472482,7416806
1630680472522,7416128
1630680472562,7416284
1630680472602,7415919
1630680472642,7416284
1630680472682,7416232
1630680472722,7416649
1630680472762,7416232
1630680472802,7415971
1630680472842,7415763
1630680472882,7415658
1630680472922,7416545
1630680472962,7416284
1630680473002,7416128
1630680473042,7415867
1630680473082,7415293
1630680473122,7415189
1630680473162,7414824
1630680473202,7414615
1630680473242,7414876
1630680473282,7414667
1630680473322,7414667
1630680473362,7414250
1630680473402,7413416
1630680473442,7414198
1630680473482,7414563
1630680473522,7412842
1630680473562,7412790
1630680473602,7413155
1630680473642,7412686
1630680473682,7412790
1630680473722,7412686
1630680473762,7412477
1630680473802,7413155
1630680473842,7413051
1630680473882,7413468
1630680473922,7414459
1630680473962,7414667
1630680474002,7415397
1630680474042,7415710
1630680474082,7416128
1630680474122,7417744
1630680474162,7418683
1630680474202,7418787
1630680474242,7419987
1630680474282,7421499
1630680474322,7423011
1630680474362,7423376
1630680474402,7423846
1630680474442,7425045
1630680474482,7425879
1630680474522,7426558
1630680474562,7428226
1630680474602,7429321
1630680474642,7429582
1630680474682,7430990
1630680474722,7431668
1630680474762,7431616
1630680474802,7430990
1630680474842,7431199
1630680474882,7430156
1630680474922,7429739
1630680474962,7428018
1630680475002,7427548
1630680475042,7426609
1630680475082,7425358
1630680475122,7423846
1630680475162,7423533
1630680475202,7423742
1630680475242,7422959
1630680475282,7422594
1630680475322,7422385
1630680475362,7421968
1630680475402,7421447
1630680475442,7421708
1630680475482,7420769
1630680475522,7420299
1630680475562,7419987
1630680475602,7419204
1630680475642,7418318
1630680475682,7418683
1630680475722,7417431
1630680475762,7417171
1630680475802,7417171
1630680475842,7416388
1630680475882,7416180
1630680475922,7415241
1630680475962,7414876
1630680476002,7414928
1630680476042,7414459
1630680476082,7413781
1630680476122,7413259
1630680476162,7412738
1630680476202,7412164
1630680476242,7413051
1630680476282,7412529
1630680476322,7412164
1630680476362,7411538
1630680476402,7412269
1630680476442,7412634
1630680476482,7413364
1630680476522,7413051
1630680476562,7413624
1630680476602,7414042
1630680476642,7414250
1630680476682,7414980
1630680476722,7415189
1630680476762,7416388
1630680476802,7416753
1630680476842,7417848
1630680476882,7418161
1630680476922,7418787
1630680476962,7420404
1630680477002,7420977
1630680477042,7422281
1630680477082,7423063
1630680477122,7423533
1630680477162,7424471
1630680477202,7424680
1630680477242,7425306
1630680477282,7425932
1630680477322,7425410
1630680477362,7426505
1630680477402,7426140
1630680477442,7426088
1630680477482,7425201
1630680477522,7424941
1630680477562,7425306
1630680477602,7424993
1630680477642,7424107
1630680477682,7424054
1630680477722,7423533
1630680477762,7423898
1630680477802,7423533
1630680477842,7422959
1630680477882,7422542
1630680477922,7422333
1630680477962,7422333
1630680478002,7421655
1630680478042,7420456
1630680478082,7420560
1630680478122,7420612
1630680478162,7419830
1630680478202,7419883
1630680478242,7418735
1630680478282,7417953
1630680478322,7418005
1630680478362,7417379
1630680478402,7417536
1630680478442,7417118
1630680478482,7417118
1630680478522,7416858
1630680478562,7416128
1630680478602,7416023
1630680478642,7415919
1630680478682,7416075
1630680478722,7415085
1630680478762,7415658
1630680478802,7415293
1630680478842,7414511
1630680478882,7414772
1630680478922,7414042
1630680478962,7414720
1630680479002,7414146
1630680479042,7415345
1630680479082,7414511
1630680479122,7414407
1630680479162,7414094
1630680479202,7413572
1630680479242,7413416
1630680479282,7413207
1630680479322,7412894
1630680479362,7413677
1630680479402,7412686
1630680479442,7413051
1630680479482,7412842
1630680479522,7412634
1630680479562,7412999
1630680479602,7413207
1630680479642,7413624
1630680479682,7412947
1630680479722,7413259
1630680479762,7413937
1630680479802,7415241
1630680479842,7415815
1630680479882,7415815
1630680479922,7416597
1630680479962,7417431
1630680480002,7417848
1630680480042,7418891
1630680480082,7419934
1630680480122,7420717
1630680480162,7420821
1630680480202,7421551
1630680480242,7422542
1630680480282,7423324
1630680480322,7424107
1630680480362,7424993
1630680480402,7426036
1630680480442,7426975
1630680480482,7426975
1630680480522,7428018
1630680480562,7428018
1630680480602,7428591
1630680480642,7428122
1630680480682,7428122
1630680480722,7427444
1630680480762,7426923
1630680480802,7426923
1630680480842,7426349
1630680480882,7426244
1630680480922,7425827
1630680480962,7424941
1630680481002,7424889
1630680481042,7424628
1630680481082,7423585
1630680481122,7423220
1630680481162,7422699
1630680481202,7422594
1630680481242,7422125
1630680481282,7421395
1630680481322,7421291
1630680481362,7420717
1630680481402,7420665
1630680481442,7419830
1630680481482,7419674
1630680481522,7419622
1630680481562,7418944
1630680481602,7419778
1630680481642,7419100
1630680481682,7418891
1630680481722,7418266
1630680481762,7418266
1630680481802,7418005
1630680481842,7416910
1630680481882,7416858
1630680481922,7417171
1630680481962,7416440
1630680482002,7416336
1630680482042,7416023
1630680482082,7416597
1630680482122,7416336
1630680482162,7416336
1630680482202,7416336
1630680482242,7415971
1630680482282,7415554
1630680482322,7415554
1630680482362,7414355
1630680482402,7415658
1630680482442,7414980
1630680482482,7414980
1630680482522,7414824
1630680482562,7414250
1630680482602,7414250
1630680482642,7414615
1630680482682,7414824
1630680482722,7414302
1630680482762,7414563
1630680482802,7414511
1630680482842,7414824
1630680482882,7414928
1630680482922,7414928
1630680482962,7413989
1630680483002,7414720
1630680483042,7415293
1630680483082,7415450
1630680483122,7416128
1630680483162,7417379
1630680483202,7417483
1630680483242,7418005
1630680483282,7419622
1630680483322,7419934
1630680483362,7420456
1630680483402,7421499
1630680483442,7422438
1630680483482,7422750
1630680483522,7422959
1630680483562,7423793
1630680483602,7424576
1630680483642,7424367
1630680483682,7425097
1630680483722,7425723
1630680483762,7426558
1630680483802,7426558
1630680483842,7427757
1630680483882,7427705
1630680483922,7428174
1630680483962,7427757
1630680484002,7427131
1630680484042,7427131
1630680484082,7426870
1630680484122,7426714
1630680484162,7426088
1630680484202,7425567
1630680484242,7425775
1630680484282,7425201
1630680484322,7424002
1630680484362,7424054
1630680484402,7422959
1630680484442,7423846
1630680484482,7422594
1630680484522,7422229
1630680484562,7421551
1630680484602,7421082
1630680484642,7419883
1630680484682,7420143
1630680484722,7419830
1630680484762,7418891
1630680484802,7418370
1630680484842,7417692
1630680484882,7417796
1630680484922,7417014
1630680484962,7417014
1630680485002,7416388
1630680485042,7416180
1630680485082,7416023
1630680485122,7415710
1630680485162,7414980
1630680485202,7415189
1630680485242,7415397
1630680485282,7414355
1630680485322,7414042
1630680485362,7414615
1630680485402,7415085
1630680485442,7415032
1630680485482,7415189
1630680485522,7415345
1630680485562,7416649
1630680485602,7416649
1630680485642,7417692
1630680485682,7418057
1630680485722,7418787
1630680485762,7419934
1630680485802,7420039
1630680485842,7421030
1630680485882,7421760
1630680485922,7422125
1630680485962,7422855
1630680486002,7424002
1630680486042,7424993
1630680486082,7425410
1630680486122,7425932
1630680486162,7426923
1630680486202,7428226
1630680486242,7429374
1630680486282,7429791
1630680486322,7430364
1630680486362,7430417
1630680486402,7430260
1630680486442,7429895
1630680486482,7429374
1630680486522,7428539
1630680486562,7428591
1630680486602,7427444
1630680486642,7426818
1630680486682,7426818
1630680486722,7425671
1630680486762,7424211
1630680486802,7423793
1630680486842,7423898
1630680486882,7422385
1630680486922,7422385
1630680486962,7421812
1630680487002,7420665
1630680487042,7419883
1630680487082,7419622
1630680487122,7418944
1630680487162,7418422
1630680487202,7418422
1630680487242,7417640
1630680487282,7417431
1630680487322,7416701
1630680487362,7416388
1630680487402,7416232
1630680487442,7416232
1630680487482,7415293
1630680487522,7415658
1630680487562,7416023
1630680487602,7415345
1630680487642,7415658
1630680487682,7414980
1630680487722,7414563
1630680487762,7414980
1630680487802,7414980
1630680487842,7414876
1630680487882,7413572
1630680487922,7414720
1630680487962,7414146
1630680488002,7414250
1630680488042,7413624
1630680488082,7413729
1630680488122,7413885
1630680488162,7413207
1630680488202,7414250
1630680488242,7414511
1630680488282,7413781
1630680488322,7414511
1630680488362,7414511
1630680488402,7416336
1630680488442,7416388
1630680488482,7417014
1630680488522,7418579
1630680488562,7418161
1630680488602,7418579
1630680488642,7420247
1630680488682,7420873
1630680488722,7421655
1630680488762,7422699
1630680488802,7423168
1630680488842,7423533
1630680488882,7424680
1630680488922,7425671
1630680488962,7425932
1630680489002,7426609
1630680489042,7427392
1630680489082,7427444
1630680489122,7428852
1630680489162,7429269
1630680489202,7428122
1630680489242,7428591
1630680489282,7428278
1630680489322,7427652
1630680489362,7427235
1630680489402,7427340
1630680489442,7426558
1630680489482,7426036
1630680489522,7425567
1630680489562,7424732
1630680489602,7424263
1630680489642,7423950
1630680489682,7423272
1630680489722,7422594
1630680489762,7422907
1630680489802,7421916
1630680489842,7422125
1630680489882,7421655
1630680489922,7421655
1630680489962,7420352
1630680490002,7419883
1630680490042,7419726
1630680490082,7419726
1630680490122,7419361
1630680490162,7418266
1630680490202,7418005
1630680490242,7417796
1630680490282,7417327
1630680490322,7417275
1630680490362,7416232
1630680490402,7416336
1630680490442,7416232
1630680490482,7415763
1630680490522,7416493
1630680490562,7416232
1630680490602,7415606
1630680490642,7415867
1630680490682,7415971
1630680490722,7415971
1630680490762,7415710
1630680490802,7415502
1630680490842,7415293
1630680490882,7416128
1630680490922,7416545
1630680490962,7417431
1630680491002,7418057
1630680491042,7418735
1630680491082,7419465
1630680491122,7420352
1630680491162,7420352
1630680491202,7420769
1630680491242,7422281
1630680491282,7423116
1630680491322,7423585
1630680491362,7423846
1630680491402,7424680
1630680491442,7424889
1630680491482,7426714
1630680491522,7427235
1630680491562,7428331
1630680491602,7428591
1630680491642,7429009
1630680491682,7429217
1630680491722,7429739
1630680491762,7430052
1630680491802,7429530
1630680491842,7429009
1630680491882,7428748
1630680491922,7428226
1630680491962,7426558
1630680492002,7425984
1630680492042,7424576
1630680492082,7423846
1630680492122,7422750
1630680492162,7422542
1630680492202,7422490
1630680492242,7421499
1630680492282,7420821
1630680492322,7420195
1630680492362,7419622
1630680492402,7419152
1630680492442,7418266
1630680492482,7417901
1630680492522,7417483
1630680492562,7417744
1630680492602,7416388
1630680492642,7416440
1630680492682,7415710
1630680492722,7415606
1630680492762,7415241
1630680492802,7416023
1630680492842,7415293
1630680492882,7415137
1630680492922,7415189
1630680492962,7414459
1630680493002,7414667
1630680493042,7414302
1630680493082,7413885
1630680493122,7414407
1630680493162,7414355
1630680493202,7413885
1630680493242,7414146
1630680493282,7413885
1630680493322,7414511
1630680493362,7415189
1630680493402,7415554
1630680493442,7416701
1630680493482,7418161
1630680493522,7418214
1630680493562,7418579
1630680493602,7419465
1630680493642,7420352
1630680493682,7421030
1630680493722,7420977
1630680493762,7422125
1630680493802,7422542
1630680493842,7422490
1630680493882,7423220
1630680493922,7423689
1630680493962,7424211
1630680494002,7425097
1630680494042,7426244
1630680494082,7426453
1630680494122,7427548
1630680494162,7428331
1630680494202,7428383
1630680494242,7428435
1630680494282,7429582
1630680494322,7428800
1630680494362,7429269
1630680494402,7427861
1630680494442,7428226
1630680494482,7427392
1630680494522,7426975
1630680494562,7426609
1630680494602,7426244
1630680494642,7425879
1630680494682,7426244
1630680494722,7425150
1630680494762,7424941
1630680494802,7424732
1630680494842,7424471
1630680494882,7424576
1630680494922,7423533
1630680494962,7423011
1630680495002,7423168
1630680495042,7422750
1630680495082,7422177
1630680495122,7421030
1630680495162,7420508
1630680495202,7420508
1630680495242,7419987
1630680495282,7419048
1630680495322,7419361
1630680495362,7418944
1630680495402,7418631
1630680495442,7418787
1630680495482,7417796
1630680495522,7417483
1630680495562,7416388
1630680495602,7416075
1630680495642,7416388
1630680495682,7415710
1630680495722,7416232
1630680495762,7415032
1630680495802,7414876
1630680495842,7414928
1630680495882,7415815
1630680495922,7414928
1630680495962,7415554
1630680496002,7414928
1630680496042,7414772
1630680496082,7414928
1630680496122,7416284
1630680496162,7416232
1630680496202,7416806
1630680496242,7417536
1630680496282,7418318
1630680496322,7418474
1630680496362,7419048
1630680496402,7420508
1630680496442,7420717
1630680496482,7420769
1630680496522,7422020
1630680496562,7422907
1630680496602,7422490
1630680496642,7423742
1630680496682,7424367
1630680496722,7425045
1630680496762,7425984
1630680496802,7426818
1630680496842,7427966
1630680496882,7428956
1630680496922,7429009
1630680496962,7428591
1630680497002,7428591
1630680497042,7428695
1630680497082,7427913
1630680497122,7427809
1630680497162,7427340
1630680497202,7426558
1630680497242,7425932
1630680497282,7425723
1630680497322,7424784
1630680497362,7424002
1630680497402,7423793
1630680497442,7423428
1630680497482,7422907
1630680497522,7422438
1630680497562,7421968
1630680497602,7421551
1630680497642,7421238
1630680497682,7420039
1630680497722,7421134
1630680497762,7420143
1630680497802,7419517
1630680497842,7419726
1630680497882,7419622
1630680497922,7418683
1630680497962,7419048
1630680498002,7418266
1630680498042,7418005
1630680498082,7417171
1630680498122,7417431
1630680498162,7416806
1630680498202,7417066
1630680498242,7416336
1630680498282,7416075
1630680498322,7415606
1630680498362,7416545
1630680498402,7415658
1630680498442,7415137
1630680498482,7415710
1630680498522,7415919
1630680498562,7416440
1630680498602,7416075
1630680498642,7416910
1630680498682,7416701
1630680498722,7417640
1630680498762,7418474
1630680498802,7418891
1630680498842,7419778
1630680498882,7420195
1630680498922,7421082
1630680498962,7421760
1630680499002,7421916
1630680499042,7422229
1630680499082,7423168
1630680499122,7424107
1630680499162,7424680
1630680499202,7425254
1630680499242,7425827
1630680499282,7426505
1630680499322,7427652
1630680499362,7427861
1630680499402,7429009
1630680499442,7429582
1630680499482,7428956
1630680499522,7429686
1630680499562,7428852
1630680499602,7428956
1630680499642,7428226
1630680499682,7427757
1630680499722,7427392
1630680499762,7426297
1630680499802,7425984
1630680499842,7425619
1630680499882,7423898
1630680499922,7424419
1630680499962,7423168
1630680500002,7422073
1630680500042,7422594
1630680500082,7421082
1630680500122,7420769
1630680500162,7421186
1630680500202,7420195
1630680500242,7420143
1630680500282,7419048
1630680500322,7418891
1630680500362,7418318
1630680500402,7418474
1630680500442,7419100
1630680500482,7418057
1630680500522,7417327
1630680500562,7417379
1630680500602,7416701
1630680500642,7417327
1630680500682,7416753
1630680500722,7416493
1630680500762,7416336
1630680500802,7416336
1630680500842,7416232
1630680500882,7415554
1630680500922,7415032
1630680500962,7415085
1630680501002,7415085
1630680501042,7414511
1630680501082,7414876
1630680501122,7415554
1630680501162,7415293
1630680501202,7415710
1630680501242,7415919
1630680501282,7417483
1630680501322,7417848
1630680501362,7418214
1630680501402,7418891
1630680501442,7419830
1630680501482,7420456
1630680501522,7420612
1630680501562,7421968
1630680501602,7422646
1630680501642,7422438
1630680501682,7423011
1630680501722,7424211
1630680501762,7424941
1630680501802,7425619
1630680501842,7426401
1630680501882,7427287
1630680501922,7427757
1630680501962,7428591
1630680502002,7429060
1630680502042,7429217
1630680502082,7429530
1630680502122,7429374
1630680502162,7429009
1630680502202,7429113
1630680502242,7428695
1630680502282,7428695
1630680502322,7427861
1630680502362,7427287
1630680502402,7427392
1630680502442,7426766
1630680502482,7426818
1630680502522,7425932
1630680502562,7425410
1630680502602,7425410
1630680502642,7424159
1630680502682,7423116
1630680502722,7423481
1630680502762,7422959
1630680502802,7421864
1630680502842,7421655
1630680502882,7421395
1630680502922,7420717
1630680502962,7419883
1630680503002,7419569
1630680503042,7418839
1630680503082,7418370
1630680503122,7417901
1630680503162,7418109
1630680503202,7418057
1630680503242,7417848
1630680503282,7417379
1630680503322,7417171
1630680503362,7417588
1630680503402,7417536
1630680503442,7418005
1630680503482,7418214
1630680503522,7418370
1630680503562,7418474
1630680503602,7419361
1630680503642,7420195
1630680503682,7420143
1630680503722,7421030
1630680503762,7421916
1630680503802,7422177
1630680503842,7422646
1630680503882,7423116
1630680503922,7424054
1630680503962,7424002
1630680504002,7424993
1630680504042,7425879
1630680504082,7427131
1630680504122,7426766
1630680504162,7428070
1630680504202,7428435
1630680504242,7429269
1630680504282,7429999
1630680504322,7429843
1630680504362,7429321
1630680504402,7428591
1630680504442,7428487
1630680504482,7428070
1630680504522,7427809
1630680504562,7426453
1630680504602,7425410
1630680504642,7425201
1630680504682,7424471
1630680504722,7423950
1630680504762,7424419
1630680504802,7423116
1630680504842,7423272
1630680504882,7422333
1630680504922,7421916
1630680504962,7421238
1630680505002,7420717
1630680505042,7420039
1630680505082,7419726
1630680505122,7419048
1630680505162,7418683
1630680505202,7418526
1630680505242,7417848
1630680505282,7418005
1630680505322,7417379
1630680505362,7417223
1630680505402,7416858
1630680505442,7416753
1630680505482,7416910
1630680505522,7416284
1630680505562,7416753
1630680505602,7416023
1630680505642,7416232
1630680505682,7415658
1630680505722,7415502
1630680505762,7415137
1630680505802,7414615
1630680505842,7415397
1630680505882,7415554
1630680505922,7415658
1630680505962,7416232
1630680506002,7416284
1630680506042,7416753
1630680506082,7417327
1630680506122,7418161
1630680506162,7419257
1630680506202,7419100
1630680506242,7420143
1630680506282,7420821
1630680506322,7420925
1630680506362,7421916
1630680506402,7422855
1630680506442,7422907
1630680506482,7424107
1630680506522,7424054
1630680506562,7425410
1630680506602,7425984
1630680506642,7426609
1630680506682,7428226
1630680506722,7428487
1630680506762,7429165
1630680506802,7430052
1630680506842,7429999
1630680506882,7430417
1630680506922,7429999
1630680506962,7429843
1630680507002,7429947
1630680507042,7429269
1630680507082,7429217
1630680507122,7428539
1630680507162,7427548
1630680507202,7427235
1630680507242,7427027
1630680507282,7426036
1630680507322,7426401
1630680507362,7425723
1630680507402,7424993
1630680507442,7424993
1630680507482,7424054
1630680507522,7423898
1630680507562,7423168
1630680507602,7423428
1630680507642,7423846
1630680507682,7422699
1630680507722,7421864
1630680507762,7421708
1630680507802,7420717
1630680507842,7420352
1630680507882,7420560
1630680507922,7419674
1630680507962,7419830
1630680508002,7419726
1630680508042,7419204
1630680508082,7418683
1630680508122,7418422
1630680508162,7418214
1630680508202,7418057
1630680508242,7417848
1630680508282,7417588
1630680508322,7418474
1630680508362,7417796
1630680508402,7417223
1630680508442,7417275
1630680508482,7416388
1630680508522,7416910
1630680508562,7416701
1630680508602,7417275
1630680508642,7416388
1630680508682,7416806
1630680508722,7417171
1630680508762,7417118
1630680508802,7417171
1630680508842,7417640
1630680508882,7418214
1630680508922,7418787
1630680508962,7419413
1630680509002,7419465
1630680509042,7419778
1630680509082,7420821
1630680509122,7420560
1630680509162,7421134
1630680509202,7422750
1630680509242,7422855
1630680509282,7423742
1630680509322,7424836
1630680509362,7425045
1630680509402,7425671
1630680509442,7425775
1630680509482,7426766
1630680509522,7427392
1630680509562,7427913
1630680509602,7429060
1630680509642,7428435
1630680509682,7429634
1630680509722,7429686
1630680509762,7428852
1630680509802,7428435
1630680509842,7428644
1630680509882,7427444
1630680509922,7428487
1630680509962,7427705
1630680510002,7427340
1630680510042,7426662
1630680510082,7426193
1630680510122,7425984
1630680510162,7425671
1630680510202,7425619
1630680510242,7425201
1630680510282,7425306
1630680510322,7424002
1630680510362,7423950
1630680510402,7423324
1630680510442,7423950
1630680510482,7423742
1630680510522,7423637
1630680510562,7422699
1630680510602,7422750
1630680510642,7422803
1630680510682,7421864
1630680510722,7421447
1630680510762,7421603
1630680510802,7421916
1630680510842,7420560
1630680510882,7420247
1630680510922,7419309
1630680510962,7419830
1630680511002,7419726
1630680511042,7419361
1630680511082,7418944
1630680511122,7418318
1630680511162,7418422
1630680511202,7418474
1630680511242,7418891
1630680511282,7418057
1630680511322,7417796
1630680511362,7417588
1630680511402,7417692
1630680511442,7417848
1630680511482,7417640
1630680511522,7417327
1630680511562,7416440
1630680511602,7417014
1630680511642,7416962
1630680511682,7416493
1630680511722,7416649
1630680511762,7417483
1630680511802,7417066
1630680511842,7418370
1630680511882,7418005
1630680511922,7418735
1630680511962,7418787
1630680512002,7419517
1630680512042,7420299
1630680512082,7420925
1630680512122,7421186
1630680512162,7421342
1630680512202,7422177
1630680512242,7422177
1630680512282,7423063
1630680512322,7423846
1630680512362,7423742
1630680512402,7424419
1630680512442,7425306
1630680512482,7425984
1630680512522,7426870
1630680512562,7426923
1630680512602,7427652
1630680512642,7428435
1630680512682,7428695
1630680512722,7429321
1630680512762,7429739
1630680512802,7429426
1630680512842,7429321
1630680512882,7428487
1630680512922,7428748
1630680512962,7427652
1630680513002,7427705
1630680513042,7427652
1630680513082,7426453
1630680513122,7425932
1630680513162,7425671
1630680513202,7425201
1630680513242,7424263
1630680513282,7423950
1630680513322,7423793
1630680513362,7424367
1630680513402,7423428
1630680513442,7423063
1630680513482,7422125
1630680513522,7421916
1630680513562,7421916
1630680513602,7421291
1630680513642,7420769
1630680513682,7420456
1630680513722,7420039
1630680513762,7419883
1630680513802,7419674
1630680513842,7419204
1630680513882,7418787
1630680513922,7418735
1630680513962,7418318
1630680514002,7418109
1630680514042,7417327
1630680514082,7418057
1630680514122,7417692
1630680514162,7417066
1630680514202,7417536
1630680514242,7416962
1630680514282,7416597
1630680514322,7416284
1630680514362,7416545
1630680514402,7416597
1630680514442,7417118
1630680514482,7417536
1630680514522,7417953
1630680514562,7418161
1630680514602,7419257
1630680514642,7419987
1630680514682,7420247
1630680514722,7420873
1630680514762,7421499
1630680514802,7422020
1630680514842,7422177
1630680514882,7423168
1630680514922,7423585
1630680514962,7424576
1630680515002,7425932
1630680515042,7426349
1630680515082,7426140
1630680515122,7427444
1630680515162,7428435
1630680515202,7429165
1630680515242,7429530
1630680515282,7429791
1630680515322,7430417
1630680515362,7430677
1630680515402,7430782
1630680515442,7430729
1630680515482,7429791
1630680515522,7429426
1630680515562,7429374
1630680515602,7428591
1630680515642,7428331
1630680515682,7427601
1630680515722,7427392
1630680515762,7426609
1630680515802,7426244
1630680515842,7425410
1630680515882,7424107
1630680515922,7424784
1630680515962,7423793
1630680516002,7422699
1630680516042,7423063
1630680516082,7421603
1630680516122,7421603
1630680516162,7420456
1630680516202,7419674
1630680516242,7419726
1630680516282,7418787
1630680516322,7419048
1630680516362,7418318
1630680516402,7418005
1630680516442,7417744
1630680516482,7417901
1630680516522,7417431
1630680516562,7417327
1630680516602,7417379
1630680516642,7417379
1630680516682,7416545
1630680516722,7416388
1630680516762,7416701
1630680516802,7416649
1630680516842,7416858
1630680516882,7416440
1630680516922,7417014
1630680516962,7417014
1630680517002,7417223
1630680517042,7417483
1630680517082,7418839
1630680517122,7419726
1630680517162,7419830
1630680517202,7420821
1630680517242,7421760
1630680517282,7421864
1630680517322,7423116
1630680517362,7423011
1630680517402,7423637
1630680517442,7424263
1630680517482,7424524
1630680517522,7425045
1630680517562,7425671
1630680517602,7426558
1630680517642,7427601
1630680517682,7427601
1630680517722,7428644
1630680517762,7429947
1630680517802,7430573
1630680517842,7430364
1630680517882,7430208
1630680517922,7429999
1630680517962,7429634
1630680518002,7429321
1630680518042,7428383
1630680518082,7428331
1630680518122,7427966
1630680518162,7427079
1630680518202,7427131
1630680518242,7426193
1630680518282,7425932
1630680518322,7425619
1630680518362,7425306
1630680518402,7424941
1630680518442,7424419
1630680518482,7425097
1630680518522,7424367
1630680518562,7423637
1630680518602,7423742
1630680518642,7423689
1630680518682,7422542
1630680518722,7422385
1630680518762,7421916
1630680518802,7421342
1630680518842,7421447
1630680518882,7420508
1630680518922,7420665
1630680518962,7420352
1630680519002,7419465
1630680519042,7419413
1630680519082,7418787
1630680519122,7418683
1630680519162,7418318
1630680519202,7417536
1630680519242,7417066
1630680519282,7416858
1630680519322,7416545
1630680519362,7416753
1630680519402,7416858
1630680519442,7415971
1630680519482,7416806
1630680519522,7416806
1630680519562,7416806
1630680519602,7417118
1630680519642,7417848
1630680519682,7417901
1630680519722,7418735
1630680519762,7419726
1630680519802,7420404
1630680519842,7421030
1630680519882,7420717
1630680519922,7422073
1630680519962,7421916
1630680520002,7423481
1630680520042,7423793
1630680520082,7424263
1630680520122,7425723
1630680520162,7426088
1630680520202,7426975
1630680520242,7428278
1630680520282,7428435
1630680520322,7430208
1630680520362,7430052
1630680520402,7430417
1630680520442,7431147
1630680520482,7431460
1630680520522,7430834
1630680520562,7430990
1630680520602,7429947
1630680520642,7429791
1630680520682,7429478
1630680520722,7429217
1630680520762,7429217
1630680520802,7428695
1630680520842,7428852
1630680520882,7428591
1630680520922,7427757
1630680520962,7427287
1630680521002,7426923
1630680521042,7426349
1630680521082,7426297
1630680521122,7424784
1630680521162,7425201
1630680521202,7424054
1630680521242,7423011
1630680521282,7422907
1630680521322,7422438
1630680521362,7422803
1630680521402,7422073
1630680521442,7422020
1630680521482,7421447
1630680521522,7421760
1630680521562,7421342
1630680521602,7420665
1630680521642,7421030
1630680521682,7420665
1630680521722,7419883
1630680521762,7419987
1630680521802,7418631
1630680521842,7418422
1630680521882,7418214
1630680521922,7418474
1630680521962,7418057
1630680522002,7417640
1630680522042,7417431
1630680522082,7417431
1630680522122,7417379
1630680522162,7416858
1630680522202,7416493
1630680522242,7416336
1630680522282,7416701
1630680522322,7416545
1630680522362,7416858
1630680522402,7416753
1630680522442,7417692
1630680522482,7417848
1630680522522,7418005
1630680522562,7419465
1630680522602,7419674
1630680522642,7419830
1630680522682,7420717
1630680522722,7421760
1630680522762,7421655
1630680522802,7422907
1630680522842,7423846
1630680522882,7424471
1630680522922,7424107
1630680522962,7425984
1630680523002,7426349
1630680523042,7427079
1630680523082,7428487
1630680523122,7428748
1630680523162,7429321
1630680523202,7429999
1630680523242,7429947
1630680523282,7431094
1630680523322,7430938
1630680523362,7431460
1630680523402,7430417
1630680523442,7430364
1630680523482,7430521
1630680523522,7429321
1630680523562,7429165
1630680523602,7428904
1630680523642,7429060
1630680523682,7428383
1630680523722,7427966
1630680523762,7427496
1630680523802,7426766
1630680523842,7426453
1630680523882,7425827
1630680523922,7425254
1630680523962,7424993
1630680524002,7424419
1630680524042,7424315
1630680524082,7424680
1630680524122,7424002
1630680524162,7423533
1630680524202,7423950
1630680524242,7422750
1630680524282,7423168
1630680524322,7422959
1630680524362,7422385
1630680524402,7422020
1630680524442,7421916
1630680524482,7421968
1630680524522,7421134
1630680524562,7420717
1630680524602,7420665
1630680524642,7419934
1630680524682,7419726
1630680524722,7419987
1630680524762,7419622
1630680524802,7419257
1630680524842,7419309
1630680524882,7418944
1630680524922,7418474
1630680524962,7418579
1630680525002,7418735
1630680525042,7418005
1630680525082,7417796
1630680525122,7418631
1630680525162,7418005
1630680525202,7418161
1630680525242,7418891
1630680525282,7419048
1630680525322,7419204
1630680525362,7420039
1630680525402,7421082
1630680525442,7421238
1630680525482,7422542
1630680525522,7422750
1630680525562,7423846
1630680525602,7424159
1630680525642,7424211
1630680525682,7425097
1630680525722,7425462
1630680525762,7425619
1630680525802,7426558
1630680525842,7427444
1630680525882,7428487
1630680525922,7428852
1630680525962,7428800
1630680526002,7430208
1630680526042,7429895
1630680526082,7431460
1630680526122,7431042
1630680526162,7431407
1630680526202,7431094
1630680526242,7430260
1630680526282,7429843
1630680526322,7429947
1630680526362,7429269
1630680526402,7428591
1630680526442,7428278
1630680526482,7427496
1630680526522,7427652
1630680526562,7426401
1630680526602,7425879
1630680526642,7425619
1630680526682,7424576
1630680526722,7424471
1630680526762,7423846
1630680526802,7423637
1630680526842,7423168
1630680526882,7422803
1630680526922,7422385
1630680526962,7422073
1630680527002,7421134
1630680527042,7421030
1630680527082,7420560
1630680527122,7420717
1630680527162,7420821
1630680527202,7419883
1630680527242,7419622
1630680527282,7419830
1630680527322,7419830
1630680527362,7418735
1630680527402,7418787
1630680527442,7419204
1630680527482,7419674
1630680527522,7418631
1630680527562,7418318
1630680527602,7418631
1630680527642,7418109
1630680527682,7418579
1630680527722,7417796
1630680527762,7417640
1630680527802,7418579
1630680527842,7419100
1630680527882,7419204
1630680527922,7419987
1630680527962,7420508
1630680528002,7420299
1630680528042,7421447
1630680528082,7422020
1630680528122,7422073
1630680528162,7423220
1630680528202,7423533
1630680528242,7423950
1630680528282,7424419
1630680528322,7425410
1630680528362,7425879
1630680528402,7427548
1630680528442,7428018
1630680528482,7428278
1630680528522,7429947
1630680528562,7430417
1630680528602,7431460
1630680528642,7431147
1630680528682,7431199
1630680528722,7431199
1630680528762,7430625
1630680528802,7430782
1630680528842,7429895
1630680528882,7429895
1630680528922,7429217
1630680528962,7428800
1630680529002,7427913
1630680529042,7427392
1630680529082,7427131
1630680529122,7426088
1630680529162,7425515
1630680529202,7424419
1630680529242,7424628
1630680529282,7423846
1630680529322,7423846
1630680529362,7423637
1630680529402,7422803
1630680529442,7422333
1630680529482,7422020
1630680529522,7421708
1630680529562,7421812
1630680529602,7420247
1630680529642,7420404
1630680529682,7420612
1630680529722,7421082
1630680529762,7420821
1630680529802,7420299
1630680529842,7419778
1630680529882,7419883
1630680529922,7419674
1630680529962,7419152
1630680530002,7419152
1630680530042,7418891
1630680530082,7418579
1630680530122,7418266
1630680530162,7418161
1630680530202,7418214
1630680530242,7418787
1630680530282,7417901
1630680530322,7418422
1630680530362,7418631
1630680530402,7418214
1630680530442,7418579
1630680530482,7419100
1630680530522,7419569
1630680530562,7420299
1630680530602,7420352
1630680530642,7421603
1630680530682,7421968
1630680530722,7422177
1630680530762,7422438
1630680530802,7423272
1630680530842,7424002
1630680530882,7423793
1630680530922,7425045
1630680530962,7425619
1630680531002,7427183
1630680531042,7428018
1630680531082,7428122
1630680531122,7428748
1630680531162,7429634
1630680531202,7430103
1630680531242,7431251
1630680531282,7432190
1630680531322,7432190
1630680531362,7432242
1630680531402,7431460
1630680531442,7431251
1630680531482,7429843
1630680531522,7429739
1630680531562,7429269
1630680531602,7428644
1630680531642,7427757
1630680531682,7427340
1630680531722,7426453
1630680531762,7425984
1630680531802,7425619
1630680531842,7424419
1630680531882,7424419
1630680531922,7423637
1630680531962,7423324
1630680532002,7422959
1630680532042,7423533
1630680532082,7421916
1630680532122,7421186
1630680532162,7421186
1630680532202,7420247
1630680532242,7420404
1630680532282,7420247
1630680532322,7419830
1630680532362,7420299
1630680532402,7419569
1630680532442,7419100
1630680532482,7418683
1630680532522,7418787
1630680532562,7418474
1630680532602,7418474
1630680532642,7418057
1630680532682,7418579
1630680532722,7418161
1630680532762,7418214
1630680532802,7417431
1630680532842,7417640
1630680532882,7417379
1630680532922,7417431
1630680532962,7416545
1630680533002,7416440
1630680533042,7416597
1630680533082,7416597
1630680533122,7417066
1630680533162,7417536
1630680533202,7416806
1630680533242,7417588
1630680533282,7417536
1630680533322,7417692
1630680533362,7418109
1630680533402,7419569
1630680533442,7418891
1630680533482,7420091
1630680533522,7421499
1630680533562,7421708
1630680533602,7422855
1630680533642,7423481
1630680533682,7424419
1630680533722,7424732
1630680533762,7425619
1630680533802,7426193
1630680533842,7426818
1630680533882,7427913
1630680533922,7428070
1630680533962,7428644
1630680534002,7429686
1630680534042,7429165
1630680534082,7430938
1630680534122,7431407
1630680534162,7432190
1630680534202,7432085
1630680534242,7431251
1630680534282,7432242
1630680534322,7431199
1630680534362,7431251
1630680534402,7429634
1630680534442,7429478
1630680534482,7428695
1630680534522,7428070
1630680534562,7427809
1630680534602,7427757
1630680534642,7427131
1630680534682,7426140
1630680534722,7426140
1630680534762,7425201
1630680534802,7424628
1630680534842,7424993
1630680534882,7424367
1630680534922,7424002
1630680534962,7423272
1630680535002,7423324
1630680535042,7422750
1630680535082,7422699
1630680535122,7421968
1630680535162,7421760
1630680535202,7421499
1630680535242,7420821
1630680535282,7420717
1630680535322,7419778
1630680535362,7419934
1630680535402,7419830
1630680535442,7419048
1630680535482,7418735
1630680535522,7418318
1630680535562,7418266
1630680535602,7418370
1630680535642,7418318
1630680535682,7417223
1630680535722,7417379
1630680535762,7417379
1630680535802,7417379
1630680535842,7418057
1630680535882,7418579
1630680535922,7418996
1630680535962,7419726
1630680536002,7420977
1630680536042,7422073
1630680536082,7423011
1630680536122,7423689
1630680536162,7425150
1630680536202,7425932
1630680536242,7427601
1630680536282,7429269
1630680536322,7430990
1630680536362,7434328
1630680536402,7436414
1630680536442,7437978
1630680536482,7440325
1630680536522,7441785
1630680536562,7443819
1630680536602,7447365
1630680536642,7450233
1630680536682,7454457
1630680536722,7457378
1630680536762,7458890
1630680536802,7461497
1630680536842,7463427
1630680536882,7465617
1630680536922,7468485
1630680536962,7473857
1630680537002,7479020
1630680537042,7484339
1630680537082,7489345
1630680537122,7493569
1630680537162,7497481
1630680537202,7500140
1630680537242,7502956
1630680537282,7507493
1630680537322,7510570
1630680537362,7512813
1630680537402,7515055
1630680537442,7518705
1630680537482,7522043
1630680537522,7519748
1630680537562,7514481
1630680537602,7509579
1630680537642,7503895
1630680537682,7500297
1630680537722,7497324
1630680537762,7492683
1630680537802,7489762
1630680537842,7488250
1630680537882,7485486
1630680537922,7483244
1630680537962,7483192
1630680538002,7481262
1630680538042,7479958
1630680538082,7478498
1630680538122,7477403
1630680538162,7475995
1630680538202,7474587
1630680538242,7474222
1630680538282,7473440
1630680538322,7472866
1630680538362,7472501
1630680538402,7470728
1630680538442,7470519
1630680538482,7468850
1630680538522,7467964
1630680538562,7467495
1630680538602,7466712
1630680538642,7465878
1630680538682,7464157
1630680538722,7463948
1630680538762,7462749
1630680538802,7461758
1630680538842,7461028
1630680538882,7461132
1630680538922,7460715
1630680538962,7460767
1630680539002,7459985
1630680539042,7460037
1630680539082,7459464
1630680539122,7458525
1630680539162,7458473
1630680539202,7458316
1630680539242,7457273
1630680539282,7458160
1630680539322,7457169
1630680539362,7456439
1630680539402,7456752
1630680539442,7456022
1630680539482,7456178
1630680539522,7455448
1630680539562,7455292
1630680539602,7455709
1630680539642,7455448
1630680539682,7455240
1630680539722,7455031
1630680539762,7454979
1630680539802,7455605
1630680539842,7455083
1630680539882,7454770
1630680539922,7453988
1630680539962,7453675
1630680540002,7454457
1630680540042,7453832
1630680540082,7453310
1630680540122,7453675
1630680540162,7453467
1630680540202,7453779
1630680540242,7453258
1630680540282,7453518
1630680540322,7453518
1630680540362,7453623
1630680540402,7453414
1630680540442,7452371
1630680540482,7451745
1630680540522,7451276
1630680540562,7450755
1630680540602,7450598
1630680540642,7449347
1630680540682,7449242
1630680540722,7448721
1630680540762,7447730
1630680540802,7446635
1630680540842,7446531
1630680540882,7447208
1630680540922,7447157
1630680540962,7447469
1630680541002,7446531
1630680541042,7446113
1630680541082,7445644
1630680541122,7446218
1630680541162,7445488
1630680541202,7446061
1630680541242,7446426
1630680541282,7447574
1630680541322,7448929
1630680541362,7451120
1630680541402,7452424
1630680541442,7453623
1630680541482,7454927
1630680541522,7455709
1630680541562,7456961
1630680541602,7456804
1630680541642,7457899
1630680541682,7457273
1630680541722,7457326
1630680541762,7457586
1630680541802,7457534
1630680541842,7457482
1630680541882,7457899
1630680541922,7458316
1630680541962,7457273
1630680542002,7456387
1630680542042,7457065
1630680542082,7457013
1630680542122,7455344
1630680542162,7455135
1630680542202,7454353
1630680542242,7453362
1630680542282,7452371
1630680542322,7452006
1630680542362,7451172
1630680542402,7450702
1630680542442,7450755
1630680542482,7450807
1630680542522,7449451
1630680542562,7448721
1630680542602,7448512
1630680542642,7447782
1630680542682,7447939
1630680542722,7447104
1630680542762,7446843
1630680542802,7446843
1630680542842,7447261
1630680542882,7447000
1630680542922,7447157
1630680542962,7447157
1630680543002,7447000
1630680543042,7446843
1630680543082,7445853
1630680543122,7446270
1630680543162,7445279
1630680543202,7444914
1630680543242,7444914
1630680543282,7444966
1630680543322,7445123
1630680543362,7444862
1630680543402,7445644
1630680543442,7444288
1630680543482,7445435
1630680543522,7444914
1630680543562,7445800
1630680543602,7445800
1630680543642,7445800
1630680543682,7446113
1630680543722,7446635
1630680543762,7446687
1630680543802,7447104
1630680543842,7446739
1630680543882,7446374
1630680543922,7445540
1630680543962,7444288
1630680544002,7444236
1630680544042,7444132
1630680544082,7443715
1630680544122,7443037
1630680544162,7442463
1630680544202,7442306
1630680544242,7442724
1630680544282,7441994
1630680544322,7441159
1630680544362,7441524
1630680544402,7441368
1630680544442,7441055
1630680544482,7440638
1630680544522,7440116
1630680544562,7439595
1630680544602,7439595
1630680544642,7439856
1630680544682,7440168
1630680544722,7440273
1630680544762,7441159
1630680544802,7442046
1630680544842,7442932
1630680544882,7443662
1630680544922,7446113
1630680544962,7445957
1630680545002,7449868
1630680545042,7450337
1630680545082,7449503
1630680545122,7447052
1630680545162,7444757
1630680545202,7441472
1630680545242,7438552
1630680545282,7434276
1630680545322,7431668
1630680545362,7429478
1630680545402,7427809
1630680545442,7427340
1630680545482,7426923
1630680545522,7425827
1630680545562,7426558
1630680545602,7426975
1630680545642,7427287
1630680545682,7427966
1630680545722,7429791
1630680545762,7429478
1630680545802,7429791
1630680545842,7430417
1630680545882,7431303
1630680545922,7431511
1630680545962,7432398
1630680546002,7432085
1630680546042,7432450
1630680546082,7433128
1630680546122,7433285
1630680546162,7433076
1630680546202,7433806
1630680546242,7432763
1630680546282,7431929
1630680546322,7432503
1630680546362,7432555
1630680546402,7431511
1630680546442,7431772
1630680546482,7431929
1630680546522,7432398
1630680546562,7432450
1630680546602,7433233
1630680546642,7434171
1630680546682,7434223
1630680546722,7434328
1630680546762,7434328
1630680546802,7434067
1630680546842,7433337
1630680546882,7432137
1630680546922,7430677
1630680546962,7428487
1630680547002,7428174
1630680547042,7427392
1630680547082,7426140
1630680547122,7426244
1630680547162,7425254
1630680547202,7424524
1630680547242,7423742
1630680547282,7423272
1630680547322,7422855
1630680547362,7421864
1630680547402,7421499
1630680547442,7420560
1630680547482,7420717
1630680547522,7420143
1630680547562,7420247
1630680547602,7419830
1630680547642,7419778
1630680547682,7419204
1630680547722,7419674
1630680547762,7419152
1630680547802,7419048
1630680547842,7418474
1630680547882,7418057
1630680547922,7418005
1630680547962,7417640
1630680548002,7417848
1630680548042,7418579
1630680548082,7418318
1630680548122,7417848
1630680548162,7418370
1630680548202,7418787
1630680548242,7420299
1630680548282,7421603
1630680548322,7424524
1630680548362,7426193
1630680548402,7429165
1630680548442,7431772
1630680548482,7433806
1630680548522,7436414
1630680548562,7438604
1630680548602,7441576
1630680548642,7443715
1630680548682,7444080
1630680548722,7444914
1630680548762,7445749
1630680548802,7446322
1630680548842,7447261
1630680548882,7446635
1630680548922,7445957
1630680548962,7446635
1630680549002,7447626
1630680549042,7448565
1630680549082,7449347
1630680549122,7450233
1630680549162,7451381
1630680549202,7451693
1630680549242,7451381
1630680549282,7452424
1630680549322,7451068
1630680549362,7451016
1630680549402,7451381
1630680549442,7450233
1630680549482,7449973
1630680549522,7449399
1630680549562,7448356
1630680549602,7448773
1630680549642,7447521
1630680549682,7447157
1630680549722,7446531
1630680549762,7446270
1630680549802,7446218
1630680549842,7444810
1630680549882,7445018
1630680549922,7444549
1630680549962,7443871
1630680550002,7443402
1630680550042,7442619
1630680550082,7442672
1630680550122,7442724
1630680550162,7441837
1630680550202,7441681
1630680550242,7441472
1630680550282,7441003
1630680550322,7440951
1630680550362,7440586
1630680550402,7439595
1630680550442,7438969
1630680550482,7439125
1630680550522,7439490
1630680550562,7439230
1630680550602,7438447
1630680550642,7437770
1630680550682,7437300
1630680550722,7436570
1630680550762,7435527
1630680550802,7434641
1630680550842,7434797
1630680550882,7434432
1630680550922,7435996
1630680550962,7436309
1630680551002,7436622
1630680551042,7438187
1630680551082,7439230
1630680551122,7441264
1630680551162,7441681
1630680551202,7442150
1630680551242,7442150
1630680551282,7442828
1630680551322,7443402
1630680551362,7443975
1630680551402,7445749
1630680551442,7446531
1630680551482,7448147
1630680551522,7448929
1630680551562,7450077
1630680551602,7450598
1630680551642,7452059
1630680551682,7452945
1630680551722,7453467
1630680551762,7455135
1630680551802,7454510
1630680551842,7455813
1630680551882,7456230
1630680551922,7456961
1630680551962,7457065
1630680552002,7455344
1630680552042,7455031
1630680552082,7455187
1630680552122,7454561
1630680552162,7454144
1630680552202,7453310
1630680552242,7452841
1630680552282,7452059
1630680552322,7451433
1630680552362,7450077
1630680552402,7449086
1630680552442,7448617
1630680552482,7448669
1630680552522,7447834
1630680552562,7447313
1630680552602,7446113
1630680552642,7445435
1630680552682,7445383
1630680552722,7445749
1630680552762,7445331
1630680552802,7444914
1630680552842,7444757
1630680552882,7444653
1630680552922,7444549
1630680552962,7443454
1630680553002,7443193
1630680553042,7443558
1630680553082,7443349
1630680553122,7443141
1630680553162,7442932
1630680553202,7442254
1630680553242,7442359
1630680553282,7442202
1630680553322,7441785
1630680553362,7441055
1630680553402,7441264
1630680553442,7440898
1630680553482,7440273
1630680553522,7440794
1630680553562,7440481
1630680553602,7440742
1630680553642,7440429
1630680553682,7440794
1630680553722,7441055
1630680553762,7441368
1630680553802,7441264
1630680553842,7442046
1630680553882,7442567
1630680553922,7443349
1630680553962,7444653
1630680554002,7445279
1630680554042,7445905
1630680554082,7447157
1630680554122,7447991
1630680554162,7448877
1630680554202,7449555
1630680554242,7450494
1630680554282,7452528
1630680554322,7452684
1630680554362,7452528
1630680554402,7453727
1630680554442,7454249
1630680554482,7455448
1630680554522,7455448
1630680554562,7455500
1630680554602,7455448
1630680554642,7457013
1630680554682,7456648
1630680554722,7455865
1630680554762,7455240
1630680554802,7454822
1630680554842,7454927
1630680554882,7454405
1630680554922,7454301
1630680554962,7453727
1630680555002,7453258
1630680555042,7452841
1630680555082,7453049
1630680555122,7452059
1630680555162,7451902
1630680555202,7451120
1630680555242,7451589
1630680555282,7450702
1630680555322,7450025
1630680555362,7449399
1630680555402,7448929
1630680555442,7448617
1630680555482,7448512
1630680555522,7448356
1630680555562,7448147
1630680555602,7448825
1630680555642,7448304
1630680555682,7447991
1630680555722,7446687
1630680555762,7445800
1630680555802,7445644
1630680555842,7445749
1630680555882,7445905
1630680555922,7445644
1630680555962,7444341
1630680556002,7444497
1630680556042,7443610
1630680556082,7444132
1630680556122,7444027
1630680556162,7443558
1630680556202,7443245
1630680556242,7443245
1630680556282,7442672
1630680556322,7442619
1630680556362,7442098
1630680556402,7442724
1630680556442,7442359
1630680556482,7442150
1630680556522,7441994
1630680556562,7442202
1630680556602,7442306
1630680556642,7442150
1630680556682,7442359
1630680556722,7442515
1630680556762,7442359
1630680556802,7442463
1630680556842,7442098
1630680556882,7442619
1630680556922,7442254
1630680556962,7442567
1630680557002,7442724
1630680557042,7443402
1630680557082,7443402
1630680557122,7444757
1630680557162,7445123
1630680557202,7445696
1630680557242,7446113
1630680557282,7446687
1630680557322,7447991
1630680557362,7448877
1630680557402,7449190
1630680557442,7450233
1630680557482,7452215
1630680557522,7453675
1630680557562,7454197
1630680557602,7454510
1630680557642,7455396
1630680557682,7456439
1630680557722,7457795
1630680557762,7458681
1630680557802,7459203
1630680557842,7459099
1630680557882,7459464
1630680557922,7457430
1630680557962,7457013
1630680558002,7456230
1630680558042,7455187
1630680558082,7454770
1630680558122,7453518
1630680558162,7452319
1630680558202,7451850
1630680558242,7451120
1630680558282,7450285
1630680558322,7449712
1630680558362,7448929
1630680558402,7448773
1630680558442,7448304
1630680558482,7448460
1630680558522,7448095
1630680558562,7447208
1630680558602,7446113
1630680558642,7446583
1630680558682,7446426
1630680558722,7446531
1630680558762,7446478
1630680558802,7445800
1630680558842,7445749
1630680558882,7444810
1630680558922,7445435
1630680558962,7445070
1630680559002,7444341
1630680559042,7444392
1630680559082,7444341
1630680559122,7444132
1630680559162,7444184
1630680559202,7443402
1630680559242,7443975
1630680559282,7443506
1630680559322,7443141
1630680559362,7443819
1630680559402,7443923
1630680559442,7443715
1630680559482,7444288
1630680559522,7444445
1630680559562,7445488
1630680559602,7446583
1630680559642,7447157
1630680559682,7448095
1630680559722,7448356
1630680559762,7449659
1630680559802,7450755
1630680559842,7451485
1630680559882,7451902
1630680559922,7453153
1630680559962,7454197
1630680560002,7455344
1630680560042,7455761
1630680560082,7456230
1630680560122,7457273
1630680560162,7457534
1630680560202,7457638
1630680560242,7457534
1630680560282,7456491
1630680560322,7456595
1630680560362,7455605
1630680560402,7454979
1630680560442,7455396
1630680560482,7454353
1630680560522,7453832
1630680560562,7452945
1630680560602,7452110
1630680560642,7450337
1630680560682,7448929
1630680560722,7447313
1630680560762,7447157
1630680560802,7447052
1630680560842,7446896
1630680560882,7446739
1630680560922,7446426
1630680560962,7446687
1630680561002,7445905
1630680561042,7445592
1630680561082,7445800
1630680561122,7444966
1630680561162,7445070
1630680561202,7444445
1630680561242,7444080
1630680561282,7444080
1630680561322,7443506
1630680561362,7442411
1630680561402,7441629
1630680561442,7441055
1630680561482,7441368
1630680561522,7441159
1630680561562,7440638
1630680561602,7440012
1630680561642,7440846
1630680561682,7441159
1630680561722,7441941
1630680561762,7442619
1630680561802,7442776
1630680561842,7443819
1630680561882,7444705
1630680561922,7446113
1630680561962,7447052
1630680562002,7447574
1630680562042,7447939
1630680562082,7449451
1630680562122,7449659
1630680562162,7450963
1630680562202,7452163
1630680562242,7452736
1630680562282,7453832
1630680562322,7455135
1630680562362,7456961
1630680562402,7457430
1630680562442,7459046
1630680562482,7459777
1630680562522,7460089
1630680562562,7460350
1630680562602,7460402
1630680562642,7459777
1630680562682,7459151
1630680562722,7458786
1630680562762,7457951
1630680562802,7457534
1630680562842,7456856
1630680562882,7455657
1630680562922,7455865
1630680562962,7454770
1630680563002,7453884
1630680563042,7453467
1630680563082,7452319
1630680563122,7451641
1630680563162,7450963
1630680563202,7449608
1630680563242,7449347
1630680563282,7448669
1630680563322,7448512
1630680563362,7448147
1630680563402,7447157
1630680563442,7446061
1630680563482,7446478
1630680563522,7445488
1630680563562,7445540
1630680563602,7445123
1630680563642,7445644
1630680563682,7444705
1630680563722,7444966
1630680563762,7444445
1630680563802,7444341
1630680563842,7445227
1630680563882,7444132
1630680563922,7444132
1630680563962,7443715
1630680564002,7443975
1630680564042,7443245
1630680564082,7442984
1630680564122,7443767
1630680564162,7443767
1630680564202,7442776
1630680564242,7442880
1630680564282,7443193
1630680564322,7442567
1630680564362,7442567
1630680564402,7442515
1630680564442,7442619
1630680564482,7442828
1630680564522,7443349
1630680564562,7443037
1630680564602,7443819
1630680564642,7444080
1630680564682,7445279
1630680564722,7445749
1630680564762,7446009
1630680564802,7447626
1630680564842,7448147
1630680564882,7449347
1630680564922,7450442
1630680564962,7450755
1630680565002,7452110
1630680565042,7452632
1630680565082,7453779
1630680565122,7454405
1630680565162,7455135
1630680565202,7455969
1630680565242,7456648
1630680565282,7457221
1630680565322,7458056
1630680565362,7459151
1630680565402,7458890
1630680565442,7459568
1630680565482,7459724
1630680565522,7459672
1630680565562,7458838
1630680565602,7457534
1630680565642,7457691
1630680565682,7456804
1630680565722,7455500
1630680565762,7456074
1630680565802,7454927
1630680565842,7454092
1630680565882,7452424
1630680565922,7451798
1630680565962,7451276
1630680566002,7449868
1630680566042,7450077
1630680566082,7448773
1630680566122,7448408
1630680566162,7447313
1630680566202,7447157
1630680566242,7447365
1630680566282,7446374
1630680566322,7446426
1630680566362,7446113
1630680566402,7446166
1630680566442,7445644
1630680566482,7445331
1630680566522,7444341
1630680566562,7444810
1630680566602,7444653
1630680566642,7444392
1630680566682,7444653
1630680566722,7444027
1630680566762,7444705
1630680566802,7444236
1630680566842,7443975
1630680566882,7443558
1630680566922,7444184
1630680566962,7442932
1630680567002,7443819
1630680567042,7444549
1630680567082,7443923
1630680567122,7443506
1630680567162,7442776
1630680567202,7443402
1630680567242,7443141
1630680567282,7443402
1630680567322,7444341
1630680567362,7444601
1630680567402,7445540
1630680567442,7446270
1630680567482,7447417
1630680567522,7448982
1630680567562,7449451
1630680567602,7448617
1630680567642,7449816
1630680567682,7450651
1630680567722,7451641
1630680567762,7452684
1630680567802,7453310
1630680567842,7453832
1630680567882,7454927
1630680567922,7455292
1630680567962,7456856
1630680568002,7457847
1630680568042,7458160
1630680568082,7459568
1630680568122,7459724
1630680568162,7459672
1630680568202,7459359
1630680568242,7459464
1630680568282,7459255
1630680568322,7458316
1630680568362,7458108
1630680568402,7457221
1630680568442,7456648
1630680568482,7455031
1630680568522,7455187
1630680568562,7454301
1630680568602,7453310
1630680568642,7452424
1630680568682,7451641
1630680568722,7451016
1630680568762,7450233
1630680568802,7449816
1630680568842,7449138
1630680568882,7448408
1630680568922,7448617
1630680568962,7447104
1630680569002,7446322
1630680569042,7446948
1630680569082,7445853
1630680569122,7445696
1630680569162,7445749
1630680569202,7445435
1630680569242,7446061
1630680569282,7444966
1630680569322,7444810
1630680569362,7445279
1630680569402,7444966
1630680569442,7443871
1630680569482,7444549
1630680569522,7444236
1630680569562,7444132
1630680569602,7443975
1630680569642,7444601
1630680569682,7443923
1630680569722,7443975
1630680569762,7443871
1630680569802,7444288
1630680569842,7445018
1630680569882,7445435
1630680569922,7447052
1630680569962,7447417
1630680570002,7447678
1630680570042,7448669
1630680570082,7449764
1630680570122,7449920
1630680570162,7450702
1630680570202,7451537
1630680570242,7452476
1630680570282,7452945
1630680570322,7454353
1630680570362,7454770
1630680570402,7456439
1630680570442,7456961
1630680570482,7457847
1630680570522,7458786
1630680570562,7459620
1630680570602,7459985
1630680570642,7459985
1630680570682,7459985
1630680570722,7459881
1630680570762,7458629
1630680570802,7458525
1630680570842,7457691
1630680570882,7456752
1630680570922,7456908
1630680570962,7455187
1630680571002,7454561
1630680571042,7453571
1630680571082,7452371
1630680571122,7452163
1630680571162,7451850
1630680571202,7450494
1630680571242,7450598
1630680571282,7449608
1630680571322,7448773
1630680571362,7448356
1630680571402,7447886
1630680571442,7447313
1630680571482,7446687
1630680571522,7445905
1630680571562,7446583
1630680571602,7445800
1630680571642,7446061
1630680571682,7445853
1630680571722,7445749
1630680571762,7445696
1630680571802,7445331
1630680571842,7444549
1630680571882,7444497
1630680571922,7444549
1630680571962,7443819
1630680572002,7443975
1630680572042,7443871
1630680572082,7443923
1630680572122,7444132
1630680572162,7443715
1630680572202,7443349
1630680572242,7443610
1630680572282,7443402
1630680572322,7443454
1630680572362,7443141
1630680572402,7443089
1630680572442,7443610
1630680572482,7443141
1630680572522,7443402
1630680572562,7442932
1630680572602,7443193
1630680572642,7442567
1630680572682,7443037
1630680572722,7442984
1630680572762,7443506
1630680572802,7444549
1630680572842,7444966
1630680572882,7445435
1630680572922,7446792
1630680572962,7447104
1630680573002,7447991
1630680573042,7448251
1630680573082,7449138
1630680573122,7449608
1630680573162,7450233
1630680573202,7451172
1630680573242,7451798
1630680573282,7452736
1630680573322,7453258
1630680573362,7453414
1630680573402,7454405
1630680573442,7455135
1630680573482,7455761
1630680573522,7456908
1630680573562,7457326
1630680573602,7457899
1630680573642,7458629
1630680573682,7458212
1630680573722,7458212
1630680573762,7457899
1630680573802,7457378
1630680573842,7456491
1630680573882,7456074
1630680573922,7454561
1630680573962,7454927
1630680574002,7453936
1630680574042,7453936
1630680574082,7452215
1630680574122,7451589
1630680574162,7451589
1630680574202,7450702
1630680574242,7451224
1630680574282,7450025
1630680574322,7449034
1630680574362,7448200
1630680574402,7448825
1630680574442,7449034
1630680574482,7447313
1630680574522,7447678
1630680574562,7446843
1630680574602,7446687
1630680574642,7446583
1630680574682,7446374
1630680574722,7446374
1630680574762,7446061
1630680574802,7446061
1630680574842,7445488
1630680574882,7445435
1630680574922,7446009
1630680574962,7445383
1630680575002,7445279
1630680575042,7445435
1630680575082,7444757
1630680575122,7444705
1630680575162,7444236
1630680575202,7443819
1630680575242,7444288
1630680575282,7443558
1630680575322,7444236
1630680575362,7443767
1630680575402,7443871
1630680575442,7444966
1630680575482,7444341
1630680575522,7443506
1630680575562,7443610
1630680575602,7443506
1630680575642,7443819
1630680575682,7443871
1630680575722,7444288
1630680575762,7443715
1630680575802,7443767
1630680575842,7443819
1630680575882,7444497
1630680575922,7445070
1630680575962,7445853
1630680576002,7447313
1630680576042,7447365
1630680576082,7449138
1630680576122,7448825
1630680576162,7449503
1630680576202,7450702
1630680576242,7452163
1630680576282,7452997
1630680576322,7453936
1630680576362,7454561
1630680576402,7455709
1630680576442,7456074
1630680576482,7456856
1630680576522,7458316
1630680576562,7458681
1630680576602,7459881
1630680576642,7460559
1630680576682,7461237
1630680576722,7461706
1630680576762,7462540
1630680576802,7463218
1630680576842,7463114
1630680576882,7462384
1630680576922,7461289
1630680576962,7461393
1630680577002,7460350
1630680577042,7459672
1630680577082,7459359
1630680577122,7458838
1630680577162,7457378
1630680577202,7457221
1630680577242,7456387
1630680577282,7455083
1630680577322,7455135
1630680577362,7454249
1630680577402,7453675
1630680577442,7452632
1630680577482,7452163
1630680577522,7451745
1630680577562,7450807
1630680577602,7451016
1630680577642,7449868
1630680577682,7449503
1630680577722,7448773
1630680577762,7448408
1630680577802,7447991
1630680577842,7448408
1630680577882,7447052
1630680577922,7448251
1630680577962,7447521
1630680578002,7446426
1630680578042,7446843
1630680578082,7446792
1630680578122,7446531
1630680578162,7445905
1630680578202,7446218
1630680578242,7446009
1630680578282,7445905
1630680578322,7445383
1630680578362,7445123
1630680578402,7444705
1630680578442,7445123
1630680578482,7445227
1630680578522,7444966
1630680578562,7445540
1630680578602,7445853
1630680578642,7446061
1630680578682,7446583
1630680578722,7447417
1630680578762,7448251
1630680578802,7448669
1630680578842,7449555
1630680578882,7450546
1630680578922,7450807
1630680578962,7451537
1630680579002,7452789
1630680579042,7453206
1630680579082,7453884
1630680579122,7454822
1630680579162,7455761
1630680579202,7456804
1630680579242,7456961
1630680579282,7457638
1630680579322,7458369
1630680579362,7459412
1630680579402,7460142
1630680579442,7460820
1630680579482,7460924
1630680579522,7461132
1630680579562,7461602
1630680579602,7461028
1630680579642,7460142
1630680579682,7459672
1630680579722,7460089
1630680579762,7458734
1630680579802,7458734
1630680579842,7458525
1630680579882,7457691
1630680579922,7456648
1630680579962,7456387
1630680580002,7456022
1630680580042,7455292
1630680580082,7454614
1630680580122,7454040
1630680580162,7453779
1630680580202,7453153
1630680580242,7452006
1630680580282,7451433
1630680580322,7450859
1630680580362,7450859
1630680580402,7449816
1630680580442,7450337
1630680580482,7449138
1630680580522,7448304
1630680580562,7448617
1630680580602,7448304
1630680580642,7448147
1630680580682,7448512
1630680580722,7447313
1630680580762,7447261
1630680580802,7447157
1630680580842,7446322
1630680580882,7446374
1630680580922,7446166
1630680580962,7446218
1630680581002,7446113
1630680581042,7446270
1630680581082,7446061
1630680581122,7445905
1630680581162,7446061
1630680581202,7445905
1630680581242,7445175
1630680581282,7445488
1630680581322,7445488
1630680581362,7445749
1630680581402,7445592
1630680581442,7446478
1630680581482,7447000
1630680581522,7447365
1630680581562,7448877
1630680581602,7449190
1630680581642,7450285
1630680581682,7451016
1630680581722,7452267
1630680581762,7452736
1630680581802,7453623
1630680581842,7454092
1630680581882,7455553
1630680581922,7455761
1630680581962,7456439
1630680582002,7457586
1630680582042,7458369
1630680582082,7459568
1630680582122,7459724
1630680582162,7460454
1630680582202,7460507
1630680582242,7462071
1630680582282,7461810
1630680582322,7462488
1630680582362,7462175
1630680582402,7461967
1630680582442,7461758
1630680582482,7461185
1630680582522,7461237
1630680582562,7460089
1630680582602,7459933
1630680582642,7459777
1630680582682,7459255
1630680582722,7458629
1630680582762,7457273
1630680582802,7456908
1630680582842,7456491
1630680582882,7455918
1630680582922,7455448
1630680582962,7454561
1630680583002,7454614
1630680583042,7454197
1630680583082,7454040
1630680583122,7453414
1630680583162,7452945
1630680583202,7452841
1630680583242,7452006
1630680583282,7451745
1630680583322,7451120
1630680583362,7450702
1630680583402,7450390
1630680583442,7449973
1630680583482,7448669
1630680583522,7449086
1630680583562,7449138
1630680583602,7448460
1630680583642,7448200
1630680583682,7447939
1630680583722,7447469
1630680583762,7447365
1630680583802,7447104
1630680583842,7447626
1630680583882,7447574
1630680583922,7447261
1630680583962,7447208
1630680584002,7446843
1630680584042,7446061
1630680584082,7446113
1630680584122,7446687
1630680584162,7446792
1630680584202,7446426
1630680584242,7447000
1630680584282,7447261
1630680584322,7447313
1630680584362,7448512
1630680584402,7448773
1630680584442,7449868
1630680584482,7450077
1630680584522,7451433
1630680584562,7451537
1630680584602,7453258
1630680584642,7453362
1630680584682,7454197
1630680584722,7455135
1630680584762,7455709
1630680584802,7456283
1630680584842,7457221
1630680584882,7457795
1630680584922,7459099
1630680584962,7459568
1630680585002,7460298
1630680585042,7461237
1630680585082,7461393
1630680585122,7463010
1630680585162,7463583
1630680585202,7464209
1630680585242,7463062
1630680585282,7463218
1630680585322,7462697
1630680585362,7461654
1630680585402,7461445
1630680585442,7460924
1630680585482,7460454
1630680585522,7459777
1630680585562,7459516
1630680585602,7458004
1630680585642,7457378
1630680585682,7457326
1630680585722,7457013
1630680585762,7455605
1630680585802,7455865
1630680585842,7455135
1630680585882,7454092
1630680585922,7453206
1630680585962,7452580
1630680586002,7452059
1630680586042,7452215
1630680586082,7451433
1630680586122,7452163
1630680586162,7451016
1630680586202,7450129
1630680586242,7450494
1630680586282,7449920
1630680586322,7449451
1630680586362,7449399
1630680586402,7449347
1630680586442,7449086
1630680586482,7448251
1630680586522,7448095
1630680586562,7447626
1630680586602,7447730
1630680586642,7447574
1630680586682,7447157
1630680586722,7447208
1630680586762,7446843
1630680586802,7447000
1630680586842,7447052
1630680586882,7446948
1630680586922,7446635
1630680586962,7447365
1630680587002,7447000
1630680587042,7447417
1630680587082,7448669
1630680587122,7448982
1630680587162,7449555
1630680587202,7449659
1630680587242,7451120
1630680587282,7451016
1630680587322,7453258
1630680587362,7454405
1630680587402,7453988
1630680587442,7454875
1630680587482,7456804
1630680587522,7456700
1630680587562,7457638
1630680587602,7459412
1630680587642,7459412
1630680587682,7460089
1630680587722,7460402
1630680587762,7460872
1630680587802,7461967
1630680587842,7462749
1630680587882,7463114
1630680587922,7463271
1630680587962,7462384
1630680588002,7463010
1630680588042,7461758
1630680588082,7461654
1630680588122,7461863
1630680588162,7460715
1630680588202,7460559
1630680588242,7460350
1630680588282,7458994
1630680588322,7459151
1630680588362,7458316
1630680588402,7457430
1630680588442,7457117
1630680588482,7456439
1630680588522,7456126
1630680588562,7455344
1630680588602,7455865
1630680588642,7454353
1630680588682,7454040
1630680588722,7453675
1630680588762,7453623
1630680588802,7452997
1630680588842,7453467
1630680588882,7452684
1630680588922,7452163
1630680588962,7451745
1630680589002,7451537
1630680589042,7450702
1630680589082,7450337
1630680589122,7449920
1630680589162,7448929
1630680589202,7449764
1630680589242,7448617
1630680589282,7449190
1630680589322,7449034
1630680589362,7448617
1630680589402,7448669
1630680589442,7448147
1630680589482,7448617
1630680589522,7447782
1630680589562,7448200
1630680589602,7447313
1630680589642,7447417
1630680589682,7447000
1630680589722,7446270
1630680589762,7446426
1630680589802,7447313
1630680589842,7446061
1630680589882,7446739
1630680589922,7445800
1630680589962,7446374
1630680590002,7447157
1630680590042,7447104
1630680590082,7447052
1630680590122,7447782
1630680590162,7448721
1630680590202,7449503
1630680590242,7449503
1630680590282,7450442
1630680590322,7450963
1630680590362,7452371
1630680590402,7452476
1630680590442,7454144
1630680590482,7454405
1630680590522,7455813
1630680590562,7456387
1630680590602,7458473
1630680590642,7458369
1630680590682,7459255
1630680590722,7460194
1630680590762,7460976
1630680590802,7462280
1630680590842,7463218
1630680590882,7465148
1630680590922,7465356
1630680590962,7466504
1630680591002,7466295
1630680591042,7466817
1630680591082,7465774
1630680591122,7465722
1630680591162,7464731
1630680591202,7464105
1630680591242,7462645
1630680591282,7461654
1630680591322,7460559
1630680591362,7460298
1630680591402,7459516
1630680591442,7458369
1630680591482,7457691
1630680591522,7456908
1630680591562,7456126
1630680591602,7455240
1630680591642,7454197
1630680591682,7453779
1630680591722,7452528
1630680591762,7452006
1630680591802,7452215
1630680591842,7451902
1630680591882,7451641
1630680591922,7451224
1630680591962,7450963
1630680592002,7449608
1630680592042,7449242
1630680592082,7449399
1630680592122,7449034
1630680592162,7449868
1630680592202,7448669
1630680592242,7448825
1630680592282,7448304
1630680592322,7448200
1630680592362,7448460
1630680592402,7448408
1630680592442,7447678
1630680592482,7447991
1630680592522,7448929
1630680592562,7447469
1630680592602,7448304
1630680592642,7447417
1630680592682,7446739
1630680592722,7446687
1630680592762,7447469
1630680592802,7447886
1630680592842,7447782
1630680592882,7448512
1630680592922,7449659
1630680592962,7449973
1630680593002,7450807
1630680593042,7452059
1630680593082,7452580
1630680593122,7454249
1630680593162,7454614
1630680593202,7456439
1630680593242,7457013
1630680593282,7458004
1630680593322,7459203
1630680593362,7460194
1630680593402,7461289
1630680593442,7462019
1630680593482,7463218
1630680593522,7464053
1630680593562,7464731
1630680593602,7465513
1630680593642,7466399
1630680593682,7466869
1630680593722,7466504
1630680593762,7466608
1630680593802,7465774
1630680593842,7464991
1630680593882,7464261
1630680593922,7463688
1630680593962,7462436
1630680594002,7460820
1630680594042,7460924
1630680594082,7459829
1630680594122,7458890
1630680594162,7457951
1630680594202,7457065
1630680594242,7456178
1630680594282,7455448
1630680594322,7454822
1630680594362,7454405
1630680594402,7454510
1630680594442,7453832
1630680594482,7453779
1630680594522,7453310
1630680594562,7452997
1630680594602,7451798
1630680594642,7452371
1630680594682,7451433
1630680594722,7451276
1630680594762,7450702
1630680594802,7450077
1630680594842,7449347
1630680594882,7449712
1630680594922,7449451
1630680594962,7449086
1630680595002,7448669
1630680595042,7448825
1630680595082,7448512
1630680595122,7448408
1630680595162,7448356
1630680595202,7448565
1630680595242,7448147
1630680595282,7449190
1630680595322,7448251
1630680595362,7448251
1630680595402,7448356
1630680595442,7448982
1630680595482,7450025
1630680595522,7449712
1630680595562,7450442
1630680595602,7451902
1630680595642,7452841
1630680595682,7454040
1630680595722,7455344
1630680595762,7456335
1630680595802,7457065
1630680595842,7457326
1630680595882,7458369
1630680595922,7460507
1630680595962,7460037
1630680596002,7461445
1630680596042,7462175
1630680596082,7462801
1630680596122,7463636
1630680596162,7464731
1630680596202,7465356
1630680596242,7466295
1630680596282,7466712
1630680596322,7466817
1630680596362,7466348
1630680596402,7465252
1630680596442,7465461
1630680596482,7464991
1630680596522,7464783
1630680596562,7463427
1630680596602,7463427
1630680596642,7461758
1630680596682,7460820
1630680596722,7459672
1630680596762,7459099
1630680596802,7459151
1630680596842,7458056
1630680596882,7457795
1630680596922,7457117
1630680596962,7455918
1630680597002,7456126
1630680597042,7455240
1630680597082,7454770
1630680597122,7453518
1630680597162,7454197
1630680597202,7452580
1630680597242,7452476
1630680597282,7452736
1630680597322,7451485
1630680597362,7451172
1630680597402,7450702
1630680597442,7449868
1630680597482,7450598
1630680597522,7449816
1630680597562,7449503
1630680597602,7449920
1630680597642,7449399
1630680597682,7449712
1630680597722,7449868
1630680597762,7449451
1630680597802,7449347
1630680597842,7449190
1630680597882,7449294
1630680597922,7449190
1630680597962,7448877
1630680598002,7448356
1630680598042,7448460
1630680598082,7448617
1630680598122,7448773
1630680598162,7448251
1630680598202,7448460
1630680598242,7448408
1630680598282,7448512
1630680598322,7448877
1630680598362,7449034
1630680598402,7449555
1630680598442,7450077
1630680598482,7451068
1630680598522,7451850
1630680598562,7452684
1630680598602,7453049
1630680598642,7454405
1630680598682,7455031
1630680598722,7455865
1630680598762,7456804
1630680598802,7457221
1630680598842,7458316
1630680598882,7459203
1630680598922,7459829
1630680598962,7460350
1630680599002,7461080
1630680599042,7461810
1630680599082,7462280
1630680599122,7463271
1630680599162,7463740
1630680599202,7464314
1630680599242,7464470
1630680599282,7464418
1630680599322,7464522
1630680599362,7464940
1630680599402,7464783
1630680599442,7464314
1630680599482,7463531
1630680599522,7463010
1630680599562,7461863
1630680599602,7461758
1630680599642,7461654
1630680599682,7460924
1630680599722,7460454
1630680599762,7459099
1630680599802,7458734
1630680599842,7458942
1630680599882,7457378
1630680599922,7456230
1630680599962,7456804
1630680600002,7456283
1630680600042,7454353
1630680600082,7453936
1630680600122,7454510
1630680600162,7453727
1630680600202,7453049
1630680600242,7452371
1630680600282,7452789
1630680600322,7451850
1630680600362,7451537
1630680600402,7452110
1630680600442,7451433
1630680600482,7450755
1630680600522,7450702
1630680600562,7450129
1630680600602,7449451
1630680600642,7450285
1630680600682,7450181
1630680600722,7449242
1630680600762,7449712
1630680600802,7450025
1630680600842,7449347
1630680600882,7449138
1630680600922,7449138
1630680600962,7448721
1630680601002,7449242
1630680601042,7449659
1630680601082,7449555
1630680601122,7449712
1630680601162,7450546
1630680601202,7451328
1630680601242,7451485
1630680601282,7452580
1630680601322,7453467
1630680601362,7454561
1630680601402,7454718
1630680601442,7457013
1630680601482,7458160
1630680601522,7460246
1630680601562,7460194
1630680601602,7460663
1630680601642,7462280
1630680601682,7462905
1630680601722,7464314
1630680601762,7464209
1630680601802,7465617
1630680601842,7464991
1630680601882,7465565
1630680601922,7465982
1630680601962,7467860
1630680602002,7468955
1630680602042,7468799
1630680602082,7468433
1630680602122,7467860
1630680602162,7467495
1630680602202,7466765
1630680602242,7466243
1630680602282,7464887
1630680602322,7463740
1630680602362,7462332
1630680602402,7461550
1630680602442,7461445
1630680602482,7462019
1630680602522,7462905
1630680602562,7462488
1630680602602,7462749
1630680602642,7462749
1630680602682,7463218
1630680602722,7462332
1630680602762,7461758
1630680602802,7461185
1630680602842,7460037
1630680602882,7459046
1630680602922,7458786
1630680602962,7458525
