timestamp,is_touching
1630678967001,1
1630678967126,1
1630678967329,1
1630678967344,1
1630678967423,1
1630678967501,1
1630678967628,1
1630678967690,1
1630678967815,1
1630678967956,1
1630678968018,1
1630678968190,1
1630678968221,1
1630678968362,1
1630678968440,1
1630678968596,1
1630678968643,1
1630678968724,1
1630678968833,1
1630678968911,1
1630678969114,1
1630678969192,1
1630678969333,1
1630678969380,1
1630678969462,1
1630678969555,1
1630678969665,1
1630678969743,1
1630678969899,1
1630678969946,1
1630678970040,1
1630678970259,1
1630678970321,1
1630678970399,1
1630678970462,1
1630678970556,1
1630678970712,1
1630678970853,1
1630678970899,1
1630678971040,1
1630678971134,1
1630678971212,1
1630678971462,1
1630678971527,1
1630678971744,1
1630678971744,1
1630678971884,1
1630678971900,1
1630678971947,1
1630678972056,1
1630678972150,1
1630678972244,1
1630678972306,1
1630678972384,1
1630678972463,1
1630678972606,1
1630678972700,1
1630678972841,1
1630678972919,1
1630678973028,1
1630678973122,1
1630678973184,1
1630678973372,1
1630678973450,1
1630678973481,1
1630678973704,1
1630678973782,1
1630678973860,1
1630678973969,1
1630678974094,1
1630678974204,1
1630678974360,1
1630678974407,1
1630678974548,1
1630678974629,1
1630678974910,1
1630678975098,1
1630678975238,1
1630678975332,1
1630678975441,1
1630678975472,1
1630678975613,1
1630678975693,1
1630678975802,1
1630678975818,1
1630678976005,1
1630678976115,1
1630678976271,1
1630678976333,1
1630678976365,1
1630678976427,1
1630678976490,1
1630678976712,1
1630678976790,1
1630678976868,1
1630678976993,1
1630678977040,1
1630678977165,1
1630678977384,1
1630678977668,1
1630678977902,1
1630678978074,1
1630678978121,1
1630678978308,1
1630678978511,1
1630678978558,1
1630678978733,1
1630678978842,1
1630678979077,1
1630678979092,1
1630678979264,1
1630678979264,1
1630678979327,1
1630678979467,1
1630678979579,1
1630678979672,1
1630678979735,1
1630678979735,1
1630678979750,1
1630678979782,1
1630678979829,1
1630678979875,1
1630678979891,1
1630678980000,1
1630678980016,1
1630678980063,1
1630678980094,1
1630678980125,1
1630678980157,1
1630678980219,1
1630678980282,1
1630678980344,1
1630678980407,1
1630678980563,1
1630678980657,1
1630678980735,1
1630678980832,1
1630678980926,1
1630678981035,1
1630678981239,1
1630678981457,1
1630678981504,1
1630678981553,1
1630678981772,1
1630678981772,1
1630678981819,1
1630678981912,1
1630678981959,1
1630678982038,1
1630678982256,1
1630678982428,1
1630678982522,1
1630678982571,1
1630678982649,1
1630678982649,1
1630678982816,1
1630678982941,1
1630678982972,1
1630678983081,1
1630678983222,1
1630678983472,1
1630678983487,1
1630678983550,1
1630678983631,1
1630678983693,1
1630678983928,1
1630678983990,1
1630678984037,1
1630678984115,1
1630678984209,1
1630678984524,1
1630678984729,1
1630678984823,1
1630678984869,1
1630678984901,1
1630678985276,1
1630678985307,1
1630678985416,1
1630678985479,1
1630678985494,1
1630678985510,1
1630678985510,1
1630678985713,1
1630678985729,1
1630678985729,1
1630678985807,1
1630678986010,1
1630678986025,1
1630678986244,1
1630678986291,1
1630678986369,1
1630678986419,1
1630678986591,1
1630678986685,1
1630678986763,1
1630678986825,1
1630678986935,1
1630678987122,1
1630678987154,1
1630678987279,1
1630678987357,1
1630678987420,1
1630678987548,1
1630678987641,1
1630678987719,1
1630678987844,1
1630678988016,1
1630678988125,1
1630678988141,1
1630678988297,1
1630678988344,1
1630678988407,1
1630678988535,1
1630678988723,1
1630678988879,1
1630678989020,1
1630678989067,1
1630678989098,1
1630678989317,1
1630678989426,1
1630678989473,1
1630678989835,1
1630678989898,1
1630678989992,1
1630678990179,1
1630678990257,1
1630678990398,1
1630678990460,1
1630678990476,1
1630678990507,1
1630678990538,1
1630678990728,1
1630678990869,1
1630678991025,1
1630678991072,1
1630678991103,1
1630678991213,1
1630678991291,1
1630678991338,1
1630678991353,1
1630678991478,1
1630678991603,1
1630678991681,1
1630678991759,1
1630678991822,1
1630678991962,1
1630678992025,1
1630678992087,1
1630678992228,1
1630678992353,1
1630678992465,1
1630678992527,1
1630678992636,1
1630678992683,1
1630678992902,1
1630678992964,1
1630678993027,1
1630678993167,1
1630678993308,1
1630678993437,1
1630678993469,1
1630678993609,1
1630678993640,1
1630678993721,1
1630678993846,1
1630678994017,1
1630678994189,1
1630678994252,1
1630678994299,1
1630678994567,1
1630678994692,1
1630678994801,1
1630678995051,1
1630678995223,1
1630678995238,1
1630678995285,1
1630678995348,1
1630678995348,1
1630678995410,1
1630678995410,1
1630678995473,1
1630678995569,1
1630678995709,1
1630678995787,1
1630678996084,1
1630678996209,1
1630678996256,1
1630678996303,1
1630678996350,1
1630678996412,1
1630678996490,1
1630678996634,1
1630678996743,1
1630678996853,1
1630678997040,1
1630678997071,1
1630678997306,1
1630678997321,1
1630678997415,1
1630678997540,1
1630678997606,1
1630678997809,1
1630678998059,1
1630678998185,1
1630678998516,1
1630678998769,1
1630678998940,1
1630678999003,1
1630678999081,1
1630678999081,1
1630678999112,1
1630678999128,1
1630678999128,1
1630678999206,1
1630678999269,1
1630678999300,1
1630678999331,1
1630678999362,1
1630678999409,1
1630678999503,1
1630678999662,1
1630678999740,1
1630678999802,1
1630678999865,1
1630678999959,1
1630679000068,1
1630679000146,1
1630679000255,1
1630679000318,1
1630679000443,1
1630679000553,1
1630679000662,1
1630679000742,1
1630679000821,1
1630679001024,1
1630679001149,1
1630679001196,1
1630679001227,1
1630679001368,1
1630679001511,1
1630679001589,1
1630679001684,1
1630679001808,1
1630679001871,1
1630679002027,1
1630679002074,1
1630679002230,1
1630679002261,1
1630679002370,1
1630679002482,1
1630679002623,1
1630679002733,1
1630679003029,1
1630679003076,1
1630679003107,1
1630679003154,1
1630679003531,1
1630679003719,1
1630679003859,1
1630679004078,1
1630679004312,1
1630679004390,1
1630679004643,1
1630679004814,1
1630679004955,1
1630679005158,1
1630679005189,1
1630679005283,1
1630679005361,1
1630679005583,1
1630679005677,1
1630679005677,1
1630679005692,1
1630679005833,1
1630679005833,1
1630679005833,1
1630679005911,1
1630679006176,1
1630679006208,1
1630679006380,1
1630679006426,1
1630679006426,1
1630679006489,1
1630679006647,1
1630679006647,1
1630679006647,1
1630679006772,1
1630679006882,1
1630679006944,1
1630679007085,1
1630679007132,1
1630679007210,1
1630679007319,1
1630679007397,1
1630679007616,1
1630679007647,1
1630679007743,1
1630679007805,1
1630679007931,1
1630679008040,1
1630679008055,1
1630679008149,1
1630679008227,1
1630679008290,1
1630679008399,1
1630679008508,1
1630679008633,1
1630679008664,1
1630679008714,1
1630679008886,1
1630679009339,1
1630679009417,1
1630679009636,1
1630679009748,1
1630679010076,1
1630679010076,1
1630679010107,1
1630679010154,1
1630679010201,1
1630679010513,1
1630679010654,1
1630679010890,1
1630679010906,1
1630679010953,1
1630679011031,1
1630679011249,1
1630679011367,1
1630679011698,1
1630679011779,1
1630679011841,1
1630679011841,1
1630679011857,1
1630679011857,1
1630679011997,1
1630679012013,1
1630679012091,1
1630679012154,1
1630679012372,1
1630679012372,1
1630679012372,1
1630679012388,1
1630679012450,1
1630679012529,1
1630679012638,1
1630679012654,1
1630679012781,1
1630679012781,1
1630679012781,1
1630679013047,1
1630679013109,1
1630679013156,1
1630679013188,1
1630679013532,1
1630679013674,1
1630679013753,1
1630679014081,1
1630679014174,1
1630679014299,1
1630679014488,1
1630679014520,1
1630679014567,1
1630679014647,1
1630679014647,1
1630679014647,1
1630679014741,1
1630679014788,1
1630679014851,1
1630679014913,1
1630679015007,1
1630679015179,1
1630679015350,1
1630679015382,1
1630679015460,1
1630679015602,1
1630679015602,1
1630679015665,1
1630679015728,1
1630679015853,1
1630679015962,1
1630679016040,1
1630679016040,1
1630679016165,1
1630679016337,1
1630679016368,1
1630679016496,1
1630679016496,1
1630679016527,1
1630679016558,1
1630679016605,1
1630679016746,1
1630679016808,1
1630679016902,1
1630679016996,1
1630679017121,1
1630679017482,1
1630679017607,1
1630679017810,1
1630679017904,1
1630679017920,1
1630679018045,1
1630679018138,1
1630679018216,1
1630679018248,1
1630679018419,1
1630679018453,1
1630679018485,1
1630679018547,1
1630679018703,1
1630679018766,1
1630679018859,1
1630679018891,1
1630679018938,1
1630679019047,1
1630679019125,1
1630679019219,1
1630679019359,1
1630679019406,1
1630679019520,1
1630679019692,1
1630679019801,1
1630679019879,1
1630679019974,1
1630679020083,1
1630679020145,1
1630679020270,1
1630679020364,1
1630679020442,1
1630679020601,1
1630679020632,1
1630679020788,1
1630679020850,1
1630679020960,1
1630679021132,1
1630679021210,1
1630679021225,1
1630679021382,1
1630679021681,1
1630679021837,1
1630679021869,1
1630679021900,1
1630679022009,1
1630679022056,1
1630679022462,1
1630679023075,1
1630679023231,1
1630679023372,1
1630679023465,1
1630679023671,1
1630679023671,1
1630679023874,1
1630679023874,1
1630679023874,1
1630679023889,1
1630679023921,1
1630679024092,1
1630679024155,1
1630679024170,1
1630679024170,1
1630679024217,1
1630679024264,1
1630679024295,1
1630679024295,1
1630679024295,1
1630679024483,1
1630679024689,1
1630679024814,1
1630679024860,1
1630679025048,1
1630679025142,1
1630679025329,1
1630679025610,1
1630679025928,1
1630679026193,1
1630679026193,1
1630679026255,1
1630679026287,1
1630679026333,1
1630679026333,1
1630679026445,1
1630679026492,1
1630679026508,1
1630679026523,1
1630679026523,1
1630679026726,1
1630679027023,1
1630679027117,1
1630679027320,1
1630679027320,1
1630679027336,1
1630679027367,1
1630679027414,1
1630679027414,1
1630679027445,1
1630679027495,1
1630679027589,1
1630679027729,1
1630679027901,1
1630679028073,1
1630679028136,1
1630679028183,1
1630679028261,1
1630679028417,1
1630679028684,1
1630679028935,1
1630679029059,1
1630679029122,1
1630679029481,1
1630679029481,1
1630679029703,1
1630679029719,1
1630679029875,1
1630679029891,1
1630679030078,1
1630679030125,1
1630679030141,1
1630679030141,1
1630679030266,1
1630679030313,1
1630679030313,1
1630679030313,1
1630679030453,1
1630679030500,1
1630679030531,1
1630679030627,1
1630679030627,1
1630679030721,1
1630679030815,1
1630679030830,1
1630679030987,1
1630679031174,1
1630679031205,1
1630679031221,1
1630679031283,1
1630679031346,1
1630679031439,1
1630679031517,1
1630679031660,1
1630679031738,1
1630679031910,1
1630679032129,1
1630679032176,1
1630679032223,1
1630679032285,1
1630679032316,1
1630679032488,1
1630679032566,1
1630679032661,1
1630679032725,1
1630679032912,1
1630679032959,1
1630679033053,1
1630679033162,1
1630679033256,1
1630679033396,1
1630679033490,1
1630679033664,1
1630679033805,1
1630679033946,1
1630679033961,1
1630679033977,1
1630679034117,1
1630679034149,1
1630679034305,1
1630679034383,1
1630679034494,1
1630679034572,1
1630679034697,1
1630679034806,1
1630679034869,1
1630679034962,1
1630679035057,1
1630679035204,1
1630679035297,1
1630679035422,1
1630679035504,1
1630679035675,1
1630679035675,1
1630679035912,1
1630679035928,1
1630679036022,1
1630679036209,1
1630679036302,1
1630679036302,1
1630679036443,1
1630679036505,1
1630679036696,1
1630679036820,1
1630679036914,1
1630679037226,1
1630679037367,1
1630679037398,1
1630679037492,1
1630679037667,1
1630679037745,1
1630679037901,1
1630679037979,1
1630679038229,1
1630679038229,1
1630679038338,1
1630679038432,1
1630679038447,1
1630679038463,1
1630679038494,1
1630679038525,1
1630679038603,1
1630679038809,1
1630679038856,1
1630679038966,1
1630679039169,1
1630679039372,1
1630679039497,1
1630679039559,1
1630679039575,1
1630679039622,1
1630679039655,1
1630679039953,1
1630679040109,1
1630679040234,1
1630679040343,1
1630679040455,1
1630679040486,1
1630679040486,1
1630679040830,1
1630679040892,1
1630679040955,1
1630679041033,1
1630679041220,1
1630679041345,1
1630679041454,1
1630679041534,1
1630679041691,1
1630679041737,1
1630679041784,1
1630679041816,1
1630679041894,1
1630679041925,1
1630679041941,1
1630679041987,1
1630679042050,1
1630679042081,1
1630679042269,1
1630679042347,1
1630679042487,1
1630679042534,1
1630679042706,1
1630679042768,1
1630679042831,1
1630679042893,1
1630679043018,1
1630679043159,1
1630679043237,1
1630679043315,1
1630679043456,1
1630679043534,1
1630679043616,1
1630679043788,1
1630679043928,1
1630679043991,1
1630679044053,1
1630679044147,1
1630679044209,1
1630679044350,1
1630679044475,1
1630679044553,1
1630679044824,1
1630679044887,1
1630679044980,1
1630679045043,1
1630679045090,1
1630679045136,1
1630679045261,1
1630679045386,1
1630679045449,1
1630679045543,1
1630679045718,1
1630679045843,1
1630679045921,1
1630679045999,1
1630679046140,1
1630679046421,1
1630679046483,1
1630679046577,1
1630679046690,1
1630679046690,1
1630679046783,1
1630679046971,1
1630679047049,1
1630679047127,1
1630679047267,1
1630679047330,1
1630679047580,1
1630679047810,1
1630679048013,1
1630679048154,1
1630679048378,1
1630679048535,1
1630679048721,1
1630679048832,1
1630679048834,1
1630679048861,1
1630679049012,1
1630679049030,1
1630679049136,1
1630679049152,1
1630679049195,1
1630679049250,1
1630679049339,1
1630679049448,1
1630679049542,1
1630679049683,1
1630679049683,1
1630679049729,1
1630679049870,1
1630679050011,1
1630679050120,1
1630679050174,1
1630679050585,1
1630679050585,1
1630679051021,1
1630679051144,1
1630679051195,1
1630679051195,1
1630679051236,1
1630679051237,1
1630679051347,1
1630679051451,1
1630679051529,1
1630679051578,1
1630679051578,1
1630679051690,1
1630679051833,1
1630679051958,1
1630679052021,1
1630679052121,1
1630679052183,1
1630679052246,1
1630679052456,1
1630679052518,1
1630679052545,1
1630679052569,1
1630679052584,1
1630679052631,1
1630679052810,1
1630679052829,1
1630679053018,1
1630679053018,1
1630679053065,1
1630679053097,1
1630679053190,1
1630679053461,1
1630679053589,1
1630679053683,1
1630679053901,1
1630679054042,1
1630679054152,1
1630679054273,1
1630679054367,1
1630679054383,1
1630679054522,1
1630679054682,1
1630679054869,1
1630679054963,1
1630679055228,1
1630679055291,1
1630679055291,1
1630679055400,1
1630679055400,1
1630679055447,1
1630679055556,1
1630679055603,1
1630679055635,1
1630679055889,1
1630679056138,1
1630679056185,1
1630679056263,1
1630679056283,1
1630679056403,1
1630679056497,1
1630679056590,1
1630679056684,1
1630679056731,1
1630679056887,1
1630679057022,1
1630679057132,1
1630679057639,1
1630679057954,1
1630679058001,1
1630679058142,1
1630679058323,1
1630679058369,1
1630679058385,1
1630679058385,1
1630679058401,1
1630679058513,1
1630679058556,1
1630679058572,1
1630679058572,1
1630679058697,1
1630679058791,1
1630679058900,1
1630679058931,1
1630679058994,1
1630679059118,1
1630679059180,1
1630679059260,1
1630679059261,1
1630679059306,1
1630679059463,1
1630679059828,1
1630679059968,1
1630679060278,1
1630679060373,1
1630679060579,1
1630679060586,1
1630679060586,1
1630679060797,1
1630679060800,1
1630679060800,1
1630679060905,1
1630679060930,1
1630679060953,1
1630679060957,1
1630679061061,1
1630679061345,1
1630679061461,1
1630679061508,1
1630679061665,1
1630679061712,1
1630679061727,1
1630679061757,1
1630679061898,1
1630679061929,1
1630679062026,1
1630679062117,1
1630679062222,1
1630679062269,1
1630679062425,1
1630679062519,1
1630679062672,1
1630679062813,1
1630679062844,1
1630679062985,1
1630679063047,1
1630679063141,1
1630679063172,1
1630679063250,1
1630679063361,1
1630679063521,1
1630679063636,1
1630679063699,1
1630679063808,1
1630679063808,1
1630679063902,1
1630679063917,1
1630679064120,1
1630679064120,1
1630679064246,1
1630679064308,1
1630679064448,1
1630679064542,1
1630679064669,1
1630679064872,1
1630679064935,1
1630679065044,1
1630679065216,1
1630679065232,1
1630679065461,1
1630679065649,1
1630679065758,1
1630679065933,1
1630679066011,1
1630679066136,1
1630679066324,1
1630679066482,1
1630679066498,1
1630679066623,1
1630679066717,1
1630679066889,1
1630679066998,1
1630679067093,1
1630679067248,1
1630679067467,1
1630679067468,1
1630679067481,1
1630679067610,1
1630679067610,1
1630679067673,1
1630679067673,1
1630679067688,1
1630679067735,1
1630679067782,1
1630679068016,1
1630679068204,1
1630679068266,1
1630679068438,1
1630679068579,1
1630679068766,1
1630679068829,1
1630679069063,1
1630679069126,1
1630679069251,1
1630679069329,1
1630679069469,1
1630679069485,1
1630679069500,1
1630679069579,1
1630679069672,1
1630679069688,1
1630679069906,1
1630679069906,1
1630679070000,1
1630679070078,1
1630679070203,1
1630679070359,1
1630679070562,1
1630679070644,1
1630679070769,1
1630679070847,1
1630679070847,1
1630679070910,1
1630679071003,1
1630679071003,1
1630679071113,1
1630679071316,1
1630679071347,1
1630679071456,1
1630679071566,1
1630679071662,1
1630679071833,1
1630679071833,1
1630679071958,1
1630679072240,1
1630679072396,1
1630679072583,1
1630679072666,1
1630679072823,1
1630679072823,1
1630679072995,1
1630679072995,1
1630679072995,1
1630679073073,1
1630679073244,1
1630679073572,1
1630679073572,1
1630679073635,1
1630679073728,1
1630679073830,1
1630679073908,1
1630679073908,1
1630679073908,1
1630679074033,1
1630679074033,1
1630679074174,1
1630679074252,1
1630679074315,1
1630679074377,1
1630679074486,1
1630679074611,1
1630679074770,1
1630679074833,1
1630679075005,1
1630679075192,1
1630679075223,1
1630679075255,1
1630679075411,1
1630679075458,1
1630679075585,1
1630679075647,1
1630679075788,1
1630679075850,1
1630679076006,1
1630679076147,1
1630679076319,1
1630679076319,1
1630679076444,1
1630679076540,1
1630679076681,1
1630679076696,1
1630679076775,1
1630679076915,1
1630679076993,1
1630679077103,1
1630679077243,1
1630679077274,1
1630679077337,1
1630679077637,1
1630679077683,1
1630679077855,1
1630679077933,1
1630679078089,1
1630679078152,1
1630679078324,1
1630679078418,1
1630679078670,1
1630679078779,1
1630679078873,1
1630679078889,1
1630679079014,1
1630679079170,1
1630679079170,1
1630679079232,1
1630679079263,1
1630679079326,1
1630679079451,1
1630679079498,1
1630679079498,1
1630679079658,1
1630679079814,1
1630679079939,1
1630679080001,1
1630679080095,1
1630679080126,1
1630679080298,1
1630679080361,1
1630679080517,1
1630679080629,1
1630679080941,1
1630679081097,1
1630679081347,1
1630679081522,1
1630679081616,1
1630679081663,1
1630679081709,1
1630679081709,1
1630679081756,1
1630679081756,1
1630679081897,1
1630679081897,1
1630679082037,1
1630679082209,1
1630679082303,1
1630679082334,1
1630679082427,1
1630679082454,1
1630679082579,1
1630679082626,1
1630679082782,1
1630679082813,1
1630679082907,1
1630679083094,1
1630679083126,1
1630679083173,1
1630679083204,1
1630679083438,1
1630679083567,1
1630679083675,1
1630679083707,1
1630679083722,1
1630679083754,1
1630679083894,1
1630679083910,1
1630679084097,1
1630679084097,1
1630679084128,1
1630679084332,1
1630679084425,1
1630679084457,1
1630679084646,1
1630679084678,1
1630679084896,1
1630679084990,1
1630679085037,1
1630679085193,1
1630679085443,1
1630679085574,1
1630679085605,1
1630679085995,1
1630679086105,1
1630679086120,1
1630679086386,1
1630679086448,1
1630679086480,1
1630679086495,1
1630679086624,1
1630679086686,1
1630679086733,1
1630679086764,1
1630679086827,1
1630679087077,1
1630679087201,1
1630679087295,1
1630679087436,1
1630679087545,1
1630679087674,1
1630679087674,1
1630679087799,1
1630679087814,1
1630679088064,1
1630679088267,1
1630679088564,1
1630679088675,1
1630679088893,1
1630679088893,1
1630679088940,1
1630679088956,1
1630679088956,1
1630679089097,1
1630679089237,1
1630679089300,1
1630679089362,1
1630679089425,1
1630679089472,1
1630679089596,1
1630679089596,1
1630679089612,1
1630679089755,1
1630679089880,1
1630679090005,1
1630679090021,1
1630679090208,1
1630679090349,1
1630679090364,1
1630679090429,1
1630679090494,1
1630679090556,1
1630679090650,1
1630679090837,1
1630679090931,1
1630679090947,1
1630679090994,1
1630679091322,1
1630679091573,1
1630679091824,1
1630679091886,1
1630679092011,1
1630679092089,1
1630679092105,1
1630679092105,1
1630679092152,1
1630679092277,1
1630679092355,1
1630679092448,1
1630679092576,1
1630679092685,1
1630679092779,1
1630679092779,1
1630679092810,1
1630679092842,1
1630679092904,1
1630679093063,1
1630679093235,1
1630679093344,1
1630679093391,1
1630679093454,1
1630679093629,1
1630679093691,1
1630679093738,1
1630679093816,1
1630679093847,1
1630679093878,1
1630679094082,1
1630679094113,1
1630679094238,1
1630679094331,1
1630679094425,1
1630679094535,1
1630679094662,1
1630679094740,1
1630679094865,1
1630679094993,1
1630679095196,1
1630679095196,1
1630679095368,1
1630679095383,1
1630679095555,1
1630679095555,1
1630679095790,1
1630679095961,1
1630679096181,1
1630679096321,1
1630679096353,1
1630679096478,1
1630679096556,1
1630679096651,1
1630679096995,1
1630679097042,1
1630679097089,1
1630679097214,1
1630679097245,1
1630679097261,1
1630679097308,1
1630679097401,1
1630679097433,1
1630679097557,1
1630679097700,1
1630679097700,1
1630679097888,1
1630679098044,1
1630679098075,1
1630679098185,1
1630679098310,1
1630679098325,1
1630679098544,1
1630679098560,1
1630679098656,1
1630679098702,1
1630679098765,1
1630679098890,1
1630679099077,1
1630679099249,1
1630679099312,1
1630679099359,1
1630679099515,1
1630679099738,1
1630679099816,1
1630679099988,1
1630679100050,1
1630679100191,1
1630679100394,1
1630679100472,1
1630679100582,1
1630679100633,1
1630679100665,1
1630679100743,1
1630679100743,1
1630679100790,1
1630679100899,1
1630679100962,1
1630679101024,1
1630679101165,1
1630679101227,1
1630679101430,1
1630679101571,1
1630679101789,1
1630679101993,1
1630679102008,1
1630679102196,1
1630679102336,1
1630679102555,1
1630679102555,1
1630679102696,1
1630679102758,1
1630679102774,1
1630679102852,1
1630679102867,1
1630679102883,1
1630679102945,1
1630679103102,1
1630679103133,1
1630679103541,1
1630679103682,1
1630679103948,1
1630679104057,1
1630679104072,1
1630679104072,1
1630679104072,1
1630679104416,1
1630679104416,1
1630679104494,1
1630679104494,1
1630679104494,1
1630679104701,1
1630679105025,1
1630679105057,1
1630679105197,1
1630679105307,1
1630679105353,1
1630679105385,1
1630679105525,1
1630679105541,1
1630679105606,1
1630679105637,1
1630679105746,1
1630679106074,1
1630679106168,1
1630679106324,1
1630679106701,1
1630679107045,1
1630679107045,1
1630679107076,1
1630679107185,1
1630679107201,1
1630679107420,1
1630679107466,1
1630679107466,1
1630679107482,1
1630679107513,1
1630679107513,1
1630679107529,1
1630679107545,1
1630679107638,1
1630679107672,1
1630679107704,1
1630679107735,1
1630679107844,1
1630679107969,1
1630679108126,1
1630679108235,1
1630679108469,1
1630679108659,1
1630679108799,1
1630679108956,1
1630679109112,1
1630679109112,1
1630679109252,1
1630679109299,1
1630679109424,1
1630679109614,1
1630679109630,1
1630679109661,1
1630679109989,1
1630679110083,1
1630679110208,1
1630679110208,1
1630679110208,1
1630679110317,1
1630679110348,1
1630679110380,1
1630679110538,1
1630679110600,1
1630679110819,1
1630679110897,1
1630679110928,1
1630679111022,1
1630679111382,1
1630679111429,1
1630679111429,1
1630679111586,1
1630679111635,1
1630679111713,1
1630679111791,1
1630679111822,1
1630679111932,1
1630679112104,1
1630679112229,1
1630679112276,1
1630679112448,1
1630679112448,1
1630679112510,1
1630679112557,1
1630679112638,1
1630679112669,1
1630679112747,1
1630679112810,1
1630679112888,1
1630679112966,1
1630679113075,1
1630679113106,1
1630679113184,1
1630679113404,1
1630679113684,1
1630679113747,1
1630679114184,1
1630679114356,1
1630679114481,1
1630679114481,1
1630679114590,1
1630679114684,1
1630679114747,1
1630679114762,1
1630679114793,1
1630679114793,1
1630679114840,1
1630679114903,1
1630679114965,1
1630679115231,1
1630679115403,1
1630679115578,1
1630679115593,1
1630679115859,1
1630679115984,1
1630679116077,1
1630679116077,1
1630679116140,1
1630679116374,1
1630679116895,1
1630679116973,1
1630679117082,1
1630679117191,1
1630679117269,1
1630679117285,1
1630679117285,1
1630679117332,1
1630679117332,1
1630679117410,1
1630679117489,1
1630679117489,1
1630679117553,1
1630679117553,1
1630679117584,1
1630679117678,1
1630679117678,1
1630679117944,1
1630679118038,1
1630679118162,1
1630679118209,1
1630679118366,1
1630679118681,1
1630679118775,1
1630679118790,1
1630679118931,1
1630679119197,1
1630679119212,1
1630679119212,1
1630679119290,1
1630679119478,1
1630679119809,1
1630679119966,1
1630679120029,1
1630679120154,1
1630679120169,1
1630679120169,1
1630679120372,1
1630679120451,1
1630679120466,1
1630679120578,1
1630679120594,1
1630679120735,1
1630679120875,1
1630679120891,1
1630679121064,1
1630679121095,1
1630679121095,1
1630679121173,1
1630679121220,1
1630679121438,1
1630679121704,1
1630679121704,1
1630679121735,1
1630679121829,1
1630679122110,1
1630679122110,1
1630679122126,1
1630679122126,1
1630679122126,1
1630679122284,1
1630679122550,1
1630679122661,1
1630679122755,1
1630679122818,1
1630679122974,1
1630679123099,1
1630679123193,1
1630679123208,1
1630679123286,1
1630679123462,1
1630679123696,1
1630679123696,1
1630679123728,1
1630679123837,1
1630679123931,1
1630679124071,1
1630679124228,1
1630679124259,1
1630679124477,1
1630679124790,1
1630679124884,1
1630679124962,1
1630679125040,1
1630679125150,1
1630679125150,1
1630679125430,1
1630679125493,1
1630679125509,1
1630679125665,1
1630679125712,1
1630679126071,1
1630679126274,1
1630679126274,1
1630679126274,1
1630679126274,1
1630679126414,1
1630679126430,1
1630679126527,1
1630679126683,1
1630679126699,1
1630679126699,1
1630679126714,1
1630679126730,1
1630679126777,1
1630679127105,1
1630679127308,1
1630679127417,1
1630679127542,1
1630679127717,1
1630679127745,1
1630679127792,1
1630679127807,1
1630679127823,1
1630679127870,1
1630679128070,1
1630679128328,1
1630679128502,1
1630679128548,1
1630679128595,1
1630679128688,1
1630679128736,1
1630679128875,1
1630679128884,1
1630679129055,1
1630679129061,1
1630679129079,1
1630679129175,1
1630679129283,1
1630679129406,1
1630679129416,1
1630679129489,1
1630679129515,1
1630679129611,1
1630679129641,1
1630679129867,1
1630679129906,1
1630679130154,1
1630679130419,1
1630679130506,1
1630679130727,1
1630679130821,1
1630679130936,1
1630679131045,1
1630679131045,1
1630679131108,1
1630679131256,1
1630679131412,1
1630679131536,1
1630679131734,1
1630679131749,1
1630679131828,1
1630679132182,1
1630679132197,1
1630679132369,1
1630679132400,1
1630679132416,1
1630679132747,1
1630679132856,1
1630679132965,1
1630679133043,1
1630679133043,1
1630679133106,1
1630679133168,1
1630679133184,1
1630679133325,1
1630679133325,1
1630679133325,1
1630679133340,1
1630679133372,1
1630679133485,1
1630679133641,1
1630679133719,1
1630679133844,1
1630679133844,1
1630679134031,1
1630679134187,1
1630679134390,1
1630679134595,1
1630679134814,1
1630679134908,1
1630679134986,1
1630679135096,1
1630679135127,1
1630679135158,1
1630679135158,1
1630679135205,1
1630679135205,1
1630679135305,1
1630679135555,1
1630679135714,1
1630679135792,1
1630679135870,1
1630679136120,1
1630679136261,1
1630679136261,1
1630679136307,1
1630679136370,1
1630679136557,1
1630679136700,1
1630679136700,1
1630679136872,1
1630679136934,1
1630679136997,1
1630679137106,1
1630679137309,1
1630679137538,1
1630679137600,1
1630679137616,1
1630679137616,1
1630679137852,1
1630679138102,1
1630679138180,1
1630679138227,1
1630679138274,1
1630679138352,1
1630679138493,1
1630679138493,1
1630679138699,1
1630679138714,1
1630679138714,1
1630679138761,1
1630679138902,1
1630679138917,1
1630679138917,1
1630679139105,1
1630679139120,1
1630679139214,1
1630679139339,1
1630679139591,1
1630679139700,1
1630679139935,1
1630679140028,1
1630679140153,1
1630679140153,1
1630679140309,1
1630679140450,1
1630679140530,1
1630679140593,1
1630679140639,1
1630679140718,1
1630679140718,1
1630679140843,1
1630679140843,1
1630679140889,1
1630679140999,1
1630679141217,1
1630679141264,1
1630679141548,1
1630679141798,1
1630679141954,1
1630679141970,1
1630679142101,1
1630679142163,1
1630679142179,1
1630679142179,1
1630679142351,1
1630679142460,1
1630679142554,1
1630679142601,1
1630679142601,1
1630679142789,1
1630679142992,1
1630679142992,1
1630679143273,1
1630679143351,1
1630679143508,1
1630679143698,1
1630679143745,1
1630679143823,1
1630679143979,1
1630679143979,1
1630679144136,1
1630679144214,1
1630679144245,1
1630679144276,1
1630679144292,1
1630679144370,1
1630679144479,1
1630679144479,1
1630679144669,1
1630679144731,1
1630679144778,1
1630679144934,1
1630679144997,1
1630679145044,1
1630679145169,1
1630679145356,1
1630679145544,1
1630679145872,1
1630679145919,1
1630679146137,1
1630679146137,1
1630679146137,1
1630679146262,1
1630679146356,1
1630679146372,1
1630679146403,1
1630679146497,1
1630679146532,1
1630679146610,1
1630679147001,1
1630679147110,1
1630679147235,1
1630679147360,1
1630679147501,1
1630679147657,1
1630679147657,1
1630679147672,1
1630679147719,1
1630679147766,1
1630679147891,1
1630679147922,1
1630679147985,1
1630679148063,1
1630679148094,1
1630679148141,1
1630679148266,1
1630679148266,1
1630679148469,1
1630679148563,1
1630679148628,1
1630679148784,1
1630679148815,1
1630679148909,1
1630679149018,1
1630679149174,1
1630679149268,1
1630679149377,1
1630679149440,1
1630679149471,1
1630679149627,1
1630679149645,1
1630679149739,1
1630679149802,1
1630679150005,1
1630679150161,1
1630679150380,1
1630679150458,1
1630679150614,1
1630679150680,1
1630679150867,1
1630679150992,1
1630679151117,1
1630679151242,1
1630679151351,1
1630679151479,1
1630679151510,1
1630679151729,1
1630679151994,1
1630679152166,1
1630679152339,1
1630679152339,1
1630679152354,1
1630679152385,1
1630679152575,1
1630679152747,1
1630679152747,1
1630679152903,1
1630679152950,1
1630679152997,1
1630679153264,1
1630679153357,1
1630679153420,1
1630679153451,1
1630679153467,1
1630679153500,1
1630679153594,1
1630679153657,1
1630679153704,1
1630679153735,1
1630679153750,1
1630679153875,1
1630679153969,1
1630679154078,1
1630679154250,1
1630679154328,1
1630679154438,1
1630679154753,1
1630679155003,1
1630679155034,1
1630679155144,1
1630679155300,1
1630679155347,1
1630679155363,1
1630679155425,1
1630679155519,1
1630679155849,1
1630679155880,1
1630679155927,1
1630679156083,1
1630679156114,1
1630679156193,1
1630679156380,1
1630679156380,1
1630679156380,1
1630679156396,1
1630679156521,1
1630679156680,1
1630679156680,1
1630679156743,1
1630679157024,1
1630679157024,1
1630679157133,1
1630679157211,1
1630679157258,1
1630679157274,1
1630679157524,1
1630679157571,1
1630679157758,1
1630679157836,1
1630679157868,1
1630679158055,1
1630679158102,1
1630679158149,1
1630679158523,1
1630679158602,1
1630679158664,1
1630679158883,1
1630679158898,1
1630679158930,1
1630679159086,1
1630679159148,1
1630679159305,1
1630679159445,1
1630679159539,1
1630679159650,1
1630679159869,1
1630679159994,1
1630679160025,1
1630679160057,1
1630679160228,1
1630679160260,1
1630679160541,1
1630679160685,1
1630679160700,1
1630679160794,1
1630679160810,1
1630679160810,1
1630679160872,1
1630679160872,1
1630679161044,1
1630679161122,1
1630679161138,1
1630679161325,1
1630679161356,1
1630679161637,1
1630679161669,1
1630679161856,1
1630679162059,1
1630679162059,1
1630679162216,1
1630679162231,1
1630679162278,1
1630679162325,1
1630679162388,1
1630679162403,1
1630679162450,1
1630679162750,1
1630679162765,1
1630679162813,1
1630679162890,1
1630679162953,1
1630679163093,1
1630679163187,1
1630679163359,1
1630679163515,1
1630679163718,1
1630679163749,1
1630679163874,1
1630679164062,1
1630679164281,1
1630679164281,1
1630679164327,1
1630679164421,1
1630679164515,1
1630679164659,1
1630679164659,1
1630679164674,1
1630679164706,1
1630679164846,1
1630679165096,1
1630679165253,1
1630679165299,1
1630679165487,1
1630679165549,1
1630679165565,1
1630679165677,1
1630679165802,1
1630679165927,1
1630679165974,1
1630679166099,1
1630679166099,1
1630679166302,1
1630679166317,1
1630679166380,1
1630679166505,1
1630679166505,1
1630679166648,1
1630679166867,1
1630679167069,1
1630679167179,1
1630679167273,1
1630679167445,1
1630679167570,1
1630679167632,1
1630679167712,1
1630679167712,1
1630679167790,1
1630679167806,1
1630679175838,0
1630679175963,0
1630679176042,0
1630679176057,0
1630679176152,0
1630679176215,0
1630679176324,0
1630679176418,0
1630679176527,0
1630679176531,0
1630679176608,0
1630679176639,0
1630679176858,0
1630679176921,0
1630679176983,0
1630679177046,0
1630679177140,0
1630679177327,0
1630679177421,0
1630679177514,1
1630679177546,1
1630679177689,1
1630679177767,1
1630679177861,1
1630679178001,1
1630679178079,1
1630679178126,1
1630679178269,1
1630679178363,1
1630679178519,1
1630679178628,1
1630679178660,1
1630679178831,1
1630679178863,1
1630679178957,1
1630679179222,1
1630679179472,1
1630679179597,1
1630679179693,1
1630679179771,1
1630679179818,1
1630679179896,1
1630679179990,1
1630679180146,1
1630679180177,1
1630679180287,1
1630679180397,1
1630679180570,1
1630679180726,1
1630679180820,1
1630679180898,1
1630679180992,1
1630679181023,1
1630679181086,1
1630679181304,1
1630679181398,1
1630679181461,1
1630679181526,1
1630679181541,1
1630679181573,1
1630679181588,1
1630679181698,1
1630679181823,1
1630679181901,1
1630679181994,1
1630679182088,1
1630679182229,1
1630679182307,1
1630679182401,1
1630679182479,1
1630679182591,1
1630679182731,1
1630679182825,1
1630679182935,1
1630679183028,1
1630679183138,1
1630679183325,1
1630679183609,1
1630679183796,1
1630679183859,1
1630679183937,1
1630679184062,1
1630679184124,1
1630679184265,1
1630679184312,1
1630679184359,1
1630679184563,1
1630679184595,1
1630679184657,1
1630679184939,1
1630679184970,1
1630679185064,1
1630679185142,1
1630679185220,1
1630679185282,1
1630679185314,1
1630679185345,1
1630679185407,1
1630679185470,1
1630679185644,1
1630679185691,1
1630679185878,1
1630679185987,1
1630679186144,1
1630679186222,1
1630679186316,1
1630679186472,1
1630679186582,1
1630679186614,1
1630679186630,1
1630679186677,1
1630679186927,1
1630679187052,1
1630679187239,1
1630679187239,1
1630679187286,1
1630679187317,1
1630679187395,1
1630679187489,1
1630679187710,1
1630679187866,1
1630679187897,1
1630679187960,1
1630679188069,1
1630679188131,1
1630679188272,1
1630679188397,1
1630679188491,1
1630679188569,1
1630679188631,1
1630679188696,1
1630679188930,1
1630679189086,1
1630679189086,1
1630679189118,1
1630679189274,1
1630679189368,1
1630679189465,1
1630679189542,1
1630679189605,1
1630679189714,1
1630679189870,1
1630679189933,1
1630679190089,1
1630679190120,1
1630679190230,1
1630679190308,1
1630679190417,1
1630679190655,1
1630679190717,1
1630679190764,1
1630679190998,1
1630679191217,1
1630679191264,1
1630679191280,1
1630679191517,1
1630679191657,1
1630679191704,1
1630679191751,1
1630679191876,1
1630679191923,1
1630679192001,1
1630679192157,1
1630679192220,1
1630679192235,1
1630679192298,1
1630679192439,1
1630679192535,1
1630679192629,1
1630679192754,1
1630679192847,1
1630679192910,1
1630679192941,1
1630679193129,1
1630679193207,1
1630679193332,1
1630679193426,1
1630679193426,1
1630679193551,1
1630679193741,1
1630679193804,1
1630679193960,1
1630679194116,1
1630679194288,1
1630679194382,1
1630679194772,1
1630679194897,1
1630679194960,1
1630679195085,1
1630679195147,1
1630679195178,1
1630679195194,1
1630679195210,1
1630679195350,1
1630679195475,1
1630679195538,1
1630679195697,1
1630679195806,1
1630679195822,1
1630679195885,1
1630679196150,1
1630679196213,1
1630679196275,1
1630679196369,1
1630679196432,1
1630679196509,1
1630679196745,1
1630679196870,1
1630679196932,1
1630679197011,1
1630679197042,1
1630679197214,1
1630679197229,1
1630679197432,1
1630679197510,1
1630679197620,1
1630679197642,1
1630679197700,1
1630679197763,1
1630679197903,1
1630679198012,1
1630679198106,1
1630679198216,1
1630679198309,1
1630679198341,1
1630679198403,1
1630679198481,1
1630679198590,1
1630679198653,1
1630679198794,1
1630679198856,1
1630679199012,1
1630679199106,1
1630679199262,1
1630679199403,1
1630679199528,1
1630679199575,1
1630679199668,1
1630679199746,1
1630679199840,1
1630679199918,1
1630679200012,1
1630679200106,1
1630679200231,1
1630679200293,1
1630679200465,1
1630679200527,1
1630679200625,1
1630679200750,1
1630679200828,1
1630679200922,1
1630679201047,1
1630679201125,1
1630679201234,1
1630679201375,1
1630679201422,1
1630679201548,1
1630679201642,1
1630679201704,1
1630679201829,1
1630679201907,1
1630679202001,1
1630679202141,1
1630679202282,1
1630679202345,1
1630679202470,1
1630679202548,1
1630679202595,1
1630679202692,1
1630679202848,1
1630679203020,1
1630679203067,1
1630679203145,1
1630679203332,1
1630679203379,1
1630679203473,1
1630679203566,1
1630679203678,1
1630679203741,1
1630679203819,1
1630679203913,1
1630679204100,1
1630679204162,1
1630679204272,1
1630679204397,1
1630679204462,1
1630679204587,1
1630679204728,1
1630679204806,1
1630679204900,1
1630679205025,1
1630679205134,1
1630679205337,1
1630679205604,1
1630679205667,1
1630679205869,1
1630679205932,1
1630679205994,1
1630679206151,1
1630679206198,1
1630679206291,1
1630679206432,1
1630679206731,1
1630679206778,1
1630679206825,1
1630679206918,1
1630679207075,1
1630679207075,1
1630679207075,1
1630679207090,1
1630679207153,1
1630679207278,1
1630679207340,1
1630679207340,1
1630679207465,1
1630679207530,1
1630679207577,1
1630679207764,1
1630679207874,1
1630679207920,1
1630679208014,1
1630679208123,1
1630679208248,1
1630679208405,1
1630679208483,1
1630679208579,1
1630679208689,1
1630679208689,1
1630679208798,1
1630679209017,1
1630679209126,1
1630679209329,1
1630679209438,1
1630679209582,1
1630679209644,1
1630679209832,1
1630679209989,1
1630679210082,1
1630679210176,1
1630679210317,1
1630679210379,1
1630679210520,1
1630679210678,1
1630679210897,1
1630679210991,1
1630679211022,1
1630679211053,1
1630679211116,1
1630679211132,1
1630679211210,1
1630679211288,1
1630679211303,1
1630679211319,1
1630679211475,1
1630679211475,1
1630679211665,1
1630679211774,1
1630679211961,1
1630679212040,1
1630679212180,1
1630679212368,1
1630679212415,1
1630679212636,1
1630679212699,1
1630679212915,1
1630679213008,1
1630679213102,1
1630679213133,1
1630679213211,1
1630679213274,1
1630679213602,1
1630679213821,1
1630679214040,1
1630679214165,1
1630679214211,1
1630679214227,1
1630679214227,1
1630679214258,1
1630679214258,1
1630679214305,1
1630679214305,1
1630679214620,1
1630679214635,1
1630679214776,1
1630679214823,1
1630679214901,1
1630679215057,1
1630679215167,1
1630679215213,1
1630679215370,1
1630679215401,1
1630679215495,1
1630679215526,1
1630679215733,1
1630679215796,1
1630679215858,1
1630679215921,1
1630679216030,1
1630679216092,1
1630679216186,1
1630679216264,1
1630679216374,1
1630679216374,1
1630679216452,1
1630679216596,1
1630679216658,1
1630679216830,1
1630679216861,1
1630679216955,1
1630679217096,1
1630679217221,1
1630679217283,1
1630679217361,1
1630679217517,1
1630679217707,1
1630679217785,1
1630679217957,1
1630679218003,1
1630679218081,1
1630679218238,1
1630679218300,1
1630679218459,1
1630679218537,1
1630679218600,1
1630679218693,1
1630679219006,1
1630679219240,1
1630679219256,1
1630679219303,1
1630679219476,1
1630679219570,1
1630679219632,1
1630679219757,1
1630679219773,1
1630679219804,1
1630679219960,1
1630679220070,1
1630679220148,1
1630679220179,1
1630679220210,1
1630679220320,1
1630679220398,1
1630679220510,1
1630679220651,1
1630679220697,1
1630679220713,1
1630679220791,1
1630679220900,1
1630679221088,1
1630679221182,1
1630679221244,1
1630679221354,1
1630679221400,1
1630679221653,1
1630679221731,1
1630679221762,1
1630679221996,1
1630679222168,1
1630679222356,1
1630679222496,1
1630679222496,1
1630679222590,1
1630679222715,1
1630679222762,1
1630679222950,1
1630679222996,1
1630679223199,1
1630679223356,1
1630679223402,1
1630679223546,1
1630679223764,1
1630679223936,1
1630679223999,1
1630679224061,1
1630679224108,1
1630679224124,1
1630679224249,1
1630679224327,1
1630679224374,1
1630679224436,1
1630679224514,1
1630679224627,1
1630679224830,1
1630679224877,1
1630679224955,1
1630679225033,1
1630679225096,1
1630679225252,1
1630679225345,1
1630679225392,1
1630679225424,1
1630679225564,1
1630679225629,1
1630679225770,1
1630679225816,1
1630679225863,1
1630679225941,1
1630679225988,1
1630679226160,1
1630679226379,1
1630679226426,1
1630679226473,1
1630679226629,1
1630679226866,1
1630679226960,1
1630679227022,1
1630679227132,1
1630679227163,1
1630679227241,1
1630679227350,1
1630679227428,1
1630679227444,1
1630679227495,1
1630679227651,1
1630679227780,1
1630679227967,1
1630679228030,1
1630679228108,1
1630679228280,1
1630679228405,1
1630679228594,1
1630679228859,1
1630679229062,1
1630679229219,1
1630679229344,1
1630679229406,1
1630679229469,1
1630679229516,1
1630679229547,1
1630679229547,1
1630679229594,1
1630679229656,1
1630679229781,1
1630679229875,1
1630679229906,1
1630679230031,1
1630679230062,1
1630679230187,1
1630679230250,1
1630679230375,1
1630679230468,1
1630679230500,1
1630679230577,1
1630679230658,1
1630679230815,1
1630679230908,1
1630679231002,1
1630679231158,1
1630679231205,1
1630679231268,1
1630679231472,1
1630679231597,1
1630679231631,1
1630679231725,1
1630679231756,1
1630679231959,1
1630679231990,1
1630679232193,1
1630679232256,1
1630679232334,1
1630679232521,1
1630679232568,1
1630679232584,1
1630679232695,1
1630679232852,1
1630679232899,1
1630679233023,1
1630679233133,1
1630679233289,1
1630679233367,1
1630679233398,1
1630679233617,1
1630679233648,1
1630679233773,1
1630679233820,1
1630679233930,1
1630679234211,1
1630679234211,1
1630679234258,1
1630679234414,1
1630679234526,1
1630679234792,1
1630679234870,1
1630679234901,1
1630679234995,1
1630679235104,1
1630679235135,1
1630679235167,1
1630679235292,1
1630679235307,1
1630679235464,1
1630679235654,1
1630679235717,1
1630679235889,1
1630679236045,1
1630679236154,1
1630679236185,1
1630679236279,1
1630679236279,1
1630679236467,1
1630679236529,1
1630679236735,1
1630679236875,1
1630679237016,1
1630679237141,1
1630679237219,1
1630679237328,1
1630679237406,1
1630679237531,1
1630679237625,1
1630679237721,1
1630679237909,1
1630679237987,1
1630679237987,1
1630679238128,1
1630679238190,1
1630679238253,1
1630679238377,1
1630679238554,1
1630679238663,1
1630679238710,1
1630679238819,1
1630679238835,1
1630679239147,1
1630679239245,1
1630679239417,1
1630679239732,1
1630679239919,1
1630679240122,1
1630679240419,1
1630679240513,1
1630679240513,1
1630679240562,1
1630679240578,1
1630679240687,1
1630679240953,1
1630679240969,1
1630679241015,1
1630679241031,1
1630679241125,1
1630679241281,1
1630679241344,1
1630679241406,1
1630679241484,1
1630679241484,1
1630679241578,1
1630679241705,1
1630679241814,1
1630679241861,1
1630679241986,1
1630679242018,1
1630679242064,1
1630679242143,1
1630679242299,1
1630679242471,1
1630679242533,1
1630679242580,1
1630679242627,1
1630679242634,1
1630679242771,1
1630679242990,1
1630679243131,1
1630679243303,1
1630679243396,1
1630679243492,1
1630679243711,1
1630679243758,1
1630679243899,1
1630679243945,1
1630679244101,1
1630679244304,1
1630679244494,1
1630679244557,1
1630679244572,1
1630679244650,1
1630679244650,1
1630679244650,1
1630679244791,1
1630679244838,1
1630679244838,1
1630679244932,1
1630679244947,1
1630679244979,1
1630679245271,1
1630679245318,1
1630679245365,1
1630679245443,1
1630679245505,1
1630679245662,1
1630679245912,1
1630679245990,1
1630679246099,1
1630679246208,1
1630679246240,1
1630679246458,1
1630679246618,1
1630679247009,1
1630679247024,1
1630679247133,1
1630679247133,1
1630679247165,1
1630679247258,1
1630679247290,1
1630679247383,1
1630679247383,1
1630679247572,1
1630679247652,1
1630679247949,1
1630679248137,1
1630679248246,1
1630679248292,1
1630679248496,1
1630679248496,1
1630679248496,1
1630679248589,1
1630679248652,1
1630679248792,1
1630679248870,1
1630679249058,1
1630679249261,1
1630679249323,1
1630679249433,1
1630679249542,1
1630679249637,1
1630679249749,1
1630679249811,1
1630679249905,1
1630679250014,1
1630679250092,1
1630679250092,1
1630679250139,1
1630679250139,1
1630679250311,1
1630679250358,1
1630679250358,1
1630679250438,1
1630679250501,1
1630679250735,1
1630679250797,1
1630679250876,1
1630679251032,1
1630679251110,1
1630679251188,1
1630679251582,1
1630679251597,1
1630679251925,1
1630679252003,1
1630679252128,1
1630679252128,1
1630679252128,1
1630679252191,1
1630679252284,1
1630679252300,1
1630679252378,1
1630679252510,1
1630679252572,1
1630679252635,1
1630679252713,1
1630679252776,1
1630679252838,1
1630679252901,1
1630679253072,1
1630679253182,1
1630679253322,1
1630679253416,1
1630679253793,1
1630679253825,1
1630679253903,1
1630679254059,1
1630679254231,1
1630679254231,1
1630679254371,1
1630679254418,1
1630679254639,1
1630679254748,1
1630679254811,1
1630679254811,1
1630679254952,1
1630679255061,1
1630679255076,1
1630679255092,1
1630679255139,1
1630679255217,1
1630679255311,1
1630679255326,1
1630679255467,1
1630679255545,1
1630679255623,1
1630679255845,1
1630679255907,1
1630679256001,1
1630679256251,1
1630679256313,1
1630679256344,1
1630679256438,1
1630679256548,1
1630679256737,1
1630679256769,1
1630679257003,1
1630679257050,1
1630679257128,1
1630679257159,1
1630679257206,1
1630679257502,1
1630679257567,1
1630679257833,1
1630679257896,1
1630679258130,1
1630679258395,1
1630679258601,1
1630679258601,1
1630679258773,1
1630679258804,1
1630679258867,1
1630679259038,1
1630679259210,1
1630679259226,1
1630679259366,1
1630679259413,1
1630679259491,1
1630679259491,1
1630679259619,1
1630679259822,1
1630679259884,1
1630679259884,1
1630679259931,1
1630679259931,1
1630679260119,1
1630679260337,1
1630679260603,1
1630679260603,1
1630679260650,1
1630679260728,1
1630679260853,1
1630679261009,1
1630679261009,1
1630679261149,1
1630679261165,1
1630679261165,1
1630679261431,1
1630679261493,1
1630679261571,1
1630679261618,1
1630679261745,1
1630679261823,1
1630679261933,1
1630679261980,1
1630679262105,1
1630679262245,1
1630679262339,1
1630679262558,1
1630679262857,1
1630679263076,1
1630679263107,1
1630679263248,1
1630679263341,1
1630679263341,1
1630679263544,1
1630679263654,1
1630679263733,1
1630679263733,1
1630679264078,1
1630679264156,1
1630679264344,1
1630679264344,1
1630679264406,1
1630679264658,1
1630679264689,1
1630679264689,1
1630679264892,1
1630679264924,1
1630679264924,1
1630679264924,1
1630679264924,1
1630679264986,1
1630679264986,1
1630679265158,1
1630679265220,1
1630679265283,1
1630679265345,1
1630679265345,1
1630679265550,1
1630679265708,1
1630679265723,1
1630679265755,1
1630679265880,1
1630679265911,1
1630679265973,1
1630679266004,1
1630679266083,1
1630679266270,1
1630679266333,1
1630679266426,1
1630679266504,1
1630679266598,1
1630679266742,1
1630679266867,1
1630679266992,1
1630679267023,1
1630679267539,1
1630679267648,1
1630679267695,1
1630679267867,1
1630679267976,1
1630679268007,1
1630679268085,1
1630679268085,1
1630679268117,1
1630679268179,1
1630679268304,1
1630679268335,1
1630679268554,1
1630679268697,1
1630679268791,1
1630679268916,1
1630679268931,1
1630679269041,1
1630679269072,1
1630679269087,1
1630679269166,1
1630679269244,1
1630679269275,1
1630679269369,1
1630679269636,1
1630679269652,1
1630679269743,1
1630679269790,1
1630679270025,1
1630679270040,1
1630679270134,1
1630679270165,1
1630679270321,1
1630679270399,1
1630679270415,1
1630679270540,1
1630679270618,1
1630679270743,1
1630679270806,1
1630679270869,1
1630679270915,1
1630679270993,1
1630679271305,1
1630679271352,1
1630679271493,1
1630679271574,1
1630679271636,1
1630679271668,1
1630679271746,1
1630679271964,1
1630679272090,1
1630679272105,1
1630679272230,1
1630679272308,1
1630679272386,1
1630679272498,1
1630679272530,1
1630679272624,1
1630679272749,1
1630679272858,1
1630679273108,1
1630679273233,1
1630679273342,1
1630679273405,1
1630679273563,1
1630679273626,1
1630679273672,1
1630679273704,1
1630679273797,1
1630679273907,1
1630679273938,1
1630679274094,1
1630679274173,1
1630679274282,1
1630679274344,1
1630679274438,1
1630679274565,1
1630679274847,1
1630679274909,1
1630679275003,1
1630679275081,1
1630679275175,1
1630679275362,1
1630679275409,1
1630679275472,1
1630679275518,1
1630679275596,1
1630679275739,1
1630679275801,1
1630679275848,1
1630679276114,1
1630679276114,1
1630679276239,1
1630679276332,1
1630679276475,1
1630679276553,1
1630679276758,1
1630679276851,1
1630679276851,1
1630679276976,1
1630679277039,1
1630679277086,1
1630679277257,1
1630679277320,1
1630679277507,1
1630679277632,1
1630679277683,1
1630679277746,1
1630679277917,1
1630679278027,1
1630679278230,1
1630679278324,1
1630679278511,1
1630679278639,1
1630679278733,1
1630679278826,1
1630679278905,1
1630679278951,1
1630679278983,1
1630679279076,1
1630679279311,1
1630679279373,1
1630679279530,1
1630679279592,1
1630679279736,1
1630679279814,1
1630679279892,1
1630679279908,1
1630679280064,1
1630679280127,1
1630679280189,1
1630679280205,1
1630679280439,1
1630679280486,1
1630679280533,1
1630679280579,1
1630679280675,1
1630679280739,1
1630679281067,1
1630679281129,1
1630679281207,1
1630679281285,1
1630679281475,1
1630679281553,1
1630679281669,1
1630679281731,1
1630679281778,1
1630679281841,1
1630679281888,1
1630679281997,1
1630679282106,1
1630679282216,1
1630679282263,1
1630679282388,1
1630679282450,1
1630679282562,1
1630679282834,1
1630679282865,1
1630679282896,1
1630679283146,1
1630679283255,1
1630679283365,1
1630679283443,1
1630679283521,1
1630679283552,1
1630679283787,1
1630679283787,1
1630679283958,1
1630679284052,1
1630679284177,1
1630679284333,1
1630679284364,1
1630679284396,1
1630679284505,1
1630679284600,1
1630679284647,1
1630679284756,1
1630679284866,1
1630679285006,1
1630679285100,1
1630679285194,1
1630679285257,1
1630679285350,1
1630679285428,1
1630679285553,1
1630679285616,1
1630679285741,1
1630679286006,1
1630679286037,1
1630679286053,1
1630679286147,1
1630679286209,1
1630679286444,1
1630679286506,1
1630679286553,1
1630679286662,1
1630679286756,1
1630679286897,1
1630679287068,1
1630679287147,1
1630679287241,1
1630679287287,1
1630679287318,1
1630679287443,1
1630679287615,1
1630679287665,1
1630679287962,1
1630679288133,1
1630679288133,1
1630679288196,1
1630679288337,1
1630679288384,1
1630679288431,1
1630679288524,1
1630679288587,1
1630679288807,1
1630679288995,1
1630679289057,1
1630679289088,1
1630679289166,1
1630679289229,1
1630679289323,1
1630679289417,1
1630679289526,1
1630679289588,1
1630679289793,1
1630679289856,1
1630679289934,1
1630679290012,1
1630679290090,1
1630679290278,1
1630679290434,1
1630679290449,1
1630679290545,1
1630679290640,1
1630679290889,1
1630679291124,1
1630679291171,1
1630679291202,1
1630679291264,1
1630679291374,1
1630679291452,1
1630679291533,1
1630679291533,1
1630679291658,1
1630679291705,1
1630679291861,1
1630679291955,1
1630679292033,1
1630679292127,1
1630679292268,1
1630679292299,1
1630679292502,1
1630679292565,1
1630679292627,1
1630679292768,1
1630679292799,1
1630679292924,1
1630679293111,1
1630679293221,1
1630679293252,1
1630679293377,1
1630679293471,1
1630679293518,1
1630679293864,1
1630679293895,1
1630679293926,1
1630679293958,1
1630679294036,1
1630679294208,1
1630679294411,1
1630679294505,1
1630679294536,1
1630679294615,1
1630679294631,1
1630679294740,1
1630679294865,1
1630679294990,1
1630679295131,1
1630679295271,1
1630679295427,1
1630679295521,1
1630679295599,1
1630679295677,1
1630679295802,1
1630679295834,1
1630679295896,1
1630679295974,1
1630679296115,1
1630679296193,1
1630679296271,1
1630679296537,1
1630679296649,1
1630679296649,1
1630679296836,1
1630679296914,1
1630679296946,1
1630679297024,1
1630679297133,1
1630679297164,1
1630679297289,1
1630679297524,1
1630679297524,1
1630679297664,1
1630679297711,1
1630679297836,1
1630679297930,1
1630679298055,1
1630679298117,1
1630679298242,1
1630679298399,1
1630679298477,1
1630679298617,1
1630679298650,1
1630679298854,1
1630679298901,1
1630679298964,1
1630679299026,1
1630679299167,1
1630679299292,1
1630679299323,1
1630679299464,1
1630679299542,1
1630679299635,1
1630679299766,1
1630679299938,1
1630679299969,1
1630679300079,1
1630679300157,1
1630679300251,1
1630679300516,1
1630679300610,1
1630679300610,1
1630679300787,1
1630679300850,1
1630679301006,1
1630679301100,1
1630679301224,1
1630679301349,1
1630679301557,1
1630679301588,1
1630679301713,1
1630679301776,1
1630679301838,1
1630679301901,1
1630679301916,1
1630679301948,1
1630679302119,1
1630679302244,1
1630679302385,1
1630679302479,1
1630679302840,1
1630679302965,1
1630679302981,1
1630679303121,1
1630679303246,1
1630679303340,1
1630679303340,1
1630679303434,1
1630679303450,1
1630679303608,1
1630679303624,1
1630679303921,1
1630679303952,1
1630679304077,1
1630679304139,1
1630679304249,1
1630679304436,1
1630679304498,1
1630679304623,1
1630679304702,1
1630679304874,1
1630679304936,1
1630679305030,1
1630679305123,1
1630679305233,1
1630679305342,1
1630679305451,1
1630679305561,1
1630679305623,1
1630679305751,1
1630679305892,1
1630679306063,1
1630679306235,1
1630679306589,1
1630679306635,1
1630679306776,1
1630679306838,1
1630679306838,1
1630679306838,1
1630679306932,1
1630679306932,1
1630679307026,1
1630679307120,1
1630679307135,1
1630679307245,1
1630679307354,1
1630679307432,1
1630679307654,1
1630679307716,1
1630679307809,1
1630679307919,1
1630679307997,1
1630679308075,1
1630679308184,1
1630679308372,1
1630679308372,1
1630679308450,1
1630679308516,1
1630679308672,1
1630679308828,1
1630679308922,1
1630679309031,1
1630679309062,1
1630679309281,1
1630679309312,1
1630679309375,1
1630679309469,1
1630679309499,1
1630679309627,1
1630679309909,1
1630679309987,1
1630679310065,1
1630679310143,1
1630679310175,1
1630679310268,1
1630679310378,1
1630679310487,1
1630679310518,1
1630679310565,1
1630679310721,1
1630679310721,1
1630679310831,1
1630679310893,1
1630679310987,1
1630679311065,1
1630679311096,1
1630679311284,1
1630679311393,1
1630679311520,1
1630679311583,1
1630679311648,1
1630679311695,1
1630679311820,1
1630679311944,1
1630679312132,1
1630679312179,1
1630679312257,1
1630679312366,1
1630679312491,1
1630679312728,1
1630679312822,1
1630679312822,1
1630679312900,1
1630679312978,1
1630679313041,1
1630679313244,1
1630679313306,1
1630679313384,1
1630679313478,1
1630679313620,1
1630679313825,1
1630679313903,1
1630679313919,1
1630679314044,1
1630679314153,1
1630679314231,1
1630679314294,1
1630679314403,1
1630679314481,1
1630679314606,1
1630679314672,1
1630679314766,1
1630679314969,1
1630679315031,1
1630679315094,1
1630679315187,1
1630679315343,1
1630679315422,1
1630679315500,1
1630679315639,1
1630679315721,1
1630679315830,1
1630679315971,1
1630679316033,1
1630679316142,1
1630679316236,1
1630679316314,1
1630679316566,1
1630679316629,1
1630679316723,1
1630679316801,1
1630679316863,1
1630679316957,1
1630679317129,1
1630679317207,1
1630679317269,1
1630679317317,1
1630679317488,1
1630679317566,1
1630679317644,1
1630679317754,1
1630679317801,1
1630679317910,1
1630679318035,1
1630679318191,1
1630679318301,1
1630679318425,1
1630679318491,1
1630679318569,1
1630679318663,1
1630679318866,1
1630679318897,1
1630679318959,1
1630679319069,1
1630679319162,1
1630679319397,1
1630679319475,1
1630679319506,1
1630679319634,1
1630679319899,1
1630679319978,1
1630679320025,1
1630679320102,1
1630679320165,1
1630679320197,1
1630679320243,1
1630679320368,1
1630679320574,1
1630679320777,1
1630679320840,1
1630679320949,1
1630679321027,1
1630679321074,1
1630679321199,1
1630679321277,1
1630679321355,1
1630679321387,1
1630679321527,1
1630679321639,1
1630679321811,1
1630679321873,1
1630679321904,1
1630679322045,1
1630679322217,1
1630679322295,1
1630679322545,1
1630679322674,1
1630679322705,1
1630679322846,1
1630679322987,1
1630679323033,1
1630679323080,1
1630679323127,1
1630679323190,1
1630679323455,1
1630679323549,1
1630679323549,1
1630679323785,1
1630679323863,1
1630679323942,1
1630679324051,1
1630679324098,1
1630679324191,1
1630679324488,1
1630679324597,1
1630679324694,1
1630679324835,1
1630679324960,1
1630679325069,1
1630679325251,1
1630679325439,1
1630679325519,1
1630679325582,1
1630679325644,1
1630679325691,1
1630679325738,1
1630679325738,1
1630679325847,1
1630679326003,1
1630679326003,1
1630679326019,1
1630679326128,1
1630679326269,1
1630679326331,1
1630679326409,1
1630679326566,1
1630679326644,1
1630679326722,1
1630679326816,1
1630679326878,1
1630679327066,1
1630679327159,1
1630679327191,1
1630679327347,1
1630679327378,1
1630679327456,1
1630679327534,1
1630679327581,1
1630679327706,1
1630679327815,1
1630679327894,1
1630679328065,1
1630679328159,1
1630679328237,1
1630679328456,1
1630679328550,1
1630679328614,1
1630679328692,1
1630679328880,1
1630679328958,1
1630679329020,1
1630679329099,1
1630679329161,1
1630679329255,1
1630679329427,1
1630679329458,1
1630679329520,1
1630679329664,1
1630679329710,1
1630679329835,1
1630679329913,1
1630679329992,1
1630679330101,1
1630679330413,1
1630679330492,1
1630679330744,1
1630679330853,1
1630679331009,1
1630679331134,1
1630679331228,1
1630679331291,1
1630679331353,1
1630679331353,1
1630679331431,1
1630679331494,1
1630679331701,1
1630679331748,1
1630679331763,1
1630679331826,1
1630679331841,1
1630679331919,1
1630679332169,1
1630679332310,1
1630679332372,1
1630679332372,1
1630679332487,1
1630679332690,1
1630679332815,1
1630679332878,1
1630679332925,1
1630679332987,1
1630679333065,1
1630679333253,1
1630679333362,1
1630679333487,1
1630679333518,1
1630679333565,1
1630679333675,1
1630679333940,1
1630679334034,1
1630679334112,1
1630679334206,1
1630679334206,1
1630679334393,1
1630679334425,1
1630679334568,1
1630679334615,1
1630679334787,1
1630679335021,1
1630679335084,1
1630679335146,1
1630679335224,1
1630679335318,1
1630679335411,1
1630679335489,1
1630679335603,1
1630679335666,1
1630679336056,1
1630679336213,1
1630679336291,1
1630679336369,1
1630679336540,1
1630679336654,1
1630679336810,1
1630679336919,1
1630679337154,1
1630679337295,1
1630679337436,1
1630679337657,1
1630679337750,1
1630679337750,1
1630679337750,1
1630679337750,1
1630679337813,1
1630679337875,1
1630679337875,1
1630679337891,1
1630679337907,1
1630679338110,1
1630679338188,1
1630679338532,1
1630679338659,1
1630679338722,1
1630679338800,1
1630679338862,1
1630679338862,1
1630679338909,1
1630679338987,1
1630679339190,1
1630679339393,1
1630679339471,1
1630679339518,1
1630679339581,1
1630679339741,1
1630679339819,1
1630679339912,1
1630679339959,1
1630679340022,1
1630679340084,1
1630679340131,1
1630679340209,1
1630679340397,1
1630679340461,1
1630679340508,1
1630679340649,1
1630679340680,1
1630679340711,1
1630679340883,1
1630679340992,1
1630679341024,1
1630679341149,1
1630679341180,1
1630679341573,1
1630679341698,1
1630679341744,1
1630679341760,1
1630679341854,1
1630679342182,1
1630679342291,1
1630679342322,1
1630679342463,1
1630679342588,1
1630679342791,1
1630679342994,1
1630679343213,1
1630679343338,1
1630679343369,1
1630679343369,1
1630679343385,1
1630679343385,1
1630679343431,1
1630679343681,1
1630679343729,1
1630679343791,1
1630679343853,1
1630679343947,1
1630679343947,1
1630679343978,1
1630679344103,1
1630679344228,1
1630679344338,1
1630679344462,1
1630679344478,1
1630679344560,1
1630679344576,1
1630679344701,1
1630679344857,1
1630679345060,1
1630679345154,1
1630679345341,1
1630679345451,1
1630679345513,1
1630679345685,1
1630679345732,1
1630679345888,1
1630679345920,1
1630679346091,1
1630679346154,1
1630679346154,1
1630679346216,1
1630679346294,1
1630679346419,1
1630679346575,1
1630679346703,1
1630679346797,1
1630679346859,1
1630679347088,1
1630679347275,1
1630679347306,1
1630679347400,1
1630679347605,1
1630679347699,1
1630679347839,1
1630679347965,1
1630679348105,1
1630679348277,1
1630679348324,1
1630679348529,1
1630679348701,1
1630679348779,1
1630679348826,1
1630679348841,1
1630679348857,1
1630679348935,1
1630679348966,1
1630679348997,1
1630679349107,1
1630679349247,1
1630679349357,1
1630679349372,1
1630679349450,1
1630679349497,1
1630679349638,1
1630679349688,1
1630679349907,1
1630679350001,1
1630679350016,1
1630679350219,1
1630679350219,1
1630679350375,1
1630679350487,1
1630679350581,1
1630679350596,1
1630679350690,1
1630679350940,1
1630679351143,1
1630679351159,1
1630679351315,1
1630679351567,1
1630679351676,1
1630679351723,1
1630679351739,1
1630679351770,1
1630679351864,1
1630679352036,1
1630679352098,1
1630679352176,1
1630679352270,1
1630679352301,1
1630679352600,1
1630679352725,1
1630679352788,1
1630679352928,1
1630679353022,1
1630679353038,1
1630679353131,1
1630679353241,1
1630679353334,1
1630679353366,1
1630679353428,1
1630679353475,1
1630679353538,1
1630679353538,1
1630679353631,1
1630679353834,1
1630679353897,1
1630679353975,1
1630679354006,1
1630679354194,1
1630679354241,1
1630679354397,1
1630679354475,1
1630679354571,1
1630679354633,1
1630679354899,1
1630679354977,1
1630679355039,1
1630679355071,1
1630679355071,1
1630679355242,1
1630679355461,1
1630679355602,1
1630679355633,1
1630679355758,1
1630679355914,1
1630679356102,1
1630679356133,1
1630679356133,1
1630679356367,1
1630679356477,1
1630679356632,1
1630679356698,1
1630679356901,1
1630679356963,1
1630679357072,1
1630679357151,1
1630679357275,1
1630679357557,1
1630679357588,1
1630679357717,1
1630679357764,1
1630679357858,1
1630679357889,1
1630679358014,1
1630679358170,1
1630679358201,1
1630679358280,1
1630679358436,1
1630679358639,1
1630679358733,1
1630679358828,1
1630679358875,1
1630679358969,1
1630679358969,1
1630679359266,1
1630679359359,1
1630679359453,1
1630679359516,1
1630679359516,1
1630679359547,1
1630679359562,1
1630679359719,1
1630679359859,1
1630679359906,1
1630679359984,1
1630679360062,1
1630679360125,1
1630679360156,1
1630679360172,1
1630679360328,1
1630679360422,1
1630679360533,1
1630679360549,1
1630679360800,1
1630679360909,1
1630679361049,1
1630679361143,1
1630679361175,1
1630679361456,1
1630679361549,1
1630679361614,1
1630679361693,1
1630679361755,1
1630679361818,1
1630679361849,1
1630679362005,1
1630679362036,1
1630679362161,1
1630679362380,1
1630679362568,1
1630679362665,1
1630679362837,1
1630679362868,1
1630679363103,1
1630679363306,1
1630679363306,1
1630679363399,1
1630679363527,1
1630679363574,1
1630679363683,1
1630679363761,1
1630679363777,1
1630679363808,1
1630679363886,1
1630679363917,1
1630679363949,1
1630679364042,1
1630679364245,1
1630679364308,1
1630679364589,1
1630679364620,1
1630679364918,1
1630679365089,1
1630679365167,1
1630679365464,1
1630679365576,1
1630679365591,1
1630679365794,1
1630679365888,1
1630679365888,1
1630679365950,1
1630679365997,1
1630679366044,1
1630679366201,1
1630679366232,1
1630679366341,1
1630679366341,1
1630679366435,1
1630679366482,1
1630679366528,1
1630679366609,1
1630679366734,1
1630679366812,1
1630679366844,1
1630679366953,1
1630679366984,1
1630679367125,1
1630679367234,1
1630679367297,1
1630679367468,1
1630679367658,1
1630679367690,1
1630679367690,1
1630679367908,1
1630679368018,1
1630679368158,1
1630679368252,1
1630679368315,1
1630679368315,1
1630679368424,1
1630679368518,1
1630679368739,1
1630679369004,1
1630679369098,1
1630679369208,1
1630679369301,1
1630679369332,1
1630679369442,1
1630679369567,1
1630679369598,1
1630679369785,1
1630679369848,1
1630679370035,1
1630679370098,1
1630679370113,1
1630679370238,1
1630679370410,1
1630679370410,1
1630679370476,1
1630679370539,1
1630679370570,1
1630679370742,1
1630679370851,1
1630679370898,1
1630679371023,1
1630679371179,1
1630679371367,1
1630679371429,1
1630679371492,1
1630679371554,1
1630679371898,1
1630679371913,1
1630679372101,1
1630679372257,1
1630679372320,1
1630679372382,1
1630679372413,1
1630679372588,1
1630679372681,1
1630679372728,1
1630679372853,1
1630679372947,1
1630679372963,1
1630679373087,1
1630679373369,1
1630679373509,1
1630679373744,1
1630679373900,1
1630679374072,1
1630679374103,1
1630679374165,1
1630679374197,1
1630679374212,1
1630679374337,1
1630679374375,1
1630679374387,1
1630679374481,1
1630679374574,1
1630679374606,1
1630679374715,1
1630679374809,1
1630679374996,1
1630679375043,1
1630679375262,1
1630679375324,1
1630679375355,1
1630679375387,1
1630679375574,1
1630679375670,1
1630679375779,1
1630679375842,1
1630679376029,1
1630679376201,1
1630679376342,1
1630679376469,1
1630679376500,1
1630679376750,1
1630679376875,1
1630679376891,1
1630679377000,1
1630679377125,1
1630679377125,1
1630679377297,1
1630679377391,1
1630679377453,1
1630679377690,1
1630679377722,1
1630679377784,1
1630679377831,1
1630679377940,1
1630679378034,1
1630679378050,1
1630679378159,1
1630679378175,1
1630679378206,1
1630679378268,1
1630679378347,1
1630679378440,1
1630679378504,1
1630679378646,1
1630679378787,1
1630679378803,1
1630679378881,1
1630679379006,1
1630679379115,1
1630679379193,1
1630679379427,1
1630679379510,1
1630679379541,1
1630679379635,1
1630679379866,1
1630679379907,1
1630679379954,1
1630679380001,1
1630679380126,1
1630679380236,1
1630679380451,1
1630679380626,1
1630679380764,1
1630679380787,1
1630679380855,1
1630679381039,1
1630679381039,1
1630679381108,1
1630679381217,1
1630679381249,1
1630679381343,1
1630679381518,1
1630679381596,1
1630679381660,1
1630679381722,1
1630679381816,1
1630679381925,1
1630679382144,1
1630679382175,1
1630679382316,1
1630679382347,1
1630679382472,1
1630679382550,1
1630679382693,1
1630679382771,1
1630679382912,1
1630679382974,1
1630679383037,1
1630679383225,1
1630679383319,1
1630679383444,1
1630679383474,1
1630679383552,1
1630679383769,1
1630679383832,1
1630679383891,1
1630679384081,1
1630679384100,1
1630679384252,1
1630679384292,1
1630679384433,1
1630679384529,1
1630679384656,1
1630679384691,1
1630679384896,1
1630679384924,1
1630679384989,1
1630679385160,1
1630679385192,1
1630679385410,1
1630679385473,1
1630679385538,1
1630679385679,1
1630679385741,1
1630679385944,1
1630679385960,1
1630679386007,1
1630679386100,1
1630679386194,1
1630679386335,1
1630679386475,1
1630679386539,1
1630679386634,1
1630679386727,1
1630679386758,1
1630679387024,1
1630679387071,1
1630679387134,1
1630679387227,1
1630679387321,1
1630679387415,1
1630679387555,1
1630679387620,1
1630679387823,1
1630679387854,1
1630679387932,1
1630679388120,1
1630679388135,1
1630679388251,1
1630679388335,1
1630679388437,1
1630679388517,1
1630679388595,1
1630679388773,1
1630679388963,1
1630679389083,1
1630679389137,1
1630679389236,1
1630679389252,1
1630679389361,1
1630679389440,1
1630679389601,1
1630679389634,1
1630679389773,1
1630679389844,1
1630679390008,1
1630679390101,1
1630679390177,1
1630679390240,1
1630679390332,1
1630679390541,1
1630679390637,1
1630679390670,1
1630679390795,1
1630679390904,1
1630679390998,1
1630679391092,1
1630679391217,1
1630679391281,1
1630679391470,1
1630679391564,1
1630679391626,1
1630679391861,1
1630679391985,1
1630679392095,1
1630679392126,1
1630679392189,1
1630679392220,1
1630679392317,1
1630679392463,1
1630679392536,1
1630679392671,1
1630679392687,1
1630679392921,1
1630679393030,1
1630679393137,1
1630679393357,1
1630679393357,1
1630679393710,1
1630679393809,1
1630679393809,1
1630679393995,1
1630679394059,1
1630679394235,1
1630679394235,1
1630679394297,1
1630679394375,1
1630679394706,1
1630679394769,1
1630679394847,1
1630679394941,1
1630679394988,1
1630679395019,1
1630679395097,1
1630679395112,1
1630679395175,1
1630679395480,1
1630679395514,1
1630679395530,1
1630679395639,1
1630679395686,1
1630679395811,1
1630679395811,1
1630679395920,1
1630679395983,1
1630679396077,1
1630679396217,1
1630679396280,1
1630679396483,1
1630679396514,1
1630679396579,1
1630679396766,1
1630679396844,1
1630679397004,1
1630679397145,1
1630679397176,1
1630679397192,1
1630679397317,1
1630679397426,1
1630679397457,1
1630679397663,1
1630679397694,1
1630679397788,1
1630679397922,1
1630679398048,1
1630679398125,1
1630679398172,1
1630679398438,1
1630679398547,1
1630679398783,1
1630679398862,1
1630679398955,1
1630679399143,1
1630679399158,1
1630679399236,1
1630679399268,1
1630679399268,1
1630679399424,1
1630679399511,1
1630679399620,1
1630679399792,1
1630679399917,1
1630679399948,1
1630679400010,1
1630679400151,1
1630679400229,1
1630679400260,1
1630679400307,1
1630679400464,1
1630679400592,1
1630679400624,1
1630679400749,1
1630679400827,1
1630679401014,1
1630679401124,1
1630679401186,1
1630679401264,1
1630679401420,1
1630679401420,1
1630679401720,1
1630679401751,1
1630679401782,1
1630679401986,1
1630679402049,1
1630679402127,1
1630679402189,1
1630679402283,1
1630679402392,1
1630679402486,1
1630679402552,1
1630679402693,1
1630679402787,1
1630679402881,1
1630679403115,1
1630679403224,1
1630679403255,1
1630679403570,1
1630679403586,1
1630679403617,1
1630679403727,1
1630679403805,1
1630679403914,1
1630679404008,1
1630679404086,1
1630679404195,1
1630679404289,1
1630679404398,1
1630679404492,1
1630679404715,1
1630679404746,1
1630679404824,1
1630679404887,1
1630679405027,1
1630679405120,1
1630679405230,1
1630679405324,1
1630679405558,1
1630679405589,1
1630679405655,1
1630679405702,1
1630679405874,1
1630679405937,1
1630679406093,1
1630679406171,1
1630679406312,1
1630679406359,1
1630679406515,1
1630679406624,1
1630679406704,1
1630679406735,1
1630679406938,1
1630679407000,1
1630679407110,1
1630679407157,1
1630679407328,1
1630679407360,1
1630679407422,1
1630679407503,1
1630679407643,1
1630679407753,1
1630679407847,1
1630679407940,1
1630679408034,1
1630679408159,1
1630679408331,1
1630679408362,1
1630679408537,1
1630679408599,1
1630679408693,1
1630679408724,1
1630679408865,1
1630679408959,1
1630679409052,1
1630679409256,1
1630679409318,1
1630679409365,1
1630679409506,1
1630679409602,1
1630679409665,1
1630679409758,1
1630679409883,1
1630679409961,1
1630679410133,1
1630679410196,1
1630679410336,1
1630679410430,1
1630679410461,1
1630679410555,1
1630679410732,1
1630679410779,1
1630679411013,1
1630679411138,1
1630679411216,1
1630679411310,1
1630679411372,1
1630679411419,1
1630679411645,1
1630679411660,1
1630679411879,1
1630679411910,1
1630679411973,1
1630679412004,1
1630679412176,1
1630679412223,1
1630679412317,1
1630679412379,1
1630679412566,1
1630679412680,1
1630679412743,1
1630679412899,1
1630679412993,1
1630679413040,1
1630679413133,1
1630679413258,1
1630679413321,1
1630679413477,1
1630679413555,1
1630679413682,1
1630679413963,1
1630679413963,1
1630679414056,1
1630679414166,1
1630679414306,1
1630679414431,1
1630679414498,1
1630679414529,1
1630679414576,1
1630679414654,1
1630679414763,1
1630679414857,1
1630679414951,1
1630679415076,1
1630679415248,1
1630679415248,1
1630679415357,1
1630679415501,1
1630679415594,1
1630679415672,1
1630679415766,1
1630679415860,1
1630679415954,1
1630679416032,1
1630679416204,1
1630679416360,1
1630679416423,1
1630679416501,1
1630679416626,1
1630679416768,1
1630679416831,1
1630679416893,1
1630679417018,1
1630679417127,1
1630679417190,1
1630679417346,1
1630679417393,1
1630679417569,1
1630679417600,1
1630679417694,1
1630679417897,1
1630679417928,1
1630679418037,1
1630679418100,1
1630679418194,1
1630679418319,1
1630679418381,1
1630679418475,1
1630679418649,1
1630679418712,1
1630679418805,1
1630679419008,1
1630679419086,1
1630679419180,1
1630679419258,1
1630679419336,1
1630679419415,1
1630679419539,1
1630679419652,1
1630679419714,1
1630679419870,1
1630679419933,1
1630679420074,1
1630679420183,1
1630679420339,1
1630679420402,1
1630679420589,1
1630679420636,1
1630679420764,1
1630679420857,1
1630679420873,1
1630679420951,1
1630679421217,1
1630679421311,1
1630679421389,1
1630679421420,1
1630679421482,1
1630679421545,1
1630679421717,1
1630679421826,1
1630679421904,1
1630679421951,1
1630679422092,1
1630679422138,1
1630679422279,1
1630679422404,1
1630679422483,1
1630679422548,1
1630679422688,1
1630679422844,1
1630679423016,1
1630679423047,1
1630679423205,1
1630679423283,1
1630679423376,1
1630679423408,1
1630679423517,1
1630679423649,1
1630679423711,1
1630679423836,1
1630679423868,1
1630679424008,1
1630679424211,1
1630679424227,1
1630679424352,1
1630679424414,1
1630679424508,1
1630679424572,1
1630679424744,1
1630679424885,1
1630679424963,1
1630679425057,1
1630679425150,1
1630679425244,1
1630679425416,1
1630679425494,1
1630679425525,1
1630679425715,1
1630679425715,1
1630679425809,1
1630679425996,1
1630679426043,1
1630679426136,1
1630679426215,1
1630679426308,1
1630679426418,1
1630679426752,1
1630679426877,1
1630679426939,1
1630679427080,1
1630679427158,1
1630679427236,1
1630679427455,1
1630679427533,1
1630679427724,1
1630679427771,1
1630679427848,1
1630679427880,1
1630679427989,1
1630679428177,1
1630679428255,1
1630679428286,1
1630679428317,1
1630679428349,1
1630679428380,1
1630679428489,1
1630679428614,1
1630679428676,1
1630679428883,1
1630679428914,1
1630679428992,1
1630679429164,1
1630679429242,1
1630679429289,1
1630679429352,1
1630679429477,1
1630679429586,1
1630679429680,1
1630679429789,1
1630679429961,1
1630679429976,1
1630679430117,1
1630679430226,1
1630679430351,1
1630679430429,1
1630679430508,1
1630679430574,1
1630679430683,1
1630679430855,1
1630679430980,1
1630679431011,1
1630679431152,1
1630679431214,1
1630679431293,1
1630679431449,1
1630679431527,1
1630679431608,1
1630679431718,1
1630679431780,1
1630679431921,1
1630679432108,1
1630679432155,1
1630679432295,1
1630679432467,1
1630679432499,1
1630679432561,1
1630679432720,1
1630679432813,1
1630679432891,1
1630679433048,1
1630679433095,1
1630679433173,1
1630679433360,1
1630679433391,1
1630679433548,1
1630679433657,1
1630679433657,1
1630679433782,1
1630679433985,1
1630679434048,1
1630679434110,1
1630679434188,1
1630679434250,1
1630679434438,1
1630679434532,1
1630679434646,1
1630679434693,1
1630679434802,1
1630679434942,1
1630679434974,1
1630679435146,1
1630679435271,1
1630679435333,1
1630679435411,1
1630679435521,1
1630679435567,1
1630679435773,1
1630679435913,1
1630679435913,1
1630679436101,1
1630679436163,1
1630679436179,1
1630679436492,1
1630679436665,1
1630679436806,1
1630679436806,1
1630679436837,1
1630679436978,1
1630679437243,1
1630679437306,1
1630679437337,1
1630679437415,1
1630679437415,1
1630679437478,1
1630679437587,1
1630679437651,1
1630679437729,1
1630679437823,1
1630679437917,1
1630679438026,1
1630679438260,1
1630679438260,1
1630679438354,1
1630679438451,1
1630679438591,1
1630679438623,1
1630679438763,1
1630679438873,1
1630679439013,1
1630679439138,1
1630679439154,1
1630679439232,1
1630679439372,1
1630679439439,1
1630679439543,1
1630679439652,1
1630679439746,1
1630679439839,1
1630679440027,1
1630679440074,1
1630679440152,1
1630679440292,1
1630679440324,1
1630679440433,1
1630679440607,1
1630679440654,1
1630679440764,1
1630679440935,1
1630679440966,1
1630679441029,1
1630679441201,1
1630679441263,1
1630679441373,1
1630679441466,1
1630679441609,1
1630679441703,1
1630679441797,1
1630679442000,1
1630679442172,1
1630679442235,1
1630679442297,1
1630679442438,1
1630679442612,1
1630679442628,1
1630679442674,1
1630679442831,1
1630679442893,1
1630679443237,1
1630679443331,1
1630679443377,1
1630679443664,1
1630679443867,1
1630679443914,1
1630679443945,1
1630679444210,1
1630679444382,1
1630679444429,1
1630679444429,1
1630679444476,1
1630679444523,1
1630679444618,1
1630679444635,1
1630679444713,1
1630679444822,1
1630679444932,1
1630679444994,1
1630679445244,1
1630679445416,1
1630679445572,1
1630679445588,1
1630679445684,1
1630679445856,1
1630679445918,1
1630679446058,1
1630679446105,1
1630679446214,1
1630679446418,1
1630679446433,1
1630679446449,1
1630679446511,1
1630679446621,1
1630679446653,1
1630679446686,1
1630679446686,1
1630679446889,1
1630679446920,1
1630679446951,1
1630679446983,1
1630679447092,1
1630679447154,1
1630679447279,1
1630679447486,1
1630679447548,1
1630679447658,1
1630679447723,1
1630679447786,1
1630679447926,1
1630679448020,1
1630679448082,1
1630679448332,1
1630679448411,1
1630679448426,1
1630679448551,1
1630679448645,1
1630679448910,1
1630679448926,1
1630679448973,1
1630679449098,1
1630679449145,1
1630679449223,1
1630679449348,1
1630679449379,1
1630679449538,1
1630679449601,1
1630679449835,1
1630679450007,1
1630679450007,1
1630679450069,1
1630679450101,1
1630679450210,1
1630679450304,1
1630679450449,1
1630679450575,1
1630679450607,1
1630679450810,1
1630679450903,1
1630679451028,1
1630679451107,1
1630679451138,1
1630679451232,1
1630679451341,1
1630679451403,1
1630679451579,1
1630679451673,1
1630679451736,1
1630679451829,1
1630679451939,1
1630679452033,1
1630679452173,1
1630679452314,1
1630679452376,1
1630679452501,1
1630679452548,1
1630679452644,1
1630679452785,1
1630679452910,1
1630679452972,1
1630679453067,1
1630679453176,1
1630679453270,1
1630679453379,1
1630679453473,1
1630679453552,1
1630679453742,1
1630679453866,1
1630679453913,1
1630679454086,1
1630679454086,1
1630679454148,1
1630679454288,1
1630679454351,1
1630679454509,1
1630679454603,1
1630679454775,1
1630679454869,1
1630679454900,1
1630679455009,1
1630679455103,1
1630679455244,1
1630679455275,1
1630679455384,1
1630679455543,1
1630679455652,1
1630679455684,1
1630679455824,1
1630679456027,1
1630679456027,1
1630679456090,1
1630679456246,1
1630679456293,1
1630679456418,1
1630679456625,1
1630679456672,1
1630679456750,1
1630679456796,1
1630679456953,1
1630679457125,1
1630679457187,1
1630679457218,1
1630679457374,1
1630679457484,1
1630679457500,1
1630679457692,1
1630679457754,1
1630679457864,1
1630679457942,1
1630679458067,1
1630679458113,1
1630679458317,1
1630679458317,1
1630679458442,1
1630679458569,1
1630679458663,1
1630679458709,1
1630679458881,1
1630679458959,1
1630679459084,1
1630679459225,1
1630679459225,1
1630679459428,1
1630679459490,1
1630679459681,1
1630679459712,1
1630679459759,1
1630679459853,1
1630679459915,1
1630679460087,1
1630679460243,1
1630679460274,1
1630679460415,1
1630679460431,1
1630679460571,1
1630679460705,1
1630679460815,1
1630679460939,1
1630679461002,1
1630679461080,1
1630679461205,1
1630679461330,1
1630679461392,1
1630679461502,1
1630679461580,1
1630679461677,1
1630679461771,1
1630679461927,1
1630679462037,1
1630679462099,1
1630679462208,1
1630679462271,1
1630679462444,1
1630679462571,1
1630679462648,1
1630679462711,1
1630679462792,1
1630679462900,1
1630679462963,1
1630679463196,1
1630679463225,1
1630679463325,1
1630679463434,1
1630679463512,1
1630679463636,1
1630679463836,1
1630679463896,1
1630679463974,1
1630679464019,1
1630679464114,1
1630679464262,1
1630679464350,1
1630679464444,1
1630679464551,1
1630679464706,1
1630679464752,1
1630679464847,1
1630679464984,1
1630679465082,1
1630679465144,1
1630679465378,1
1630679465414,1
1630679465447,1
1630679465581,1
1630679465721,1
1630679465756,1
1630679465846,1
1630679465986,1
1630679466046,1
1630679466222,1
1630679466320,1
1630679466416,1
1630679466479,1
1630679466541,1
1630679466655,1
1630679466764,1
1630679466905,1
1630679467075,1
1630679467106,1
1630679467168,1
1630679467262,1
1630679467409,1
1630679467502,1
1630679467579,1
1630679467673,1
1630679467767,1
1630679467907,1
1630679468024,1
1630679468102,1
1630679468180,1
1630679468305,1
1630679468368,1
1630679468478,1
1630679468635,1
1630679468744,1
1630679468885,1
1630679468901,1
1630679469009,1
1630679469076,1
1630679469206,1
1630679469315,1
1630679469438,1
1630679469532,1
1630679469610,1
1630679469706,1
1630679469912,1
1630679470004,1
1630679470038,1
1630679470095,1
1630679470300,1
1630679470315,1
1630679470440,1
1630679470534,1
1630679470633,1
1630679470691,1
1630679470866,1
1630679470939,1
1630679471032,1
1630679471126,1
1630679471236,1
1630679471409,1
1630679471503,1
1630679471504,1
1630679471666,1
1630679471769,1
1630679471876,1
1630679471908,1
1630679472017,1
1630679472188,1
1630679472282,1
1630679472373,1
1630679472452,1
1630679472580,1
1630679472610,1
1630679472728,1
1630679472874,1
1630679472982,1
1630679473048,1
1630679473176,1
1630679473254,1
1630679473410,1
1630679473519,1
1630679473600,1
1630679473691,1
1630679473784,1
1630679473925,1
1630679473959,1
1630679474200,1
1630679474263,1
1630679474296,1
1630679474419,1
1630679474493,1
1630679474593,1
1630679474702,1
1630679474796,1
1630679475039,1
1630679475141,1
1630679475204,1
1630679475313,1
1630679475375,1
1630679475391,1
1630679475563,1
1630679475613,1
1630679475706,1
1630679475831,1
1630679475972,1
1630679476035,1
1630679476175,1
1630679476206,1
1630679476300,1
1630679476409,1
1630679476534,1
1630679476678,1
1630679476772,1
1630679476866,1
1630679476928,1
1630679477006,1
1630679477178,1
1630679477240,1
1630679477428,1
1630679477497,1
1630679477512,1
1630679477591,1
1630679477798,1
1630679477876,1
1630679477954,1
1630679478063,1
1630679478223,1
1630679478223,1
1630679478351,1
1630679478461,1
1630679478685,1
1630679478764,1
1630679478889,1
1630679478889,1
1630679478998,1
1630679479154,1
1630679479185,1
1630679479263,1
1630679479357,1
1630679479482,1
1630679479594,1
1630679479687,1
1630679479828,1
1630679479859,1
1630679479984,1
1630679480062,1
1630679480172,1
1630679480281,1
1630679480406,1
1630679480515,1
1630679480562,1
1630679480676,1
1630679480801,1
1630679480895,1
1630679481004,1
1630679481114,1
1630679481161,1
1630679481254,1
1630679481379,1
1630679481489,1
1630679481582,1
1630679481712,1
1630679481775,1
1630679481869,1
1630679482040,1
1630679482134,1
1630679482228,1
1630679482353,1
1630679482384,1
1630679482525,1
1630679482640,1
1630679482765,1
1630679482858,1
1630679482921,1
1630679482999,1
1630679483155,1
1630679483249,1
1630679483358,1
1630679483421,1
1630679483515,1
1630679483624,1
1630679483751,1
1630679483860,1
1630679483954,1
1630679484063,1
1630679484188,1
1630679484219,1
1630679484313,1
1630679484688,1
1630679484720,1
1630679484752,1
1630679484830,1
1630679484877,1
1630679484924,1
1630679485080,1
1630679485219,1
1630679485281,1
1630679485359,1
1630679485503,1
1630679485550,1
1630679485675,1
1630679485800,1
1630679485863,1
1630679485972,1
1630679486097,1
1630679486175,1
1630679486300,1
1630679486409,1
1630679486472,1
1630679486601,1
1630679486632,1
1630679486741,1
1630679486960,1
1630679487007,1
1630679487054,1
1630679487210,1
1630679487335,1
1630679487397,1
1630679487491,1
1630679487600,1
1630679487809,1
1630679487841,1
1630679487904,1
1630679488044,1
1630679488216,1
1630679488325,1
1630679488453,1
1630679488516,1
1630679488532,1
1630679488610,1
1630679488797,1
1630679488860,1
1630679488891,1
1630679489031,1
1630679489110,1
1630679489235,1
1630679489329,1
1630679489422,1
1630679489567,1
1630679489583,1
1630679489755,1
1630679489864,1
1630679490021,1
1630679490052,1
1630679490146,1
1630679490224,1
1630679490318,1
1630679490427,1
1630679490586,1
1630679490617,1
1630679490789,1
1630679490820,1
1630679490929,1
1630679491054,1
1630679491187,1
1630679491358,1
1630679491393,1
1630679491452,1
1630679491545,1
1630679491608,1
1630679491783,1
1630679491912,1
1630679491985,1
1630679492076,1
1630679492141,1
1630679492289,1
1630679492407,1
1630679492485,1
1630679492594,1
1630679492676,1
1630679492785,1
1630679492848,1
1630679493020,1
1630679493098,1
1630679493190,1
1630679493313,1
1630679493344,1
1630679493458,1
1630679493630,1
1630679493657,1
1630679493756,1
1630679493897,1
1630679493959,1
1630679494053,1
1630679494208,1
1630679494302,1
1630679494396,1
1630679494539,1
1630679494633,1
1630679494680,1
1630679494821,1
1630679494898,1
1630679495071,1
1630679495226,1
1630679495226,1
1630679495258,1
1630679495430,1
1630679495509,1
1630679495604,1
1630679495744,1
1630679495806,1
1630679495900,1
1630679496025,1
1630679496197,1
1630679496213,1
1630679496353,1
1630679496416,1
1630679496479,1
1630679496699,1
1630679496731,1
1630679496840,1
1630679496934,1
1630679497059,1
1630679497090,1
1630679497261,1
1630679497389,1
1630679497467,1
1630679497579,1
1630679497626,1
1630679497813,1
1630679497860,1
1630679497970,1
1630679498063,1
1630679498173,1
1630679498266,1
1630679498391,1
1630679498532,1
1630679498641,1
1630679498688,1
1630679498766,1
1630679498860,1
1630679498970,1
1630679499079,1
1630679499157,1
1630679499282,1
1630679499391,1
1630679499454,1
1630679499626,1
1630679499751,1
1630679499813,1
1630679499891,1
1630679499985,1
1630679500113,1
1630679500160,1
1630679500410,1
1630679500426,1
1630679500488,1
1630679500582,1
1630679500677,1
1630679500818,1
1630679501052,1
1630679501052,1
1630679501161,1
1630679501193,1
1630679501318,1
1630679501380,1
1630679501521,1
1630679501614,1
1630679501739,1
1630679501818,1
1630679501911,1
1630679502021,1
1630679502115,1
1630679502224,1
1630679502318,1
1630679502493,1
1630679502555,1
1630679502649,1
1630679502742,1
1630679502852,1
1630679502946,1
1630679503008,1
1630679503117,1
1630679503258,1
1630679503383,1
1630679503509,1
1630679503547,1
1630679503688,1
1630679503751,1
1630679503829,1
1630679503954,1
1630679504063,1
1630679504158,1
1630679504284,1
1630679504315,1
1630679504409,1
1630679504584,1
1630679504647,1
1630679504787,1
1630679504881,1
1630679504944,1
1630679505069,1
1630679505162,1
1630679505303,1
1630679505365,1
1630679505459,1
1630679505537,1
1630679505666,1
1630679505791,1
1630679505869,1
1630679505979,1
1630679506088,1
1630679506182,1
1630679506276,1
1630679506416,1
1630679506541,1
1630679506603,1
1630679506747,1
1630679506794,1
1630679506919,1
1630679507012,1
1630679507106,1
1630679507216,1
1630679507325,1
1630679507419,1
1630679507497,1
1630679507621,1
1630679507718,1
1630679507812,1
1630679507921,1
1630679507984,1
1630679508077,1
1630679508281,1
1630679508343,1
1630679508452,1
1630679508546,1
1630679508609,1
1630679508706,1
1630679508831,1
1630679508956,1
1630679509081,1
1630679509144,1
1630679509284,1
1630679509284,1
1630679509440,1
1630679509554,1
1630679509616,1
1630679509882,1
1630679509913,1
1630679509991,1
1630679510038,1
1630679510178,1
1630679510257,1
1630679510319,1
1630679510444,1
1630679510572,1
1630679510744,1
1630679510791,1
1630679510884,1
1630679510947,1
1630679511087,1
1630679511150,1
1630679511275,1
1630679511384,1
1630679511478,1
1630679511588,1
1630679511650,1
1630679511790,1
1630679511884,1
1630679512009,1
1630679512150,1
1630679512181,1
1630679512243,1
1630679512384,1
1630679512509,1
1630679512621,1
1630679512715,1
1630679512793,1
1630679512855,1
1630679512980,1
1630679513152,1
1630679513183,1
1630679513293,1
1630679513418,1
1630679513480,1
1630679513574,1
1630679513748,1
1630679513811,1
1630679513951,1
1630679514045,1
1630679514092,1
1630679514217,1
1630679514357,1
1630679514404,1
1630679514560,1
1630679514607,1
1630679514719,1
1630679514812,1
1630679514937,1
1630679515047,1
1630679515141,1
1630679515251,1
1630679515314,1
1630679515454,1
1630679515548,1
1630679515657,1
1630679515754,1
1630679515847,1
1630679515957,1
1630679516050,1
1630679516191,1
1630679516254,1
1630679516347,1
1630679516456,1
1630679516519,1
1630679516597,1
1630679516757,1
1630679516897,1
1630679516960,1
1630679517053,1
1630679517194,1
1630679517272,1
1630679517366,1
1630679517491,1
1630679517600,1
1630679517663,1
1630679517756,1
1630679517835,1
1630679518022,1
1630679518069,1
1630679518178,1
1630679518288,1
1630679518366,1
1630679518506,1
1630679518603,1
1630679518728,1
1630679518822,1
1630679518931,1
1630679518962,1
1630679519166,1
1630679519228,1
1630679519291,1
1630679519431,1
1630679519478,1
1630679519618,1
1630679519684,1
1630679519809,1
1630679519950,1
1630679520012,1
1630679520153,1
1630679520246,1
1630679520277,1
1630679520512,1
1630679520543,1
1630679520605,1
1630679520733,1
1630679520796,1
1630679520905,1
1630679521030,1
1630679521155,1
1630679521233,1
1630679521358,1
1630679521439,1
1630679521517,1
1630679521674,1
1630679521721,1
1630679521861,1
1630679521939,1
1630679522033,1
1630679522158,1
1630679522220,1
1630679522392,1
1630679522439,1
1630679522583,1
1630679522614,1
1630679522771,1
1630679522880,1
1630679522958,1
1630679523099,1
1630679523192,1
1630679523317,1
1630679523411,1
1630679523520,1
1630679523583,1
1630679523692,1
1630679523802,1
1630679523895,1
1630679523958,1
1630679524099,1
1630679524223,1
1630679524255,1
1630679524442,1
1630679524442,1
1630679524631,1
1630679524710,1
1630679524803,1
1630679524866,1
1630679524975,1
1630679525084,1
1630679525147,1
1630679525350,1
1630679525444,1
1630679525475,1
1630679525618,1
1630679525665,1
1630679525790,1
1630679525915,1
1630679525978,1
1630679526087,1
1630679526212,1
1630679526274,1
1630679526415,1
1630679526509,1
1630679526608,1
1630679526718,1
1630679526843,1
1630679526921,1
1630679526983,1
1630679527155,1
1630679527217,1
1630679527343,1
1630679527452,1
1630679527499,1
1630679527608,1
1630679527736,1
1630679527846,1
1630679527955,1
1630679528018,1
1630679528111,1
1630679528252,1
1630679528444,1
1630679528491,1
1630679528538,1
1630679528647,1
1630679528741,1
1630679528788,1
1630679528959,1
1630679529053,1
1630679529163,1
1630679529256,1
1630679529319,1
1630679529462,1
1630679529587,1
1630679529696,1
1630679529759,1
1630679529853,1
1630679529962,1
1630679530024,1
1630679530196,1
1630679530306,1
1630679530352,1
1630679530465,1
1630679530559,1
1630679530699,1
1630679530762,1
1630679530902,1
1630679531027,1
1630679531090,1
1630679531152,1
1630679531262,1
1630679531387,1
1630679531496,1
1630679531558,1
1630679531668,1
1630679531840,1
1630679531871,1
1630679531996,1
1630679532121,1
1630679532199,1
1630679532293,1
1630679532402,1
1630679532464,1
1630679532594,1
1630679532735,1
1630679532813,1
1630679532923,1
1630679533001,1
1630679533079,1
1630679533267,1
1630679533329,1
1630679533407,1
1630679533488,1
1630679533628,1
1630679533722,1
1630679533801,1
1630679533910,1
1630679534035,1
1630679534113,1
1630679534286,1
1630679534380,1
1630679534443,1
1630679534506,1
1630679534603,1
1630679534697,1
1630679534807,1
1630679534900,1
1630679535041,1
1630679535150,1
1630679535244,1
1630679535385,1
1630679535447,1
1630679535530,1
1630679535671,1
1630679535749,1
1630679535873,1
1630679535936,1
1630679536045,1
1630679536155,1
1630679536264,1
1630679536342,1
1630679536467,1
1630679536579,1
1630679536642,1
1630679536735,1
1630679536922,1
1630679536954,1
1630679537063,1
1630679537157,1
1630679537266,1
1630679537360,1
1630679537500,1
1630679537547,1
1630679537692,1
1630679537785,1
1630679537863,1
1630679537957,1
1630679538082,1
1630679538223,1
1630679538285,1
1630679538394,1
1630679538535,1
1630679538566,1
1630679538725,1
1630679538788,1
1630679538897,1
1630679538991,1
1630679539069,1
1630679539147,1
1630679539350,1
1630679539397,1
1630679539491,1
1630679539600,1
1630679539696,1
1630679539790,1
1630679539962,1
1630679540056,1
1630679540087,1
1630679540228,1
1630679540352,1
1630679540399,1
1630679540603,1
1630679540634,1
1630679540730,1
1630679540918,1
1630679540996,1
1630679541011,1
1630679541168,1
1630679541261,1
1630679541324,1
1630679541433,1
1630679541527,1
1630679541652,1
1630679541766,1
1630679541844,1
1630679541938,1
1630679542032,1
1630679542110,1
1630679542219,1
1630679542360,1
1630679542453,1
1630679542565,1
1630679542628,1
1630679542753,1
1630679542831,1
1630679542987,1
1630679543065,1
1630679543159,1
1630679543221,1
1630679543362,1
1630679543424,1
1630679543585,1
1630679543694,1
1630679543820,1
1630679543866,1
1630679543991,1
1630679544054,1
1630679544163,1
1630679544335,1
1630679544366,1
1630679544491,1
1630679544586,1
1630679544650,1
1630679544822,1
1630679544884,1
1630679544994,1
1630679545088,1
1630679545197,1
1630679545259,1
1630679545455,1
1630679545486,1
1630679545595,1
1630679545692,1
1630679545802,1
1630679545895,1
1630679546052,1
1630679546099,1
1630679546224,1
1630679546302,1
1630679546427,1
1630679546489,1
1630679546631,1
1630679546743,1
1630679546868,1
1630679546961,1
1630679547008,1
1630679547149,1
1630679547243,1
1630679547336,1
1630679547414,1
1630679547508,1
1630679547602,1
1630679547716,1
1630679547840,1
1630679548032,1
1630679548079,1
1630679548125,1
1630679548266,1
1630679548313,1
1630679548484,1
1630679548610,1
1630679548641,1
1630679548738,1
1630679548847,1
1630679548910,1
1630679549113,1
1630679549160,1
1630679549269,1
1630679549347,1
1630679549456,1
1630679549550,1
1630679549659,1
1630679549816,1
1630679549909,1
1630679549972,1
1630679550066,1
1630679550175,1
1630679550378,1
1630679550378,1
1630679550472,1
1630679550565,1
1630679550675,1
1630679550800,1
1630679550878,1
1630679551019,1
1630679551097,1
1630679551159,1
1630679551284,1
1630679551393,1
1630679551487,1
1630679551600,1
1630679551720,1
1630679551812,1
1630679551983,1
1630679552046,1
1630679552184,1
1630679552185,1
1630679552309,1
1630679552387,1
1630679552512,1
1630679552588,1
1630679552778,1
1630679552779,1
1630679552966,1
1630679553012,1
1630679553079,1
1630679553330,1
1630679553520,1
1630679553551,1
1630679553582,1
1630679553613,1
1630679553723,1
1630679553785,1
1630679553957,1
1630679554096,1
1630679554190,1
1630679554221,1
1630679554310,1
1630679554433,1
1630679554557,1
1630679554655,1
1630679554717,1
1630679554842,1
1630679554951,1
1630679555014,1
1630679555205,1
1630679555236,1
1630679555345,1
1630679555470,1
1630679555548,1
1630679555611,1
1630679555835,1
1630679555851,1
1630679555974,1
1630679556067,1
1630679556144,1
1630679556237,1
1630679556375,1
1630679556583,1
1630679556674,1
1630679556722,1
1630679556785,1
1630679556943,1
1630679557052,1
1630679557143,1
1630679557274,1
1630679557321,1
1630679557414,1
1630679557477,1
1630679557586,1
1630679557808,1
1630679557964,1
1630679558010,1
1630679558010,1
1630679558111,1
1630679558207,1
1630679558299,1
1630679558405,1
1630679558469,1
1630679558571,1
1630679558696,1
1630679558805,1
1630679558899,1
1630679558993,1
1630679559136,1
1630679559230,1
1630679559261,1
1630679559433,1
1630679559577,1
1630679559796,1
1630679559812,1
1630679559921,1
1630679559953,1
1630679560046,1
1630679560125,1
1630679560234,1
1630679560293,1
1630679560449,1
1630679560531,1
1630679560657,1
1630679560740,1
1630679560834,1
1630679560959,1
1630679561021,1
1630679561130,1
1630679561255,1
1630679561349,1
1630679561427,1
1630679561584,1
1630679561666,1
1630679561729,1
1630679561854,1
1630679561948,1
1630679562026,1
1630679562218,1
1630679562218,1
1630679562390,1
1630679562452,1
1630679562577,1
1630679562692,1
1630679562817,1
1630679562817,1
1630679562958,1
1630679563083,1
1630679563161,1
1630679563302,1
1630679563364,1
1630679563461,1
1630679563555,1
1630679563695,1
1630679563883,1
1630679563883,1
1630679563992,1
1630679564086,1
1630679564164,1
1630679564289,1
1630679564429,1
1630679564511,1
1630679564604,1
1630679564730,1
1630679564761,1
1630679564902,1
1630679565027,1
1630679565089,1
1630679565230,1
1630679565292,1
1630679565386,1
1630679565529,1
1630679565623,1
1630679565717,1
1630679565826,1
1630679565889,1
1630679565998,1
1630679566123,1
1630679566217,1
1630679566279,1
1630679566389,1
1630679566563,1
1630679566595,1
1630679566766,1
1630679566829,1
1630679566939,1
1630679567048,1
1630679567126,1
1630679567188,1
1630679567360,1
1630679567485,1
1630679567550,1
1630679567628,1
1630679567722,1
1630679567831,1
1630679568034,1
1630679568159,1
1630679568253,1
1630679568268,1
1630679568331,1
1630679568440,1
1630679568534,1
1630679568691,1
1630679568770,1
1630679568910,1
1630679568941,1
1630679569071,1
1630679569243,1
1630679569337,1
1630679569384,1
1630679569445,1
1630679569583,1
1630679569661,1
1630679569806,1
1630679569866,1
1630679569987,1
1630679570049,1
1630679570159,1
1630679570317,1
1630679570411,1
1630679570550,1
1630679570612,1
1630679570676,1
1630679570755,1
1630679570912,1
1630679571006,1
1630679571084,1
1630679571174,1
1630679571288,1
1630679571449,1
1630679571449,1
1630679571636,1
1630679571748,1
1630679571844,1
1630679571937,1
1630679571984,1
1630679572077,1
1630679572201,1
1630679572418,1
1630679572434,1
1630679572541,1
1630679572666,1
1630679572807,1
1630679572869,1
1630679572900,1
1630679573075,1
1630679573216,1
1630679573263,1
1630679573294,1
1630679573419,1
1630679573688,1
1630679573703,1
1630679573719,1
1630679573828,1
1630679573891,1
1630679574094,1
1630679574156,1
1630679574289,1
1630679574351,1
1630679574492,1
1630679574529,1
1630679574667,1
1630679574761,1
1630679574886,1
1630679574917,1
1630679575027,1
1630679575199,1
1630679575261,1
1630679575355,1
1630679575448,1
1630679575559,1
1630679575624,1
1630679575718,1
1630679575922,1
1630679575985,1
1630679576093,1
1630679576156,1
1630679576250,1
1630679576421,1
1630679576500,1
1630679576629,1
1630679576660,1
1630679576801,1
1630679576863,1
1630679576957,1
1630679577129,1
1630679577191,1
1630679577301,1
1630679577410,1
1630679577441,1
1630679577597,1
1630679577800,1
1630679577800,1
1630679577941,1
1630679577972,1
1630679578128,1
1630679578160,1
1630679578300,1
1630679578419,1
1630679578607,1
1630679578638,1
1630679578734,1
1630679578781,1
1630679578922,1
1630679579047,1
1630679579141,1
1630679579219,1
1630679579312,1
1630679579375,1
1630679579547,1
1630679579656,1
1630679579722,1
1630679579831,1
1630679579941,1
1630679579972,1
1630679580144,1
1630679580300,1
1630679580378,1
1630679580441,1
1630679580507,1
1630679580617,1
1630679580742,1
1630679580882,1
1630679580929,1
1630679581070,1
1630679581148,1
1630679581210,1
1630679581382,1
1630679581476,1
1630679581573,1
1630679581636,1
1630679581808,1
1630679581886,1
1630679581979,1
1630679582088,1
1630679582198,1
1630679582260,1
1630679582323,1
1630679582448,1
1630679582589,1
1630679582651,1
1630679582760,1
1630679582885,1
1630679582994,1
1630679583091,1
1630679583231,1
1630679583247,1
1630679583419,1
1630679583450,1
1630679583595,1
1630679583689,1
1630679583783,1
1630679583892,1
1630679584002,1
1630679584158,1
1630679584189,1
1630679584251,1
1630679584501,1
1630679584517,1
1630679584595,1
1630679584696,1
1630679584821,1
1630679584915,1
1630679585024,1
1630679585165,1
1630679585227,1
1630679585384,1
1630679585399,1
1630679585493,1
1630679585634,1
1630679585696,1
1630679585837,1
1630679585993,1
1630679586025,1
1630679586134,1
1630679586290,1
1630679586337,1
1630679586462,1
1630679586558,1
1630679586621,1
1630679586730,1
1630679586871,1
1630679586933,1
1630679587059,1
1630679587121,1
1630679587230,1
1630679587324,1
1630679587511,1
1630679587542,1
1630679587636,1
1630679587777,1
1630679587839,1
1630679587949,1
1630679588120,1
1630679588136,1
1630679588261,1
1630679588370,1
1630679588433,1
1630679588526,1
1630679588656,1
1630679588765,1
1630679588859,1
1630679588953,1
1630679589140,1
1630679589187,1
1630679589266,1
1630679589406,1
1630679589516,1
1630679589612,1
1630679589643,1
1630679589815,1
1630679589878,1
1630679589987,1
1630679590128,1
1630679590206,1
1630679590299,1
1630679590393,1
1630679590602,1
1630679590604,1
1630679590694,1
1630679590835,1
1630679590897,1
1630679590991,1
1630679591116,1
1630679591225,1
1630679591319,1
1630679591350,1
1630679591491,1
1630679591600,1
1630679591697,1
1630679591822,1
1630679591915,1
1630679591993,1
1630679592087,1
1630679592197,1
1630679592337,1
1630679592462,1
1630679592556,1
1630679592618,1
1630679592728,1
1630679592790,1
1630679592915,1
1630679593119,1
1630679593150,1
1630679593197,1
1630679593384,1
1630679593384,1
1630679593541,1
1630679593682,1
1630679593745,1
1630679593807,1
1630679593916,1
1630679594010,1
1630679594151,1
1630679594276,1
1630679594370,1
1630679594447,1
1630679594544,1
1630679594622,1
1630679594778,1
1630679594872,1
1630679595044,1
1630679595044,1
1630679595153,1
1630679595247,1
1630679595434,1
1630679595507,1
1630679595585,1
1630679595665,1
1630679595775,1
1630679595868,1
1630679595962,1
1630679596105,1
1630679596197,1
1630679596271,1
1630679596333,1
1630679596474,1
1630679596632,1
1630679596664,1
1630679596804,1
1630679596867,1
1630679596976,1
1630679597073,1
1630679597214,1
1630679597276,1
1630679597375,1
1630679597468,1
1630679597566,1
1630679597675,1
1630679597800,1
1630679597910,1
1630679597972,1
1630679598113,1
1630679598331,1
1630679598363,1
1630679598425,1
1630679598519,1
1630679598631,1
1630679598725,1
1630679598788,1
1630679598897,1
1630679599116,1
1630679599225,1
1630679599256,1
1630679599334,1
1630679599428,1
1630679599522,1
1630679599696,1
1630679599759,1
1630679599852,1
1630679599899,1
1630679600006,1
1630679600115,1
1630679600318,1
1630679600350,1
1630679600397,1
1630679600537,1
1630679600631,1
1630679600725,1
1630679600850,1
1630679600975,1
1630679601037,1
1630679601146,1
1630679601240,1
1630679601327,1
1630679601519,1
1630679601566,1
1630679601644,1
1630679601746,1
1630679601840,1
1630679601949,1
1630679602106,1
1630679602168,1
1630679602277,1
1630679602340,1
1630679602449,1
1630679602547,1
1630679602735,1
1630679602766,1
1630679602875,1
1630679602969,1
1630679603110,1
1630679603141,1
1630679603266,1
1630679603375,1
1630679603469,1
1630679603580,1
1630679603674,1
1630679603783,1
1630679603892,1
1630679604001,1
1630679604072,1
1630679604213,1
1630679604276,1
1630679604463,1
1630679604560,1
1630679604592,1
1630679604763,1
1630679604826,1
1630679604857,1
1630679604998,1
1630679605154,1
1630679605248,1
1630679605310,1
1630679605451,1
1630679605545,1
1630679605720,1
1630679605720,1
1630679605845,1
1630679605907,1
1630679606017,1
1630679606142,1
1630679606220,1
1630679606407,1
1630679606516,1
1630679606548,1
1630679606630,1
1630679606724,1
1630679606818,1
1630679606942,1
1630679607067,1
1630679607146,1
1630679607208,1
1630679607380,1
1630679607411,1
1630679607648,1
1630679607679,1
1630679607742,1
1630679607851,1
1630679607913,1
1630679608054,1
1630679608163,1
1630679608288,1
1630679608398,1
1630679608460,1
1630679608554,1
1630679608616,1
1630679608822,1
1630679608900,1
1630679608994,1
1630679609056,1
1630679609197,1
1630679609306,1
1630679609368,1
1630679609509,1
1630679609556,1
1630679609666,1
1630679609762,1
1630679609872,1
1630679609997,1
1630679610090,1
1630679610231,1
1630679610262,1
1630679610387,1
1630679610465,1
1630679610606,1
1630679610689,1
1630679610829,1
1630679610923,1
1630679610954,1
1630679611079,1
1630679611204,1
1630679611314,1
1630679611408,1
1630679611532,1
1630679611595,1
1630679611769,1
1630679611832,1
1630679611957,1
1630679612019,1
1630679612128,1
1630679612222,1
1630679612331,1
1630679612456,1
1630679612521,1
1630679612630,1
1630679612724,1
1630679612802,1
1630679612896,1
1630679613083,1
1630679613161,1
1630679613271,1
1630679613333,1
1630679613427,1
1630679613540,1
1630679613665,1
1630679613759,1
1630679613853,1
1630679613993,1
1630679614024,1
1630679614165,1
1630679614305,1
1630679614352,1
1630679614461,1
1630679614590,1
1630679614668,1
1630679614761,1
1630679614902,1
1630679614965,1
1630679615074,1
1630679615199,1
1630679615261,1
1630679615371,1
1630679615496,1
1630679615587,1
1630679615664,1
1630679615808,1
1630679615834,1
1630679615974,1
1630679616087,1
1630679616227,1
1630679616291,1
1630679616356,1
1630679616527,1
1630679616559,1
1630679616680,1
1630679616790,1
1630679616886,1
1630679616989,1
1630679617083,1
1630679617222,1
1630679617285,1
1630679617444,1
1630679617553,1
1630679617569,1
1630679617691,1
1630679617785,1
1630679617909,1
1630679618018,1
1630679618080,1
1630679618236,1
1630679618276,1
1630679618416,1
1630679618508,1
1630679618602,1
1630679618726,1
1630679618805,1
1630679618947,1
1630679618980,1
1630679619151,1
1630679619245,1
1630679619338,1
1630679619406,1
1630679619536,1
1630679619583,1
1630679619738,1
1630679619830,1
1630679619907,1
1630679620047,1
1630679620148,1
1630679620203,1
1630679620376,1
1630679620439,1
1630679620531,1
1630679620607,1
1630679620683,1
1630679620825,1
1630679620952,1
1630679621092,1
1630679621155,1
1630679621260,1
1630679621353,1
1630679621463,1
1630679621591,1
1630679621654,1
1630679621795,1
1630679621904,1
1630679621951,1
1630679622076,1
1630679622154,1
1630679622302,1
1630679622349,1
1630679622520,1
1630679622552,1
1630679622671,1
1630679622796,1
1630679622921,1
1630679622968,1
1630679623097,1
1630679623190,1
1630679623269,1
1630679623409,1
1630679623487,1
1630679623633,1
1630679623727,1
1630679623805,1
1630679623867,1
1630679624023,1
1630679624158,1
1630679624205,1
1630679624299,1
1630679624408,1
1630679624490,1
1630679624630,1
1630679624731,1
1630679624793,1
1630679624918,1
1630679625012,1
1630679625137,1
1630679625231,1
1630679625340,1
1630679625483,1
1630679625623,1
1630679625639,1
1630679625701,1
1630679625826,1
1630679625967,1
1630679626029,1
1630679626139,1
1630679626201,1
1630679626326,1
1630679626470,1
1630679626563,1
1630679626626,1
1630679626766,1
1630679626891,1
1630679626970,1
1630679627063,1
1630679627157,1
1630679627266,1
1630679627329,1
1630679627423,1
1630679627520,1
1630679627676,1
1630679627738,1
1630679627848,1
1630679627941,1
1630679628066,1
1630679628129,1
1630679628269,1
1630679628379,1
1630679628473,1
1630679628604,1
1630679628697,1
1630679628791,1
1630679628900,1
1630679628994,1
1630679629166,1
1630679629197,1
1630679629306,1
1630679629353,1
1630679629478,1
1630679629608,1
1630679629717,1
1630679629780,1
1630679629905,1
1630679629998,1
1630679630139,1
1630679630201,1
1630679630358,1
1630679630373,1
1630679630467,1
1630679630577,1
1630679630751,1
1630679630813,1
1630679630938,1
1630679631016,1
1630679631126,1
1630679631173,1
1630679631344,1
1630679631423,1
1630679631517,1
1630679631579,1
1630679631674,1
1630679631815,1
1630679631940,1
1630679632049,1
1630679632100,1
1630679632208,1
1630679632317,1
1630679632381,1
1630679632538,1
1630679632645,1
1630679632705,1
1630679632800,1
1630679632910,1
1630679633006,1
1630679633174,1
1630679633235,1
1630679633346,1
1630679633437,1
1630679633581,1
1630679633610,1
1630679633757,1
1630679633851,1
1630679633991,1
1630679634022,1
1630679634163,1
1630679634224,1
1630679634354,1
1630679634461,1
1630679634593,1
1630679634670,1
1630679634765,1
1630679634842,1
1630679634983,1
1630679635077,1
1630679635171,1
1630679635280,1
1630679635342,1
1630679635452,1
1630679635594,1
1630679635688,1
1630679635765,1
1630679635890,1
1630679636000,1
1630679636101,1
1630679636189,1
1630679636299,1
1630679636393,1
1630679636491,1
1630679636634,1
1630679636679,1
1630679636789,1
1630679636915,1
1630679636975,1
1630679637100,1
1630679637212,1
1630679637300,1
1630679637444,1
1630679637504,1
1630679637609,1
1630679637674,1
1630679637799,1
1630679637877,1
1630679638002,1
1630679638112,1
1630679638237,1
1630679638330,1
1630679638408,1
1630679638502,1
1630679638669,1
1630679638735,1
1630679638828,1
1630679638954,1
1630679639032,1
1630679639141,1
1630679639266,1
1630679639328,1
1630679639422,1
1630679639597,1
1630679639628,1
1630679639769,1
1630679639925,1
1630679640003,1
1630679640034,1
1630679640144,1
1630679640269,1
1630679640362,1
1630679640520,1
1630679640582,1
1630679640661,1
1630679640760,1
1630679640854,1
1630679640932,1
1630679641071,1
1630679641179,1
1630679641287,1
1630679641366,1
1630679641461,1
1630679641539,1
1630679641710,1
1630679641880,1
1630679641911,1
1630679641974,1
1630679642068,1
1630679642177,1
1630679642333,1
1630679642444,1
1630679642505,1
1630679642604,1
1630679642714,1
1630679642761,1
1630679642979,1
1630679643060,1
1630679643122,1
1630679643216,1
1630679643278,1
1630679643372,1
1630679643513,1
1630679643622,1
1630679643715,1
1630679643853,1
1630679643954,1
1630679644017,1
1630679644142,1
1630679644236,1
1630679644360,1
1630679644425,1
1630679644519,1
1630679644644,1
1630679644753,1
1630679644847,1
1630679644910,1
1630679645019,1
1630679645144,1
1630679645222,1
1630679645378,1
1630679645459,1
1630679645537,1
1630679645625,1
1630679645750,1
1630679645797,1
1630679645969,1
1630679646063,1
1630679646157,1
1630679646235,1
1630679646422,1
1630679646503,1
1630679646566,1
1630679646675,1
1630679646800,1
1630679646831,1
1630679647003,1
1630679647097,1
1630679647222,1
1630679647300,1
1630679647441,1
1630679647478,1
1630679647560,1
1630679647638,1
1630679647810,1
1630679647888,1
1630679647982,1
1630679648107,1
1630679648185,1
1630679648247,1
1630679648388,1
1630679648528,1
1630679648627,1
1630679648689,1
1630679648830,1
1630679648892,1
1630679649064,1
1630679649095,1
1630679649267,1
1630679649298,1
1630679649408,1
1630679649455,1
1630679649630,1
1630679649740,1
1630679649834,1
1630679649896,1
1630679650021,1
1630679650115,1
1630679650240,1
1630679650318,1
1630679650411,1
1630679650568,1
1630679650599,1
1630679650680,1
1630679650867,1
1630679650930,1
1630679651086,1
1630679651211,1
1630679651320,1
1630679651383,1
1630679651492,1
1630679651539,1
1630679651649,1
1630679651729,1
1630679651870,1
1630679651917,1
1630679652135,1
1630679652151,1
1630679652229,1
1630679652370,1
1630679652435,1
1630679652529,1
1630679652669,1
1630679652825,1
1630679652966,1
1630679652966,1
1630679653028,1
1630679653138,1
1630679653310,1
1630679653403,1
1630679653469,1
1630679653578,1
1630679653656,1
1630679653750,1
1630679653875,1
1630679653969,1
1630679654031,1
1630679654234,1
1630679654266,1
1630679654391,1
1630679654503,1
1630679654612,1
1630679654675,1
1630679654753,1
1630679654909,1
1630679654972,1
1630679655097,1
1630679655190,1
1630679655300,1
1630679655394,1
1630679655472,1
1630679655569,1
1630679655694,1
1630679655787,1
1630679655928,1
1630679655990,1
1630679656100,1
1630679656241,1
1630679656428,1
1630679656428,1
1630679656571,1
1630679656603,1
1630679656697,1
1630679656775,1
1630679656931,1
1630679657150,1
1630679657182,1
1630679657244,1
1630679657306,1
1630679657416,1
1630679657572,1
1630679657766,1
1630679657797,1
1630679657829,1
1630679657905,1
1630679658046,1
1630679658161,1
1630679658248,1
1630679658342,1
1630679658480,1
1630679658515,1
1630679658648,1
1630679658812,1
1630679658873,1
1630679658984,1
1630679659073,1
1630679659134,1
1630679659251,1
1630679659400,1
1630679659470,1
1630679659548,1
1630679659657,1
1630679659796,1
1630679659827,1
1630679660012,1
1630679660059,1
1630679660210,1
1630679660257,1
1630679660352,1
1630679660458,1
1630679660626,1
1630679660689,1
1630679660782,1
1630679660860,1
1630679660954,1
1630679661059,1
1630679661231,1
1630679661345,1
1630679661377,1
1630679661454,1
1630679661564,1
1630679661671,1
1630679661797,1
1630679661941,1
1630679662042,1
1630679662105,1
1630679662209,1
1630679662275,1
1630679662474,1
1630679662505,1
1630679662633,1
1630679662709,1
1630679662803,1
1630679662881,1
1630679663146,1
1630679663193,1
1630679663209,1
1630679663350,1
1630679663412,1
1630679663490,1
1630679663728,1
1630679663774,1
1630679663868,1
1630679663931,1
1630679664056,1
1630679664087,1
1630679664227,1
1630679664337,1
1630679664462,1
1630679664540,1
1630679664713,1
1630679664745,1
1630679664854,1
1630679664949,1
1630679665042,1
1630679665105,1
1630679665324,1
1630679665355,1
1630679665495,1
1630679665620,1
1630679665652,1
1630679665761,1
1630679665855,1
1630679665948,1
1630679666078,1
1630679666188,1
1630679666359,1
1630679666422,1
1630679666453,1
1630679666587,1
1630679666729,1
1630679666747,1
1630679666888,1
1630679667013,1
1630679667124,1
1630679667193,1
1630679667286,1
1630679667396,1
1630679667489,1
1630679667664,1
1630679667726,1
1630679667789,1
1630679667945,1
1630679668055,1
1630679668117,1
1630679668211,1
1630679668289,1
1630679668351,1
1630679668556,1
1630679668572,1
1630679668721,1
1630679668893,1
1630679669018,1
1630679669158,1
1630679669189,1
1630679669252,1
1630679669346,1
1630679669424,1
1630679669568,1
1630679669646,1
1630679669755,1
1630679669818,1
1630679669990,1
1630679670052,1
1630679670177,1
1630679670193,1
1630679670349,1
1630679670489,1
1630679670586,1
1630679670648,1
1630679670789,1
1630679670820,1
1630679670945,1
1630679671086,1
1630679671179,1
1630679671226,1
1630679671351,1
1630679671414,1
1630679671617,1
1630679671648,1
1630679671757,1
1630679671851,1
1630679671976,1
1630679672085,1
1630679672195,1
1630679672289,1
1630679672413,1
1630679672445,1
1630679672523,1
1630679672617,1
1630679672820,1
1630679672882,1
1630679673038,1
1630679673085,1
1630679673150,1
1630679673239,1
1630679673368,1
1630679673481,1
1630679673556,1
1630679673648,1
1630679673744,1
1630679673884,1
1630679673976,1
1630679674083,1
1630679674209,1
1630679674381,1
1630679674398,1
1630679674477,1
1630679674681,1
1630679674776,1
1630679674807,1
1630679674944,1
1630679674990,1
1630679675055,1
1630679675229,1
1630679675307,1
1630679675401,1
1630679675541,1
1630679675602,1
1630679675727,1
1630679675841,1
1630679675997,1
1630679676107,1
1630679676189,1
1630679676217,1
1630679676354,1
1630679676416,1
1630679676528,1
1630679676622,1
1630679676716,1
1630679676825,1
1630679676919,1
1630679677216,1
1630679677232,1
1630679677279,1
1630679677357,1
1630679677419,1
1630679677561,1
1630679677639,1
1630679677764,1
1630679677842,1
1630679677968,1
1630679678010,1
1630679678104,1
1630679678275,1
1630679678369,1
1630679678463,1
1630679678590,1
1630679678637,1
1630679678778,1
1630679678872,1
1630679678965,1
1630679679059,1
1630679679137,1
1630679679247,1
1630679679398,1
1630679679492,1
1630679679588,1
1630679679650,1
1630679679759,1
1630679679884,1
1630679679998,1
1630679680092,1
1630679680232,1
1630679680279,1
1630679680482,1
1630679680591,1
1630679680660,1
1630679680785,1
1630679680832,1
1630679680878,1
1630679681019,1
1630679681128,1
1630679681160,1
1630679681316,1
1630679681425,1
1630679681519,1
1630679681628,1
1630679681695,1
1630679681789,1
1630679681945,1
1630679682123,1
1630679682217,1
1630679682248,1
1630679682326,1
1630679682388,1
1630679682513,1
1630679682703,1
1630679682766,1
1630679682860,1
1630679682957,1
1630679683020,1
1630679683144,1
1630679683254,1
1630679683348,1
1630679683521,1
1630679683553,1
1630679683615,1
1630679683741,1
1630679683900,1
1630679683947,1
1630679684056,1
1630679684119,1
1630679684228,1
1630679684385,1
1630679684447,1
1630679684589,1
1630679684699,1
1630679684777,1
1630679684886,1
1630679684964,1
1630679685261,1
1630679685261,1
1630679685277,1
1630679685386,1
1630679685480,1
1630679685624,1
1630679685718,1
1630679685796,1
1630679685890,1
1630679685952,1
1630679686061,1
1630679686185,1
1630679686310,1
1630679686402,1
1630679686466,1
1630679686623,1
1630679686653,1
1630679686782,1
1630679686919,1
1630679686981,1
1630679687124,1
1630679687218,1
1630679687281,1
1630679687452,1
1630679687558,1
1630679687652,1
1630679687685,1
1630679687794,1
1630679687857,1
1630679688023,1
1630679688132,1
1630679688228,1
1630679688290,1
1630679688431,1
1630679688496,1
1630679688823,1
1630679688838,1
1630679688926,1
1630679688957,1
1630679689020,1
1630679689114,1
1630679689254,1
1630679689348,1
1630679689426,1
1630679689493,1
1630679689665,1
1630679689805,1
1630679689930,1
1630679690027,1
1630679690121,1
1630679690121,1
1630679690215,1
1630679690340,1
1630679690449,1
1630679690547,1
1630679690655,1
1630679690748,1
1630679690858,1
1630679690920,1
1630679691061,1
1630679691170,1
1630679691248,1
1630679691342,1
1630679691451,1
1630679691547,1
1630679691641,1
1630679691750,1
1630679691844,1
1630679691953,1
1630679692047,1
1630679692125,1
1630679692282,1
1630679692379,1
1630679692456,1
1630679692552,1
1630679692693,1
1630679692788,1
1630679692916,1
1630679693021,1
1630679693102,1
1630679693268,1
1630679693300,1
1630679693365,1
1630679693564,1
1630679693593,1
1630679693655,1
1630679693796,1
1630679693859,1
1630679693984,1
1630679694109,1
1630679694218,1
1630679694358,1
1630679694421,1
1630679694483,1
1630679694659,1
1630679694784,1
1630679694800,1
1630679694925,1
1630679694987,1
1630679695081,1
1630679695269,1
1630679695331,1
1630679695440,1
1630679695503,1
1630679695581,1
1630679695678,1
1630679695788,1
1630679696069,1
1630679696131,1
1630679696303,1
1630679696381,1
1630679696412,1
1630679696444,1
1630679696635,1
1630679696650,1
1630679696806,1
1630679696838,1
1630679696972,1
1630679697004,1
1630679697191,1
1630679697238,1
1630679697441,1
1630679697457,1
1630679697566,1
1630679697644,1
1630679697801,1
1630679697926,1
1630679697972,1
1630679698097,1
1630679698159,1
1630679698226,1
1630679698416,1
1630679698478,1
1630679698619,1
1630679698666,1
1630679698746,1
1630679698918,1
1630679698980,1
1630679699152,1
1630679699230,1
1630679699261,1
1630679699386,1
1630679699449,1
1630679699589,1
1630679699730,1
1630679699761,1
1630679699886,1
1630679699995,1
1630679700073,1
1630679700308,1
1630679700339,1
1630679700370,1
1630679700565,1
1630679700566,1
1630679700674,1
1630679700783,1
1630679700876,1
1630679700970,1
1630679701136,1
1630679701197,1
1630679701296,1
1630679701422,1
1630679701508,1
1630679701635,1
1630679701698,1
1630679701791,1
1630679701885,1
1630679702088,1
1630679702182,1
1630679702244,1
1630679702328,1
1630679702406,1
1630679702515,1
1630679702722,1
1630679702800,1
1630679702894,1
1630679702941,1
1630679703035,1
1630679703097,1
1630679703362,1
1630679703409,1
1630679703425,1
1630679703534,1
1630679703648,1
1630679703695,1
1630679703898,1
1630679703976,1
1630679704070,1
1630679704179,1
1630679704242,1
1630679704351,1
1630679704461,1
1630679704570,1
1630679704679,1
1630679704773,1
1630679704911,1
1630679704974,1
1630679705208,1
1630679705254,1
1630679705317,1
1630679705395,1
1630679705489,1
1630679705582,1
1630679705725,1
1630679705788,1
1630679705892,1
1630679706001,1
1630679706064,1
1630679706158,1
1630679706312,1
1630679706437,1
1630679706470,1
1630679706565,1
1630679706675,1
1630679706815,1
1630679706940,1
1630679707003,1
1630679707206,1
1630679707237,1
1630679707268,1
1630679707424,1
1630679707519,1
1630679707613,1
1630679707722,1
1630679707832,1
1630679707957,1
1630679707988,1
1630679708222,1
1630679708285,1
1630679708316,1
1630679708425,1
1630679708519,1
1630679708660,1
1630679708832,1
1630679708847,1
1630679708973,1
1630679709008,1
1630679709180,1
1630679709211,1
1630679709336,1
1630679709461,1
1630679709540,1
1630679709667,1
1630679709729,1
1630679709885,1
1630679709964,1
1630679710057,1
1630679710229,1
1630679710260,1
1630679710354,1
1630679710432,1
1630679710588,1
1630679710747,1
1630679710778,1
1630679710903,1
1630679711012,1
1630679711012,1
1630679711247,1
1630679711309,1
1630679711372,1
1630679711436,1
1630679711592,1
1630679711686,1
1630679711795,1
1630679711858,1
1630679711967,1
1630679712045,1
1630679712154,1
1630679712264,1
1630679712404,1
1630679712532,1
1630679712579,1
1630679712704,1
1630679712782,1
1630679712860,1
1630679713047,1
1630679713079,1
1630679713204,1
1630679713297,1
1630679713360,1
1630679713500,1
1630679713641,1
1630679713719,1
1630679713782,1
1630679713875,1
1630679713969,1
1630679714110,1
1630679714235,1
1630679714297,1
1630679714469,1
1630679714503,1
1630679714581,1
1630679714706,1
1630679714910,1
1630679715035,1
1630679715066,1
1630679715144,1
1630679715206,1
1630679715300,1
1630679715441,1
1630679715566,1
1630679715644,1
1630679715769,1
1630679715800,1
1630679715909,1
1630679716081,1
1630679716175,1
1630679716237,1
1630679716331,1
1630679716409,1
1630679716534,1
1630679716643,1
1630679716784,1
1630679716862,1
1630679716925,1
1630679717018,1
1630679717175,1
1630679717253,1
1630679717362,1
1630679717456,1
1630679717549,1
1630679717676,1
1630679717801,1
1630679717879,1
1630679717973,1
1630679718113,1
1630679718145,1
1630679718238,1
1630679718348,1
1630679718504,1
1630679718616,1
1630679718694,1
1630679718772,1
1630679718881,1
1630679718928,1
1630679719115,1
1630679719178,1
1630679719272,1
1630679719397,1
1630679719475,1
1630679719647,1
1630679719709,1
1630679719834,1
1630679719865,1
1630679719975,1
1630679720115,1
1630679720209,1
1630679720350,1
1630679720443,1
1630679720521,1
1630679720631,1
1630679720758,1
1630679720821,1
1630679720919,1
1630679721061,1
1630679721077,1
1630679721232,1
1630679721329,1
1630679721452,1
1630679721608,1
1630679721655,1
1630679721709,1
1630679721819,1
1630679721922,1
1630679722015,1
1630679722140,1
1630679722218,1
1630679722359,1
1630679722468,1
1630679722500,1
1630679722624,1
1630679722756,1
1630679722897,1
1630679722959,1
1630679723084,1
1630679723162,1
1630679723225,1
1630679723397,1
1630679723463,1
1630679723525,1
1630679723683,1
1630679723761,1
1630679723855,1
1630679723980,1
1630679724089,1
1630679724167,1
1630679724292,1
1630679724386,1
1630679724417,1
1630679724576,1
1630679724701,1
1630679724811,1
1630679724951,1
1630679724966,1
1630679725107,1
1630679725216,1
1630679725339,1
1630679725370,1
1630679725483,1
1630679725545,1
1630679725748,1
1630679725795,1
1630679725920,1
1630679725951,1
1630679726092,1
1630679726228,1
1630679726259,1
1630679726430,1
1630679726555,1
1630679726664,1
1630679726680,1
1630679726756,1
1630679726854,1
1630679727019,1
1630679727087,1
1630679727175,1
1630679727288,1
1630679727421,1
1630679727515,1
1630679727626,1
1630679727751,1
1630679727783,1
1630679727876,1
1630679728001,1
1630679728126,1
1630679728220,1
1630679728361,1
1630679728423,1
1630679728517,1
1630679728626,1
1630679728704,1
1630679728892,1
1630679728923,1
1630679729048,1
1630679729126,1
1630679729235,1
1630679729329,1
1630679729438,1
1630679729620,1
1630679729636,1
1630679729745,1
1630679729839,1
1630679729901,1
1630679730073,1
1630679730183,1
1630679730229,1
1630679730339,1
1630679730433,1
1630679730495,1
1630679730690,1
1630679730789,1
1630679730883,1
1630679730961,1
1630679731055,1
1630679731149,1
1630679731321,1
1630679731399,1
1630679731524,1
1630679731617,1
1630679731652,1
1630679731762,1
1630679731902,1
1630679731996,1
1630679732126,1
1630679732158,1
1630679732314,1
1630679732345,1
1630679732501,1
1630679732660,1
1630679732677,1
1630679732755,1
1630679732895,1
1630679732989,1
1630679733130,1
1630679733192,1
1630679733286,1
1630679733380,1
1630679733489,1
1630679733552,1
1630679733723,1
1630679733817,1
1630679733911,1
1630679734005,1
1630679734145,1
1630679734176,1
1630679734348,1
1630679734458,1
1630679734567,1
1630679734598,1
1630679734723,1
1630679734801,1
1630679734989,1
1630679735020,1
1630679735114,1
1630679735254,1
1630679735301,1
1630679735395,1
1630679735570,1
1630679735695,1
1630679735726,1
1630679735851,1
1630679735929,1
1630679736023,1
1630679736179,1
1630679736242,1
1630679736382,1
1630679736429,1
1630679736585,1
1630679736648,1
1630679736851,1
1630679736867,1
1630679736992,1
1630679737070,1
1630679737148,1
1630679737242,1
1630679737382,1
1630679737460,1
1630679737569,1
1630679737712,1
1630679737759,1
1630679737883,1
1630679738040,1
1630679738117,1
1630679738196,1
1630679738267,1
1630679738397,1
1630679738460,1
1630679738584,1
1630679738690,1
1630679738828,1
1630679738859,1
1630679739015,1
1630679739077,1
1630679739218,1
1630679739293,1
1630679739402,1
1630679739498,1
1630679739592,1
1630679739686,1
1630679739826,1
1630679739889,1
1630679739998,1
1630679740124,1
1630679740186,1
1630679740295,1
1630679740470,1
1630679740501,1
1630679740642,1
1630679740751,1
1630679740813,1
1630679740907,1
1630679741048,1
1630679741141,1
1630679741251,1
1630679741344,1
1630679741438,1
1630679741519,1
1630679741644,1
1630679741801,1
1630679741847,1
1630679741972,1
1630679742004,1
1630679742129,1
1630679742269,1
1630679742393,1
1630679742456,1
1630679742518,1
1630679742693,1
1630679742724,1
1630679742912,1
1630679742943,1
1630679743068,1
1630679743209,1
1630679743240,1
1630679743334,1
1630679743505,1
1630679743599,1
1630679743676,1
1630679743840,1
1630679743871,1
1630679743934,1
1630679744074,1
1630679744168,1
1630679744340,1
1630679744402,1
1630679744433,1
1630679744607,1
1630679744701,1
1630679744763,1
1630679744888,1
1630679744951,1
1630679745122,1
1630679745169,1
1630679745419,1
1630679745451,1
1630679745544,1
1630679745575,1
1630679745687,1
1630679745796,1
1630679745953,1
1630679746046,1
1630679746078,1
1630679746203,1
1630679746328,1
1630679746359,1
1630679746491,1
1630679746631,1
1630679746697,1
1630679746822,1
1630679746906,1
1630679747015,1
1630679747138,1
1630679747261,1
1630679747357,1
1630679747452,1
1630679747512,1
1630679747607,1
1630679747749,1
1630679747840,1
1630679747941,1
1630679748003,1
1630679748112,1
1630679748253,1
1630679748347,1
1630679748489,1
1630679748520,1
1630679748661,1
1630679748712,1
1630679748852,1
1630679748977,1
1630679749055,1
1630679749165,1
1630679749290,1
1630679749383,1
1630679749415,1
1630679749587,1
1630679749665,1
1630679749758,1
1630679749868,1
1630679749993,1
1630679750039,1
1630679750164,1
1630679750258,1
1630679750461,1
1630679750493,1
1630679750558,1
1630679750668,1
1630679750793,1
1630679750886,1
1630679750964,1
1630679751105,1
1630679751167,1
1630679751277,1
1630679751394,1
1630679751550,1
1630679751596,1
1630679751678,1
1630679751818,1
1630679751927,1
1630679752021,1
1630679752146,1
1630679752177,1
1630679752360,1
1630679752391,1
1630679752485,1
1630679752625,1
1630679752711,1
1630679752821,1
1630679752914,1
1630679753024,1
1630679753133,1
1630679753315,1
1630679753331,1
1630679753440,1
1630679753519,1
1630679753613,1
1630679753690,1
1630679753849,1
1630679753910,1
1630679754049,1
1630679754147,1
1630679754206,1
1630679754315,1
1630679754437,1
1630679754547,1
1630679754671,1
1630679754703,1
1630679754860,1
1630679754938,1
1630679755095,1
1630679755157,1
1630679755277,1
1630679755324,1
1630679755464,1
1630679755560,1
1630679755716,1
1630679755779,1
1630679755904,1
1630679756044,1
1630679756076,1
1630679756122,1
1630679756294,1
1630679756388,1
1630679756482,1
1630679756579,1
1630679756641,1
1630679756813,1
1630679756922,1
1630679756969,1
1630679757110,1
1630679757172,1
1630679757344,1
1630679757391,1
1630679757548,1
1630679757690,1
1630679757721,1
1630679757784,1
1630679757877,1
1630679757977,1
1630679758117,1
1630679758211,1
1630679758274,1
1630679758399,1
1630679758477,1
1630679758570,1
1630679758780,1
1630679758811,1
1630679758874,1
1630679759038,1
1630679759116,1
1630679759179,1
1630679759448,1
1630679759622,1
1630679759654,1
1630679759732,1
1630679759763,1
1630679759825,1
1630679759935,1
1630679760028,1
1630679760122,1
1630679760200,1
1630679760372,1
1630679760450,1
1630679760653,1
1630679760688,1
1630679760750,1
1630679760813,1
1630679760906,1
1630679761016,1
1630679761141,1
1630679761281,1
1630679761344,1
1630679761437,1
1630679761518,1
1630679761643,1
1630679761807,1
1630679761964,1
1630679762073,1
1630679762089,1
1630679762167,1
1630679762292,1
1630679762386,1
1630679762448,1
1630679762560,1
1630679762638,1
1630679762763,1
1630679762888,1
1630679762997,1
1630679763060,1
1630679763169,1
1630679763263,1
1630679763326,1
1630679763435,1
1630679763564,1
1630679763688,1
1630679763798,1
1630679763876,1
1630679764032,1
1630679764095,1
1630679764220,1
1630679764251,1
1630679764423,1
1630679764485,1
1630679764598,1
1630679764660,1
1630679764832,1
1630679764895,1
1630679765004,1
1630679765098,1
1630679765176,1
1630679765332,1
1630679765379,1
1630679765504,1
1630679765614,1
1630679765678,1
1630679765787,1
1630679765881,1
1630679766006,1
1630679766115,1
1630679766209,1
1630679766301,1
1630679766395,1
1630679766530,1
1630679766639,1
1630679766718,1
1630679766889,1
1630679766920,1
1630679767078,1
1630679767109,1
1630679767264,1
1630679767329,1
1630679767423,1
1630679767517,1
1630679767595,1
1630679767720,1
1630679767908,1
1630679768001,1
1630679768064,1
1630679768158,1
1630679768205,1
1630679768308,1
1630679768481,1
1630679768648,1
1630679768774,1
1630679768837,1
1630679768837,1
1630679768931,1
1630679769102,1
1630679769181,1
1630679769276,1
1630679769370,1
1630679769432,1
1630679769515,1
1630679769702,1
1630679769765,1
1630679769905,1
1630679769968,1
1630679770077,1
1630679770202,1
1630679770280,1
1630679770374,1
1630679770530,1
1630679770580,1
1630679770705,1
1630679770767,1
1630679770940,1
1630679771038,1
1630679771116,1
1630679771273,1
1630679771304,1
1630679771445,1
1630679771570,1
1630679771665,1
1630679771727,1
1630679771806,1
1630679771868,1
1630679771978,1
1630679772149,1
1630679772212,1
1630679772311,1
1630679772405,1
1630679772545,1
1630679772642,1
1630679772704,1
1630679772908,1
1630679772939,1
1630679773084,1
1630679773100,1
1630679773240,1
1630679773350,1
1630679773475,1
1630679773490,1
1630679773600,1
1630679773774,1
1630679773805,1
1630679774008,1
1630679774102,1
1630679774165,1
1630679774274,1
1630679774352,1
1630679774399,1
1630679774683,1
1630679774699,1
1630679774839,1
1630679774839,1
1630679774933,1
1630679775043,1
1630679775231,1
1630679775371,1
1630679775468,1
1630679775515,1
1630679775546,1
1630679775640,1
1630679775733,1
1630679775905,1
1630679775952,1
1630679776077,1
1630679776140,1
1630679776265,1
1630679776452,1
1630679776561,1
1630679776608,1
1630679776671,1
1630679776780,1
1630679776874,1
1630679777046,1
1630679777139,1
1630679777171,1
1630679777264,1
1630679777374,1
1630679777467,1
1630679777671,1
1630679777702,1
1630679777811,1
1630679777920,1
1630679777999,1
1630679778077,1
1630679778248,1
1630679778311,1
1630679778483,1
1630679778514,1
1630679778563,1
1630679778704,1
1630679778813,1
1630679778907,1
1630679779064,1
1630679779141,1
1630679779172,1
1630679779338,1
1630679779432,1
1630679779510,1
1630679779635,1
1630679779697,1
1630679779901,1
1630679779978,1
1630679780072,1
1630679780135,1
1630679780213,1
1630679780307,1
1630679780510,1
1630679780541,1
1630679780669,1
1630679780763,1
1630679780857,1
1630679780950,1
1630679781029,1
1630679781154,1
1630679781294,1
1630679781357,1
1630679781497,1
1630679781593,1
1630679781624,1
1630679781796,1
1630679781889,1
1630679781952,1
1630679782124,1
1630679782155,1
1630679782296,1
1630679782358,1
1630679782452,1
1630679782593,1
1630679782735,1
1630679782781,1
1630679782813,1
1630679782954,1
1630679783094,1
1630679783219,1
1630679783297,1
1630679783391,1
1630679783457,1
1630679783551,1
1630679783786,1
1630679783848,1
1630679783958,1
1630679784036,1
1630679784083,1
1630679784161,1
1630679784333,1
1630679784395,1
1630679784504,1
1630679784598,1
1630679784661,1
1630679784895,1
1630679784989,1
1630679785051,1
1630679785129,1
1630679785223,1
1630679785332,1
1630679785395,1
1630679785535,1
1630679785629,1
1630679785692,1
1630679785785,1
1630679785926,1
1630679785989,1
1630679786161,1
1630679786270,1
1630679786317,1
1630679786426,1
1630679786520,1
1630679786663,1
1630679786804,1
1630679786882,1
1630679786913,1
1630679787148,1
1630679787148,1
1630679787210,1
1630679787429,1
1630679787476,1
1630679787569,1
1630679787635,1
1630679787745,1
1630679787854,1
1630679787979,1
1630679788089,1
1630679788213,1
1630679788276,1
1630679788385,1
1630679788479,1
1630679788573,1
1630679788686,1
1630679788779,1
1630679788842,1
1630679788951,1
1630679789014,1
1630679789170,1
1630679789311,1
1630679789342,1
1630679789576,1
1630679789704,1
1630679789720,1
1630679789939,1
1630679789954,1
1630679789970,1
1630679790048,1
1630679790204,1
1630679790236,1
1630679790439,1
1630679790519,1
1630679790613,1
1630679790676,1
1630679790785,1
1630679790910,1
1630679791066,1
1630679791097,1
1630679791176,1
1630679791301,1
1630679791441,1
1630679791535,1
1630679791616,1
1630679791709,1
1630679791850,1
1630679791881,1
1630679791990,1
1630679792115,1
1630679792287,1
1630679792350,1
1630679792412,1
1630679792522,1
1630679792711,1
1630679792727,1
1630679792899,1
1630679793040,1
1630679793071,1
1630679793195,1
1630679793242,1
1630679793320,1
1630679793623,1
1630679793627,1
1630679793651,1
1630679793792,1
1630679793823,1
1630679793963,1
1630679794089,1
1630679794120,1
1630679794276,1
1630679794323,1
1630679794401,1
1630679794510,1
1630679794701,1
1630679794794,1
1630679794873,1
1630679794998,1
1630679795029,1
1630679795170,1
1630679795326,1
1630679795373,1
1630679795514,1
1630679795529,1
1630679795670,1
1630679795732,1
1630679795998,1
1630679796045,1
1630679796060,1
1630679796217,1
1630679796248,1
1630679796357,1
1630679796484,1
1630679796609,1
1630679796687,1
1630679796781,1
1630679796859,1
1630679796999,1
1630679797109,1
1630679797187,1
1630679797296,1
1630679797421,1
1630679797452,1
1630679797577,1
1630679797718,1
1630679797812,1
1630679797890,1
1630679797968,1
1630679798109,1
1630679798249,1
1630679798343,1
1630679798437,1
1630679798546,1
1630679798690,1
1630679798752,1
1630679798784,1
1630679798924,1
1630679799018,1
1630679799112,1
1630679799221,1
1630679799346,1
1630679799408,1
1630679799565,1
1630679799647,1
1630679799741,1
1630679799913,1
1630679799928,1
1630679800038,1
1630679800131,1
1630679800272,1
1630679800366,1
1630679800444,1
1630679800584,1
1630679800647,1
1630679800740,1
1630679800912,1
1630679801006,1
1630679801037,1
1630679801178,1
1630679801225,1
1630679801553,1
1630679801584,1
1630679801631,1
1630679801662,1
1630679801818,1
1630679801850,1
1630679802021,1
1630679802084,1
1630679802178,1
1630679802272,1
1630679802334,1
1630679802474,1
1630679802615,1
1630679802693,1
1630679802787,1
1630679802881,1
1630679803052,1
1630679803224,1
1630679803256,1
1630679803287,1
1630679803396,1
1630679803530,1
1630679803586,1
1630679803664,1
1630679803820,1
1630679803945,1
1630679803992,1
1630679804070,1
1630679804242,1
1630679804305,1
1630679804414,1
1630679804573,1
1630679804636,1
1630679804714,1
1630679804870,1
1630679804901,1
1630679805027,1
1630679805105,1
1630679805198,1
1630679805339,1
1630679805386,1
1630679805479,1
1630679805667,1
1630679805745,1
1630679805823,1
1630679805963,1
1630679805995,1
1630679806135,1
1630679806276,1
1630679806385,1
1630679806495,1
1630679806591,1
1630679806622,1
1630679806763,1
1630679806872,1
1630679806982,1
1630679807075,1
1630679807122,1
1630679807278,1
1630679807341,1
1630679807497,1
1630679807638,1
1630679807653,1
1630679807731,1
1630679807857,1
1630679807950,1
1630679808138,1
1630679808216,1
1630679808294,1
1630679808356,1
1630679808466,1
1630679808591,1
1630679808687,1
1630679808828,1
1630679808921,1
1630679808984,1
1630679809062,1
1630679809156,1
1630679809312,1
1630679809390,1
1630679809486,1
1630679809627,1
1630679809674,1
1630679809768,1
1630679809939,1
1630679810033,1
1630679810096,1
1630679810205,1
1630679810267,1
1630679810408,1
1630679810537,1
1630679810662,1
1630679810709,1
1630679810803,1
1630679810881,1
1630679811006,1
1630679811146,1
1630679811209,1
1630679811349,1
1630679811412,1
1630679811538,1
1630679811599,1
1630679811754,1
1630679811866,1
1630679811952,1
1630679812019,1
1630679812151,1
1630679812183,1
1630679812347,1
1630679812442,1
1630679812640,1
1630679812711,1
1630679812743,1
1630679812774,1
1630679812941,1
1630679813074,1
1630679813125,1
1630679813250,1
1630679813360,1
1630679813407,1
1630679813625,1
1630679813719,1
1630679813781,1
1630679813865,1
1630679813922,1
1630679814031,1
1630679814185,1
1630679814279,1
1630679814420,1
1630679814451,1
1630679814560,1
1630679814654,1
1630679814795,1
1630679814920,1
1630679814998,1
1630679815092,1
1630679815201,1
1630679815263,1
1630679815459,1
1630679815490,1
1630679815584,1
1630679815693,1
1630679815756,1
1630679815865,1
1630679816009,1
1630679816087,1
1630679816228,1
1630679816260,1
1630679816385,1
1630679816572,1
1630679816603,1
1630679816775,1
1630679816806,1
1630679816900,1
1630679816978,1
1630679817072,1
1630679817229,1
1630679817307,1
1630679817412,1
1630679817509,1
1630679817603,1
1630679817665,1
1630679817899,1
1630679817946,1
1630679818056,1
1630679818134,1
1630679818196,1
1630679818321,1
1630679818430,1
1630679818571,1
1630679818665,1
1630679818790,1
1630679818821,1
1630679818884,1
1630679819102,1
1630679819165,1
1630679819305,1
1630679819383,1
1630679819477,1
1630679819540,1
1630679819665,1
1630679819774,1
1630679819836,1
1630679819946,1
1630679820086,1
1630679820180,1
1630679820342,1
1630679820373,1
1630679820435,1
1630679820560,1
1630679820685,1
1630679820779,1
1630679820904,1
1630679820998,1
1630679821045,1
1630679821217,1
1630679821248,1
1630679821357,1
1630679821498,1
1630679821607,1
1630679821736,1
1630679821767,1
1630679821861,1
1630679821954,1
1630679822079,1
1630679822205,1
1630679822252,1
1630679822360,1
1630679822535,1
1630679822644,1
1630679822800,1
1630679822894,1
1630679822926,1
1630679823019,1
1630679823113,1
1630679823191,1
1630679823332,1
1630679823507,1
1630679823554,1
1630679823601,1
1630679823710,1
1630679823773,1
1630679823929,1
1630679824007,1
1630679824116,1
1630679824210,1
1630679824304,1
1630679824382,1
1630679824541,1
1630679824634,1
1630679824775,1
1630679824822,1
1630679824916,1
1630679825025,1
1630679825181,1
1630679825290,1
1630679825353,1
1630679825415,1
1630679825528,1
1630679825590,1
1630679825746,1
1630679825856,1
1630679825960,1
1630679826022,1
1630679826116,1
1630679826226,1
1630679826429,1
1630679826523,1
1630679826571,1
1630679826681,1
1630679826806,1
1630679826852,1
1630679827056,1
1630679827118,1
1630679827227,1
1630679827259,1
1630679827368,1
1630679827431,1
1630679827637,1
1630679827684,1
1630679827794,1
1630679827919,1
1630679827997,1
1630679828090,1
1630679828184,1
1630679828262,1
1630679828419,1
1630679828497,1
1630679828590,1
1630679828657,1
1630679828813,1
1630679828907,1
1630679829000,1
1630679829078,1
1630679829188,1
1630679829281,1
1630679829438,1
1630679829531,1
1630679829609,1
1630679829708,1
1630679829802,1
1630679829911,1
1630679830005,1
1630679830114,1
1630679830208,1
1630679830317,1
1630679830380,1
1630679830474,1
1630679830645,1
1630679830708,1
1630679830803,1
1630679831007,1
1630679831007,1
1630679831100,1
1630679831256,1
1630679831366,1
1630679831428,1
1630679831584,1
1630679831600,1
1630679831725,1
1630679831834,1
1630679831959,1
1630679832068,1
1630679832162,1
1630679832256,1
1630679832303,1
1630679832459,1
1630679832559,1
1630679832622,1
1630679832762,1
1630679832840,1
1630679832950,1
1630679833075,1
1630679833184,1
1630679833246,1
1630679833418,1
1630679833434,1
1630679833512,1
1630679833656,1
1630679833796,1
1630679833890,1
1630679833952,1
1630679834046,1
1630679834140,1
1630679834327,1
1630679834359,1
1630679834468,1
1630679834593,1
1630679834765,1
1630679834780,1
1630679834952,1
1630679834999,1
1630679835093,1
1630679835202,1
1630679835327,1
1630679835392,1
1630679835486,1
1630679835704,1
1630679835766,1
1630679835860,1
1630679835935,1
1630679835950,1
1630679836137,1
1630679836202,1
1630679836314,1
1630679836458,1
1630679836499,1
1630679836610,1
1630679836736,1
1630679836836,1
1630679836941,1
1630679837004,1
1630679837097,1
1630679837205,1
1630679837375,1
1630679837454,1
1630679837558,1
1630679837620,1
1630679837729,1
1630679837841,1
1630679837982,1
1630679838170,1
1630679838201,1
1630679838388,1
1630679838402,1
1630679838564,1
1630679838661,1
1630679838723,1
1630679838723,1
1630679838817,1
1630679838958,1
1630679839061,1
1630679839233,1
1630679839295,1
1630679839451,1
1630679839467,1
1630679839563,1
1630679839626,1
1630679839846,1
1630679839909,1
1630679839939,1
1630679840080,1
1630679840143,1
1630679840314,1
1630679840425,1
1630679840456,1
1630679840630,1
1630679840661,1
1630679840864,1
1630679840896,1
1630679841036,1
1630679841083,1
1630679841239,1
1630679841333,1
1630679841364,1
1630679841427,1
1630679841696,1
1630679841852,1
1630679842028,1
1630679842121,1
1630679842121,1
1630679842153,1
1630679842184,1
1630679842309,1
1630679842403,1
1630679842496,1
1630679842590,1
1630679842671,1
1630679842827,1
1630679842921,1
1630679842999,1
1630679843124,1
1630679843187,1
1630679843296,1
1630679843468,1
1630679843499,1
1630679843641,1
1630679843672,1
1630679843829,1
1630679843891,1
1630679844047,1
1630679844157,1
1630679844250,1
1630679844313,1
1630679844406,1
1630679844554,1
1630679844650,1
1630679844744,1
1630679844854,1
1630679844947,1
1630679845010,1
1630679845103,1
1630679845244,1
1630679845338,1
1630679845449,1
1630679845574,1
1630679845668,1
1630679845731,1
1630679845856,1
1630679845996,1
1630679846027,1
1630679846137,1
1630679846277,1
1630679846355,1
1630679846483,1
1630679846545,1
1630679846670,1
1630679846748,1
1630679846889,1
1630679846904,1
1630679847076,1
1630679847186,1
1630679847279,1
1630679847342,1
1630679847451,1
1630679847547,1
1630679847672,1
1630679847828,1
1630679847938,1
1630679848032,1
1630679848094,1
1630679848141,1
1630679848344,1
1630679848375,1
1630679848484,1
1630679848705,1
1630679848705,1
1630679848784,1
1630679848908,1
1630679849002,1
1630679849152,1
1630679849183,1
1630679849355,1
1630679849386,1
1630679849513,1
1630679849608,1
1630679849764,1
1630679849796,1
1630679849889,1
1630679850030,1
1630679850139,1
1630679850233,1
1630679850358,1
1630679850405,1
1630679850561,1
1630679850579,1
1630679850720,1
1630679850813,1
1630679850923,1
1630679851001,1
1630679851126,1
1630679851251,1
1630679851376,1
1630679851422,1
1630679851516,1
1630679851658,1
1630679851705,1
1630679851846,1
1630679851955,1
1630679852049,1
1630679852158,1
1630679852221,1
1630679852346,1
1630679852439,1
1630679852549,1
1630679852627,1
1630679852767,1
1630679852830,1
1630679852924,1
1630679853033,1
1630679853189,1
1630679853299,1
1630679853361,1
1630679853439,1
1630679853520,1
1630679853629,1
1630679853754,1
1630679853926,1
1630679854004,1
1630679854067,1
1630679854129,1
1630679854238,1
1630679854457,1
1630679854566,1
1630679854598,1
1630679854660,1
1630679854832,1
1630679854863,1
1630679854988,1
1630679855144,1
1630679855191,1
1630679855301,1
1630679855363,1
1630679855441,1
1630679855629,1
1630679855691,1
1630679855816,1
1630679855910,1
1630679856050,1
1630679856082,1
1630679856238,1
1630679856332,1
1630679856410,1
1630679856503,1
1630679856597,1
1630679856725,1
1630679856834,1
1630679856990,1
1630679857069,1
1630679857084,1
1630679857209,1
1630679857303,1
1630679857428,1
1630679857553,1
1630679857600,1
1630679857727,1
1630679857930,1
1630679858164,1
1630679858227,1
1630679858274,1
1630679858305,1
1630679858336,1
1630679858524,1
1630679858602,1
1630679858664,1
1630679858758,1
1630679858899,1
1630679859024,1
1630679859211,1
1630679859289,1
1630679859399,1
1630679859666,1
1630679859807,1
1630679859901,1
1630679859963,1
1630679860057,1
1630679860151,1
1630679860182,1
1630679860213,1
1630679860307,1
1630679860354,1
1630679860385,1
1630679860510,1
1630679860607,1
1630679860685,1
1630679860763,1
1630679860857,1
1630679860966,1
1630679861107,1
1630679861200,1
1630679861294,1
1630679861388,1
1630679861450,1
1630679861560,1
1630679861731,1
1630679861810,1
1630679861903,1
1630679862028,1
1630679862106,1
1630679862184,1
1630679862356,1
1630679862419,1
1630679862638,1
1630679862669,1
1630679862716,1
1630679862809,1
1630679862934,1
1630679863138,1
1630679863153,1
1630679863216,1
1630679863372,1
1630679863387,1
1630679863640,1
1630679863790,1
1630679863837,1
1630679864008,1
1630679864086,1
1630679864238,1
1630679864301,1
1630679864332,1
1630679864488,1
1630679864520,1
1630679864582,1
1630679864660,1
1630679864788,1
1630679864866,1
1630679865007,1
1630679865101,1
1630679865226,1
1630679865386,1
1630679865425,1
1630679865597,1
1630679865603,1
1630679865708,1
1630679865740,1
1630679865906,1
1630679865969,1
1630679866048,1
1630679866139,1
1630679866276,1
1630679866345,1
1630679866408,1
1630679866592,1
1630679866670,1
1630679866825,1
1630679866876,1
1630679867019,1
1630679867049,1
1630679867221,1
1630679867282,1
1630679867404,1
1630679867576,1
1630679867576,1
1630679867744,1
1630679867822,1
1630679867869,1
1630679867993,1
1630679868118,1
1630679868227,1
1630679868352,1
1630679868461,1
1630679868507,1
1630679868636,1
1630679868683,1
1630679868776,1
1630679868948,1
1630679869073,1
1630679869243,1
1630679869243,1
1630679869289,1
1630679869383,1
1630679869477,1
1630679869622,1
1630679869761,1
1630679869855,1
1630679869949,1
1630679870058,1
1630679870152,1
1630679870309,1
1630679870372,1
1630679870419,1
1630679870577,1
1630679870624,1
1630679870760,1
1630679870916,1
1630679870963,1
1630679871088,1
1630679871150,1
1630679871228,1
1630679871388,1
1630679871450,1
1630679871544,1
1630679871685,1
1630679871747,1
1630679871861,1
1630679871923,1
1630679872095,1
1630679872158,1
1630679872238,1
1630679872402,1
1630679872449,1
1630679872544,1
1630679872642,1
1630679872783,1
1630679872845,1
1630679872955,1
1630679873111,1
1630679873142,1
1630679873378,1
1630679873394,1
1630679873519,1
1630679873534,1
1630679873691,1
1630679873754,1
1630679873861,1
1630679874100,1
1630679874110,1
1630679874216,1
1630679874279,1
1630679874374,1
1630679874484,1
1630679874626,1
1630679874756,1
1630679874762,1
1630679874855,1
1630679874997,1
1630679875091,1
1630679875218,1
1630679875275,1
1630679875447,1
1630679875477,1
1630679875603,1
1630679875748,1
1630679875840,1
1630679875914,1
1630679876008,1
1630679876148,1
1630679876182,1
1630679876322,1
1630679876431,1
1630679876527,1
1630679876671,1
1630679876731,1
1630679876792,1
1630679876967,1
1630679877061,1
1630679877110,1
1630679877274,1
1630679877312,1
1630679877405,1
1630679877548,1
1630679877642,1
1630679877784,1
1630679877815,1
1630679877927,1
1630679878018,1
1630679878182,1
1630679878258,1
1630679878334,1
1630679878441,1
1630679878537,1
1630679878646,1
1630679878772,1
1630679878885,1
1630679878948,1
1630679879039,1
1630679879149,1
1630679879213,1
1630679879353,1
1630679879496,1
1630679879560,1
1630679879657,1
1630679879749,1
1630679879843,1
1630679880033,1
1630679880064,1
1630679880172,1
1630679880264,1
1630679880388,1
1630679880438,1
1630679880566,1
1630679880660,1
1630679880784,1
1630679880833,1
1630679881073,1
1630679881105,1
1630679881216,1
1630679881313,1
1630679881406,1
1630679881506,1
1630679881580,1
1630679881646,1
1630679881821,1
1630679881886,1
1630679881982,1
1630679882142,1
1630679882188,1
1630679882316,1
1630679882441,1
1630679882473,1
1630679882602,1
1630679882678,1
1630679882806,1
1630679882917,1
1630679883012,1
1630679883121,1
1630679883217,1
1630679883313,1
1630679883405,1
1630679883486,1
1630679883676,1
1630679883738,1
1630679883865,1
1630679883929,1
1630679884055,1
1630679884153,1
1630679884389,1
1630679884405,1
1630679884437,1
1630679884596,1
1630679884688,1
1630679884734,1
1630679884874,1
1630679884954,1
1630679885097,1
1630679885129,1
1630679885274,1
1630679885289,1
1630679885497,1
1630679885662,1
1630679885662,1
1630679885789,1
1630679885852,1
1630679885993,1
1630679886086,1
1630679886322,1
1630679886336,1
1630679886413,1
1630679886493,1
1630679886525,1
1630679886696,1
1630679886760,1
1630679886851,1
1630679887025,1
1630679887104,1
1630679887204,1
1630679887297,1
1630679887345,1
1630679887536,1
1630679887629,1
1630679887726,1
1630679887869,1
1630679887963,1
1630679888067,1
1630679888074,1
1630679888160,1
1630679888305,1
1630679888467,1
1630679888565,1
1630679888630,1
1630679888726,1
1630679888837,1
1630679889073,1
1630679889215,1
1630679889394,1
1630679889409,1
1630679889504,1
1630679889565,1
1630679889580,1
1630679889649,1
1630679889745,1
1630679889964,1
1630679890077,1
1630679890109,1
1630679896172,0
1630679896280,0
1630679896360,0
1630679896440,0
1630679896552,0
1630679896692,0
1630679896766,0
1630679896886,0
1630679896997,0
1630679897046,0
1630679897141,0
1630679897286,0
1630679897380,0
1630679897473,0
1630679897580,0
1630679897673,0
1630679897753,0
1630679897913,0
1630679898009,0
1630679898089,1
1630679898184,1
1630679898264,1
1630679898356,1
1630679898510,1
1630679898633,1
1630679898664,1
1630679898794,1
1630679898905,1
1630679898953,1
1630679899095,1
1630679899233,1
1630679899315,1
1630679899393,1
1630679899501,1
1630679899616,1
1630679899725,1
1630679899821,1
1630679899932,1
1630679900024,1
1630679900132,1
1630679900193,1
1630679900333,1
1630679900473,1
1630679900535,1
1630679900600,1
1630679900729,1
1630679900793,1
1630679900936,1
1630679901038,1
1630679901165,1
1630679901245,1
1630679901329,1
1630679901426,1
1630679901566,1
1630679901631,1
1630679901766,1
1630679901866,1
1630679901929,1
1630679902025,1
1630679902169,1
1630679902266,1
1630679902360,1
1630679902430,1
1630679902550,1
1630679902645,1
1630679902788,1
1630679902874,1
1630679902986,1
1630679903048,1
1630679903141,1
1630679903237,1
1630679903381,1
1630679903473,1
1630679903584,1
1630679903677,1
1630679903756,1
1630679903880,1
1630679904009,1
1630679904121,1
1630679904218,1
1630679904283,1
1630679904394,1
1630679904473,1
1630679904596,1
1630679904704,1
1630679904815,1
1630679904896,1
1630679904963,1
1630679905085,1
1630679905214,1
1630679905326,1
1630679905373,1
1630679905485,1
1630679905578,1
1630679905689,1
1630679905834,1
1630679905913,1
1630679906055,1
1630679906106,1
1630679906186,1
1630679906281,1
1630679906424,1
1630679906506,1
1630679906633,1
1630679906695,1
1630679906793,1
1630679906889,1
1630679907033,1
1630679907144,1
1630679907221,1
1630679907335,1
1630679907433,1
1630679907511,1
1630679907624,1
1630679907732,1
1630679907824,1
1630679907932,1
1630679908012,1
1630679908108,1
1630679908285,1
1630679908348,1
1630679908473,1
1630679908536,1
1630679908628,1
1630679908720,1
1630679908900,1
1630679908948,1
1630679909065,1
1630679909145,1
1630679909255,1
1630679909353,1
1630679909480,1
1630679909594,1
1630679909688,1
1630679909781,1
1630679909873,1
1630679909935,1
1630679910093,1
1630679910171,1
1630679910281,1
1630679910372,1
1630679910467,1
1630679910563,1
1630679910705,1
1630679910813,1
1630679910892,1
1630679910972,1
1630679911080,1
1630679911157,1
1630679911283,1
1630679911405,1
1630679911483,1
1630679911576,1
1630679911702,1
1630679911766,1
1630679911941,1
1630679912004,1
1630679912129,1
1630679912193,1
1630679912304,1
1630679912412,1
1630679912541,1
1630679912606,1
1630679912732,1
1630679912797,1
1630679912909,1
1630679913006,1
1630679913132,1
1630679913241,1
1630679913337,1
1630679913416,1
1630679913517,1
1630679913612,1
1630679913753,1
1630679913845,1
1630679913925,1
1630679914036,1
1630679914098,1
1630679914193,1
1630679914368,1
1630679914431,1
1630679914541,1
1630679914655,1
1630679914732,1
1630679914827,1
1630679914968,1
1630679915061,1
1630679915125,1
1630679915221,1
1630679915365,1
1630679915429,1
1630679915569,1
1630679915665,1
1630679915777,1
1630679915885,1
1630679915954,1
1630679916065,1
1630679916169,1
1630679916310,1
1630679916357,1
1630679916472,1
1630679916581,1
1630679916644,1
1630679916785,1
1630679916881,1
1630679916993,1
1630679917057,1
1630679917181,1
1630679917261,1
1630679917428,1
1630679917497,1
1630679917578,1
1630679917670,1
1630679917781,1
1630679917877,1
1630679918004,1
1630679918093,1
1630679918203,1
1630679918308,1
1630679918405,1
1630679918467,1
1630679918630,1
1630679918692,1
1630679918836,1
1630679918926,1
1630679919006,1
1630679919101,1
1630679919286,1
1630679919301,1
1630679919398,1
1630679919508,1
1630679919603,1
1630679919710,1
1630679919867,1
1630679919941,1
1630679920045,1
1630679920141,1
1630679920206,1
1630679920332,1
1630679920437,1
1630679920533,1
1630679920629,1
1630679920733,1
1630679920829,1
1630679920909,1
1630679921083,1
1630679921141,1
1630679921269,1
1630679921332,1
1630679921428,1
1630679921541,1
1630679921684,1
1630679921777,1
1630679921884,1
1630679921942,1
1630679922038,1
1630679922132,1
1630679922307,1
1630679922366,1
1630679922477,1
1630679922588,1
1630679922684,1
1630679922743,1
1630679922901,1
1630679922966,1
1630679923062,1
1630679923174,1
1630679923267,1
1630679923373,1
1630679923501,1
1630679923597,1
1630679923661,1
1630679923805,1
1630679923852,1
1630679923957,1
1630679924132,1
1630679924206,1
1630679924324,1
1630679924382,1
1630679924525,1
1630679924573,1
1630679924726,1
1630679924821,1
1630679924886,1
1630679924981,1
1630679925085,1
1630679925214,1
1630679925326,1
1630679925421,1
1630679925517,1
1630679925614,1
1630679925677,1
1630679925836,1
1630679925926,1
1630679926021,1
1630679926118,1
1630679926213,1
1630679926325,1
1630679926414,1
1630679926526,1
1630679926639,1
1630679926733,1
1630679926814,1
1630679926883,1
1630679927005,1
1630679927163,1
1630679927271,1
1630679927349,1
1630679927428,1
1630679927517,1
1630679927613,1
1630679927781,1
1630679927861,1
1630679927965,1
1630679928060,1
1630679928165,1
1630679928227,1
1630679928349,1
1630679928477,1
1630679928605,1
1630679928685,1
1630679928716,1
1630679928837,1
1630679928965,1
1630679929101,1
1630679929180,1
1630679929260,1
1630679929397,1
1630679929446,1
1630679929588,1
1630679929686,1
1630679929797,1
1630679929846,1
1630679929958,1
1630679930052,1
1630679930228,1
1630679930294,1
1630679930389,1
1630679930501,1
1630679930565,1
1630679930693,1
1630679930821,1
1630679930884,1
1630679930978,1
1630679931101,1
1630679931165,1
1630679931268,1
1630679931429,1
1630679931526,1
1630679931592,1
1630679931702,1
1630679931782,1
1630679931926,1
1630679932054,1
1630679932134,1
1630679932197,1
1630679932325,1
1630679932372,1
1630679932509,1
1630679932637,1
1630679932765,1
1630679932811,1
1630679932980,1
1630679933027,1
1630679933101,1
1630679933277,1
1630679933326,1
1630679933469,1
1630679933531,1
1630679933605,1
1630679933726,1
1630679933838,1
1630679933947,1
1630679934029,1
1630679934141,1
1630679934246,1
1630679934326,1
1630679934486,1
1630679934566,1
1630679934646,1
1630679934742,1
1630679934839,1
1630679934934,1
1630679935086,1
1630679935148,1
1630679935246,1
1630679935342,1
1630679935438,1
1630679935565,1
1630679935658,1
1630679935766,1
1630679935852,1
1630679935965,1
1630679936061,1
1630679936157,1
1630679936286,1
1630679936381,1
1630679936478,1
1630679936542,1
1630679936687,1
1630679936766,1
1630679936926,1
1630679936987,1
1630679937116,1
1630679937205,1
1630679937268,1
1630679937365,1
1630679937501,1
1630679937613,1
1630679937693,1
1630679937774,1
1630679937883,1
1630679937988,1
1630679938117,1
1630679938198,1
1630679938307,1
1630679938406,1
1630679938485,1
1630679938597,1
1630679938726,1
1630679938822,1
1630679938916,1
1630679939022,1
1630679939119,1
1630679939196,1
1630679939318,1
1630679939429,1
1630679939525,1
1630679939605,1
1630679939698,1
1630679939805,1
1630679939941,1
1630679940037,1
1630679940134,1
1630679940231,1
1630679940326,1
1630679940406,1
1630679940565,1
1630679940661,1
1630679940758,1
1630679940837,1
1630679940982,1
1630679941046,1
1630679941205,1
1630679941267,1
1630679941332,1
1630679941428,1
1630679941525,1
1630679941620,1
1630679941790,1
1630679941886,1
1630679941947,1
1630679942061,1
1630679942156,1
1630679942245,1
1630679942397,1
1630679942476,1
1630679942566,1
1630679942661,1
1630679942756,1
1630679942845,1
1630679942997,1
1630679943078,1
1630679943173,1
1630679943269,1
1630679943397,1
1630679943462,1
1630679943588,1
1630679943686,1
1630679943797,1
1630679943893,1
1630679943988,1
1630679944054,1
1630679944216,1
1630679944300,1
1630679944405,1
1630679944517,1
1630679944581,1
1630679944661,1
1630679944852,1
1630679944900,1
1630679945005,1
1630679945099,1
1630679945221,1
1630679945285,1
1630679945453,1
1630679945536,1
1630679945627,1
1630679945679,1
1630679945822,1
1630679945902,1
1630679946028,1
1630679946125,1
1630679946221,1
1630679946314,1
1630679946420,1
1630679946526,1
1630679946637,1
1630679946748,1
1630679946816,1
1630679946925,1
1630679947018,1
1630679947126,1
1630679947237,1
1630679947366,1
1630679947476,1
1630679947541,1
1630679947629,1
1630679947741,1
1630679947861,1
1630679947966,1
1630679948093,1
1630679948161,1
1630679948237,1
1630679948317,1
1630679948477,1
1630679948559,1
1630679948669,1
1630679948779,1
1630679948852,1
1630679948948,1
1630679949077,1
1630679949173,1
1630679949283,1
1630679949374,1
1630679949468,1
1630679949565,1
1630679949708,1
1630679949771,1
1630679949876,1
1630679949981,1
1630679950062,1
1630679950158,1
1630679950332,1
1630679950397,1
1630679950477,1
1630679950589,1
1630679950692,1
1630679950806,1
1630679950885,1
1630679951006,1
1630679951085,1
1630679951197,1
1630679951293,1
1630679951390,1
1630679951517,1
1630679951613,1
1630679951677,1
1630679951818,1
1630679951892,1
1630679951993,1
1630679952135,1
1630679952216,1
1630679952325,1
1630679952420,1
1630679952525,1
1630679952621,1
1630679952732,1
1630679952828,1
1630679952941,1
1630679953037,1
1630679953132,1
1630679953198,1
1630679953341,1
1630679953438,1
1630679953581,1
1630679953646,1
1630679953741,1
1630679953846,1
1630679953925,1
1630679954067,1
1630679954126,1
1630679954237,1
1630679954334,1
1630679954430,1
1630679954557,1
1630679954653,1
1630679954765,1
1630679954858,1
1630679954936,1
1630679955046,1
1630679955172,1
1630679955286,1
1630679955366,1
1630679955445,1
1630679955572,1
1630679955646,1
1630679955789,1
1630679955886,1
1630679955982,1
1630679956045,1
1630679956157,1
1630679956252,1
1630679956381,1
1630679956479,1
1630679956573,1
1630679956686,1
1630679956765,1
1630679956886,1
1630679957012,1
1630679957124,1
1630679957197,1
1630679957292,1
1630679957387,1
1630679957502,1
1630679957612,1
1630679957678,1
1630679957821,1
1630679957886,1
1630679958031,1
1630679958081,1
1630679958221,1
1630679958317,1
1630679958427,1
1630679958509,1
1630679958606,1
1630679958701,1
1630679958828,1
1630679958932,1
1630679959005,1
1630679959101,1
1630679959198,1
1630679959342,1
1630679959422,1
1630679959535,1
1630679959646,1
1630679959741,1
1630679959805,1
1630679959898,1
1630679960046,1
1630679960158,1
1630679960222,1
1630679960333,1
1630679960428,1
1630679960525,1
1630679960638,1
1630679960766,1
1630679960829,1
1630679960925,1
1630679961046,1
1630679961142,1
1630679961285,1
1630679961381,1
1630679961445,1
1630679961541,1
1630679961676,1
1630679961723,1
1630679961876,1
1630679961982,1
1630679962079,1
1630679962157,1
1630679962254,1
1630679962383,1
1630679962493,1
1630679962572,1
1630679962687,1
1630679962782,1
1630679962861,1
1630679962958,1
1630679963086,1
1630679963198,1
1630679963263,1
1630679963372,1
1630679963477,1
1630679963572,1
1630679963718,1
1630679963796,1
1630679963920,1
1630679964012,1
1630679964086,1
1630679964166,1
1630679964307,1
1630679964406,1
1630679964501,1
1630679964581,1
1630679964692,1
1630679964788,1
1630679964926,1
1630679965067,1
1630679965126,1
1630679965221,1
1630679965301,1
1630679965397,1
1630679965525,1
1630679965637,1
1630679965766,1
1630679965813,1
1630679965942,1
1630679966006,1
1630679966119,1
1630679966261,1
1630679966334,1
1630679966412,1
1630679966517,1
1630679966597,1
1630679966772,1
1630679966868,1
1630679966947,1
1630679967037,1
1630679967132,1
1630679967230,1
1630679967358,1
1630679967453,1
1630679967565,1
1630679967646,1
1630679967758,1
1630679967822,1
1630679968012,1
1630679968058,1
1630679968148,1
1630679968245,1
1630679968356,1
1630679968462,1
1630679968588,1
1630679968677,1
1630679968774,1
1630679968876,1
1630679968965,1
1630679969061,1
1630679969173,1
1630679969276,1
1630679969381,1
1630679969523,1
1630679969555,1
1630679969646,1
1630679969806,1
1630679969933,1
1630679969984,1
1630679970077,1
1630679970189,1
1630679970285,1
1630679970396,1
1630679970501,1
1630679970614,1
1630679970707,1
1630679970766,1
1630679970911,1
1630679971020,1
1630679971134,1
1630679971197,1
1630679971309,1
1630679971405,1
1630679971477,1
1630679971621,1
1630679971702,1
1630679971845,1
1630679971907,1
1630679972005,1
1630679972101,1
1630679972246,1
1630679972341,1
1630679972438,1
1630679972533,1
1630679972596,1
1630679972686,1
1630679972845,1
1630679972957,1
1630679973021,1
1630679973116,1
1630679973229,1
1630679973311,1
1630679973485,1
1630679973575,1
1630679973638,1
1630679973765,1
1630679973828,1
1630679973933,1
1630679974078,1
1630679974172,1
1630679974253,1
1630679974334,1
1630679974461,1
1630679974539,1
1630679974677,1
1630679974778,1
1630679974870,1
1630679974932,1
1630679975045,1
1630679975172,1
1630679975307,1
1630679975376,1
1630679975468,1
1630679975550,1
1630679975660,1
1630679975797,1
1630679975925,1
1630679975987,1
1630679976085,1
1630679976196,1
1630679976285,1
1630679976347,1
1630679976501,1
1630679976598,1
1630679976708,1
1630679976780,1
1630679976870,1
1630679976966,1
1630679977109,1
1630679977221,1
1630679977301,1
1630679977398,1
1630679977460,1
1630679977646,1
1630679977726,1
1630679977805,1
1630679977918,1
1630679977998,1
1630679978108,1
1630679978205,1
1630679978333,1
1630679978445,1
1630679978533,1
1630679978612,1
1630679978707,1
1630679978805,1
1630679978932,1
1630679979046,1
1630679979141,1
1630679979239,1
1630679979317,1
1630679979412,1
1630679979533,1
1630679979678,1
1630679979743,1
1630679979837,1
1630679979933,1
1630679980028,1
1630679980157,1
1630679980253,1
1630679980366,1
1630679980446,1
1630679980525,1
1630679980605,1
1630679980781,1
1630679980861,1
1630679980942,1
1630679981054,1
1630679981167,1
1630679981213,1
1630679981390,1
1630679981486,1
1630679981599,1
1630679981661,1
1630679981756,1
1630679981862,1
1630679982021,1
1630679982085,1
1630679982196,1
1630679982285,1
1630679982347,1
1630679982453,1
1630679982597,1
1630679982694,1
1630679982790,1
1630679982902,1
1630679982981,1
1630679983049,1
1630679983205,1
1630679983301,1
1630679983401,1
1630679983497,1
1630679983589,1
1630679983685,1
1630679983812,1
1630679983917,1
1630679983982,1
1630679984093,1
1630679984222,1
1630679984285,1
1630679984458,1
1630679984517,1
1630679984629,1
1630679984692,1
1630679984788,1
1630679984901,1
1630679985015,1
1630679985126,1
1630679985222,1
1630679985317,1
1630679985415,1
1630679985495,1
1630679985685,1
1630679985725,1
1630679985827,1
1630679985918,1
1630679986030,1
1630679986158,1
1630679986268,1
1630679986365,1
1630679986461,1
1630679986526,1
1630679986621,1
1630679986719,1
1630679986861,1
1630679986957,1
1630679987037,1
1630679987148,1
1630679987230,1
1630679987342,1
1630679987468,1
1630679987582,1
1630679987680,1
1630679987741,1
1630679987838,1
1630679987948,1
1630679988061,1
1630679988165,1
1630679988276,1
1630679988365,1
1630679988444,1
1630679988550,1
1630679988708,1
1630679988781,1
1630679988886,1
1630679988981,1
1630679989062,1
1630679989173,1
1630679989301,1
1630679989397,1
1630679989462,1
1630679989603,1
1630679989678,1
1630679989774,1
1630679989899,1
1630679990003,1
1630679990107,1
1630679990207,1
1630679990317,1
1630679990365,1
1630679990557,1
1630679990605,1
1630679990699,1
1630679990805,1
1630679990899,1
1630679990972,1
1630679991147,1
1630679991231,1
1630679991341,1
1630679991406,1
1630679991516,1
1630679991598,1
1630679991765,1
1630679991827,1
1630679991918,1
1630679992012,1
1630679992101,1
1630679992197,1
1630679992341,1
1630679992438,1
1630679992534,1
1630679992645,1
1630679992741,1
1630679992806,1
1630679992966,1
1630679993046,1
1630679993142,1
1630679993237,1
1630679993348,1
1630679993414,1
1630679993572,1
1630679993668,1
1630679993736,1
1630679993860,1
1630679993965,1
1630679994013,1
1630679994188,1
1630679994256,1
1630679994397,1
1630679994446,1
1630679994558,1
1630679994653,1
1630679994813,1
1630679994858,1
1630679995006,1
1630679995053,1
1630679995151,1
1630679995246,1
1630679995388,1
1630679995469,1
1630679995581,1
1630679995662,1
1630679995758,1
1630679995853,1
1630679995996,1
1630679996086,1
1630679996182,1
1630679996292,1
1630679996388,1
1630679996501,1
1630679996613,1
1630679996726,1
1630679996787,1
1630679996886,1
1630679996997,1
1630679997092,1
1630679997219,1
1630679997325,1
1630679997421,1
1630679997469,1
1630679997612,1
1630679997707,1
1630679997828,1
1630679997895,1
1630679998006,1
1630679998101,1
1630679998245,1
1630679998341,1
1630679998437,1
1630679998532,1
1630679998646,1
1630679998741,1
1630679998805,1
1630679998901,1
1630679999027,1
1630679999141,1
1630679999238,1
1630679999332,1
1630679999414,1
1630679999508,1
1630679999678,1
1630679999726,1
1630679999867,1
1630679999948,1
1630680000018,1
1630680000126,1
1630680000253,1
1630680000363,1
1630680000467,1
1630680000550,1
1630680000646,1
1630680000757,1
1630680000886,1
1630680000998,1
1630680001046,1
1630680001159,1
1630680001267,1
1630680001348,1
1630680001482,1
1630680001589,1
1630680001667,1
1630680001766,1
1630680001862,1
1630680001956,1
1630680002125,1
1630680002221,1
1630680002286,1
1630680002398,1
1630680002496,1
1630680002558,1
1630680002686,1
1630680002812,1
1630680002877,1
1630680002988,1
1630680003101,1
1630680003167,1
1630680003294,1
1630680003406,1
1630680003517,1
1630680003597,1
1630680003708,1
1630680003782,1
1630680003923,1
1630680003996,1
1630680004107,1
1630680004198,1
1630680004307,1
1630680004372,1
1630680004540,1
1630680004645,1
1630680004741,1
1630680004821,1
1630680004885,1
1630680004981,1
1630680005161,1
1630680005224,1
1630680005316,1
1630680005422,1
1630680005533,1
1630680005629,1
1630680005758,1
1630680005822,1
1630680005966,1
1630680006033,1
1630680006125,1
1630680006237,1
1630680006366,1
1630680006492,1
1630680006598,1
1630680006646,1
1630680006758,1
1630680006857,1
1630680006998,1
1630680007061,1
1630680007188,1
1630680007285,1
1630680007347,1
1630680007438,1
1630680007566,1
1630680007677,1
1630680007772,1
1630680007876,1
1630680007966,1
1630680008045,1
1630680008198,1
1630680008276,1
1630680008401,1
1630680008478,1
1630680008587,1
1630680008666,1
1630680008805,1
1630680008901,1
1630680008965,1
1630680009085,1
1630680009166,1
1630680009278,1
1630680009390,1
1630680009501,1
1630680009598,1
1630680009741,1
1630680009787,1
1630680009886,1
1630680010012,1
1630680010110,1
1630680010206,1
1630680010317,1
1630680010399,1
1630680010487,1
1630680010638,1
1630680010732,1
1630680010806,1
1630680010902,1
1630680011014,1
1630680011079,1
1630680011237,1
1630680011334,1
1630680011405,1
1630680011498,1
1630680011606,1
1630680011717,1
1630680011846,1
1630680011942,1
1630680012037,1
1630680012117,1
1630680012212,1
1630680012325,1
1630680012446,1
1630680012557,1
1630680012652,1
1630680012718,1
1630680012843,1
1630680012917,1
1630680013077,1
1630680013157,1
1630680013252,1
1630680013333,1
1630680013445,1
1630680013541,1
1630680013679,1
1630680013788,1
1630680013867,1
1630680013941,1
1630680014045,1
1630680014138,1
1630680014277,1
1630680014372,1
1630680014483,1
1630680014577,1
1630680014670,1
1630680014765,1
1630680014909,1
1630680014972,1
1630680015107,1
1630680015198,1
1630680015246,1
1630680015357,1
1630680015485,1
1630680015581,1
1630680015703,1
1630680015789,1
1630680015860,1
1630680015948,1
1630680016126,1
1630680016189,1
1630680016302,1
1630680016382,1
1630680016493,1
1630680016589,1
1630680016717,1
1630680016798,1
1630680016910,1
1630680017006,1
1630680017085,1
1630680017206,1
1630680017348,1
1630680017416,1
1630680017541,1
1630680017606,1
1630680017719,1
1630680017797,1
1630680017938,1
1630680018043,1
1630680018132,1
1630680018197,1
1630680018309,1
1630680018406,1
1630680018566,1
1630680018646,1
1630680018726,1
1630680018886,1
1630680018933,1
1630680018998,1
1630680019139,1
1630680019246,1
1630680019342,1
1630680019437,1
1630680019579,1
1630680019607,1
1630680019766,1
1630680019862,1
1630680019959,1
1630680020066,1
1630680020166,1
1630680020227,1
1630680020373,1
1630680020452,1
1630680020565,1
1630680020660,1
1630680020766,1
1630680020814,1
1630680021006,1
1630680021086,1
1630680021149,1
1630680021246,1
1630680021357,1
1630680021437,1
1630680021581,1
1630680021693,1
1630680021806,1
1630680021917,1
1630680021981,1
1630680022085,1
1630680022213,1
1630680022313,1
1630680022406,1
1630680022501,1
1630680022629,1
1630680022647,1
1630680022806,1
1630680022916,1
1630680023038,1
1630680023068,1
1630680023197,1
1630680023326,1
1630680023437,1
1630680023517,1
1630680023613,1
1630680023693,1
1630680023772,1
1630680023886,1
1630680024045,1
1630680024092,1
1630680024227,1
1630680024317,1
1630680024428,1
1630680024533,1
1630680024646,1
1630680024742,1
1630680024839,1
1630680024935,1
1630680025012,1
1630680025108,1
1630680025286,1
1630680025347,1
1630680025446,1
1630680025541,1
1630680025621,1
1630680025701,1
1630680025862,1
1630680025956,1
1630680026046,1
1630680026126,1
1630680026238,1
1630680026332,1
1630680026498,1
1630680026559,1
1630680026700,1
1630680026763,1
1630680026853,1
1630680026949,1
1630680027085,1
1630680027165,1
1630680027261,1
1630680027372,1
1630680027468,1
1630680027550,1
1630680027692,1
1630680027797,1
1630680027847,1
1630680027972,1
1630680028046,1
1630680028157,1
1630680028288,1
1630680028412,1
1630680028476,1
1630680028566,1
1630680028677,1
1630680028788,1
1630680028932,1
1630680028998,1
1630680029077,1
1630680029206,1
1630680029286,1
1630680029366,1
1630680029509,1
1630680029605,1
1630680029701,1
1630680029805,1
1630680029885,1
1630680029997,1
1630680030126,1
1630680030221,1
1630680030326,1
1630680030389,1
1630680030492,1
1630680030627,1
1630680030741,1
1630680030806,1
1630680030901,1
1630680031029,1
1630680031126,1
1630680031188,1
1630680031332,1
1630680031452,1
1630680031526,1
1630680031637,1
1630680031718,1
1630680031829,1
1630680031939,1
1630680032028,1
1630680032140,1
1630680032246,1
1630680032342,1
1630680032408,1
1630680032548,1
1630680032661,1
1630680032741,1
1630680032839,1
1630680032919,1
1630680033061,1
1630680033174,1
1630680033286,1
1630680033381,1
1630680033446,1
1630680033542,1
1630680033637,1
1630680033798,1
1630680033861,1
1630680033941,1
1630680034052,1
1630680034165,1
1630680034261,1
1630680034381,1
1630680034507,1
1630680034582,1
1630680034692,1
1630680034759,1
1630680034866,1
1630680034997,1
1630680035094,1
1630680035205,1
1630680035286,1
1630680035365,1
1630680035492,1
1630680035621,1
1630680035701,1
1630680035798,1
1630680035893,1
1630680035990,1
1630680036101,1
1630680036230,1
1630680036326,1
1630680036389,1
1630680036501,1
1630680036581,1
1630680036692,1
1630680036822,1
1630680036901,1
1630680037000,1
1630680037110,1
1630680037221,1
1630680037300,1
1630680037446,1
1630680037541,1
1630680037606,1
1630680037701,1
1630680037797,1
1630680037907,1
1630680038036,1
1630680038142,1
1630680038237,1
1630680038350,1
1630680038405,1
1630680038499,1
1630680038638,1
1630680038733,1
1630680038877,1
1630680038942,1
1630680039086,1
1630680039101,1
1630680039280,1
1630680039373,1
1630680039485,1
1630680039581,1
1630680039677,1
1630680039742,1
1630680039852,1
1630680039982,1
1630680040061,1
1630680040157,1
1630680040254,1
1630680040365,1
1630680040485,1
1630680040597,1
1630680040647,1
1630680040774,1
1630680040868,1
1630680040966,1
1630680041093,1
1630680041237,1
1630680041286,1
1630680041365,1
1630680041460,1
1630680041598,1
1630680041695,1
1630680041789,1
1630680041894,1
1630680042005,1
1630680042085,1
1630680042147,1
1630680042326,1
1630680042387,1
1630680042500,1
1630680042582,1
1630680042678,1
1630680042772,1
1630680042909,1
1630680043012,1
1630680043147,1
1630680043215,1
1630680043307,1
1630680043373,1
1630680043533,1
1630680043599,1
1630680043708,1
1630680043836,1
1630680043926,1
1630680043988,1
1630680044110,1
1630680044221,1
1630680044349,1
1630680044446,1
1630680044508,1
1630680044606,1
1630680044718,1
1630680044862,1
1630680044926,1
1630680045052,1
1630680045121,1
1630680045227,1
1630680045366,1
1630680045461,1
1630680045525,1
1630680045622,1
1630680045732,1
1630680045837,1
1630680045948,1
1630680046062,1
1630680046172,1
1630680046252,1
1630680046317,1
1630680046427,1
1630680046589,1
1630680046653,1
1630680046766,1
1630680046862,1
1630680046957,1
1630680047022,1
1630680047181,1
1630680047293,1
1630680047359,1
1630680047501,1
1630680047565,1
1630680047652,1
1630680047790,1
1630680047900,1
1630680047978,1
1630680048086,1
1630680048209,1
1630680048245,1
1630680048411,1
1630680048516,1
1630680048580,1
1630680048686,1
1630680048781,1
1630680048879,1
1630680049006,1
1630680049120,1
1630680049184,1
1630680049297,1
1630680049405,1
1630680049485,1
1630680049646,1
1630680049726,1
1630680049805,1
1630680049900,1
1630680049998,1
1630680050094,1
1630680050240,1
1630680050331,1
1630680050427,1
1630680050495,1
1630680050645,1
1630680050693,1
1630680050819,1
1630680050926,1
1630680051036,1
1630680051156,1
1630680051245,1
1630680051295,1
1630680051495,1
1630680051525,1
1630680051652,1
1630680051757,1
1630680051852,1
1630680051917,1
1630680052077,1
1630680052141,1
1630680052253,1
1630680052317,1
1630680052427,1
1630680052518,1
1630680052662,1
1630680052773,1
1630680052852,1
1630680052958,1
1630680053022,1
1630680053118,1
1630680053277,1
1630680053372,1
1630680053483,1
1630680053576,1
1630680053667,1
1630680053757,1
1630680053901,1
1630680053998,1
1630680054109,1
1630680054189,1
1630680054252,1
1630680054357,1
1630680054526,1
1630680054573,1
1630680054684,1
1630680054759,1
1630680054886,1
1630680054965,1
1630680055124,1
1630680055212,1
1630680055307,1
1630680055382,1
1630680055477,1
1630680055575,1
1630680055725,1
1630680055818,1
1630680055894,1
1630680055987,1
1630680056077,1
1630680056173,1
1630680056350,1
1630680056414,1
1630680056507,1
1630680056605,1
1630680056701,1
1630680056765,1
1630680056938,1
1630680057046,1
1630680057141,1
1630680057237,1
1630680057285,1
1630680057398,1
1630680057526,1
1630680057621,1
1630680057717,1
1630680057830,1
1630680057925,1
1630680058005,1
1630680058172,1
1630680058261,1
1630680058326,1
1630680058436,1
1630680058526,1
1630680058637,1
1630680058748,1
1630680058846,1
1630680058941,1
1630680059039,1
1630680059166,1
1630680059229,1
1630680059358,1
1630680059500,1
1630680059557,1
1630680059669,1
1630680059765,1
1630680059861,1
1630680059987,1
1630680060052,1
1630680060165,1
1630680060261,1
1630680060357,1
1630680060452,1
1630680060582,1
1630680060694,1
1630680060805,1
1630680060867,1
1630680060956,1
1630680061092,1
1630680061197,1
1630680061293,1
1630680061376,1
1630680061468,1
1630680061577,1
1630680061668,1
1630680061798,1
1630680061908,1
1630680061997,1
1630680062094,1
1630680062173,1
1630680062268,1
1630680062416,1
1630680062492,1
1630680062638,1
1630680062701,1
1630680062815,1
1630680062897,1
1630680063054,1
1630680063102,1
1630680063212,1
1630680063309,1
1630680063406,1
1630680063534,1
1630680063627,1
1630680063757,1
1630680063852,1
1630680063926,1
1630680064003,1
1630680064093,1
1630680064261,1
1630680064338,1
1630680064430,1
1630680064525,1
1630680064669,1
1630680064720,1
1630680064861,1
1630680064965,1
1630680065043,1
1630680065132,1
1630680065246,1
1630680065341,1
1630680065486,1
1630680065533,1
1630680065645,1
1630680065741,1
1630680065839,1
1630680065949,1
1630680066078,1
1630680066172,1
1630680066246,1
1630680066388,1
1630680066422,1
1630680066541,1
1630680066684,1
1630680066805,1
1630680066853,1
1630680066966,1
1630680067061,1
1630680067157,1
1630680067298,1
1630680067390,1
1630680067485,1
1630680067596,1
1630680067700,1
1630680067763,1
1630680067902,1
1630680068030,1
1630680068093,1
1630680068156,1
1630680068261,1
1630680068372,1
1630680068526,1
1630680068639,1
1630680068685,1
1630680068799,1
1630680068895,1
1630680068957,1
1630680069099,1
1630680069206,1
1630680069285,1
1630680069406,1
1630680069519,1
1630680069596,1
1630680069716,1
1630680069821,1
1630680069917,1
1630680070012,1
1630680070118,1
1630680070181,1
1630680070333,1
1630680070446,1
1630680070541,1
1630680070604,1
1630680070708,1
1630680070812,1
1630680070941,1
1630680071046,1
1630680071141,1
1630680071205,1
1630680071342,1
1630680071437,1
1630680071547,1
1630680071660,1
1630680071766,1
1630680071828,1
1630680071925,1
1630680072005,1
1630680072182,1
1630680072245,1
1630680072373,1
1630680072483,1
1630680072542,1
1630680072652,1
1630680072796,1
1630680072858,1
1630680072947,1
1630680073038,1
1630680073147,1
1630680073237,1
1630680073397,1
1630680073447,1
1630680073605,1
1630680073669,1
1630680073760,1
1630680073852,1
1630680073981,1
1630680074077,1
1630680074175,1
1630680074285,1
1630680074381,1
1630680074477,1
1630680074605,1
1630680074717,1
1630680074766,1
1630680074877,1
1630680075039,1
1630680075052,1
1630680075212,1
1630680075309,1
1630680075418,1
1630680075525,1
1630680075572,1
1630680075679,1
1630680075821,1
1630680075917,1
1630680076012,1
1630680076109,1
1630680076237,1
1630680076300,1
1630680076445,1
1630680076541,1
1630680076638,1
1630680076701,1
1630680076846,1
1630680076908,1
1630680077046,1
1630680077141,1
1630680077252,1
1630680077317,1
1630680077413,1
1630680077508,1
1630680077637,1
1630680077732,1
1630680077838,1
1630680077948,1
1630680078046,1
1630680078108,1
1630680078236,1
1630680078340,1
1630680078445,1
1630680078541,1
1630680078636,1
1630680078725,1
1630680078887,1
1630680078980,1
1630680079043,1
1630680079149,1
1630680079246,1
1630680079341,1
1630680079483,1
1630680079572,1
1630680079662,1
1630680079806,1
1630680079869,1
1630680079948,1
1630680080092,1
1630680080237,1
1630680080285,1
1630680080349,1
1630680080471,1
1630680080550,1
1630680080693,1
1630680080788,1
1630680080901,1
1630680080964,1
1630680081083,1
1630680081171,1
1630680081295,1
1630680081388,1
1630680081501,1
1630680081598,1
1630680081694,1
1630680081758,1
1630680081917,1
1630680081982,1
1630680082140,1
1630680082204,1
1630680082293,1
1630680082388,1
1630680082526,1
1630680082622,1
1630680082718,1
1630680082814,1
1630680082910,1
1630680083021,1
1630680083133,1
1630680083214,1
1630680083326,1
1630680083422,1
1630680083519,1
1630680083613,1
1630680083741,1
1630680083840,1
1630680083948,1
1630680084046,1
1630680084108,1
1630680084206,1
1630680084381,1
1630680084445,1
1630680084539,1
1630680084645,1
1630680084708,1
1630680084846,1
1630680084972,1
1630680085044,1
1630680085165,1
1630680085246,1
1630680085342,1
1630680085421,1
1630680085597,1
1630680085696,1
1630680085760,1
1630680085852,1
1630680085932,1
1630680086037,1
1630680086165,1
1630680086261,1
1630680086357,1
1630680086452,1
1630680086556,1
1630680086670,1
1630680086796,1
1630680086901,1
1630680086965,1
1630680087062,1
1630680087156,1
1630680087262,1
1630680087390,1
1630680087491,1
1630680087588,1
1630680087684,1
1630680087805,1
1630680087852,1
1630680088012,1
1630680088112,1
1630680088206,1
1630680088285,1
1630680088378,1
1630680088470,1
1630680088607,1
1630680088735,1
1630680088812,1
1630680088926,1
1630680089036,1
1630680089098,1
1630680089221,1
1630680089333,1
1630680089462,1
1630680089509,1
1630680089606,1
1630680089685,1
1630680089828,1
1630680089925,1
1630680090046,1
1630680090126,1
1630680090206,1
1630680090316,1
1630680090455,1
1630680090549,1
1630680090645,1
1630680090708,1
1630680090805,1
1630680090926,1
1630680091053,1
1630680091149,1
1630680091246,1
1630680091341,1
1630680091436,1
1630680091541,1
1630680091669,1
1630680091763,1
1630680091852,1
1630680091957,1
1630680092021,1
1630680092117,1
1630680092246,1
1630680092373,1
1630680092485,1
1630680092565,1
1630680092645,1
1630680092766,1
1630680092879,1
1630680092974,1
1630680093083,1
1630680093157,1
1630680093253,1
1630680093365,1
1630680093501,1
1630680093596,1
1630680093701,1
1630680093805,1
1630680093867,1
1630680093964,1
1630680094116,1
1630680094178,1
1630680094283,1
1630680094372,1
1630680094476,1
1630680094581,1
1630680094707,1
1630680094828,1
1630680094877,1
1630680095005,1
1630680095068,1
1630680095181,1
1630680095326,1
1630680095437,1
1630680095486,1
1630680095630,1
1630680095693,1
1630680095806,1
1630680095917,1
1630680096033,1
1630680096133,1
1630680096214,1
1630680096307,1
1630680096373,1
1630680096549,1
1630680096646,1
1630680096725,1
1630680096838,1
1630680096901,1
1630680097020,1
1630680097156,1
1630680097246,1
1630680097372,1
1630680097445,1
1630680097523,1
1630680097617,1
1630680097741,1
1630680097845,1
1630680097938,1
1630680098045,1
1630680098166,1
1630680098212,1
1630680098372,1
1630680098467,1
1630680098573,1
1630680098621,1
1630680098758,1
1630680098840,1
1630680098966,1
1630680099077,1
1630680099172,1
1630680099237,1
1630680099382,1
1630680099446,1
1630680099605,1
1630680099686,1
1630680099781,1
1630680099876,1
1630680099965,1
1630680100061,1
1630680100207,1
1630680100286,1
1630680100430,1
1630680100463,1
1630680100558,1
1630680100717,1
1630680100830,1
1630680100924,1
1630680100997,1
1630680101125,1
1630680101187,1
1630680101309,1
1630680101421,1
1630680101486,1
1630680101599,1
1630680101696,1
1630680101796,1
1630680101904,1
1630680102029,1
1630680102126,1
1630680102221,1
1630680102301,1
1630680102398,1
1630680102492,1
1630680102651,1
1630680102725,1
1630680102821,1
1630680102933,1
1630680102997,1
1630680103107,1
1630680103237,1
1630680103333,1
1630680103429,1
1630680103535,1
1630680103644,1
1630680103706,1
1630680103845,1
1630680103922,1
1630680104016,1
1630680104123,1
1630680104228,1
1630680104324,1
1630680104467,1
1630680104531,1
1630680104625,1
1630680104753,1
1630680104827,1
1630680104918,1
1630680105061,1
1630680105157,1
1630680105300,1
1630680105362,1
1630680105473,1
1630680105537,1
1630680105661,1
1630680105789,1
1630680105862,1
1630680105958,1
1630680106069,1
1630680106132,1
1630680106304,1
1630680106385,1
1630680106488,1
1630680106550,1
1630680106660,1
1630680106754,1
1630680106911,1
1630680106989,1
1630680107083,1
1630680107173,1
1630680107267,1
1630680107377,1
1630680107487,1
1630680107611,1
1630680107690,1
1630680107785,1
1630680107880,1
1630680107975,1
1630680108099,1
1630680108209,1
1630680108302,1
1630680108396,1
1630680108490,1
1630680108584,1
1630680108725,1
1630680108816,1
1630680108908,1
1630680108987,1
1630680109096,1
1630680109205,1
1630680109330,1
1630680109424,1
1630680109552,1
1630680109610,1
1630680109701,1
1630680109808,1
1630680109932,1
1630680110025,1
1630680110120,1
1630680110229,1
1630680110320,1
1630680110428,1
1630680110586,1
1630680110665,1
1630680110756,1
1630680110820,1
1630680110928,1
1630680111021,1
1630680111206,1
1630680111258,1
1630680111354,1
1630680111456,1
1630680111543,1
1630680111623,1
1630680111767,1
1630680111873,1
1630680111978,1
1630680112040,1
1630680112120,1
1630680112260,1
1630680112383,1
1630680112461,1
1630680112556,1
1630680112649,1
1630680112791,1
1630680112855,1
1630680112978,1
1630680113087,1
1630680113226,1
1630680113320,1
1630680113353,1
1630680113489,1
1630680113567,1
1630680113691,1
1630680113785,1
1630680113893,1
1630680113953,1
1630680114046,1
1630680114221,1
1630680114275,1
1630680114375,1
1630680114523,1
1630680114584,1
1630680114662,1
1630680114816,1
1630680114925,1
1630680115003,1
1630680115099,1
1630680115189,1
1630680115297,1
1630680115421,1
1630680115529,1
1630680115621,1
1630680115717,1
1630680115796,1
1630680115901,1
1630680116028,1
1630680116133,1
1630680116229,1
1630680116326,1
1630680116427,1
1630680116531,1
1630680116636,1
1630680116757,1
1630680116821,1
1630680116962,1
1630680117024,1
1630680117116,1
1630680117240,1
1630680117348,1
1630680117441,1
1630680117537,1
1630680117646,1
1630680117702,1
1630680117869,1
1630680117982,1
1630680118043,1
1630680118136,1
1630680118243,1
1630680118338,1
1630680118484,1
1630680118575,1
1630680118668,1
1630680118744,1
1630680118840,1
1630680118935,1
1630680119072,1
1630680119166,1
1630680119275,1
1630680119336,1
1630680119477,1
1630680119549,1
1630680119706,1
1630680119771,1
1630680119878,1
1630680119972,1
1630680120068,1
1630680120178,1
1630680120311,1
1630680120373,1
1630680120513,1
1630680120581,1
1630680120669,1
1630680120806,1
1630680120912,1
1630680121023,1
1630680121116,1
1630680121227,1
1630680121288,1
1630680121383,1
1630680121550,1
1630680121605,1
1630680121726,1
1630680121806,1
1630680121885,1
1630680122007,1
1630680122134,1
1630680122212,1
1630680122309,1
1630680122420,1
1630680122526,1
1630680122619,1
1630680122743,1
1630680122848,1
1630680122933,1
1630680123028,1
1630680123086,1
1630680123227,1
1630680123389,1
1630680123437,1
1630680123531,1
1630680123623,1
1630680123732,1
1630680123827,1
1630680123966,1
1630680124046,1
1630680124146,1
1630680124246,1
1630680124346,1
1630680124407,1
1630680124565,1
1630680124658,1
1630680124757,1
1630680124853,1
1630680124930,1
1630680125030,1
1630680125163,1
1630680125246,1
1630680125381,1
1630680125471,1
1630680125581,1
1630680125663,1
1630680125775,1
1630680125869,1
1630680125980,1
1630680126071,1
1630680126176,1
1630680126238,1
1630680126381,1
1630680126474,1
1630680126618,1
1630680126676,1
1630680126771,1
1630680126886,1
1630680127016,1
1630680127101,1
1630680127181,1
1630680127277,1
1630680127372,1
1630680127468,1
1630680127613,1
1630680127723,1
1630680127801,1
1630680127910,1
1630680127989,1
1630680128082,1
1630680128229,1
1630680128317,1
1630680128427,1
1630680128495,1
1630680128589,1
1630680128699,1
1630680128822,1
1630680128934,1
1630680129038,1
1630680129132,1
1630680129209,1
1630680129335,1
1630680129502,1
1630680129549,1
1630680129646,1
1630680129709,1
1630680129806,1
1630680129950,1
1630680130046,1
1630680130155,1
1630680130248,1
1630680130338,1
1630680130414,1
1630680130509,1
1630680130685,1
1630680130748,1
1630680130837,1
1630680130962,1
1630680131046,1
1630680131146,1
1630680131270,1
1630680131364,1
1630680131457,1
1630680131559,1
1630680131622,1
1630680131731,1
1630680131892,1
1630680131944,1
1630680132061,1
1630680132165,1
1630680132261,1
1630680132360,1
1630680132501,1
1630680132597,1
1630680132662,1
1630680132757,1
1630680132862,1
1630680132972,1
1630680133095,1
1630680133205,1
1630680133296,1
1630680133417,1
1630680133461,1
1630680133588,1
1630680133734,1
1630680133846,1
1630680133877,1
1630680133973,1
1630680134085,1
1630680134190,1
1630680134327,1
1630680134439,1
1630680134503,1
1630680134621,1
1630680134668,1
1630680134806,1
1630680134917,1
1630680135029,1
1630680135109,1
1630680135187,1
1630680135291,1
1630680135396,1
1630680135516,1
1630680135644,1
1630680135733,1
1630680135829,1
1630680135926,1
1630680135988,1
1630680136117,1
1630680136226,1
1630680136355,1
1630680136446,1
1630680136509,1
1630680136602,1
1630680136778,1
1630680136841,1
1630680136933,1
1630680137043,1
1630680137147,1
1630680137249,1
1630680137342,1
1630680137434,1
1630680137551,1
1630680137656,1
1630680137765,1
1630680137842,1
1630680137971,1
1630680138078,1
1630680138160,1
1630680138253,1
1630680138344,1
1630680138444,1
1630680138571,1
1630680138680,1
1630680138756,1
1630680138858,1
1630680138948,1
1630680139062,1
1630680139186,1
1630680139294,1
1630680139387,1
1630680139450,1
1630680139572,1
1630680139677,1
1630680139791,1
1630680139901,1
1630680140006,1
1630680140096,1
1630680140203,1
1630680140299,1
1630680140392,1
1630680140510,1
1630680140603,1
1630680140667,1
1630680140787,1
1630680140881,1
1630680141027,1
1630680141107,1
1630680141225,1
1630680141305,1
1630680141382,1
1630680141493,1
1630680141619,1
1630680141718,1
1630680141828,1
1630680141923,1
1630680141988,1
1630680142100,1
1630680142226,1
1630680142315,1
1630680142428,1
1630680142548,1
1630680142595,1
1630680142709,1
1630680142851,1
1630680142964,1
1630680143043,1
1630680143148,1
1630680143210,1
1630680143306,1
1630680143475,1
1630680143537,1
1630680143646,1
1630680143744,1
1630680143849,1
1630680143948,1
1630680144069,1
1630680144157,1
1630680144267,1
1630680144355,1
1630680144424,1
1630680144548,1
1630680144679,1
1630680144758,1
1630680144866,1
1630680144973,1
1630680145069,1
1630680145132,1
1630680145305,1
1630680145395,1
1630680145509,1
1630680145588,1
1630680145652,1
1630680145804,1
1630680145884,1
1630680145990,1
1630680146100,1
1630680146195,1
1630680146292,1
1630680146369,1
1630680146515,1
1630680146600,1
1630680146693,1
1630680146788,1
1630680146900,1
1630680146964,1
1630680147090,1
1630680147228,1
1630680147308,1
1630680147388,1
1630680147499,1
1630680147588,1
1630680147749,1
1630680147811,1
1630680147909,1
1630680148019,1
1630680148099,1
1630680148180,1
1630680148340,1
1630680148435,1
1630680148510,1
1630680148603,1
1630680148713,1
1630680148822,1
1630680148935,1
1630680149043,1
1630680149138,1
1630680149232,1
1630680149310,1
1630680149393,1
1630680149563,1
1630680149625,1
1630680149721,1
1630680149828,1
1630680149905,1
1630680150001,1
1630680150174,1
1630680150238,1
1630680150346,1
1630680150438,1
1630680150548,1
1630680150639,1
1630680150779,1
1630680150840,1
1630680150935,1
1630680151044,1
1630680151138,1
1630680151247,1
1630680151371,1
1630680151482,1
1630680151570,1
1630680151634,1
1630680151748,1
1630680151837,1
1630680151993,1
1630680152085,1
1630680152195,1
1630680152259,1
1630680152353,1
1630680152462,1
1630680152591,1
1630680152685,1
1630680152791,1
1630680152884,1
1630680152963,1
1630680153089,1
1630680153197,1
1630680153291,1
1630680153371,1
1630680153464,1
1630680153589,1
1630680153685,1
1630680153826,1
1630680153919,1
1630680153982,1
1630680154093,1
1630680154202,1
1630680154265,1
1630680154420,1
1630680154527,1
1630680154591,1
1630680154704,1
1630680154800,1
1630680154912,1
1630680155044,1
1630680155138,1
1630680155212,1
1630680155306,1
1630680155400,1
1630680155509,1
1630680155635,1
1630680155728,1
1630680155822,1
1630680155929,1
1630680156023,1
1630680156084,1
1630680156254,1
1630680156359,1
1630680156453,1
1630680156530,1
1630680156628,1
1630680156722,1
1630680156863,1
1630680156972,1
1630680157050,1
1630680157159,1
1630680157253,1
1630680157347,1
1630680157487,1
1630680157581,1
1630680157642,1
1630680157736,1
1630680157888,1
1630680157935,1
1630680158107,1
1630680158201,1
1630680158279,1
1630680158391,1
1630680158470,1
1630680158548,1
1630680158673,1
1630680158783,1
1630680158876,1
1630680158970,1
1630680159064,1
1630680159173,1
1630680159298,1
1630680159408,1
1630680159504,1
1630680159599,1
1630680159693,1
1630680159756,1
1630680159928,1
1630680160006,1
1630680160101,1
1630680160195,1
1630680160289,1
1630680160383,1
1630680160523,1
1630680160588,1
1630680160715,1
1630680160782,1
1630680160870,1
1630680160978,1
1630680161134,1
1630680161197,1
1630680161322,1
1630680161384,1
1630680161498,1
1630680161596,1
1630680161736,1
1630680161830,1
1630680161924,1
1630680162065,1
1630680162096,1
1630680162221,1
1630680162361,1
1630680162497,1
1630680162530,1
1630680162627,1
1630680162721,1
1630680162830,1
1630680162955,1
1630680163065,1
1630680163127,1
1630680163221,1
1630680163330,1
1630680163440,1
1630680163584,1
1630680163677,1
1630680163740,1
1630680163848,1
1630680163947,1
1630680164048,1
1630680164180,1
1630680164257,1
1630680164366,1
1630680164459,1
1630680164554,1
1630680164661,1
1630680164790,1
1630680164881,1
1630680164960,1
1630680165057,1
1630680165149,1
1630680165258,1
1630680165386,1
1630680165494,1
1630680165591,1
1630680165720,1
1630680165795,1
1630680165888,1
1630680165984,1
1630680166106,1
1630680166189,1
1630680166285,1
1630680166395,1
1630680166459,1
1630680166583,1
1630680166723,1
1630680166784,1
1630680166892,1
1630680166985,1
1630680167105,1
1630680167220,1
1630680167313,1
1630680167390,1
1630680167484,1
1630680167624,1
1630680167685,1
1630680167827,1
1630680167920,1
1630680168030,1
1630680168092,1
1630680168216,1
1630680168311,1
1630680168436,1
1630680168533,1
1630680168674,1
1630680168704,1
1630680168811,1
1630680168905,1
1630680169081,1
1630680169139,1
1630680169234,1
1630680169343,1
1630680169422,1
1630680169517,1
1630680169655,1
1630680169762,1
1630680169857,1
1630680169919,1
1630680170058,1
1630680170121,1
1630680170264,1
1630680170355,1
1630680170498,1
1630680170556,1
1630680170617,1
1630680170726,1
1630680170884,1
1630680170997,1
1630680171059,1
1630680171151,1
1630680171260,1
1630680171354,1
1630680171497,1
1630680171559,1
1630680171685,1
1630680171780,1
1630680171841,1
1630680171935,1
1630680172108,1
1630680172168,1
1630680172275,1
1630680172370,1
1630680172469,1
1630680172573,1
1630680172697,1
1630680172811,1
1630680172873,1
1630680172969,1
1630680173076,1
1630680173171,1
1630680173285,1
1630680173426,1
1630680173490,1
1630680173584,1
1630680173693,1
1630680173785,1
1630680173927,1
1630680174021,1
1630680174128,1
1630680174222,1
1630680174284,1
1630680174394,1
1630680174523,1
1630680174616,1
1630680174722,1
1630680174824,1
1630680174887,1
1630680174996,1
1630680175121,1
1630680175214,1
1630680175324,1
1630680175433,1
1630680175531,1
1630680175591,1
1630680175765,1
1630680175857,1
1630680175920,1
1630680176029,1
1630680176123,1
1630680176217,1
1630680176357,1
1630680176451,1
1630680176560,1
1630680176637,1
1630680176731,1
1630680176807,1
1630680176994,1
1630680177071,1
1630680177135,1
1630680177245,1
1630680177337,1
1630680177445,1
1630680177572,1
1630680177679,1
1630680177772,1
1630680177837,1
1630680177945,1
1630680178037,1
1630680178176,1
1630680178257,1
1630680178365,1
1630680178507,1
1630680178599,1
1630680178631,1
1630680178786,1
1630680178895,1
1630680178989,1
1630680179048,1
1630680179173,1
1630680179268,1
1630680179415,1
1630680179504,1
1630680179597,1
1630680179676,1
1630680179771,1
1630680179881,1
1630680180022,1
1630680180084,1
1630680180195,1
1630680180289,1
1630680180394,1
1630680180490,1
1630680180617,1
1630680180726,1
1630680180821,1
1630680180882,1
1630680180990,1
1630680181084,1
1630680181259,1
1630680181318,1
1630680181428,1
1630680181521,1
1630680181585,1
1630680181692,1
1630680181847,1
1630680181924,1
1630680182017,1
1630680182126,1
1630680182219,1
1630680182329,1
1630680182457,1
1630680182547,1
1630680182655,1
1630680182719,1
1630680182830,1
1630680182927,1
1630680183096,1
1630680183153,1
1630680183263,1
1630680183357,1
1630680183420,1
1630680183516,1
1630680183689,1
1630680183782,1
1630680183861,1
1630680183953,1
1630680184062,1
1630680184153,1
1630680184292,1
1630680184355,1
1630680184450,1
1630680184558,1
1630680184654,1
1630680184750,1
1630680184892,1
1630680184988,1
1630680185049,1
1630680185192,1
1630680185253,1
1630680185348,1
1630680185488,1
1630680185582,1
1630680185692,1
1630680185785,1
1630680185895,1
1630680185957,1
1630680186115,1
1630680186227,1
1630680186287,1
1630680186395,1
1630680186521,1
1630680186552,1
1630680186723,1
1630680186818,1
1630680186899,1
1630680186989,1
1630680187082,1
1630680187223,1
1630680187317,1
1630680187429,1
1630680187522,1
1630680187614,1
1630680187690,1
1630680187785,1
1630680187924,1
1630680188018,1
1630680188162,1
1630680188224,1
1630680188315,1
1630680188392,1
1630680188550,1
1630680188658,1
1630680188721,1
1630680188821,1
1630680188924,1
1630680189019,1
1630680189158,1
1630680189254,1
1630680189361,1
1630680189422,1
1630680189519,1
1630680189627,1
1630680189769,1
1630680189858,1
1630680189954,1
1630680190049,1
1630680190157,1
1630680190220,1
1630680190392,1
1630680190455,1
1630680190551,1
1630680190661,1
1630680190756,1
1630680190849,1
1630680190990,1
1630680191059,1
1630680191196,1
1630680191259,1
1630680191368,1
1630680191465,1
1630680191620,1
1630680191680,1
1630680191788,1
1630680191850,1
1630680191962,1
1630680192054,1
1630680192193,1
1630680192287,1
1630680192396,1
1630680192521,1
1630680192554,1
1630680192693,1
1630680192821,1
1630680192927,1
1630680192988,1
1630680193083,1
1630680193225,1
1630680193287,1
1630680193416,1
1630680193522,1
1630680193615,1
1630680193727,1
1630680193786,1
1630680193895,1
1630680194018,1
1630680194126,1
1630680194220,1
1630680194328,1
1630680194391,1
1630680194517,1
1630680194628,1
1630680194720,1
1630680194816,1
1630680194923,1
1630680195018,1
1630680195080,1
1630680195293,1
1630680195378,1
1630680195440,1
1630680195530,1
1630680195637,1
1630680195732,1
1630680195840,1
1630680195938,1
1630680196044,1
1630680196139,1
1630680196234,1
1630680196314,1
1630680196456,1
1630680196558,1
1630680196660,1
1630680196754,1
1630680196851,1
1630680196926,1
1630680197047,1
1630680197173,1
1630680197269,1
1630680197329,1
1630680197469,1
1630680197534,1
1630680197672,1
1630680197765,1
1630680197872,1
1630680197966,1
1630680198077,1
1630680198141,1
1630680198300,1
1630680198393,1
1630680198486,1
1630680198549,1
1630680198674,1
1630680198768,1
1630680198943,1
1630680198973,1
1630680199099,1
1630680199176,1
1630680199272,1
1630680199378,1
1630680199503,1
1630680199612,1
1630680199704,1
1630680199803,1
1630680199876,1
1630680199972,1
1630680200113,1
1630680200246,1
1630680200315,1
1630680200425,1
1630680200468,1
1630680200614,1
1630680200756,1
1630680200797,1
1630680200931,1
1630680201015,1
1630680201113,1
1630680201215,1
1630680201332,1
1630680201447,1
1630680201545,1
1630680201672,1
1630680201711,1
1630680201811,1
1630680201953,1
1630680202064,1
1630680202155,1
1630680202218,1
1630680202326,1
1630680202421,1
1630680202561,1
1630680202664,1
1630680202730,1
1630680202865,1
1630680202964,1
1630680203014,1
1630680203188,1
1630680203251,1
1630680203358,1
1630680203452,1
1630680203550,1
1630680203640,1
1630680203780,1
1630680203874,1
1630680203969,1
1630680204075,1
1630680204137,1
1630680204262,1
1630680204390,1
1630680204497,1
1630680204575,1
1630680204667,1
1630680204760,1
1630680204857,1
1630680204998,1
1630680205092,1
1630680205185,1
1630680205310,1
1630680205373,1
1630680205467,1
1630680205595,1
1630680205704,1
1630680205814,1
1630680205907,1
1630680205970,1
1630680206079,1
1630680206235,1
1630680206313,1
1630680206408,1
1630680206501,1
1630680206595,1
1630680206704,1
1630680206845,1
1630680206938,1
1630680207032,1
1630680207110,1
1630680207219,1
1630680207313,1
1630680207438,1
1630680207532,1
1630680207626,1
1630680207735,1
1630680207844,1
1630680207907,1
1630680208079,1
1630680208141,1
1630680208235,1
1630680208344,1
1630680208438,1
1630680208532,1
1630680208657,1
1630680208735,1
1630680208828,1
1630680208938,1
1630680209047,1
1630680209125,1
1630680209266,1
1630680209375,1
1630680209438,1
1630680209531,1
1630680209629,1
1630680209739,1
1630680209879,1
1630680209973,1
1630680210067,1
1630680210160,1
1630680210223,1
1630680210363,1
1630680210497,1
1630680210575,1
1630680210654,1
1630680210761,1
1630680210870,1
1630680210963,1
1630680211089,1
1630680211180,1
1630680211288,1
1630680211352,1
1630680211463,1
1630680211553,1
1630680211692,1
1630680211787,1
1630680211894,1
1630680211986,1
1630680212063,1
1630680212158,1
1630680212314,1
1630680212391,1
1630680212499,1
1630680212586,1
1630680212671,1
1630680212781,1
1630680212934,1
1630680213029,1
1630680213123,1
1630680213218,1
1630680213296,1
1630680213389,1
1630680213517,1
1630680213624,1
1630680213716,1
1630680213824,1
1630680213887,1
1630680213964,1
1630680214137,1
1630680214245,1
1630680214306,1
1630680214401,1
1630680214511,1
1630680214604,1
1630680214744,1
1630680214840,1
1630680214931,1
1630680215040,1
1630680215134,1
1630680215211,1
1630680215402,1
1630680215463,1
1630680215589,1
1630680215629,1
1630680215723,1
1630680215822,1
1630680215947,1
1630680216058,1
1630680216157,1
1630680216250,1
1630680216348,1
1630680216428,1
1630680216549,1
1630680216673,1
1630680216767,1
1630680216862,1
1630680216956,1
1630680217051,1
1630680217188,1
1630680217268,1
1630680217381,1
1630680217474,1
1630680217568,1
1630680217643,1
1630680217798,1
1630680217876,1
1630680217970,1
1630680218077,1
1630680218170,1
1630680218267,1
1630680218405,1
1630680218468,1
1630680218622,1
1630680218689,1
1630680218762,1
1630680218873,1
1630680219059,1
1630680219090,1
1630680219194,1
1630680219283,1
1630680219364,1
1630680219474,1
1630680219600,1
1630680219725,1
1630680219819,1
1630680219949,1
1630680219988,1
1630680220102,1
1630680220245,1
1630680220345,1
1630680220420,1
1630680220498,1
1630680220592,1
1630680220720,1
1630680220841,1
1630680220938,1
1630680221033,1
1630680221108,1
1630680221201,1
1630680221312,1
1630680221437,1
1630680221546,1
1630680221639,1
1630680221782,1
1630680221809,1
1630680221905,1
1630680222058,1
1630680222153,1
1630680222263,1
1630680222354,1
1630680222417,1
1630680222528,1
1630680222662,1
1630680222756,1
1630680222862,1
1630680222987,1
1630680223019,1
1630680223128,1
1630680223284,1
1630680223425,1
1630680223472,1
1630680223568,1
1630680223646,1
1630680223753,1
1630680223893,1
1630680224003,1
1630680224052,1
1630680224168,1
1630680224256,1
1630680224350,1
1630680224489,1
1630680224596,1
1630680224689,1
1630680224784,1
1630680224848,1
1630680224957,1
1630680225080,1
1630680225189,1
1630680225295,1
1630680225392,1
1630680225487,1
1630680225548,1
1630680225721,1
1630680225831,1
1630680225906,1
1630680225986,1
1630680226094,1
1630680226187,1
1630680226312,1
1630680226406,1
1630680226515,1
1630680226609,1
1630680226718,1
1630680226783,1
1630680226955,1
1630680227033,1
1630680227112,1
1630680227205,1
1630680227284,1
1630680227394,1
1630680227524,1
1630680227616,1
1630680227724,1
1630680227833,1
1630680227958,1
1630680228018,1
1630680228195,1
1630680228220,1
1630680228364,1
1630680228423,1
1630680228523,1
1630680228628,1
1630680228753,1
1630680228862,1
1630680228955,1
1630680229017,1
1630680229158,1
1630680229226,1
1630680229351,1
1630680229462,1
1630680229549,1
1630680229661,1
1630680229737,1
1630680229847,1
1630680230003,1
1630680230065,1
1630680230156,1
1630680230254,1
1630680230357,1
1630680230452,1
1630680230595,1
1630680230693,1
1630680230787,1
1630680230877,1
1630680230971,1
1630680231080,1
1630680231190,1
1630680231284,1
1630680231409,1
1630680231502,1
1630680231614,1
1630680231681,1
1630680231813,1
1630680231913,1
1630680231978,1
1630680232081,1
1630680232172,1
1630680232280,1
1630680232405,1
1630680232499,1
1630680232621,1
1630680232713,1
1630680232781,1
1630680232898,1
1630680233046,1
1630680233108,1
1630680233186,1
1630680233309,1
1630680233411,1
1630680233473,1
1630680233622,1
1630680233717,1
1630680233828,1
1630680233922,1
1630680234017,1
1630680234109,1
1630680234235,1
1630680234344,1
1630680234440,1
1630680234537,1
1630680234613,1
1630680234708,1
1630680234861,1
1630680234954,1
1630680235031,1
1630680235123,1
1630680235231,1
1630680235324,1
1630680235497,1
1630680235560,1
1630680235638,1
1630680235730,1
1630680235824,1
1630680235918,1
1630680236057,1
1630680236182,1
1630680236259,1
1630680236361,1
1630680236458,1
1630680236517,1
1630680236659,1
1630680236801,1
1630680236894,1
1630680236957,1
1630680237066,1
1630680237158,1
1630680237287,1
1630680237385,1
1630680237456,1
1630680237564,1
1630680237658,1
1630680237751,1
1630680237890,1
1630680237998,1
1630680238092,1
1630680238170,1
1630680238280,1
1630680238358,1
1630680238531,1
1630680238594,1
1630680238703,1
1630680238797,1
1630680238891,1
1630680238984,1
1630680239109,1
1630680239218,1
1630680239328,1
1630680239437,1
1630680239484,1
1630680239611,1
1630680239704,1
1630680239814,1
1630680239926,1
1630680240014,1
1630680240157,1
1630680240204,1
1630680240345,1
1630680240438,1
1630680240548,1
1630680240611,1
1630680240703,1
1630680240815,1
1630680240942,1
1630680241036,1
1630680241145,1
1630680241239,1
1630680241301,1
1630680241426,1
1630680241570,1
1630680241660,1
1630680241772,1
1630680241846,1
1630680241943,1
1630680242019,1
1630680242161,1
1630680242256,1
1630680242361,1
1630680242455,1
1630680242517,1
1630680242627,1
1630680242755,1
1630680242879,1
1630680242974,1
1630680243066,1
1630680243159,1
1630680243228,1
1630680243384,1
1630680243493,1
1630680243605,1
1630680243663,1
1630680243770,1
1630680243864,1
1630680243986,1
1630680244095,1
1630680244192,1
1630680244285,1
1630680244363,1
1630680244495,1
1630680244594,1
1630680244713,1
1630680244791,1
1630680244901,1
1630680245010,1
1630680245057,1
1630680245197,1
1630680245307,1
1630680245400,1
1630680245489,1
1630680245598,1
1630680245705,1
1630680245836,1
1630680245883,1
1630680245995,1
1630680246111,1
1630680246216,1
1630680246278,1
1630680246448,1
1630680246527,1
1630680246604,1
1630680246713,1
1630680246809,1
1630680246904,1
1630680247044,1
1630680247138,1
1630680247246,1
1630680247307,1
1630680247414,1
1630680247546,1
1630680247671,1
1630680247749,1
1630680247876,1
1630680247955,1
1630680248017,1
1630680248126,1
1630680248281,1
1630680248391,1
1630680248453,1
1630680248547,1
1630680248656,1
1630680248750,1
1630680248891,1
1630680248953,1
1630680249047,1
1630680249156,1
1630680249234,1
1630680249328,1
1630680249484,1
1630680249578,1
1630680249687,1
1630680249781,1
1630680249859,1
1630680249953,1
1630680250109,1
1630680250187,1
1630680250281,1
1630680250396,1
1630680250443,1
1630680250553,1
1630680250726,1
1630680250789,1
1630680250882,1
1630680250992,1
1630680251085,1
1630680251148,1
1630680251304,1
1630680251414,1
1630680251493,1
1630680251587,1
1630680251728,1
1630680251774,1
1630680251915,1
1630680252024,1
1630680252118,1
1630680252227,1
1630680252321,1
1630680252383,1
1630680252512,1
1630680252621,1
1630680252715,1
1630680252809,1
1630680252903,1
1630680253012,1
1630680253121,1
1630680253215,1
1630680253324,1
1630680253418,1
1630680253515,1
1630680253608,1
1630680253749,1
1630680253843,1
1630680253937,1
1630680254015,1
1630680254155,1
1630680254218,1
1630680254374,1
1630680254452,1
1630680254544,1
1630680254622,1
1630680254732,1
1630680254841,1
1630680254951,1
1630680255044,1
1630680255154,1
1630680255247,1
1630680255357,1
1630680255450,1
1630680255591,1
1630680255653,1
1630680255747,1
1630680255856,1
1630680255950,1
1630680256059,1
1630680256200,1
1630680256294,1
1630680256403,1
1630680256466,1
1630680256609,1
1630680256687,1
1630680256781,1
1630680256922,1
1630680256984,1
1630680257093,1
1630680257140,1
1630680257281,1
1630680257421,1
1630680257484,1
1630680257593,1
1630680257674,1
1630680257768,1
1630680257861,1
1630680258002,1
1630680258096,1
1630680258205,1
1630680258299,1
1630680258361,1
1630680258503,1
1630680258628,1
1630680258691,1
1630680258800,1
1630680258909,1
1630680259003,1
1630680259097,1
1630680259237,1
1630680259331,1
1630680259425,1
1630680259521,1
1630680259615,1
1630680259693,1
1630680259833,1
1630680259927,1
1630680260005,1
1630680260115,1
1630680260224,1
1630680260286,1
1630680260458,1
1630680260552,1
1630680260614,1
1630680260739,1
1630680260833,1
1630680260927,1
1630680261067,1
1630680261177,1
1630680261239,1
1630680261317,1
1630680261458,1
1630680261523,1
1630680261664,1
1630680261773,1
1630680261867,1
1630680261976,1
1630680262023,1
1630680262133,1
1630680262258,1
1630680262367,1
1630680262461,1
1630680262557,1
1630680262666,1
1630680262729,1
1630680262869,1
1630680263010,1
1630680263072,1
1630680263166,1
1630680263275,1
1630680263369,1
1630680263511,1
1630680263591,1
1630680263700,1
1630680263779,1
1630680263872,1
1630680263966,1
1630680264107,1
1630680264200,1
1630680264278,1
1630680264419,1
1630680264481,1
1630680264578,1
1630680264719,1
1630680264812,1
1630680264953,1
1630680264984,1
1630680265078,1
1630680265187,1
1630680265359,1
1630680265421,1
1630680265515,1
1630680265628,1
1630680265690,1
1630680265784,1
1630680265956,1
1630680266018,1
1630680266127,1
1630680266205,1
1630680266315,1
1630680266409,1
1630680266549,1
1630680266627,1
1630680266738,1
1630680266863,1
1630680266910,1
1630680267004,1
1630680267145,1
1630680267254,1
1630680267363,1
1630680267457,1
1630680267520,1
1630680267614,1
1630680267772,1
1630680267866,1
1630680267928,1
1630680268038,1
1630680268131,1
1630680268241,1
1630680268366,1
1630680268460,1
1630680268569,1
1630680268682,1
1630680268745,1
1630680268823,1
1630680269010,1
1630680269057,1
1630680269182,1
1630680269276,1
1630680269370,1
1630680269432,1
1630680269604,1
1630680269698,1
1630680269776,1
1630680269870,1
1630680269979,1
1630680270026,1
1630680270198,1
1630680270291,1
1630680270370,1
1630680270463,1
1630680270604,1
1630680270666,1
1630680270807,1
1630680270901,1
1630680271010,1
1630680271072,1
1630680271166,1
1630680271307,1
1630680271401,1
1630680271494,1
1630680271590,1
1630680271700,1
1630680271793,1
1630680271856,1
1630680272027,1
1630680272137,1
1630680272230,1
1630680272293,1
1630680272434,1
1630680272512,1
1630680272623,1
1630680272733,1
1630680272857,1
1630680272952,1
1630680273030,1
1630680273092,1
1630680273232,1
1630680273342,1
1630680273467,1
1630680273545,1
1630680273623,1
1630680273719,1
1630680273891,1
1630680273954,1
1630680274047,1
1630680274110,1
1630680274235,1
1630680274329,1
1630680274469,1
1630680274532,1
1630680274657,1
1630680274750,1
1630680274828,1
1630680274938,1
1630680275094,1
1630680275157,1
1630680275266,1
1630680275344,1
1630680275456,1
1630680275550,1
1630680275690,1
1630680275784,1
1630680275862,1
1630680275971,1
1630680276034,1
1630680276159,1
1630680276299,1
1630680276377,1
1630680276474,1
1630680276568,1
1630680276661,1
1630680276740,1
1630680276911,1
1630680276974,1
1630680277099,1
1630680277208,1
1630680277302,1
1630680277396,1
1630680277488,1
1630680277616,1
1630680277695,1
1630680277788,1
1630680277898,1
1630680277976,1
1630680278101,1
1630680278210,1
1630680278304,1
1630680278397,1
1630680278492,1
1630680278574,1
1630680278730,1
1630680278793,1
1630680278902,1
1630680279011,1
1630680279074,1
1630680279199,1
1630680279308,1
1630680279433,1
1630680279515,1
1630680279609,1
1630680279718,1
1630680279781,1
1630680279953,1
1630680280062,1
1630680280124,1
1630680280218,1
1630680280359,1
1630680280453,1
1630680280546,1
1630680280658,1
1630680280752,1
1630680280846,1
1630680280955,1
1630680281017,1
1630680281158,1
1630680281252,1
1630680281361,1
1630680281439,1
1630680281549,1
1630680281627,1
1630680281783,1
1630680281893,1
1630680281955,1
1630680282080,1
1630680282173,1
1630680282236,1
1630680282392,1
1630680282486,1
1630680282564,1
1630680282673,1
1630680282767,1
1630680282830,1
1630680282986,1
1630680283080,1
1630680283173,1
1630680283267,1
1630680283361,1
1630680283470,1
1630680283611,1
1630680283704,1
1630680283798,1
1630680283876,1
1630680283970,1
1630680284079,1
1630680284220,1
1630680284282,1
1630680284410,1
1630680284503,1
1630680284581,1
1630680284644,1
1630680284831,1
1630680284894,1
1630680285019,1
1630680285113,1
1630680285207,1
1630680285316,1
1630680285474,1
1630680285537,1
1630680285599,1
1630680285709,1
1630680285802,1
1630680285896,1
1630680286036,1
1630680286147,1
1630680286227,1
1630680286342,1
1630680286404,1
1630680286498,1
1630680286639,1
1630680286779,1
1630680286842,1
1630680286944,1
1630680287038,1
1630680287116,1
1630680287240,1
1630680287349,1
1630680287457,1
1630680287560,1
1630680287623,1
1630680287716,1
1630680287841,1
1630680287965,1
1630680288059,1
1630680288152,1
1630680288261,1
1630680288354,1
1630680288479,1
1630680288587,1
1630680288682,1
1630680288745,1
1630680288875,1
1630680288953,1
1630680289109,1
1630680289187,1
1630680289295,1
1630680289389,1
1630680289485,1
1630680289563,1
1630680289685,1
1630680289793,1
1630680289886,1
1630680289980,1
1630680290089,1
1630680290152,1
1630680290292,1
1630680290386,1
1630680290494,1
1630680290588,1
1630680290697,1
1630680290791,1
1630680290931,1
1630680291010,1
1630680291088,1
1630680291197,1
1630680291291,1
1630680291400,1
1630680291509,1
1630680291618,1
1630680291716,1
1630680291794,1
1630680291903,1
1630680291997,1
1630680292122,1
1630680292234,1
1630680292311,1
1630680292420,1
1630680292530,1
1630680292608,1
1630680292736,1
1630680292845,1
1630680292939,1
1630680293032,1
1630680293110,1
1630680293236,1
1630680293376,1
1630680293439,1
1630680293517,1
1630680293673,1
1630680293738,1
1630680293847,1
1630680293972,1
1630680294050,1
1630680294128,1
1630680294236,1
1630680294346,1
1630680294439,1
1630680294598,1
1630680294645,1
1630680294754,1
1630680294863,1
1630680294942,1
1630680295042,1
1630680295167,1
1630680295284,1
1630680295367,1
1630680295477,1
1630680295532,1
1630680295641,1
1630680295809,1
1630680295872,1
1630680295968,1
1630680296110,1
1630680296168,1
1630680296228,1
1630680296395,1
1630680296492,1
1630680296586,1
1630680296681,1
1630680296806,1
1630680296944,1
1630680297007,1
1630680297099,1
1630680297225,1
1630680297271,1
1630680297366,1
1630680297460,1
1630680297603,1
1630680297695,1
1630680297788,1
1630680297882,1
1630680297979,1
1630680298065,1
1630680298215,1
1630680298311,1
1630680298420,1
1630680298479,1
1630680298588,1
1630680298682,1
1630680298811,1
1630680298921,1
1630680299014,1
1630680299123,1
1630680299213,1
1630680299292,1
1630680299448,1
1630680299557,1
1630680299611,1
1630680299724,1
1630680299818,1
1630680299912,1
1630680300068,1
1630680300157,1
1630680300245,1
1630680300354,1
1630680300416,1
1630680300526,1
1630680300651,1
1630680300760,1
1630680300854,1
1630680300947,1
1630680301041,1
1630680301151,1
1630680301291,1
1630680301338,1
1630680301447,1
1630680301559,1
1630680301668,1
1630680301762,1
1630680301890,1
1630680301968,1
1630680302078,1
1630680302172,1
1630680302234,1
1630680302343,1
1630680302515,1
1630680302565,1
1630680302675,1
1630680302800,1
1630680302878,1
1630680302972,1
1630680303112,1
1630680303198,1
1630680303308,1
1630680303370,1
1630680303479,1
1630680303576,1
1630680303702,1
1630680303810,1
1630680303888,1
1630680303982,1
1630680304076,1
1630680304170,1
1630680304341,1
1630680304388,1
1630680304498,1
1630680304622,1
1630680304687,1
1630680304812,1
1630680304937,1
1630680305015,1
1630680305156,1
1630680305218,1
1630680305327,1
1630680305390,1
1630680305546,1
1630680305642,1
1630680305736,1
1630680305845,1
1630680305942,1
1630680306020,1
1630680306145,1
1630680306254,1
1630680306332,1
1630680306457,1
1630680306504,1
1630680306614,1
1630680306773,1
1630680306866,1
1630680306944,1
1630680307038,1
1630680307132,1
1630680307241,1
1630680307382,1
1630680307476,1
1630680307569,1
1630680307632,1
1630680307741,1
1630680307850,1
1630680307975,1
1630680308069,1
1630680308163,1
1630680308273,1
1630680308382,1
1630680308444,1
1630680308603,1
1630680308681,1
1630680308790,1
1630680308868,1
1630680308962,1
1630680309087,1
1630680309196,1
1630680309275,1
1630680309415,1
1630680309478,1
1630680309574,1
1630680309667,1
1630680309808,1
1630680309917,1
1630680310011,1
1630680310105,1
1630680310179,1
1630680310273,1
1630680310397,1
1630680310508,1
1630680310622,1
1630680310717,1
1630680310763,1
1630680310904,1
1630680311030,1
1630680311107,1
1630680311202,1
1630680311295,1
1630680311406,1
1630680311514,1
1630680311628,1
1630680311738,1
1630680311831,1
1630680311894,1
1630680312041,1
1630680312114,1
1630680312239,1
1630680312348,1
1630680312442,1
1630680312536,1
1630680312613,1
1630680312722,1
1630680312877,1
1630680312940,1
1630680313034,1
1630680313117,1
1630680313226,1
1630680313351,1
1630680313460,1
1630680313569,1
1630680313682,1
1630680313760,1
1630680313869,1
1630680313947,1
1630680314104,1
1630680314182,1
1630680314276,1
1630680314385,1
1630680314432,1
1630680314572,1
1630680314700,1
1630680314794,1
1630680314856,1
1630680314966,1
1630680315062,1
1630680315172,1
1630680315281,1
1630680315406,1
1630680315468,1
1630680315562,1
1630680315674,1
1630680315767,1
1630680315908,1
1630680316013,1
1630680316107,1
1630680316169,1
1630680316278,1
1630680316372,1
1630680316531,1
1630680316625,1
1630680316703,1
1630680316797,1
1630680316891,1
1630680317000,1
1630680317125,1
1630680317234,1
1630680317359,1
1630680317391,1
1630680317531,1
1630680317594,1
1630680317719,1
1630680317828,1
1630680317922,1
1630680318031,1
1630680318125,1
1630680318219,1
1630680318328,1
1630680318437,1
1630680318531,1
1630680318625,1
1630680318734,1
1630680318828,1
1630680318968,1
1630680319031,1
1630680319160,1
1630680319254,1
1630680319300,1
1630680319410,1
1630680319566,1
1630680319644,1
1630680319738,1
1630680319831,1
1630680319941,1
1630680320050,1
1630680320175,1
1630680320269,1
1630680320362,1
1630680320456,1
1630680320550,1
1630680320646,1
1630680320771,1
1630680320881,1
1630680320974,1
1630680321068,1
1630680321162,1
1630680321255,1
1630680321380,1
1630680321505,1
1630680321568,1
1630680321693,1
1630680321771,1
1630680321865,1
1630680321990,1
1630680322130,1
1630680322224,1
1630680322302,1
1630680322365,1
1630680322462,1
1630680322587,1
1630680322696,1
1630680322790,1
1630680322884,1
1630680322993,1
1630680323071,1
1630680323190,1
1630680323315,1
1630680323393,1
1630680323487,1
1630680323597,1
1630680323690,1
1630680323831,1
1630680323925,1
1630680324018,1
1630680324112,1
1630680324206,1
1630680324268,1
1630680324440,1
1630680324553,1
1630680324600,1
1630680324710,1
1630680324803,1
1630680324913,1
1630680325022,1
1630680325132,1
1630680325226,1
1630680325346,1
1630680325426,1
1630680325533,1
1630680325659,1
1630680325784,1
1630680325830,1
1630680325939,1
1630680326033,1
1630680326110,1
1630680326265,1
1630680326343,1
1630680326451,1
1630680326517,1
1630680326625,1
1630680326720,1
1630680326863,1
1630680326960,1
1630680327050,1
1630680327147,1
1630680327241,1
1630680327334,1
1630680327463,1
1630680327572,1
1630680327666,1
1630680327775,1
1630680327869,1
1630680327947,1
1630680328075,1
1630680328181,1
1630680328276,1
1630680328377,1
1630680328470,1
1630680328564,1
1630680328705,1
1630680328783,1
1630680328908,1
1630680328970,1
1630680329080,1
1630680329173,1
1630680329298,1
1630680329408,1
1630680329517,1
1630680329611,1
1630680329672,1
1630680329775,1
1630680329900,1
1630680330026,1
1630680330125,1
1630680330201,1
1630680330294,1
1630680330388,1
1630680330560,1
1630680330622,1
1630680330731,1
1630680330825,1
1630680330919,1
1630680330997,1
1630680331157,1
1630680331220,1
1630680331329,1
1630680331423,1
1630680331487,1
1630680331628,1
1630680331753,1
1630680331815,1
1630680331933,1
1630680332011,1
1630680332105,1
1630680332198,1
1630680332370,1
1630680332464,1
1630680332529,1
1630680332670,1
1630680332732,1
1630680332826,1
1630680332966,1
1630680333060,1
1630680333154,1
1630680333232,1
1630680333357,1
1630680333435,1
1630680333549,1
1630680333658,1
1630680333752,1
1630680333877,1
1630680333955,1
1630680334048,1
1630680334177,1
1630680334271,1
1630680334381,1
1630680334474,1
1630680334568,1
1630680334649,1
1630680334790,1
1630680334914,1
1630680334977,1
1630680335071,1
1630680335164,1
1630680335274,1
1630680335414,1
1630680335492,1
1630680335586,1
1630680335683,1
1630680335777,1
1630680335886,1
1630680336042,1
1630680336136,1
1630680336183,1
1630680336292,1
1630680336401,1
1630680336495,1
1630680336620,1
1630680336732,1
1630680336826,1
1630680336904,1
1630680337029,1
1630680337092,1
1630680337232,1
1630680337326,1
1630680337420,1
1630680337529,1
1630680337623,1
1630680337701,1
1630680337826,1
1630680337919,1
1630680338013,1
1630680338154,1
1630680338216,1
1630680338310,1
1630680338435,1
1630680338531,1
1630680338640,1
1630680338750,1
1630680338874,1
1630680338906,1
1630680339062,1
1630680339140,1
1630680339234,1
1630680339343,1
1630680339437,1
1630680339534,1
1630680339674,1
1630680339768,1
1630680339877,1
1630680339971,1
1630680340049,1
1630680340143,1
1630680340291,1
1630680340360,1
1630680340471,1
1630680340561,1
1630680340655,1
1630680340749,1
1630680340891,1
1630680340983,1
1630680341046,1
1630680341156,1
1630680341251,1
1630680341357,1
1630680341486,1
1630680341574,1
1630680341693,1
1630680341793,1
1630680341871,1
1630680341965,1
1630680342114,1
1630680342208,1
1630680342270,1
1630680342411,1
1630680342474,1
1630680342582,1
1630680342710,1
1630680342815,1
1630680342907,1
1630680343012,1
1630680343074,1
1630680343199,1
1630680343340,1
1630680343414,1
1630680343507,1
1630680343617,1
1630680343695,1
1630680343789,1
1630680343929,1
1630680344058,1
1630680344136,1
1630680344230,1
1630680344324,1
1630680344417,1
1630680344561,1
1630680344655,1
1630680344733,1
1630680344827,1
1630680344920,1
1630680344998,1
1630680345155,1
1630680345261,1
1630680345324,1
1630680345433,1
1630680345495,1
1630680345609,1
1630680345749,1
1630680345874,1
1630680345968,1
1630680346046,1
1630680346181,1
1630680346259,1
1630680346397,1
1630680346459,1
1630680346587,1
1630680346650,1
1630680346759,1
1630680346884,1
1630680346978,1
1630680347088,1
1630680347166,1
1630680347259,1
1630680347353,1
1630680347447,1
1630680347575,1
1630680347684,1
1630680347778,1
1630680347872,1
1630680347981,1
1630680348075,1
1630680348215,1
1630680348278,1
1630680348371,1
1630680348465,1
1630680348574,1
1630680348672,1
1630680348813,1
1630680348907,1
1630680349000,1
1630680349063,1
1630680349172,1
1630680349265,1
1630680349424,1
1630680349502,1
1630680349627,1
1630680349689,1
1630680349783,1
1630680349893,1
1630680350033,1
1630680350158,1
1630680350221,1
1630680350330,1
1630680350392,1
1630680350536,1
1630680350614,1
1630680350724,1
1630680350817,1
1630680350911,1
1630680351005,1
1630680351114,1
1630680351255,1
1630680351348,1
1630680351442,1
1630680351539,1
1630680351601,1
1630680351742,1
1630680351882,1
1630680351929,1
1630680352039,1
1630680352148,1
1630680352242,1
1630680352351,1
1630680352476,1
1630680352572,1
1630680352650,1
1630680352744,1
1630680352837,1
1630680352931,1
1630680353072,1
1630680353181,1
1630680353228,1
1630680353384,1
1630680353431,1
1630680353525,1
1630680353667,1
1630680353777,1
1630680353886,1
1630680353977,1
1630680354071,1
1630680354149,1
1630680354305,1
1630680354414,1
1630680354477,1
1630680354571,1
1630680354682,1
1630680354776,1
1630680354901,1
1630680354995,1
1630680355104,1
1630680355214,1
1630680355276,1
1630680355385,1
1630680355509,1
1630680355603,1
1630680355715,1
1630680355777,1
1630680355871,1
1630680355980,1
1630680356105,1
1630680356199,1
1630680356308,1
1630680356419,1
1630680356513,1
1630680356576,1
1630680356747,1
1630680356810,1
1630680356904,1
1630680356997,1
1630680357091,1
1630680357232,1
1630680357336,1
1630680357416,1
1630680357522,1
1630680357614,1
1630680357722,1
1630680357786,1
1630680357956,1
1630680358019,1
1630680358129,1
1630680358221,1
1630680358329,1
1630680358420,1
1630680358530,1
1630680358640,1
1630680358733,1
1630680358843,1
1630680358937,1
1630680359079,1
1630680359172,1
1630680359282,1
1630680359376,1
1630680359464,1
1630680359542,1
1630680359636,1
1630680359779,1
1630680359878,1
1630680359987,1
1630680360065,1
1630680360128,1
1630680360222,1
1630680360394,1
1630680360487,1
1630680360593,1
1630680360671,1
1630680360749,1
1630680360835,1
1630680360993,1
1630680361087,1
1630680361211,1
1630680361273,1
1630680361364,1
1630680361459,1
1630680361618,1
1630680361680,1
1630680361805,1
1630680361868,1
1630680361976,1
1630680362084,1
1630680362213,1
1630680362308,1
1630680362416,1
1630680362479,1
1630680362590,1
1630680362668,1
1630680362824,1
1630680362968,1
1630680362998,1
1630680363092,1
1630680363200,1
1630680363274,1
1630680363434,1
1630680363529,1
1630680363610,1
1630680363704,1
1630680363797,1
1630680363907,1
1630680364028,1
1630680364143,1
1630680364221,1
1630680364331,1
1630680364439,1
1630680364488,1
1630680364661,1
1630680364756,1
1630680364817,1
1630680364925,1
1630680365020,1
1630680365116,1
1630680365257,1
1630680365352,1
1630680365450,1
1630680365524,1
1630680365619,1
1630680365714,1
1630680365887,1
1630680365949,1
1630680366043,1
1630680366129,1
1630680366244,1
1630680366322,1
1630680366494,1
1630680366556,1
1630680366668,1
1630680366761,1
1630680366856,1
1630680366950,1
1630680367110,1
1630680367173,1
1630680367267,1
1630680367376,1
1630680367438,1
1630680367563,1
1630680367695,1
1630680367789,1
1630680367883,1
1630680367976,1
1630680368101,1
1630680368148,1
1630680368309,1
1630680368404,1
1630680368513,1
1630680368575,1
1630680368669,1
1630680368763,1
1630680368935,1
1630680368997,1
1630680369091,1
1630680369200,1
1630680369297,1
1630680369406,1
1630680369531,1
1630680369625,1
1630680369734,1
1630680369828,1
1630680369906,1
1630680369984,1
1630680370125,1
1630680370250,1
1630680370328,1
1630680370432,1
1630680370529,1
1630680370592,1
1630680370760,1
1630680370869,1
1630680371010,1
1630680371025,1
1630680371166,1
1630680371228,1
1630680371353,1
1630680371494,1
1630680371525,1
1630680371635,1
1630680371760,1
1630680371853,1
1630680371963,1
1630680372056,1
1630680372166,1
1630680372260,1
1630680372338,1
1630680372431,1
1630680372556,1
1630680372653,1
1630680372762,1
1630680372856,1
1630680372950,1
1630680373028,1
1630680373153,1
1630680373294,1
1630680373372,1
1630680373450,1
1630680373559,1
1630680373653,1
1630680373793,1
1630680373903,1
1630680373996,1
1630680374059,1
1630680374168,1
1630680374262,1
1630680374403,1
1630680374496,1
1630680374590,1
1630680374653,1
1630680374793,1
1630680374856,1
1630680375043,1
1630680375106,1
1630680375199,1
1630680375309,1
1630680375387,1
1630680375480,1
1630680375637,1
1630680375762,1
1630680375793,1
1630680375902,1
1630680375996,1
1630680376106,1
1630680376231,1
1630680376309,1
1630680376449,1
1630680376515,1
1630680376624,1
1630680376703,1
1630680376843,1
1630680376921,1
1630680377015,1
1630680377108,1
1630680377202,1
1630680377280,1
1630680377468,1
1630680377530,1
1630680377627,1
1630680377721,1
1630680377814,1
1630680377924,1
1630680378049,1
1630680378142,1
1630680378243,1
1630680378352,1
1630680378415,1
1630680378540,1
1630680378684,1
1630680378746,1
1630680378887,1
1630680378934,1
1630680379043,1
1630680379137,1
1630680379293,1
1630680379402,1
1630680379465,1
1630680379607,1
1630680379670,1
1630680379764,1
1630680379904,1
1630680379998,1
1630680380107,1
1630680380170,1
1630680380263,1
1630680380373,1
1630680380498,1
1630680380591,1
1630680380656,1
1630680380797,1
1630680380859,1
1630680380953,1
1630680381093,1
1630680381203,1
1630680381359,1
1630680381390,1
1630680381484,1
1630680381593,1
1630680381718,1
1630680381812,1
1630680381921,1
1630680382015,1
1630680382109,1
1630680382202,1
1630680382312,1
1630680382407,1
1630680382517,1
1630680382611,1
1630680382721,1
1630680382767,1
1630680382924,1
1630680383033,1
1630680383111,1
1630680383220,1
1630680383314,1
1630680383423,1
1630680383548,1
1630680383642,1
1630680383736,1
1630680383830,1
1630680383923,1
1630680384001,1
1630680384158,1
1630680384236,1
1630680384329,1
1630680384423,1
1630680384534,1
1630680384628,1
1630680384769,1
1630680384862,1
1630680384956,1
1630680385019,1
1630680385128,1
1630680385222,1
1630680385362,1
1630680385472,1
1630680385568,1
1630680385677,1
1630680385771,1
1630680385818,1
1630680385959,1
1630680386052,1
1630680386162,1
1630680386255,1
1630680386365,1
1630680386459,1
1630680386602,1
1630680386664,1
1630680386773,1
1630680386867,1
1630680386945,1
1630680387070,1
1630680387211,1
1630680387289,1
1630680387398,1
1630680387461,1
1630680387601,1
1630680387698,1
1630680387838,1
1630680387901,1
1630680387997,1
1630680388121,1
1630680388184,1
1630680388278,1
1630680388402,1
1630680388496,1
1630680388590,1
1630680388701,1
1630680388795,1
1630680388889,1
1630680389029,1
1630680389123,1
1630680389201,1
1630680389295,1
1630680389404,1
1630680389498,1
1630680389641,1
1630680389719,1
1630680389844,1
1630680389922,1
1630680390000,1
1630680390094,1
1630680390265,1
1630680390328,1
1630680390437,1
1630680390531,1
1630680390625,1
1630680390706,1
1630680390846,1
1630680390940,1
1630680391065,1
1630680391128,1
1630680391221,1
1630680391331,1
1630680391456,1
1630680391565,1
1630680391673,1
1630680391755,1
1630680391833,1
1630680391989,1
1630680392067,1
1630680392161,1
1630680392254,1
1630680392364,1
1630680392473,1
1630680392536,1
1630680392661,1
1630680392770,1
1630680392885,1
1630680392944,1
1630680393022,1
1630680393162,1
1630680393302,1
1630680393382,1
1630680393460,1
1630680393571,1
1630680393679,1
1630680393743,1
1630680393913,1
1630680393972,1
1630680394067,1
1630680394175,1
1630680394279,1
1630680394373,1
1630680394498,1
1630680394576,1
1630680394701,1
1630680394780,1
1630680394894,1
1630680394972,1
1630680395113,1
1630680395223,1
1630680395314,1
1630680395408,1
1630680395498,1
1630680395592,1
1630680395716,1
1630680395826,1
1630680395919,1
1630680395999,1
1630680396094,1
1630680396204,1
1630680396360,1
1630680396407,1
1630680396520,1
1630680396614,1
1630680396723,1
1630680396817,1
1630680396957,1
1630680397036,1
1630680397147,1
1630680397210,1
1630680397303,1
1630680397413,1
1630680397553,1
1630680397647,1
1630680397740,1
1630680397850,1
1630680397912,1
1630680398006,1
1630680398146,1
1630680398256,1
1630680398350,1
1630680398444,1
1630680398522,1
1630680398615,1
1630680398782,1
1630680398844,1
1630680398938,1
1630680399079,1
1630680399142,1
1630680399251,1
1630680399392,1
1630680399486,1
1630680399567,1
1630680399660,1
1630680399738,1
1630680399848,1
1630680400004,1
1630680400098,1
1630680400176,1
1630680400270,1
1630680400363,1
1630680400473,1
1630680400601,1
1630680400694,1
1630680400804,1
1630680400898,1
1630680400944,1
1630680401085,1
1630680401214,1
1630680401291,1
1630680401385,1
1630680401494,1
1630680401592,1
1630680401654,1
1630680401827,1
1630680401936,1
1630680401998,1
1630680402092,1
1630680402217,1
1630680402280,1
1630680402420,1
1630680402514,1
1630680402610,1
1630680402704,1
1630680402813,1
1630680402891,1
1630680403047,1
1630680403109,1
1630680403219,1
1630680403312,1
1630680403453,1
1630680403515,1
1630680403659,1
1630680403768,1
1630680403831,1
1630680403971,1
1630680404034,1
1630680404128,1
1630680404253,1
1630680404346,1
1630680404440,1
1630680404534,1
1630680404628,1
1630680404737,1
1630680404862,1
1630680404971,1
1630680405065,1
1630680405174,1
1630680405237,1
1630680405331,1
1630680405473,1
1630680405551,1
1630680405676,1
1630680405754,1
1630680405832,1
1630680405973,1
1630680406107,1
1630680406169,1
1630680406279,1
1630680406373,1
1630680406451,1
1630680406564,1
1630680406704,1
1630680406798,1
1630680406860,1
1630680407001,1
1630680407063,1
1630680407173,1
1630680407329,1
1630680407391,1
1630680407503,1
1630680407597,1
1630680407659,1
1630680407769,1
1630680407940,1
1630680408034,1
1630680408097,1
1630680408190,1
1630680408300,1
1630680408362,1
1630680408536,1
1630680408630,1
1630680408692,1
1630680408786,1
1630680408927,1
1630680408974,1
1630680409114,1
1630680409208,1
1630680409317,1
1630680409411,1
1630680409520,1
1630680409585,1
1630680409757,1
1630680409850,1
1630680409913,1
1630680410007,1
1630680410116,1
1630680410210,1
1630680410350,1
1630680410444,1
1630680410553,1
1630680410618,1
1630680410759,1
1630680410806,1
1630680410946,1
1630680411040,1
1630680411149,1
1630680411259,1
1630680411337,1
1630680411446,1
1630680411587,1
1630680411681,1
1630680411743,1
1630680411884,1
1630680411978,1
1630680412056,1
1630680412180,1
1630680412290,1
1630680412384,1
1630680412449,1
1630680412543,1
1630680412652,1
1630680412793,1
1630680412871,1
1630680412980,1
1630680413043,1
1630680413168,1
1630680413261,1
1630680413402,1
1630680413498,1
1630680413592,1
1630680413655,1
1630680413764,1
1630680413858,1
1630680414014,1
1630680414092,1
1630680414186,1
1630680414295,1
1630680414389,1
1630680414483,1
1630680414610,1
1630680414704,1
1630680414813,1
1630680414875,1
1630680414985,1
1630680415079,1
1630680415219,1
1630680415328,1
1630680415438,1
1630680415500,1
1630680415596,1
1630680415690,1
1630680415830,1
1630680415940,1
1630680416033,1
1630680416127,1
1630680416190,1
1630680416330,1
1630680416455,1
1630680416552,1
1630680416614,1
1630680416724,1
1630680416817,1
1630680416942,1
1630680417067,1
1630680417130,1
1630680417223,1
1630680417333,1
1630680417442,1
1630680417520,1
1630680417664,1
1630680417742,1
1630680417852,1
1630680417945,1
1630680418023,1
1630680418133,1
1630680418258,1
1630680418383,1
1630680418445,1
1630680418555,1
1630680418650,1
1630680418760,1
1630680418885,1
1630680418978,1
1630680419072,1
1630680419150,1
1630680419260,1
1630680419338,1
1630680419494,1
1630680419572,1
1630680419669,1
1630680419747,1
1630680419872,1
1630680419997,1
1630680420122,1
1630680420200,1
1630680420294,1
1630680420404,1
1630680420513,1
1630680420591,1
1630680420703,1
1630680420796,1
1630680420906,1
1630680420999,1
1630680421109,1
1630680421156,1
1630680421327,1
1630680421406,1
1630680421499,1
1630680421609,1
1630680421687,1
1630680421796,1
1630680421921,1
1630680422015,1
1630680422124,1
1630680422202,1
1630680422312,1
1630680422405,1
1630680422562,1
1630680422640,1
1630680422737,1
1630680422800,1
1630680422924,1
1630680423034,1
1630680423159,1
1630680423253,1
1630680423362,1
1630680423456,1
1630680423521,1
1630680423630,1
1630680423755,1
1630680423849,1
1630680423958,1
1630680424067,1
1630680424130,1
1630680424224,1
1630680424364,1
1630680424458,1
1630680424551,1
1630680424664,1
1630680424757,1
1630680424836,1
1630680424961,1
1630680425070,1
1630680425164,1
1630680425257,1
1630680425367,1
1630680425461,1
1630680425594,1
1630680425703,1
1630680425766,1
1630680425858,1
1630680425953,1
1630680426062,1
1630680426186,1
1630680426279,1
1630680426388,1
1630680426448,1
1630680426560,1
1630680426653,1
1630680426776,1
1630680426901,1
1630680426995,1
1630680427073,1
1630680427175,1
1630680427284,1
1630680427409,1
1630680427519,1
1630680427612,1
1630680427709,1
1630680427787,1
1630680427880,1
1630680428005,1
1630680428115,1
1630680428240,1
1630680428302,1
1630680428380,1
1630680428521,1
1630680428677,1
1630680428708,1
1630680428818,1
1630680428911,1
1630680429005,1
1630680429114,1
1630680429239,1
1630680429349,1
1630680429411,1
1630680429508,1
1630680429617,1
1630680429711,1
1630680429836,1
1630680429945,1
1630680430039,1
1630680430144,1
1630680430238,1
1630680430316,1
1630680430472,1
1630680430537,1
1630680430647,1
1630680430740,1
1630680430834,1
1630680430912,1
1630680431084,1
1630680431178,1
1630680431240,1
1630680431350,1
1630680431448,1
1630680431549,1
1630680431674,1
1630680431783,1
1630680431877,1
1630680431986,1
1630680432080,1
1630680432143,1
1630680432314,1
1630680432377,1
1630680432517,1
1630680432583,1
1630680432677,1
1630680432740,1
1630680432880,1
1630680432974,1
1630680433083,1
1630680433208,1
1630680433287,1
1630680433349,1
1630680433505,1
1630680433617,1
1630680433664,1
1630680433773,1
1630680433882,1
1630680433976,1
1630680434117,1
1630680434211,1
1630680434305,1
1630680434368,1
1630680434508,1
1630680434587,1
1630680434742,1
1630680434805,1
1630680434914,1
1630680435024,1
1630680435117,1
1630680435180,1
1630680435352,1
1630680435445,1
1630680435523,1
1630680435602,1
1630680435716,1
1630680435810,1
1630680435950,1
1630680436044,1
1630680436138,1
1630680436216,1
1630680436341,1
1630680436403,1
1630680436575,1
1630680436670,1
1630680436734,1
1630680436828,1
1630680436937,1
1630680437000,1
1630680437172,1
1630680437265,1
1630680437375,1
1630680437437,1
1630680437547,1
1630680437640,1
1630680437767,1
1630680437861,1
1630680437970,1
1630680438033,1
1630680438127,1
1630680438236,1
1630680438408,1
1630680438470,1
1630680438564,1
1630680438673,1
1630680438767,1
1630680438861,1
1630680438986,1
1630680439095,1
1630680439189,1
1630680439251,1
1630680439361,1
1630680439455,1
1630680439579,1
1630680439689,1
1630680439783,1
1630680439892,1
1630680439986,1
1630680440048,1
1630680440220,1
1630680440314,1
1630680440392,1
1630680440501,1
1630680440579,1
1630680440673,1
1630680440798,1
1630680440907,1
1630680441001,1
1630680441095,1
1630680441179,1
1630680441288,1
1630680441444,1
1630680441507,1
1630680441600,1
1630680441713,1
1630680441807,1
1630680441916,1
1630680442025,1
1630680442119,1
1630680442197,1
1630680442306,1
1630680442418,1
1630680442528,1
1630680442637,1
1630680442731,1
1630680442840,1
1630680442934,1
1630680443012,1
1630680443090,1
1630680443262,1
1630680443340,1
1630680443437,1
1630680443546,1
1630680443640,1
1630680443734,1
1630680443874,1
1630680443968,1
1630680444046,1
1630680444140,1
1630680444234,1
1630680444344,1
1630680444468,1
1630680444578,1
1630680444655,1
1630680444796,1
1630680444890,1
1630680444921,1
1630680445077,1
1630680445202,1
1630680445265,1
1630680445358,1
1630680445453,1
1630680445562,1
1630680445687,1
1630680445796,1
1630680445890,1
1630680445983,1
1630680446061,1
1630680446155,1
1630680446280,1
1630680446374,1
1630680446483,1
1630680446594,1
1630680446690,1
1630680446753,1
1630680446893,1
1630680447003,1
1630680447112,1
1630680447175,1
1630680447284,1
1630680447378,1
1630680447505,1
1630680447599,1
1630680447708,1
1630680447802,1
1630680447895,1
1630680447989,1
1630680448130,1
1630680448239,1
1630680448301,1
1630680448413,1
1630680448507,1
1630680448616,1
1630680448757,1
1630680448851,1
1630680448944,1
1630680449007,1
1630680449116,1
1630680449210,1
1630680449348,1
1630680449442,1
1630680449533,1
1630680449624,1
1630680449718,1
1630680449794,1
1630680449966,1
1630680450029,1
1630680450127,1
1630680450217,1
1630680450310,1
1630680450447,1
1630680450544,1
1630680450653,1
1630680450747,1
1630680450841,1
1630680450919,1
1630680451063,1
1630680451188,1
1630680451297,1
1630680451361,1
1630680451462,1
1630680451554,1
1630680451654,1
1630680451780,1
1630680451921,1
1630680451952,1
1630680452048,1
1630680452141,1
1630680452251,1
1630680452376,1
1630680452454,1
1630680452583,1
1630680452724,1
1630680452755,1
1630680452833,1
1630680452989,1
1630680453145,1
1630680453192,1
1630680453317,1
1630680453411,1
1630680453473,1
1630680453615,1
1630680453709,1
1630680453803,1
1630680453897,1
1630680453995,1
1630680454088,1
1630680454229,1
1630680454354,1
1630680454417,1
1630680454526,1
1630680454604,1
1630680454700,1
1630680454825,1
1630680454934,1
1630680455012,1
1630680455090,1
1630680455241,1
1630680455304,1
1630680455445,1
1630680455538,1
1630680455681,1
1630680455697,1
1630680455838,1
1630680455900,1
1630680456041,1
1630680456119,1
1630680456228,1
1630680456322,1
1630680456447,1
1630680456541,1
1630680456666,1
1630680456775,1
1630680456869,1
1630680456931,1
1630680457041,1
1630680457119,1
1630680457259,1
1630680457353,1
1630680457462,1
1630680457544,1
1630680457653,1
1630680457747,1
1630680457888,1
1630680457981,1
1630680458047,1
1630680458157,1
1630680458266,1
1630680458360,1
1630680458485,1
1630680458594,1
1630680458688,1
1630680458750,1
1630680458844,1
1630680458953,1
1630680459094,1
1630680459188,1
1630680459281,1
1630680459375,1
1630680459453,1
1630680459563,1
1630680459719,1
1630680459781,1
1630680459891,1
1630680460002,1
1630680460096,1
1630680460188,1
1630680460326,1
1630680460387,1
1630680460511,1
1630680460575,1
1630680460685,1
1630680460781,1
1630680460953,1
1630680461013,1
1630680461123,1
1630680461216,1
1630680461277,1
1630680461388,1
1630680461542,1
1630680461637,1
1630680461699,1
1630680461793,1
1630680461902,1
1630680461997,1
1630680462131,1
1630680462225,1
1630680462319,1
1630680462428,1
1630680462524,1
1630680462613,1
1630680462768,1
1630680462861,1
1630680462923,1
1630680463048,1
1630680463110,1
1630680463212,1
1630680463353,1
1630680463449,1
1630680463558,1
1630680463652,1
1630680463730,1
1630680463823,1
1630680463948,1
1630680464058,1
1630680464167,1
1630680464261,1
1630680464355,1
1630680464418,1
1630680464577,1
1630680464687,1
1630680464765,1
1630680464859,1
1630680464952,1
1630680465062,1
1630680465187,1
1630680465296,1
1630680465374,1
1630680465452,1
1630680465548,1
1630680465657,1
1630680465782,1
1630680465892,1
1630680465986,1
1630680466095,1
1630680466188,1
1630680466267,1
1630680466415,1
1630680466508,1
1630680466606,1
1630680466684,1
1630680466778,1
1630680466918,1
1630680467043,1
1630680467090,1
1630680467199,1
1630680467309,1
1630680467402,1
1630680467465,1
1630680467639,1
1630680467701,1
1630680467811,1
1630680467904,1
1630680468014,1
1630680468108,1
1630680468233,1
1630680468311,1
1630680468420,1
1630680468529,1
1630680468628,1
1630680468722,1
1630680468863,1
1630680468909,1
1630680469019,1
1630680469144,1
1630680469237,1
1630680469331,1
1630680469472,1
1630680469550,1
1630680469646,1
1630680469740,1
1630680469849,1
1630680469974,1
1630680470068,1
1630680470146,1
1630680470240,1
1630680470349,1
1630680470444,1
1630680470538,1
1630680470694,1
1630680470788,1
1630680470850,1
1630680470960,1
1630680471054,1
1630680471163,1
1630680471288,1
1630680471397,1
1630680471478,1
1630680471588,1
1630680471681,1
1630680471744,1
1630680471884,1
1630680471994,1
1630680472087,1
1630680472197,1
1630680472275,1
1630680472353,1
1630680472496,1
1630680472621,1
1630680472683,1
1630680472793,1
1630680472886,1
1630680472980,1
1630680473164,1
1630680473226,1
1630680473336,1
1630680473414,1
1630680473492,1
1630680473589,1
1630680473746,1
1630680473876,1
1630680473907,1
1630680474017,1
1630680474112,1
1630680474192,1
1630680474317,1
1630680474411,1
1630680474518,1
1630680474613,1
1630680474708,1
1630680474786,1
1630680474957,1
1630680475052,1
1630680475113,1
1630680475207,1
1630680475316,1
1630680475412,1
1630680475556,1
1630680475653,1
1630680475746,1
1630680475825,1
1630680475934,1
1630680476012,1
1630680476168,1
1630680476277,1
1630680476356,1
1630680476465,1
1630680476543,1
1630680476639,1
1630680476780,1
1630680476858,1
1630680476967,1
1630680477030,1
1630680477155,1
1630680477295,1
1630680477374,1
1630680477467,1
1630680477577,1
1630680477704,1
1630680477751,1
1630680477892,1
1630680478001,1
1630680478079,1
1630680478189,1
1630680478298,1
1630680478361,1
1630680478462,1
1630680478587,1
1630680478696,1
1630680478790,1
1630680478883,1
1630680478946,1
1630680479086,1
1630680479227,1
1630680479289,1
1630680479399,1
1630680479499,1
1630680479592,1
1630680479686,1
1630680479828,1
1630680479927,1
1630680479989,1
1630680480099,1
1630680480224,1
1630680480302,1
1630680480427,1
1630680480507,1
1630680480617,1
1630680480695,1
1630680480804,1
1630680480898,1
1630680481038,1
1630680481179,1
1630680481195,1
1630680481335,1
1630680481398,1
1630680481510,1
1630680481635,1
1630680481776,1
1630680481870,1
1630680481948,1
1630680482026,1
1630680482104,1
1630680482276,1
1630680482338,1
1630680482448,1
1630680482533,1
1630680482643,1
1630680482705,1
1630680482877,1
1630680482971,1
1630680483080,1
1630680483143,1
1630680483237,1
1630680483346,1
1630680483486,1
1630680483564,1
1630680483677,1
1630680483740,1
1630680483849,1
1630680483927,1
1630680484084,1
1630680484178,1
1630680484271,1
1630680484380,1
1630680484458,1
1630680484537,1
1630680484713,1
1630680484806,1
1630680484915,1
1630680484962,1
1630680485071,1
1630680485181,1
1630680485306,1
1630680485415,1
1630680485509,1
1630680485603,1
1630680485696,1
1630680485759,1
1630680485900,1
1630680486009,1
1630680486103,1
1630680486212,1
1630680486306,1
1630680486368,1
1630680486537,1
1630680486599,1
1630680486709,1
1630680486802,1
1630680486896,1
1630680487005,1
1630680487146,1
1630680487193,1
1630680487333,1
1630680487411,1
1630680487505,1
1630680487608,1
1630680487748,1
1630680487842,1
1630680487951,1
1630680488014,1
1630680488105,1
1630680488199,1
1630680488339,1
1630680488433,1
1630680488548,1
1630680488642,1
1630680488705,1
1630680488845,1
1630680488970,1
1630680489048,1
1630680489142,1
1630680489236,1
1630680489345,1
1630680489439,1
1630680489564,1
1630680489673,1
1630680489767,1
1630680489861,1
1630680489970,1
1630680490048,1
1630680490189,1
1630680490267,1
1630680490376,1
1630680490501,1
1630680490548,1
1630680490626,1
1630680490798,1
1630680490876,1
1630680491001,1
1630680491079,1
1630680491173,1
1630680491267,1
1630680491392,1
1630680491470,1
1630680491564,1
1630680491660,1
1630680491785,1
1630680491879,1
1630680492019,1
1630680492097,1
1630680492191,1
1630680492285,1
1630680492394,1
1630680492456,1
1630680492613,1
1630680492709,1
1630680492787,1
1630680492881,1
1630680493006,1
1630680493099,1
1630680493224,1
1630680493318,1
1630680493428,1
1630680493521,1
1630680493584,1
1630680493696,1
1630680493822,1
1630680493931,1
1630680494025,1
1630680494103,1
1630680494243,1
1630680494290,1
1630680494449,1
1630680494559,1
1630680494621,1
1630680494730,1
1630680494855,1
1630680494918,1
1630680495058,1
1630680495152,1
1630680495261,1
1630680495324,1
1630680495433,1
1630680495527,1
1630680495668,1
1630680495761,1
1630680495855,1
1630680495949,1
1630680496043,1
1630680496136,1
1630680496277,1
1630680496339,1
1630680496449,1
1630680496542,1
1630680496667,1
1630680496730,1
1630680496870,1
1630680496964,1
1630680497073,1
1630680497167,1
1630680497277,1
1630680497323,1
1630680497526,1
1630680497591,1
1630680497685,1
1630680497763,1
1630680497935,1
1630680497966,1
1630680498123,1
1630680498185,1
1630680498326,1
1630680498373,1
1630680498498,1
1630680498591,1
1630680498748,1
1630680498795,1
1630680498889,1
1630680498982,1
1630680499076,1
1630680499188,1
1630680499357,1
1630680499419,1
1630680499514,1
1630680499593,1
1630680499671,1
1630680499788,1
1630680499904,1
1630680500013,1
1630680500110,1
1630680500217,1
1630680500281,1
1630680500404,1
1630680500561,1
1630680500608,1
1630680500703,1
1630680500831,1
1630680500889,1
1630680501000,1
1630680501128,1
1630680501222,1
1630680501332,1
1630680501425,1
1630680501490,1
1630680501645,1
1630680501770,1
1630680501864,1
1630680501926,1
1630680502038,1
1630680502147,1
1630680502230,1
1630680502371,1
1630680502484,1
1630680502544,1
1630680502653,1
1630680502747,1
1630680502825,1
1630680502966,1
1630680503066,1
1630680503160,1
1630680503253,1
1630680503347,1
1630680503440,1
1630680503581,1
1630680503690,1
1630680503753,1
1630680503862,1
1630680503964,1
1630680504042,1
1630680504167,1
1630680504308,1
1630680504386,1
1630680504495,1
1630680504576,1
1630680504685,1
1630680504810,1
1630680504904,1
1630680504998,1
1630680505060,1
1630680505169,1
1630680505263,1
1630680505419,1
1630680505513,1
1630680505581,1
1630680505690,1
1630680505800,1
1630680505878,1
1630680506050,1
1630680506128,1
1630680506206,1
1630680506284,1
1630680506378,1
1630680506487,1
1630680506628,1
1630680506722,1
1630680506815,1
1630680506925,1
1630680507019,1
1630680507081,1
1630680507253,1
1630680507331,1
1630680507428,1
1630680507521,1
1630680507631,1
1630680507709,1
1630680507834,1
1630680507928,1
1630680508030,1
1630680508139,1
1630680508233,1
1630680508327,1
1630680508454,1
1630680508563,1
1630680508641,1
1630680508735,1
1630680508844,1
1630680508922,1
1630680509094,1
1630680509157,1
1630680509250,1
1630680509360,1
1630680509425,1
1630680509534,1
1630680509675,1
1630680509769,1
1630680509878,1
1630680509972,1
1630680510050,1
1630680510175,1
1630680510284,1
1630680510425,1
1630680510490,1
1630680510584,1
1630680510694,1
1630680510756,1
1630680510897,1
1630680510990,1
1630680511084,1
1630680511193,1
1630680511256,1
1630680511365,1
1630680511521,1
1630680511619,1
1630680511681,1
1630680511791,1
1630680511900,1
1630680511978,1
1630680512119,1
1630680512228,1
1630680512290,1
1630680512384,1
1630680512478,1
1630680512587,1
1630680512731,1
1630680512793,1
1630680512903,1
1630680512996,1
1630680513094,1
1630680513173,1
1630680513344,1
1630680513438,1
1630680513548,1
1630680513610,1
1630680513708,1
1630680513833,1
1630680513958,1
1630680514067,1
1630680514114,1
1630680514224,1
1630680514333,1
1630680514427,1
1630680514583,1
1630680514614,1
1630680514774,1
1630680514852,1
1630680514946,1
1630680515008,1
1630680515164,1
1630680515274,1
1630680515336,1
1630680515445,1
1630680515524,1
1630680515632,1
1630680515761,1
1630680515855,1
1630680515949,1
1630680516058,1
1630680516152,1
1630680516246,1
1630680516386,1
1630680516464,1
1630680516558,1
1630680516684,1
1630680516750,1
1630680516859,1
1630680516984,1
1630680517093,1
1630680517187,1
1630680517250,1
1630680517359,1
1630680517468,1
1630680517596,1
1630680517690,1
1630680517784,1
1630680517893,1
1630680517956,1
1630680518049,1
1630680518221,1
1630680518284,1
1630680518424,1
1630680518487,1
1630680518596,1
1630680518737,1
1630680518830,1
1630680518924,1
1630680518987,1
1630680519096,1
1630680519205,1
1630680519268,1
1630680519440,1
1630680519502,1
1630680519612,1
1630680519705,1
1630680519799,1
1630680519893,1
1630680520033,1
1630680520143,1
1630680520205,1
1630680520314,1
1630680520409,1
1630680520502,1
1630680520628,1
1630680520740,1
1630680520849,1
1630680520943,1
1630680521005,1
1630680521115,1
1630680521240,1
1630680521380,1
1630680521427,1
1630680521552,1
1630680521651,1
1630680521713,1
1630680521869,1
1630680521963,1
1630680522057,1
1630680522166,1
1630680522260,1
1630680522354,1
1630680522463,1
1630680522557,1
1630680522651,1
1630680522794,1
1630680522856,1
1630680522934,1
1630680523122,1
1630680523153,1
1630680523247,1
1630680523372,1
1630680523482,1
1630680523544,1
1630680523669,1
1630680523782,1
1630680523907,1
1630680523985,1
1630680524063,1
1630680524157,1
1630680524282,1
1630680524391,1
1630680524485,1
1630680524594,1
1630680524688,1
1630680524754,1
1630680524925,1
1630680524988,1
1630680525097,1
1630680525191,1
1630680525285,1
1630680525379,1
1630680525503,1
1630680525613,1
1630680525691,1
1630680525800,1
1630680525863,1
1630680526003,1
1630680526144,1
1630680526206,1
1630680526284,1
1630680526425,1
1630680526488,1
1630680526585,1
1630680526757,1
1630680526835,1
1630680526929,1
1630680527022,1
1630680527132,1
1630680527226,1
1630680527350,1
1630680527429,1
1630680527523,1
1630680527634,1
1630680527712,1
1630680527822,1
1630680527962,1
1630680528056,1
1630680528134,1
1630680528212,1
1630680528322,1
1630680528419,1
1630680528560,1
1630680528669,1
1630680528747,1
1630680528856,1
1630680528965,1
1630680529059,1
1630680529184,1
1630680529246,1
1630680529356,1
1630680529453,1
1630680529562,1
1630680529625,1
1630680529797,1
1630680529891,1
1630680529953,1
1630680530063,1
1630680530156,1
1630680530266,1
1630680530406,1
1630680530487,1
1630680530628,1
1630680530659,1
1630680530800,1
1630680530862,1
1630680531019,1
1630680531096,1
1630680531190,1
1630680531299,1
1630680531378,1
1630680531505,1
1630680531615,1
1630680531708,1
1630680531817,1
1630680531911,1
1630680532021,1
1630680532067,1
1630680532208,1
1630680532317,1
1630680532395,1
1630680532505,1
1630680532601,1
1630680532710,1
1630680532850,1
1630680532913,1
1630680533007,1
1630680533116,1
1630680533210,1
1630680533303,1
1630680533444,1
1630680533540,1
1630680533649,1
1630680533712,1
1630680533821,1
1630680533899,1
1630680534040,1
1630680534149,1
1630680534243,1
1630680534352,1
1630680534446,1
1630680534500,1
1630680534673,1
1630680534760,1
1630680534844,1
1630680534939,1
1630680535029,1
1630680535170,1
1630680535263,1
1630680535374,1
1630680535466,1
1630680535529,1
1630680535640,1
1630680535734,1
1630680535875,1
1630680535969,1
1630680536076,1
1630680536153,1
1630680536245,1
1630680536343,1
1630680536468,1
1630680536583,1
1630680536674,1
1630680536767,1
1630680536846,1
1630680536955,1
1630680537095,1
1630680537193,1
1630680537302,1
1630680537396,1
1630680537447,1
1630680537556,1
1630680537712,1
1630680537806,1
1630680537868,1
1630680538010,1
1630680538072,1
1630680538166,1
1630680538338,1
1630680538449,1
1630680538512,1
1630680538605,1
1630680538668,1
1630680538793,1
1630680538918,1
1630680539074,1
1630680539136,1
1630680539227,1
1630680539305,1
1630680539383,1
1630680539542,1
1630680539620,1
1630680539714,1
1630680539807,1
1630680539917,1
1630680540010,1
1630680540151,1
1630680540213,1
1630680540338,1
1630680540417,1
1630680540513,1
1630680540606,1
1630680540762,1
1630680540841,1
1630680540950,1
1630680541044,1
1630680541137,1
1630680541231,1
1630680541356,1
1630680541450,1
1630680541532,1
1630680541626,1
1630680541766,1
1630680541829,1
1630680541985,1
1630680542064,1
1630680542157,1
1630680542266,1
1630680542360,1
1630680542423,1
1630680542596,1
1630680542659,1
1630680542768,1
1630680542862,1
1630680543003,1
1630680543065,1
1630680543190,1
1630680543295,1
1630680543389,1
1630680543467,1
1630680543592,1
1630680543672,1
1630680543829,1
1630680543891,1
1630680544001,1
1630680544095,1
1630680544172,1
1630680544266,1
1630680544423,1
1630680544532,1
1630680544595,1
1630680544688,1
1630680544798,1
1630680544892,1
1630680545032,1
1630680545095,1
1630680545188,1
1630680545298,1
1630680545392,1
1630680545501,1
1630680545626,1
1630680545735,1
1630680545782,1
1630680545923,1
1630680545985,1
1630680546094,1
1630680546235,1
1630680546329,1
1630680546438,1
1630680546532,1
1630680546594,1
1630680546704,1
1630680546829,1
1630680546938,1
1630680547048,1
1630680547141,1
1630680547219,1
1630680547313,1
1630680547453,1
1630680547580,1
1630680547643,1
1630680547752,1
1630680547846,1
1630680547915,1
1630680548056,1
1630680548149,1
1630680548259,1
1630680548337,1
1630680548446,1
1630680548528,1
1630680548684,1
1630680548762,1
1630680548856,1
1630680548949,1
1630680549059,1
1630680549137,1
1630680549262,1
1630680549402,1
1630680549449,1
1630680549561,1
1630680549670,1
1630680549764,1
1630680549889,1
1630680549989,1
1630680550085,1
1630680550179,1
1630680550289,1
1630680550347,1
1630680550504,1
1630680550596,1
1630680550689,1
1630680550788,1
1630680550862,1
1630680550989,1
1630680551082,1
1630680551175,1
1630680551315,1
1630680551406,1
1630680551479,1
1630680551558,1
1630680551714,1
1630680551808,1
1630680551915,1
1630680552009,1
1630680552087,1
1630680552181,1
1630680552337,1
1630680552431,1
1630680552525,1
1630680552588,1
1630680552698,1
1630680552797,1
1630680552922,1
1630680553032,1
1630680553125,1
1630680553219,1
1630680553297,1
1630680553441,1
1630680553565,1
1630680553628,1
1630680553737,1
1630680553831,1
1630680553940,1
1630680554034,1
1630680554159,1
1630680554268,1
1630680554372,1
1630680554436,1
1630680554543,1
1630680554637,1
1630680554763,1
1630680554873,1
1630680554966,1
1630680555060,1
1630680555122,1
1630680555232,1
1630680555419,1
1630680555483,1
1630680555578,1
1630680555656,1
1630680555781,1
1630680555859,1
1630680555984,1
1630680556078,1
1630680556181,1
1630680556274,1
1630680556353,1
1630680556493,1
1630680556591,1
1630680556669,1
1630680556778,1
1630680556903,1
1630680556997,1
1630680557059,1
1630680557200,1
1630680557294,1
1630680557387,1
1630680557466,1
1630680557593,1
1630680557686,1
1630680557811,1
1630680557905,1
1630680557999,1
1630680558093,1
1630680558186,1
1630680558280,1
1630680558436,1
1630680558499,1
1630680558626,1
1630680558704,1
1630680558783,1
1630680558876,1
1630680559048,1
1630680559126,1
1630680559220,1
1630680559314,1
1630680559423,1
1630680559548,1
1630680559644,1
1630680559706,1
1630680559831,1
1630680559940,1
1630680560003,1
1630680560143,1
1630680560268,1
1630680560362,1
1630680560456,1
1630680560503,1
1630680560645,1
1630680560723,1
1630680560864,1
1630680560926,1
1630680561035,1
1630680561145,1
1630680561238,1
1630680561317,1
1630680561488,1
1630680561551,1
1630680561648,1
1630680561757,1
1630680561835,1
1630680561945,1
1630680562101,1
1630680562163,1
1630680562257,1
1630680562366,1
1630680562460,1
1630680562538,1
1630680562713,1
1630680562806,1
1630680562869,1
1630680562978,1
1630680563056,1
1630680563134,1
1630680563338,1
1630680563400,1
1630680563462,1
1630680563572,1
1630680563666,1
1630680563778,1
1630680563903,1
1630680564028,1
1630680564091,1
1630680564200,1
1630680564262,1
1630680564372,1
1630680564512,1
1630680564606,1
1630680564700,1
1630680564796,1
1630680564906,1
1630680564999,1
1630680565124,1
1630680565218,1
1630680565312,1
1630680565390,1
1630680565517,1
1630680565611,1
1630680565720,1
1630680565814,1
1630680565923,1
1630680566017,1
1630680566126,1
1630680566220,1
1630680566329,1
1630680566423,1
1630680566534,1
1630680566643,1
1630680566737,1
1630680566815,1
1630680566971,1
1630680567034,1
1630680567128,1
1630680567237,1
1630680567331,1
1630680567424,1
1630680567568,1
1630680567678,1
1630680567771,1
1630680567834,1
1630680567959,1
1630680568021,1
1630680568193,1
1630680568256,1
1630680568334,1
1630680568459,1
1630680568552,1
1630680568663,1
1630680568773,1
1630680568882,1
1630680568974,1
1630680569100,1
1630680569146,1
1630680569269,1
1630680569394,1
1630680569482,1
1630680569576,1
1630680569674,1
1630680569752,1
1630680569846,1
1630680570019,1
1630680570080,1
1630680570175,1
1630680570285,1
1630680570363,1
1630680570457,1
1630680570599,1
1630680570692,1
1630680570798,1
1630680570876,1
1630680570985,1
1630680571079,1
1630680571204,1
1630680571344,1
1630680571407,1
1630680571514,1
1630680571624,1
1630680571686,1
1630680571811,1
1630680571905,1
1630680572061,1
1630680572077,1
1630680572171,1
1630680572311,1
1630680572436,1
1630680572530,1
1630680572624,1
1630680572717,1
1630680572827,1
1630680572889,1
1630680573045,1
1630680573139,1
1630680573233,1
1630680573295,1
1630680573436,1
1630680573518,1
1630680573642,1
1630680573752,1
1630680573861,1
1630680573924,1
1630680574017,1
1630680574143,1
1630680574244,1
1630680574369,1
1630680574447,1
1630680574543,1
1630680574637,1
1630680574731,1
1630680574872,1
1630680574965,1
1630680575075,1
1630680575137,1
1630680575231,1
1630680575340,1
1630680575481,1
1630680575577,1
1630680575702,1
1630680575780,1
1630680575874,1
1630680575968,1
1630680576108,1
1630680576171,1
1630680576280,1
1630680576374,1
1630680576467,1
1630680576577,1
1630680576705,1
1630680576798,1
1630680576892,1
1630680576970,1
1630680577080,1
1630680577173,1
1630680577345,1
1630680577408,1
1630680577502,1
1630680577611,1
1630680577676,1
1630680577769,1
1630680577941,1
1630680578066,1
1630680578097,1
1630680578206,1
1630680578296,1
1630680578405,1
1630680578530,1
1630680578640,1
1630680578736,1
1630680578798,1
1630680578908,1
1630680579017,1
1630680579126,1
1630680579235,1
1630680579345,1
1630680579438,1
1630680579517,1
1630680579610,1
1630680579770,1
1630680579879,1
1630680579941,1
1630680580035,1
1630680580144,1
1630680580207,1
1630680580332,1
1630680580475,1
1630680580538,1
1630680580632,1
1630680580725,1
1630680580819,1
1630680580975,1
1630680581069,1
1630680581209,1
1630680581241,1
1630680581334,1
1630680581428,1
1630680581584,1
1630680581694,1
1630680581788,1
1630680581881,1
1630680581959,1
1630680582053,1
1630680582194,1
1630680582287,1
1630680582397,1
1630680582459,1
1630680582553,1
1630680582648,1
1630680582805,1
1630680582914,1
1630680583008,1
1630680583070,1
1630680583180,1
1630680583273,1
1630680583414,1
1630680583508,1
1630680583601,1
1630680583729,1
1630680583791,1
1630680583900,1
1630680584010,1
1630680584104,1
1630680584229,1
1630680584307,1
1630680584432,1
1630680584494,1
1630680584619,1
1630680584731,1
1630680584810,1
1630680584888,1
1630680584981,1
1630680585075,1
1630680585216,1
1630680585325,1
1630680585419,1
1630680585528,1
1630680585591,1
1630680585701,1
1630680585844,1
1630680585937,1
1630680586047,1
1630680586141,1
1630680586203,1
1630680586312,1
1630680586453,1
1630680586565,1
1630680586659,1
1630680586721,1
1630680586815,1
1630680586924,1
1630680587065,1
1630680587159,1
1630680587252,1
1630680587346,1
1630680587424,1
1630680587534,1
1630680587657,1
1630680587766,1
1630680587844,1
1630680587939,1
1630680588063,1
1630680588127,1
1630680588299,1
1630680588362,1
1630680588462,1
1630680588575,1
1630680588637,1
1630680588731,1
1630680588872,1
1630680588965,1
1630680589075,1
1630680589184,1
1630680589281,1
1630680589343,1
1630680589515,1
1630680589612,1
1630680589675,1
1630680589784,1
1630680589862,1
1630680589972,1
1630680590112,1
1630680590206,1
1630680590315,1
1630680590378,1
1630680590471,1
1630680590581,1
1630680590724,1
1630680590833,1
1630680590896,1
1630680590989,1
1630680591086,1
1630680591181,1
1630680591323,1
1630680591432,1
1630680591528,1
1630680591605,1
1630680591713,1
1630680591790,1
1630680591919,1
1630680591993,1
1630680592129,1
1630680592207,1
1630680592301,1
1630680592394,1
1630680592535,1
1630680592633,1
1630680592760,1
1630680592823,1
1630680592917,1
1630680593017,1
1630680593157,1
1630680593235,1
1630680593345,1
1630680593441,1
1630680593535,1
1630680593629,1
1630680593753,1
1630680593863,1
1630680593957,1
1630680594066,1
1630680594128,1
1630680594222,1
1630680594394,1
1630680594456,1
1630680594568,1
1630680594678,1
1630680594756,1
1630680594834,1
1630680594990,1
1630680595084,1
1630680595178,1
1630680595271,1
1630680595349,1
1630680595443,1
1630680595618,1
1630680595681,1
1630680595790,1
1630680595884,1
1630680595964,1
1630680596075,1
1630680596215,1
1630680596309,1
1630680596372,1
1630680596481,1
1630680596597,1
1630680596660,1
1630680596847,1
1630680596910,1
1630680597033,1
1630680597111,1
1630680597174,1
1630680597283,1
1630680597424,1
1630680597517,1
1630680597611,1
1630680597720,1
1630680597814,1
1630680597908,1
1630680598033,1
1630680598127,1
1630680598220,1
1630680598330,1
1630680598423,1
1630680598502,1
1630680598629,1
1630680598738,1
1630680598832,1
1630680598926,1
1630680599019,1
1630680599082,1
1630680599254,1
1630680599366,1
1630680599430,1
1630680599524,1
1630680599633,1
1630680599727,1
1630680599868,1
1630680599961,1
1630680600040,1
1630680600156,1
1630680600250,1
1630680600314,1
1630680600483,1
1630680600547,1
1630680600638,1
1630680600731,1
1630680600824,1
1630680600950,1
1630680601093,1
1630680601189,1
1630680601252,1
1630680601353,1
1630680601455,1
1630680601549,1
1630680601693,1
1630680601755,1
1630680601896,1
1630680601958,1
1630680602061,1
1630680602162,1
1630680602301,1
1630680602396,1
1630680602490,1
1630680602568,1
1630680602662,1
1630680602771,1
1630680602926,1
1630680602999,1
