timestamp,TP9,AF7,AF8,TP10
1630678967126,2.0,1.0,1.0,2.0
1630678967329,2.0,1.0,1.0,2.0
1630678967329,2.0,1.0,1.0,2.0
1630678967407,2.0,1.0,1.0,2.0
1630678967501,2.0,1.0,1.0,2.0
1630678967610,2.0,1.0,1.0,2.0
1630678967690,2.0,1.0,1.0,2.0
1630678967831,2.0,1.0,1.0,2.0
1630678967956,2.0,1.0,1.0,2.0
1630678968018,2.0,1.0,1.0,2.0
1630678968190,2.0,1.0,1.0,2.0
1630678968221,2.0,1.0,1.0,2.0
1630678968362,2.0,1.0,1.0,2.0
1630678968424,2.0,1.0,1.0,2.0
1630678968612,2.0,1.0,1.0,2.0
1630678968643,2.0,1.0,1.0,2.0
1630678968724,2.0,1.0,1.0,2.0
1630678968833,2.0,1.0,1.0,2.0
1630678968927,2.0,1.0,1.0,2.0
1630678969114,2.0,1.0,1.0,2.0
1630678969192,2.0,1.0,1.0,2.0
1630678969349,2.0,1.0,1.0,2.0
1630678969380,2.0,1.0,1.0,2.0
1630678969446,2.0,1.0,1.0,2.0
1630678969555,2.0,1.0,1.0,2.0
1630678969665,2.0,1.0,1.0,2.0
1630678969743,2.0,1.0,1.0,2.0
1630678969899,2.0,1.0,1.0,2.0
1630678969946,2.0,1.0,1.0,2.0
1630678970040,2.0,1.0,1.0,2.0
1630678970259,2.0,1.0,1.0,2.0
1630678970321,2.0,1.0,1.0,2.0
1630678970399,2.0,1.0,1.0,2.0
1630678970462,2.0,1.0,1.0,2.0
1630678970556,2.0,1.0,1.0,2.0
1630678970728,2.0,1.0,1.0,2.0
1630678970853,2.0,1.0,1.0,2.0
1630678970899,2.0,1.0,1.0,2.0
1630678971024,2.0,1.0,1.0,2.0
1630678971134,2.0,1.0,1.0,2.0
1630678971212,2.0,1.0,1.0,2.0
1630678971446,2.0,1.0,1.0,2.0
1630678971527,2.0,1.0,1.0,2.0
1630678971744,2.0,1.0,1.0,2.0
1630678971744,2.0,1.0,1.0,2.0
1630678971884,2.0,1.0,1.0,2.0
1630678971884,2.0,1.0,1.0,2.0
1630678971947,2.0,1.0,1.0,2.0
1630678972072,2.0,1.0,1.0,2.0
1630678972150,2.0,1.0,1.0,2.0
1630678972228,2.0,1.0,4.0,2.0
1630678972306,2.0,1.0,2.0,2.0
1630678972369,2.0,1.0,2.0,2.0
1630678972463,2.0,1.0,1.0,2.0
1630678972622,2.0,1.0,1.0,2.0
1630678972716,2.0,1.0,1.0,2.0
1630678972841,2.0,1.0,1.0,2.0
1630678972919,2.0,1.0,1.0,2.0
1630678973028,2.0,1.0,1.0,2.0
1630678973122,2.0,1.0,1.0,2.0
1630678973169,2.0,1.0,1.0,2.0
1630678973388,2.0,1.0,1.0,2.0
1630678973435,2.0,1.0,1.0,2.0
1630678973497,2.0,1.0,1.0,2.0
1630678973704,1.0,1.0,1.0,1.0
1630678973782,1.0,1.0,1.0,1.0
1630678973844,1.0,1.0,1.0,1.0
1630678973985,1.0,1.0,1.0,1.0
1630678974110,1.0,1.0,1.0,1.0
1630678974204,1.0,1.0,1.0,1.0
1630678974360,1.0,1.0,1.0,1.0
1630678974407,1.0,1.0,1.0,1.0
1630678974532,1.0,1.0,1.0,1.0
1630678974629,1.0,1.0,1.0,1.0
1630678974910,1.0,1.0,1.0,1.0
1630678975098,1.0,1.0,1.0,1.0
1630678975238,1.0,1.0,1.0,1.0
1630678975332,1.0,1.0,1.0,1.0
1630678975441,1.0,1.0,1.0,1.0
1630678975472,1.0,1.0,1.0,1.0
1630678975629,1.0,1.0,1.0,1.0
1630678975709,1.0,1.0,1.0,1.0
1630678975802,1.0,1.0,1.0,1.0
1630678975818,1.0,1.0,1.0,1.0
1630678976005,1.0,1.0,1.0,1.0
1630678976115,1.0,1.0,1.0,1.0
1630678976256,1.0,1.0,1.0,1.0
1630678976333,1.0,1.0,1.0,1.0
1630678976380,1.0,1.0,1.0,1.0
1630678976411,1.0,1.0,1.0,1.0
1630678976490,2.0,1.0,1.0,2.0
1630678976728,2.0,1.0,1.0,2.0
1630678976806,2.0,1.0,1.0,2.0
1630678976868,2.0,1.0,1.0,2.0
1630678976978,2.0,1.0,1.0,2.0
1630678977040,2.0,1.0,1.0,2.0
1630678977165,2.0,1.0,1.0,2.0
1630678977368,2.0,1.0,1.0,2.0
1630678977684,2.0,1.0,1.0,2.0
1630678977886,2.0,1.0,1.0,2.0
1630678978074,2.0,1.0,1.0,2.0
1630678978105,2.0,1.0,1.0,2.0
1630678978308,2.0,1.0,1.0,2.0
1630678978496,2.0,1.0,1.0,2.0
1630678978542,2.0,1.0,1.0,2.0
1630678978717,2.0,1.0,1.0,2.0
1630678978827,2.0,1.0,1.0,2.0
1630678979077,2.0,1.0,1.0,2.0
1630678979077,2.0,1.0,1.0,2.0
1630678979249,2.0,1.0,1.0,2.0
1630678979264,2.0,1.0,1.0,2.0
1630678979327,2.0,1.0,1.0,2.0
1630678979467,2.0,1.0,1.0,2.0
1630678979579,2.0,1.0,1.0,2.0
1630678979657,2.0,1.0,1.0,2.0
1630678979735,2.0,1.0,1.0,2.0
1630678979735,2.0,1.0,1.0,2.0
1630678979735,2.0,1.0,1.0,2.0
1630678979797,2.0,1.0,1.0,2.0
1630678979829,2.0,1.0,1.0,2.0
1630678979875,2.0,1.0,1.0,2.0
1630678979875,2.0,1.0,1.0,2.0
1630678980016,2.0,1.0,1.0,2.0
1630678980016,2.0,1.0,1.0,2.0
1630678980047,2.0,1.0,1.0,2.0
1630678980079,2.0,1.0,1.0,2.0
1630678980110,2.0,1.0,1.0,2.0
1630678980157,2.0,1.0,1.0,2.0
1630678980203,2.0,1.0,1.0,2.0
1630678980282,2.0,1.0,1.0,2.0
1630678980344,2.0,1.0,1.0,2.0
1630678980422,2.0,1.0,1.0,2.0
1630678980563,2.0,1.0,1.0,2.0
1630678980657,2.0,1.0,1.0,2.0
1630678980751,2.0,1.0,1.0,2.0
1630678980832,2.0,1.0,1.0,2.0
1630678980910,2.0,1.0,1.0,2.0
1630678981035,2.0,1.0,1.0,2.0
1630678981239,2.0,1.0,1.0,2.0
1630678981472,2.0,1.0,1.0,2.0
1630678981505,2.0,1.0,1.0,2.0
1630678981553,2.0,1.0,1.0,2.0
1630678981756,2.0,1.0,1.0,2.0
1630678981756,2.0,1.0,1.0,2.0
1630678981834,2.0,1.0,1.0,2.0
1630678981897,2.0,1.0,1.0,2.0
1630678981975,2.0,1.0,1.0,2.0
1630678982038,2.0,1.0,1.0,2.0
1630678982256,2.0,1.0,1.0,2.0
1630678982444,2.0,1.0,1.0,2.0
1630678982537,2.0,1.0,1.0,2.0
1630678982571,2.0,1.0,1.0,2.0
1630678982649,2.0,1.0,1.0,2.0
1630678982649,2.0,1.0,1.0,2.0
1630678982816,2.0,1.0,1.0,2.0
1630678982956,2.0,1.0,1.0,2.0
1630678982972,2.0,1.0,1.0,2.0
1630678983081,2.0,1.0,1.0,2.0
1630678983222,2.0,1.0,1.0,2.0
1630678983472,2.0,1.0,1.0,2.0
1630678983487,2.0,1.0,1.0,2.0
1630678983550,2.0,1.0,1.0,2.0
1630678983631,2.0,1.0,1.0,2.0
1630678983693,2.0,1.0,1.0,2.0
1630678983943,2.0,1.0,1.0,2.0
1630678983990,2.0,1.0,1.0,2.0
1630678984053,2.0,1.0,1.0,2.0
1630678984115,2.0,1.0,1.0,2.0
1630678984209,2.0,1.0,1.0,2.0
1630678984539,2.0,1.0,1.0,2.0
1630678984745,2.0,1.0,1.0,2.0
1630678984838,2.0,1.0,1.0,2.0
1630678984869,2.0,1.0,1.0,2.0
1630678984901,2.0,1.0,1.0,2.0
1630678985276,2.0,1.0,1.0,2.0
1630678985322,2.0,1.0,1.0,2.0
1630678985416,2.0,1.0,1.0,2.0
1630678985479,2.0,1.0,1.0,2.0
1630678985510,2.0,1.0,1.0,2.0
1630678985510,2.0,1.0,1.0,2.0
1630678985510,2.0,1.0,1.0,2.0
1630678985697,2.0,1.0,1.0,2.0
1630678985713,2.0,1.0,1.0,2.0
1630678985729,2.0,1.0,1.0,2.0
1630678985807,2.0,1.0,1.0,2.0
1630678986025,2.0,1.0,1.0,2.0
1630678986025,2.0,1.0,1.0,2.0
1630678986228,2.0,1.0,1.0,2.0
1630678986276,2.0,1.0,1.0,2.0
1630678986388,2.0,1.0,1.0,2.0
1630678986419,2.0,1.0,1.0,2.0
1630678986591,2.0,1.0,1.0,2.0
1630678986685,2.0,1.0,1.0,2.0
1630678986763,2.0,1.0,1.0,2.0
1630678986825,2.0,1.0,1.0,2.0
1630678986935,2.0,1.0,1.0,2.0
1630678987107,2.0,1.0,1.0,2.0
1630678987154,2.0,1.0,1.0,2.0
1630678987294,2.0,1.0,1.0,2.0
1630678987357,2.0,1.0,1.0,2.0
1630678987421,2.0,1.0,1.0,2.0
1630678987563,2.0,1.0,1.0,2.0
1630678987641,2.0,1.0,1.0,2.0
1630678987719,2.0,1.0,1.0,2.0
1630678987844,2.0,1.0,1.0,2.0
1630678988016,2.0,1.0,1.0,2.0
1630678988141,2.0,1.0,1.0,2.0
1630678988141,2.0,1.0,1.0,2.0
1630678988297,2.0,1.0,1.0,2.0
1630678988344,2.0,1.0,1.0,2.0
1630678988407,2.0,1.0,1.0,2.0
1630678988535,2.0,1.0,1.0,2.0
1630678988707,2.0,1.0,1.0,2.0
1630678988879,2.0,1.0,1.0,2.0
1630678989020,2.0,1.0,1.0,2.0
1630678989067,2.0,1.0,1.0,2.0
1630678989098,2.0,1.0,1.0,2.0
1630678989301,2.0,1.0,1.0,2.0
1630678989426,2.0,1.0,1.0,2.0
1630678989473,2.0,1.0,1.0,2.0
1630678989851,2.0,1.0,1.0,2.0
1630678989898,2.0,1.0,1.0,2.0
1630678989992,2.0,1.0,1.0,2.0
1630678990179,2.0,1.0,1.0,2.0
1630678990257,2.0,1.0,1.0,2.0
1630678990398,2.0,1.0,1.0,2.0
1630678990460,2.0,1.0,1.0,2.0
1630678990491,2.0,1.0,1.0,2.0
1630678990491,2.0,1.0,1.0,2.0
1630678990554,2.0,1.0,1.0,2.0
1630678990728,2.0,1.0,1.0,2.0
1630678990885,2.0,1.0,1.0,2.0
1630678991010,2.0,1.0,1.0,2.0
1630678991056,2.0,1.0,1.0,2.0
1630678991103,2.0,1.0,1.0,2.0
1630678991197,2.0,1.0,1.0,2.0
1630678991275,2.0,1.0,1.0,2.0
1630678991353,2.0,1.0,1.0,2.0
1630678991353,2.0,1.0,1.0,2.0
1630678991478,2.0,1.0,1.0,2.0
1630678991587,2.0,1.0,1.0,2.0
1630678991681,2.0,1.0,1.0,2.0
1630678991759,2.0,1.0,1.0,2.0
1630678991806,2.0,1.0,1.0,2.0
1630678991962,2.0,1.0,1.0,2.0
1630678992041,2.0,1.0,1.0,2.0
1630678992087,2.0,1.0,1.0,2.0
1630678992213,2.0,1.0,1.0,2.0
1630678992353,2.0,1.0,1.0,2.0
1630678992465,2.0,1.0,1.0,2.0
1630678992527,2.0,1.0,1.0,2.0
1630678992636,2.0,1.0,1.0,2.0
1630678992683,2.0,1.0,1.0,2.0
1630678992902,2.0,1.0,1.0,2.0
1630678992964,2.0,1.0,1.0,2.0
1630678993027,2.0,1.0,1.0,2.0
1630678993167,2.0,1.0,1.0,2.0
1630678993324,2.0,1.0,1.0,2.0
1630678993437,2.0,1.0,1.0,2.0
1630678993484,2.0,1.0,1.0,2.0
1630678993609,2.0,1.0,1.0,2.0
1630678993656,2.0,1.0,1.0,2.0
1630678993721,2.0,1.0,1.0,2.0
1630678993846,2.0,1.0,1.0,2.0
1630678994017,2.0,1.0,1.0,2.0
1630678994189,2.0,1.0,1.0,2.0
1630678994252,2.0,1.0,1.0,2.0
1630678994314,2.0,1.0,1.0,2.0
1630678994551,2.0,1.0,1.0,2.0
1630678994707,2.0,1.0,1.0,2.0
1630678994801,2.0,1.0,1.0,2.0
1630678995051,2.0,1.0,1.0,2.0
1630678995238,2.0,1.0,1.0,2.0
1630678995238,2.0,1.0,1.0,2.0
1630678995285,2.0,1.0,1.0,2.0
1630678995348,2.0,1.0,1.0,2.0
1630678995363,2.0,1.0,1.0,2.0
1630678995410,2.0,1.0,1.0,2.0
1630678995410,2.0,1.0,1.0,2.0
1630678995488,2.0,1.0,1.0,2.0
1630678995569,2.0,1.0,1.0,2.0
1630678995709,2.0,1.0,1.0,2.0
1630678995803,2.0,1.0,1.0,2.0
1630678996069,2.0,1.0,1.0,2.0
1630678996209,2.0,1.0,1.0,2.0
1630678996240,2.0,1.0,1.0,2.0
1630678996303,2.0,1.0,1.0,2.0
1630678996350,2.0,1.0,1.0,2.0
1630678996412,2.0,1.0,1.0,2.0
1630678996506,2.0,1.0,1.0,2.0
1630678996634,2.0,1.0,1.0,2.0
1630678996743,2.0,1.0,1.0,2.0
1630678996853,2.0,1.0,1.0,2.0
1630678997040,2.0,1.0,1.0,2.0
1630678997071,2.0,1.0,1.0,2.0
1630678997306,2.0,1.0,1.0,2.0
1630678997321,2.0,1.0,1.0,2.0
1630678997431,2.0,1.0,1.0,2.0
1630678997540,2.0,1.0,1.0,2.0
1630678997606,2.0,1.0,1.0,2.0
1630678997809,2.0,1.0,1.0,2.0
1630678998059,2.0,1.0,1.0,2.0
1630678998169,2.0,1.0,1.0,2.0
1630678998531,2.0,1.0,1.0,2.0
1630678998769,2.0,1.0,1.0,2.0
1630678998956,2.0,1.0,1.0,2.0
1630678999003,2.0,1.0,1.0,2.0
1630678999081,2.0,1.0,1.0,2.0
1630678999081,2.0,1.0,1.0,2.0
1630678999128,2.0,1.0,1.0,2.0
1630678999128,2.0,1.0,1.0,2.0
1630678999128,2.0,1.0,1.0,2.0
1630678999206,2.0,1.0,1.0,2.0
1630678999269,2.0,1.0,1.0,2.0
1630678999300,2.0,1.0,1.0,2.0
1630678999347,2.0,1.0,1.0,2.0
1630678999362,2.0,1.0,1.0,2.0
1630678999425,2.0,1.0,1.0,2.0
1630678999503,2.0,1.0,1.0,2.0
1630678999662,2.0,1.0,1.0,2.0
1630678999724,2.0,1.0,1.0,2.0
1630678999802,2.0,1.0,1.0,2.0
1630678999865,2.0,1.0,1.0,2.0
1630678999959,2.0,1.0,1.0,2.0
1630679000052,2.0,1.0,1.0,2.0
1630679000146,2.0,1.0,1.0,2.0
1630679000271,2.0,1.0,1.0,2.0
1630679000302,2.0,1.0,1.0,2.0
1630679000443,2.0,1.0,1.0,2.0
1630679000568,2.0,1.0,1.0,2.0
1630679000680,2.0,1.0,1.0,2.0
1630679000742,2.0,1.0,1.0,2.0
1630679000821,2.0,1.0,1.0,2.0
1630679001039,2.0,1.0,1.0,2.0
1630679001149,2.0,1.0,1.0,2.0
1630679001196,2.0,1.0,1.0,2.0
1630679001227,2.0,1.0,1.0,2.0
1630679001383,2.0,1.0,1.0,2.0
1630679001511,2.0,1.0,1.0,2.0
1630679001573,2.0,1.0,1.0,2.0
1630679001699,2.0,1.0,1.0,2.0
1630679001808,2.0,1.0,1.0,2.0
1630679001871,2.0,1.0,1.0,2.0
1630679002027,2.0,1.0,1.0,2.0
1630679002074,2.0,1.0,1.0,2.0
1630679002246,2.0,1.0,1.0,2.0
1630679002277,2.0,1.0,1.0,2.0
1630679002370,2.0,1.0,1.0,2.0
1630679002482,2.0,1.0,1.0,2.0
1630679002623,2.0,1.0,1.0,2.0
1630679002733,2.0,1.0,1.0,2.0
1630679003045,2.0,1.0,1.0,2.0
1630679003076,2.0,1.0,1.0,2.0
1630679003092,2.0,1.0,1.0,2.0
1630679003139,2.0,1.0,1.0,2.0
1630679003531,2.0,1.0,1.0,2.0
1630679003719,2.0,1.0,1.0,2.0
1630679003875,2.0,1.0,1.0,2.0
1630679004062,2.0,1.0,1.0,2.0
1630679004312,2.0,1.0,1.0,2.0
1630679004406,2.0,1.0,1.0,2.0
1630679004643,2.0,1.0,1.0,2.0
1630679004814,2.0,1.0,1.0,2.0
1630679004955,2.0,1.0,1.0,2.0
1630679005158,2.0,1.0,1.0,2.0
1630679005189,2.0,1.0,1.0,2.0
1630679005283,2.0,1.0,1.0,2.0
1630679005361,2.0,1.0,1.0,2.0
1630679005598,2.0,1.0,1.0,2.0
1630679005677,2.0,1.0,1.0,2.0
1630679005677,2.0,1.0,1.0,2.0
1630679005692,2.0,1.0,1.0,2.0
1630679005833,2.0,1.0,1.0,2.0
1630679005833,2.0,1.0,1.0,2.0
1630679005833,2.0,1.0,1.0,2.0
1630679005911,2.0,1.0,1.0,2.0
1630679006192,2.0,1.0,1.0,2.0
1630679006208,2.0,1.0,1.0,2.0
1630679006380,2.0,1.0,1.0,2.0
1630679006426,2.0,1.0,1.0,2.0
1630679006426,2.0,1.0,1.0,2.0
1630679006473,1.0,1.0,1.0,1.0
1630679006647,1.0,1.0,1.0,1.0
1630679006647,1.0,1.0,1.0,1.0
1630679006647,1.0,1.0,1.0,1.0
1630679006772,1.0,1.0,1.0,1.0
1630679006882,1.0,1.0,1.0,1.0
1630679006960,1.0,1.0,1.0,1.0
1630679007085,1.0,1.0,1.0,1.0
1630679007132,1.0,1.0,1.0,1.0
1630679007225,1.0,1.0,1.0,1.0
1630679007303,1.0,1.0,1.0,1.0
1630679007397,1.0,1.0,1.0,1.0
1630679007616,1.0,1.0,1.0,1.0
1630679007647,1.0,1.0,1.0,1.0
1630679007728,1.0,1.0,1.0,1.0
1630679007805,1.0,1.0,1.0,1.0
1630679007946,1.0,1.0,1.0,1.0
1630679008040,1.0,1.0,1.0,1.0
1630679008055,1.0,1.0,1.0,1.0
1630679008134,1.0,1.0,1.0,1.0
1630679008227,1.0,1.0,1.0,1.0
1630679008305,1.0,1.0,1.0,1.0
1630679008430,1.0,1.0,1.0,1.0
1630679008524,1.0,1.0,1.0,1.0
1630679008649,1.0,1.0,1.0,1.0
1630679008683,1.0,1.0,1.0,1.0
1630679008714,1.0,1.0,1.0,1.0
1630679008902,1.0,1.0,1.0,1.0
1630679009355,2.0,1.0,1.0,2.0
1630679009402,2.0,1.0,1.0,2.0
1630679009636,2.0,1.0,1.0,2.0
1630679009748,2.0,1.0,1.0,2.0
1630679010060,2.0,1.0,1.0,2.0
1630679010076,2.0,1.0,1.0,2.0
1630679010107,2.0,1.0,1.0,2.0
1630679010154,2.0,1.0,1.0,2.0
1630679010216,2.0,1.0,1.0,2.0
1630679010529,2.0,1.0,1.0,2.0
1630679010654,2.0,1.0,1.0,2.0
1630679010906,2.0,1.0,1.0,2.0
1630679010906,2.0,1.0,1.0,2.0
1630679010953,2.0,1.0,1.0,2.0
1630679011031,2.0,1.0,1.0,2.0
1630679011265,2.0,1.0,1.0,2.0
1630679011367,2.0,1.0,1.0,2.0
1630679011698,2.0,1.0,1.0,2.0
1630679011794,2.0,1.0,1.0,2.0
1630679011841,2.0,1.0,1.0,2.0
1630679011841,2.0,1.0,1.0,2.0
1630679011841,2.0,1.0,1.0,2.0
1630679011841,2.0,1.0,1.0,2.0
1630679011997,2.0,1.0,1.0,2.0
1630679012013,2.0,1.0,1.0,2.0
1630679012075,2.0,1.0,1.0,2.0
1630679012154,2.0,1.0,1.0,2.0
1630679012372,2.0,1.0,1.0,2.0
1630679012372,2.0,1.0,1.0,2.0
1630679012372,2.0,1.0,1.0,2.0
1630679012388,2.0,1.0,1.0,2.0
1630679012435,2.0,1.0,1.0,2.0
1630679012529,2.0,1.0,1.0,2.0
1630679012638,2.0,1.0,1.0,2.0
1630679012638,2.0,1.0,1.0,2.0
1630679012781,2.0,1.0,1.0,2.0
1630679012781,2.0,1.0,1.0,2.0
1630679012781,2.0,1.0,1.0,2.0
1630679013047,2.0,1.0,1.0,2.0
1630679013109,2.0,1.0,1.0,2.0
1630679013156,2.0,1.0,1.0,2.0
1630679013188,2.0,1.0,1.0,2.0
1630679013550,2.0,1.0,1.0,2.0
1630679013674,2.0,1.0,1.0,2.0
1630679013768,2.0,1.0,1.0,2.0
1630679014065,2.0,1.0,1.0,2.0
1630679014174,2.0,1.0,1.0,2.0
1630679014299,2.0,1.0,1.0,2.0
1630679014473,2.0,1.0,1.0,2.0
1630679014535,2.0,1.0,1.0,2.0
1630679014568,2.0,1.0,1.0,2.0
1630679014632,2.0,1.0,1.0,2.0
1630679014632,2.0,1.0,1.0,2.0
1630679014632,2.0,1.0,1.0,2.0
1630679014757,2.0,1.0,1.0,2.0
1630679014788,2.0,1.0,1.0,2.0
1630679014851,2.0,1.0,1.0,2.0
1630679014898,2.0,1.0,1.0,2.0
1630679015022,2.0,1.0,1.0,2.0
1630679015179,2.0,1.0,1.0,2.0
1630679015350,2.0,1.0,1.0,2.0
1630679015382,2.0,1.0,1.0,2.0
1630679015460,2.0,1.0,1.0,2.0
1630679015602,2.0,1.0,1.0,2.0
1630679015602,2.0,1.0,1.0,2.0
1630679015665,2.0,1.0,1.0,2.0
1630679015728,2.0,1.0,1.0,2.0
1630679015853,2.0,1.0,1.0,2.0
1630679015962,2.0,1.0,1.0,2.0
1630679016040,2.0,1.0,1.0,2.0
1630679016040,2.0,1.0,1.0,2.0
1630679016165,2.0,1.0,1.0,2.0
1630679016337,2.0,1.0,1.0,2.0
1630679016368,2.0,1.0,1.0,2.0
1630679016480,2.0,1.0,1.0,2.0
1630679016496,2.0,1.0,1.0,2.0
1630679016543,2.0,1.0,1.0,2.0
1630679016574,2.0,1.0,1.0,2.0
1630679016605,2.0,1.0,1.0,2.0
1630679016746,2.0,1.0,1.0,2.0
1630679016808,2.0,1.0,1.0,2.0
1630679016918,2.0,1.0,1.0,2.0
1630679016980,2.0,1.0,1.0,2.0
1630679017121,2.0,1.0,1.0,2.0
1630679017466,2.0,1.0,1.0,2.0
1630679017607,2.0,1.0,1.0,2.0
1630679017810,2.0,1.0,1.0,2.0
1630679017889,2.0,1.0,1.0,2.0
1630679017920,2.0,1.0,1.0,2.0
1630679018029,2.0,1.0,1.0,2.0
1630679018138,2.0,1.0,1.0,2.0
1630679018216,2.0,1.0,1.0,2.0
1630679018248,2.0,1.0,1.0,2.0
1630679018405,2.0,1.0,1.0,2.0
1630679018453,2.0,1.0,1.0,2.0
1630679018485,2.0,1.0,1.0,2.0
1630679018547,2.0,1.0,1.0,2.0
1630679018703,2.0,1.0,1.0,2.0
1630679018766,2.0,1.0,1.0,2.0
1630679018859,2.0,1.0,1.0,2.0
1630679018906,2.0,1.0,1.0,2.0
1630679018938,2.0,1.0,1.0,2.0
1630679019031,2.0,1.0,1.0,2.0
1630679019141,2.0,1.0,1.0,2.0
1630679019219,2.0,1.0,1.0,2.0
1630679019344,2.0,1.0,1.0,2.0
1630679019422,2.0,4.0,1.0,2.0
1630679019520,2.0,4.0,1.0,2.0
1630679019692,2.0,4.0,1.0,2.0
1630679019801,2.0,2.0,1.0,2.0
1630679019879,2.0,2.0,1.0,2.0
1630679019989,2.0,1.0,1.0,2.0
1630679020068,2.0,1.0,1.0,2.0
1630679020130,2.0,1.0,1.0,2.0
1630679020286,2.0,1.0,1.0,2.0
1630679020364,2.0,1.0,1.0,2.0
1630679020458,2.0,1.0,1.0,2.0
1630679020616,2.0,1.0,1.0,2.0
1630679020616,2.0,1.0,1.0,2.0
1630679020772,2.0,1.0,1.0,2.0
1630679020850,2.0,1.0,1.0,2.0
1630679020975,2.0,1.0,1.0,2.0
1630679021132,2.0,1.0,1.0,2.0
1630679021210,2.0,1.0,1.0,2.0
1630679021241,2.0,1.0,1.0,2.0
1630679021382,2.0,1.0,1.0,2.0
1630679021681,2.0,1.0,1.0,2.0
1630679021837,2.0,1.0,1.0,2.0
1630679021869,2.0,1.0,1.0,2.0
1630679021900,2.0,1.0,1.0,2.0
1630679022009,2.0,1.0,1.0,2.0
1630679022072,2.0,1.0,1.0,2.0
1630679022462,2.0,1.0,1.0,2.0
1630679023075,2.0,1.0,1.0,2.0
1630679023231,2.0,1.0,1.0,2.0
1630679023387,2.0,1.0,1.0,2.0
1630679023481,2.0,1.0,1.0,2.0
1630679023671,2.0,1.0,1.0,2.0
1630679023671,2.0,1.0,1.0,2.0
1630679023874,2.0,1.0,1.0,2.0
1630679023874,2.0,1.0,1.0,2.0
1630679023874,2.0,1.0,1.0,2.0
1630679023889,2.0,1.0,1.0,2.0
1630679023921,2.0,1.0,1.0,2.0
1630679024092,2.0,1.0,1.0,2.0
1630679024155,2.0,1.0,1.0,2.0
1630679024155,2.0,1.0,1.0,2.0
1630679024170,2.0,1.0,1.0,2.0
1630679024217,2.0,1.0,1.0,2.0
1630679024264,2.0,1.0,1.0,2.0
1630679024295,2.0,1.0,1.0,2.0
1630679024295,2.0,1.0,1.0,2.0
1630679024311,2.0,1.0,1.0,2.0
1630679024499,2.0,1.0,1.0,2.0
1630679024705,2.0,1.0,1.0,2.0
1630679024814,2.0,1.0,1.0,2.0
1630679024845,2.0,1.0,1.0,2.0
1630679025064,2.0,1.0,1.0,2.0
1630679025142,2.0,1.0,1.0,2.0
1630679025329,2.0,1.0,1.0,2.0
1630679025610,2.0,1.0,1.0,2.0
1630679025928,2.0,1.0,1.0,2.0
1630679026193,2.0,1.0,1.0,2.0
1630679026193,2.0,1.0,1.0,2.0
1630679026240,2.0,1.0,1.0,2.0
1630679026287,2.0,1.0,1.0,2.0
1630679026318,2.0,1.0,1.0,2.0
1630679026333,2.0,1.0,1.0,2.0
1630679026461,2.0,1.0,1.0,2.0
1630679026492,2.0,1.0,1.0,2.0
1630679026492,2.0,1.0,1.0,2.0
1630679026523,2.0,1.0,1.0,2.0
1630679026523,2.0,1.0,1.0,2.0
1630679026726,2.0,1.0,1.0,2.0
1630679027039,2.0,1.0,1.0,2.0
1630679027117,2.0,1.0,1.0,2.0
1630679027320,2.0,1.0,1.0,2.0
1630679027320,2.0,1.0,1.0,2.0
1630679027351,2.0,1.0,1.0,2.0
1630679027367,2.0,1.0,1.0,2.0
1630679027398,2.0,1.0,1.0,2.0
1630679027414,2.0,1.0,1.0,2.0
1630679027445,2.0,1.0,1.0,2.0
1630679027480,2.0,1.0,1.0,2.0
1630679027605,2.0,1.0,1.0,2.0
1630679027714,2.0,1.0,1.0,2.0
1630679027917,2.0,1.0,1.0,2.0
1630679028089,2.0,1.0,1.0,2.0
1630679028136,2.0,1.0,1.0,2.0
1630679028183,2.0,1.0,1.0,2.0
1630679028245,2.0,1.0,1.0,2.0
1630679028402,2.0,1.0,1.0,2.0
1630679028684,2.0,1.0,1.0,2.0
1630679028935,2.0,1.0,1.0,2.0
1630679029059,1.0,1.0,1.0,1.0
1630679029122,1.0,1.0,1.0,1.0
1630679029481,1.0,1.0,1.0,1.0
1630679029481,1.0,1.0,1.0,1.0
1630679029719,1.0,1.0,1.0,1.0
1630679029719,1.0,1.0,1.0,1.0
1630679029891,1.0,1.0,1.0,1.0
1630679029891,1.0,1.0,1.0,1.0
1630679030063,1.0,1.0,1.0,1.0
1630679030125,1.0,1.0,1.0,1.0
1630679030141,1.0,1.0,1.0,1.0
1630679030141,1.0,1.0,1.0,1.0
1630679030250,1.0,1.0,1.0,1.0
1630679030297,1.0,1.0,1.0,1.0
1630679030297,1.0,1.0,1.0,1.0
1630679030313,1.0,1.0,1.0,1.0
1630679030453,1.0,1.0,1.0,1.0
1630679030500,1.0,1.0,1.0,1.0
1630679030531,1.0,1.0,1.0,1.0
1630679030627,1.0,1.0,1.0,1.0
1630679030627,1.0,1.0,1.0,1.0
1630679030705,1.0,1.0,1.0,1.0
1630679030830,1.0,1.0,1.0,1.0
1630679030830,1.0,1.0,1.0,1.0
1630679030971,1.0,1.0,1.0,1.0
1630679031158,1.0,1.0,1.0,1.0
1630679031205,1.0,1.0,1.0,1.0
1630679031205,1.0,1.0,1.0,1.0
1630679031283,1.0,1.0,1.0,1.0
1630679031330,1.0,1.0,1.0,1.0
1630679031424,1.0,1.0,1.0,1.0
1630679031517,1.0,1.0,1.0,1.0
1630679031645,1.0,1.0,1.0,1.0
1630679031754,1.0,1.0,1.0,1.0
1630679031926,1.0,1.0,1.0,1.0
1630679032113,1.0,1.0,1.0,1.0
1630679032160,1.0,1.0,1.0,1.0
1630679032238,1.0,1.0,1.0,1.0
1630679032269,1.0,1.0,1.0,1.0
1630679032316,1.0,1.0,1.0,1.0
1630679032488,1.0,1.0,1.0,1.0
1630679032566,1.0,1.0,1.0,1.0
1630679032660,1.0,1.0,1.0,1.0
1630679032725,2.0,1.0,1.0,2.0
1630679032912,2.0,1.0,1.0,2.0
1630679032959,2.0,1.0,1.0,2.0
1630679033068,2.0,1.0,1.0,2.0
1630679033146,2.0,1.0,1.0,2.0
1630679033256,2.0,1.0,1.0,2.0
1630679033396,2.0,1.0,1.0,2.0
1630679033475,2.0,1.0,1.0,2.0
1630679033663,2.0,1.0,1.0,2.0
1630679033790,1.0,1.0,1.0,1.0
1630679033946,1.0,1.0,1.0,1.0
1630679033961,1.0,1.0,1.0,1.0
1630679033977,1.0,1.0,1.0,1.0
1630679034117,1.0,1.0,1.0,1.0
1630679034165,1.0,1.0,1.0,1.0
1630679034320,1.0,1.0,1.0,1.0
1630679034383,1.0,1.0,1.0,1.0
1630679034494,1.0,1.0,1.0,1.0
1630679034572,1.0,1.0,1.0,1.0
1630679034697,1.0,1.0,1.0,1.0
1630679034806,1.0,1.0,1.0,1.0
1630679034869,1.0,1.0,1.0,1.0
1630679034962,1.0,1.0,1.0,1.0
1630679035041,1.0,1.0,1.0,1.0
1630679035204,1.0,1.0,1.0,1.0
1630679035297,1.0,1.0,1.0,1.0
1630679035438,1.0,1.0,1.0,1.0
1630679035504,1.0,1.0,1.0,1.0
1630679035675,1.0,1.0,1.0,1.0
1630679035691,1.0,1.0,1.0,1.0
1630679035896,1.0,1.0,1.0,1.0
1630679035928,1.0,1.0,1.0,1.0
1630679036022,1.0,1.0,1.0,1.0
1630679036209,1.0,1.0,1.0,1.0
1630679036302,1.0,1.0,1.0,1.0
1630679036302,1.0,1.0,1.0,1.0
1630679036443,1.0,1.0,1.0,1.0
1630679036505,1.0,1.0,1.0,1.0
1630679036696,1.0,1.0,1.0,1.0
1630679036836,1.0,1.0,1.0,1.0
1630679036914,1.0,1.0,1.0,1.0
1630679037211,2.0,1.0,1.0,2.0
1630679037351,2.0,1.0,1.0,2.0
1630679037383,2.0,1.0,1.0,2.0
1630679037492,2.0,1.0,1.0,2.0
1630679037667,2.0,1.0,1.0,2.0
1630679037760,2.0,1.0,1.0,2.0
1630679037916,2.0,1.0,1.0,2.0
1630679037979,2.0,1.0,1.0,2.0
1630679038229,2.0,1.0,1.0,2.0
1630679038229,2.0,1.0,1.0,2.0
1630679038338,2.0,1.0,1.0,2.0
1630679038416,2.0,1.0,1.0,2.0
1630679038463,2.0,1.0,1.0,2.0
1630679038463,2.0,1.0,1.0,2.0
1630679038494,2.0,1.0,1.0,2.0
1630679038525,2.0,1.0,1.0,2.0
1630679038603,2.0,1.0,1.0,2.0
1630679038809,2.0,1.0,1.0,2.0
1630679038856,2.0,1.0,1.0,2.0
1630679038966,2.0,1.0,1.0,2.0
1630679039169,1.0,1.0,1.0,1.0
1630679039372,1.0,1.0,1.0,1.0
1630679039481,1.0,1.0,1.0,1.0
1630679039559,1.0,1.0,1.0,1.0
1630679039575,1.0,1.0,1.0,1.0
1630679039622,1.0,1.0,1.0,1.0
1630679039653,1.0,1.0,1.0,1.0
1630679039937,1.0,1.0,1.0,1.0
1630679040093,1.0,1.0,1.0,1.0
1630679040234,1.0,1.0,1.0,1.0
1630679040359,1.0,1.0,1.0,1.0
1630679040455,1.0,1.0,1.0,1.0
1630679040486,1.0,1.0,1.0,1.0
1630679040486,1.0,1.0,1.0,1.0
1630679040830,1.0,1.0,1.0,1.0
1630679040877,1.0,1.0,1.0,1.0
1630679040955,1.0,1.0,1.0,1.0
1630679041033,1.0,1.0,1.0,1.0
1630679041220,1.0,1.0,1.0,1.0
1630679041345,1.0,1.0,1.0,1.0
1630679041439,1.0,1.0,1.0,1.0
1630679041534,1.0,1.0,1.0,1.0
1630679041706,1.0,1.0,1.0,1.0
1630679041737,1.0,1.0,1.0,1.0
1630679041784,1.0,1.0,1.0,1.0
1630679041831,1.0,1.0,1.0,1.0
1630679041894,1.0,1.0,1.0,1.0
1630679041925,1.0,1.0,1.0,1.0
1630679041941,1.0,1.0,1.0,1.0
1630679042003,1.0,1.0,1.0,1.0
1630679042050,1.0,1.0,1.0,1.0
1630679042081,1.0,1.0,1.0,1.0
1630679042269,1.0,1.0,1.0,1.0
1630679042347,1.0,1.0,1.0,1.0
1630679042487,1.0,1.0,1.0,1.0
1630679042534,1.0,1.0,1.0,1.0
1630679042690,1.0,1.0,1.0,1.0
1630679042768,1.0,1.0,1.0,1.0
1630679042831,1.0,1.0,1.0,1.0
1630679042893,1.0,1.0,1.0,1.0
1630679043003,1.0,1.0,1.0,1.0
1630679043159,1.0,1.0,1.0,1.0
1630679043222,1.0,1.0,1.0,1.0
1630679043315,1.0,1.0,1.0,1.0
1630679043456,1.0,1.0,1.0,1.0
1630679043534,1.0,1.0,1.0,1.0
1630679043616,1.0,1.0,1.0,1.0
1630679043788,1.0,1.0,1.0,1.0
1630679043928,1.0,1.0,1.0,1.0
1630679043991,1.0,1.0,1.0,1.0
1630679044038,1.0,1.0,1.0,1.0
1630679044147,1.0,1.0,1.0,1.0
1630679044225,1.0,1.0,1.0,1.0
1630679044365,1.0,1.0,1.0,1.0
1630679044459,1.0,1.0,1.0,1.0
1630679044553,1.0,1.0,1.0,1.0
1630679044824,1.0,1.0,1.0,1.0
1630679044887,1.0,1.0,1.0,1.0
1630679044980,1.0,1.0,1.0,1.0
1630679045043,1.0,1.0,1.0,1.0
1630679045090,1.0,1.0,1.0,1.0
1630679045136,1.0,1.0,1.0,1.0
1630679045261,1.0,1.0,1.0,1.0
1630679045386,1.0,1.0,1.0,1.0
1630679045449,1.0,1.0,1.0,1.0
1630679045527,1.0,1.0,1.0,1.0
1630679045718,1.0,1.0,1.0,1.0
1630679045843,1.0,1.0,1.0,1.0
1630679045937,1.0,1.0,1.0,1.0
1630679045999,1.0,1.0,1.0,1.0
1630679046140,1.0,1.0,1.0,1.0
1630679046421,1.0,1.0,1.0,1.0
1630679046483,1.0,1.0,1.0,1.0
1630679046577,1.0,1.0,1.0,1.0
1630679046690,1.0,1.0,1.0,1.0
1630679046690,1.0,1.0,1.0,1.0
1630679046783,1.0,1.0,1.0,1.0
1630679046955,1.0,1.0,1.0,1.0
1630679047049,1.0,1.0,1.0,1.0
1630679047111,1.0,1.0,1.0,1.0
1630679047251,1.0,1.0,1.0,1.0
1630679047345,1.0,1.0,1.0,1.0
1630679047580,1.0,1.0,1.0,1.0
1630679047810,1.0,1.0,1.0,1.0
1630679047997,1.0,1.0,1.0,1.0
1630679048154,1.0,1.0,1.0,1.0
1630679048362,1.0,1.0,1.0,1.0
1630679048533,1.0,1.0,1.0,1.0
1630679048736,1.0,1.0,1.0,1.0
1630679048816,1.0,1.0,1.0,1.0
1630679048829,1.0,1.0,1.0,1.0
1630679048862,1.0,1.0,1.0,1.0
1630679049013,1.0,1.0,1.0,1.0
1630679049022,1.0,1.0,1.0,1.0
1630679049127,1.0,1.0,1.0,1.0
1630679049129,1.0,1.0,1.0,1.0
1630679049191,1.0,1.0,1.0,1.0
1630679049250,1.0,1.0,1.0,1.0
1630679049339,1.0,1.0,1.0,1.0
1630679049448,1.0,1.0,1.0,1.0
1630679049542,1.0,1.0,1.0,1.0
1630679049683,1.0,1.0,1.0,1.0
1630679049683,1.0,1.0,1.0,1.0
1630679049729,1.0,1.0,1.0,1.0
1630679049870,1.0,1.0,1.0,1.0
1630679050026,1.0,1.0,1.0,1.0
1630679050104,1.0,1.0,1.0,1.0
1630679050151,1.0,1.0,1.0,1.0
1630679050585,1.0,1.0,1.0,1.0
1630679050585,1.0,1.0,1.0,1.0
1630679051036,1.0,1.0,1.0,1.0
1630679051144,1.0,1.0,1.0,1.0
1630679051176,1.0,1.0,1.0,1.0
1630679051195,1.0,1.0,1.0,1.0
1630679051221,1.0,1.0,1.0,1.0
1630679051221,1.0,1.0,1.0,1.0
1630679051347,1.0,1.0,1.0,1.0
1630679051451,1.0,1.0,1.0,1.0
1630679051529,1.0,1.0,1.0,1.0
1630679051578,1.0,1.0,1.0,1.0
1630679051578,1.0,1.0,1.0,1.0
1630679051695,1.0,1.0,1.0,1.0
1630679051849,1.0,1.0,1.0,1.0
1630679051943,1.0,1.0,1.0,1.0
1630679052037,1.0,1.0,1.0,1.0
1630679052105,1.0,1.0,1.0,1.0
1630679052183,1.0,1.0,1.0,1.0
1630679052246,1.0,1.0,1.0,1.0
1630679052456,1.0,1.0,1.0,1.0
1630679052518,1.0,1.0,1.0,1.0
1630679052546,1.0,1.0,1.0,1.0
1630679052584,1.0,1.0,1.0,1.0
1630679052584,1.0,1.0,1.0,1.0
1630679052631,1.0,1.0,1.0,1.0
1630679052803,1.0,1.0,1.0,1.0
1630679052825,1.0,1.0,1.0,1.0
1630679053018,1.0,1.0,1.0,1.0
1630679053018,1.0,1.0,1.0,1.0
1630679053065,1.0,1.0,1.0,1.0
1630679053097,1.0,1.0,1.0,1.0
1630679053177,1.0,1.0,1.0,1.0
1630679053446,1.0,1.0,1.0,1.0
1630679053604,1.0,1.0,1.0,1.0
1630679053667,1.0,1.0,1.0,1.0
1630679053901,1.0,1.0,1.0,1.0
1630679054041,1.0,1.0,1.0,1.0
1630679054152,1.0,1.0,1.0,1.0
1630679054258,1.0,1.0,1.0,1.0
1630679054383,1.0,1.0,1.0,1.0
1630679054383,1.0,1.0,1.0,1.0
1630679054522,1.0,1.0,1.0,1.0
1630679054682,1.0,1.0,1.0,1.0
1630679054853,1.0,1.0,1.0,1.0
1630679054963,1.0,1.0,1.0,1.0
1630679055213,1.0,1.0,1.0,1.0
1630679055291,1.0,1.0,1.0,1.0
1630679055306,1.0,1.0,1.0,1.0
1630679055400,1.0,1.0,1.0,1.0
1630679055416,1.0,1.0,1.0,1.0
1630679055447,1.0,1.0,1.0,1.0
1630679055556,1.0,1.0,1.0,1.0
1630679055603,1.0,1.0,1.0,1.0
1630679055654,1.0,1.0,1.0,1.0
1630679055904,1.0,1.0,1.0,1.0
1630679056138,1.0,1.0,1.0,1.0
1630679056185,1.0,1.0,1.0,1.0
1630679056263,1.0,1.0,1.0,1.0
1630679056263,1.0,1.0,1.0,1.0
1630679056387,1.0,1.0,1.0,1.0
1630679056497,1.0,1.0,1.0,1.0
1630679056575,1.0,1.0,1.0,1.0
1630679056684,1.0,1.0,1.0,1.0
1630679056731,1.0,1.0,1.0,1.0
1630679056887,1.0,1.0,1.0,1.0
1630679057022,1.0,1.0,1.0,1.0
1630679057132,1.0,1.0,1.0,1.0
1630679057639,1.0,1.0,1.0,1.0
1630679057970,1.0,1.0,1.0,1.0
1630679058001,1.0,1.0,1.0,1.0
1630679058142,1.0,1.0,1.0,1.0
1630679058323,1.0,1.0,1.0,1.0
1630679058369,1.0,1.0,1.0,1.0
1630679058385,1.0,1.0,1.0,1.0
1630679058401,1.0,1.0,1.0,1.0
1630679058422,1.0,1.0,1.0,1.0
1630679058528,1.0,1.0,1.0,1.0
1630679058556,1.0,1.0,1.0,1.0
1630679058572,1.0,1.0,1.0,1.0
1630679058572,1.0,1.0,1.0,1.0
1630679058697,1.0,1.0,1.0,1.0
1630679058791,1.0,1.0,1.0,1.0
1630679058900,1.0,1.0,1.0,1.0
1630679058931,1.0,1.0,1.0,1.0
1630679058978,1.0,1.0,1.0,1.0
1630679059134,1.0,1.0,1.0,1.0
1630679059195,1.0,1.0,1.0,1.0
1630679059258,1.0,1.0,1.0,1.0
1630679059272,1.0,1.0,1.0,1.0
1630679059306,1.0,1.0,1.0,1.0
1630679059463,1.0,1.0,1.0,1.0
1630679059813,1.0,1.0,1.0,1.0
1630679059983,1.0,1.0,1.0,1.0
1630679060278,1.0,1.0,1.0,1.0
1630679060375,1.0,1.0,1.0,1.0
1630679060577,1.0,1.0,1.0,1.0
1630679060586,1.0,1.0,1.0,1.0
1630679060588,1.0,1.0,1.0,1.0
1630679060796,1.0,1.0,1.0,1.0
1630679060799,1.0,1.0,1.0,1.0
1630679060800,1.0,1.0,1.0,1.0
1630679060939,1.0,1.0,1.0,1.0
1630679060939,1.0,1.0,1.0,1.0
1630679060953,1.0,1.0,1.0,1.0
1630679060958,1.0,1.0,1.0,1.0
1630679061061,1.0,1.0,1.0,1.0
1630679061339,1.0,1.0,1.0,1.0
1630679061461,1.0,1.0,1.0,1.0
1630679061508,1.0,1.0,1.0,1.0
1630679061665,1.0,1.0,1.0,1.0
1630679061712,1.0,1.0,1.0,1.0
1630679061729,1.0,1.0,1.0,1.0
1630679061757,1.0,1.0,1.0,1.0
1630679061902,1.0,1.0,1.0,1.0
1630679061928,1.0,1.0,1.0,1.0
1630679062030,1.0,1.0,1.0,1.0
1630679062118,1.0,1.0,1.0,1.0
1630679062222,1.0,1.0,1.0,1.0
1630679062269,1.0,1.0,1.0,1.0
1630679062425,1.0,1.0,1.0,1.0
1630679062519,1.0,1.0,1.0,1.0
1630679062688,1.0,1.0,1.0,1.0
1630679062813,1.0,1.0,1.0,1.0
1630679062860,1.0,1.0,1.0,1.0
1630679063000,1.0,1.0,1.0,1.0
1630679063047,1.0,1.0,1.0,1.0
1630679063125,1.0,1.0,1.0,1.0
1630679063172,1.0,1.0,1.0,1.0
1630679063234,1.0,1.0,1.0,1.0
1630679063368,1.0,1.0,1.0,1.0
1630679063521,1.0,1.0,1.0,1.0
1630679063636,1.0,1.0,1.0,1.0
1630679063699,1.0,1.0,1.0,1.0
1630679063808,1.0,1.0,1.0,1.0
1630679063808,1.0,1.0,1.0,1.0
1630679063902,1.0,1.0,1.0,1.0
1630679063933,1.0,1.0,1.0,1.0
1630679064105,1.0,1.0,1.0,1.0
1630679064120,1.0,1.0,1.0,1.0
1630679064246,1.0,1.0,1.0,1.0
1630679064324,1.0,1.0,1.0,1.0
1630679064448,1.0,1.0,1.0,1.0
1630679064558,1.0,1.0,1.0,1.0
1630679064669,1.0,1.0,1.0,1.0
1630679064872,1.0,1.0,1.0,1.0
1630679064935,1.0,1.0,1.0,1.0
1630679065028,1.0,1.0,1.0,1.0
1630679065222,1.0,1.0,1.0,1.0
1630679065250,1.0,1.0,1.0,1.0
1630679065460,1.0,1.0,1.0,1.0
1630679065649,1.0,1.0,1.0,1.0
1630679065758,1.0,1.0,1.0,1.0
1630679065933,1.0,1.0,1.0,1.0
1630679066011,1.0,1.0,1.0,1.0
1630679066120,1.0,1.0,1.0,1.0
1630679066324,1.0,1.0,1.0,1.0
1630679066482,1.0,1.0,1.0,1.0
1630679066482,1.0,1.0,1.0,1.0
1630679066623,1.0,1.0,1.0,1.0
1630679066717,1.0,1.0,1.0,1.0
1630679066889,1.0,1.0,1.0,1.0
1630679066998,1.0,1.0,1.0,1.0
1630679067093,1.0,1.0,1.0,1.0
1630679067248,1.0,1.0,1.0,1.0
1630679067468,1.0,1.0,1.0,1.0
1630679067476,1.0,1.0,1.0,1.0
1630679067477,1.0,1.0,1.0,1.0
1630679067610,1.0,1.0,1.0,1.0
1630679067610,1.0,1.0,1.0,1.0
1630679067657,1.0,1.0,1.0,1.0
1630679067673,1.0,1.0,1.0,1.0
1630679067688,1.0,1.0,1.0,1.0
1630679067735,1.0,1.0,1.0,1.0
1630679067782,1.0,1.0,1.0,1.0
1630679068001,1.0,1.0,1.0,1.0
1630679068204,1.0,1.0,1.0,1.0
1630679068266,1.0,1.0,1.0,1.0
1630679068423,1.0,1.0,1.0,1.0
1630679068594,1.0,1.0,1.0,1.0
1630679068766,1.0,1.0,1.0,1.0
1630679068844,1.0,1.0,1.0,1.0
1630679069063,1.0,1.0,1.0,1.0
1630679069126,1.0,1.0,1.0,1.0
1630679069251,1.0,1.0,1.0,1.0
1630679069313,1.0,1.0,1.0,1.0
1630679069469,1.0,1.0,1.0,1.0
1630679069469,1.0,1.0,1.0,1.0
1630679069500,1.0,1.0,1.0,1.0
1630679069579,1.0,1.0,1.0,1.0
1630679069672,1.0,1.0,1.0,1.0
1630679069672,1.0,1.0,1.0,1.0
1630679069906,1.0,1.0,1.0,1.0
1630679069906,1.0,1.0,1.0,1.0
1630679070016,1.0,1.0,1.0,1.0
1630679070078,1.0,1.0,1.0,1.0
1630679070203,1.0,1.0,1.0,1.0
1630679070375,1.0,1.0,1.0,1.0
1630679070562,1.0,1.0,1.0,1.0
1630679070644,1.0,1.0,1.0,1.0
1630679070785,1.0,1.0,1.0,1.0
1630679070847,1.0,1.0,1.0,1.0
1630679070847,1.0,1.0,1.0,1.0
1630679070925,1.0,1.0,1.0,1.0
1630679071003,1.0,1.0,1.0,1.0
1630679071019,1.0,1.0,1.0,1.0
1630679071113,1.0,1.0,1.0,1.0
1630679071316,1.0,1.0,1.0,1.0
1630679071347,1.0,1.0,1.0,1.0
1630679071472,1.0,1.0,1.0,1.0
1630679071566,1.0,1.0,1.0,1.0
1630679071677,1.0,1.0,1.0,1.0
1630679071833,1.0,1.0,1.0,1.0
1630679071833,1.0,1.0,1.0,1.0
1630679071958,1.0,1.0,1.0,1.0
1630679072240,1.0,1.0,1.0,1.0
1630679072380,1.0,1.0,1.0,1.0
1630679072583,1.0,1.0,1.0,1.0
1630679072646,1.0,1.0,1.0,1.0
1630679072807,1.0,1.0,1.0,1.0
1630679072807,1.0,1.0,1.0,1.0
1630679072995,1.0,1.0,1.0,1.0
1630679072995,1.0,1.0,1.0,1.0
1630679073010,1.0,1.0,1.0,1.0
1630679073088,1.0,1.0,1.0,1.0
1630679073229,1.0,1.0,1.0,1.0
1630679073572,1.0,1.0,1.0,1.0
1630679073572,1.0,1.0,1.0,1.0
1630679073635,1.0,1.0,1.0,1.0
1630679073729,1.0,1.0,1.0,1.0
1630679073846,1.0,1.0,1.0,1.0
1630679073908,1.0,1.0,1.0,1.0
1630679073908,1.0,1.0,1.0,1.0
1630679073908,1.0,1.0,1.0,1.0
1630679074049,1.0,1.0,1.0,1.0
1630679074049,1.0,1.0,1.0,1.0
1630679074174,1.0,1.0,1.0,1.0
1630679074237,1.0,1.0,1.0,1.0
1630679074315,1.0,1.0,1.0,1.0
1630679074377,1.0,1.0,1.0,1.0
1630679074486,1.0,1.0,1.0,1.0
1630679074596,1.0,1.0,1.0,1.0
1630679074770,1.0,1.0,1.0,1.0
1630679074833,1.0,1.0,1.0,1.0
1630679075005,1.0,1.0,1.0,1.0
1630679075192,1.0,1.0,1.0,1.0
1630679075223,1.0,1.0,1.0,1.0
1630679075255,1.0,1.0,1.0,1.0
1630679075411,1.0,1.0,1.0,1.0
1630679075458,1.0,1.0,1.0,1.0
1630679075553,1.0,1.0,1.0,1.0
1630679075631,1.0,1.0,1.0,1.0
1630679075788,1.0,1.0,1.0,1.0
1630679075866,1.0,1.0,1.0,1.0
1630679076022,1.0,1.0,1.0,1.0
1630679076131,1.0,1.0,1.0,1.0
1630679076319,1.0,1.0,1.0,1.0
1630679076319,1.0,1.0,1.0,1.0
1630679076428,1.0,1.0,1.0,1.0
1630679076522,1.0,1.0,1.0,1.0
1630679076696,1.0,1.0,1.0,1.0
1630679076696,1.0,1.0,1.0,1.0
1630679076775,1.0,1.0,1.0,1.0
1630679076915,1.0,1.0,1.0,1.0
1630679076978,1.0,1.0,1.0,1.0
1630679077103,1.0,1.0,1.0,1.0
1630679077243,1.0,1.0,1.0,1.0
1630679077274,1.0,1.0,1.0,1.0
1630679077353,1.0,1.0,1.0,1.0
1630679077637,1.0,1.0,1.0,1.0
1630679077683,1.0,1.0,1.0,1.0
1630679077855,1.0,1.0,1.0,1.0
1630679077949,1.0,1.0,1.0,1.0
1630679078089,1.0,1.0,1.0,1.0
1630679078152,1.0,1.0,1.0,1.0
1630679078324,1.0,1.0,1.0,1.0
1630679078418,1.0,1.0,1.0,1.0
1630679078670,1.0,1.0,1.0,1.0
1630679078779,1.0,1.0,1.0,1.0
1630679078889,1.0,1.0,1.0,1.0
1630679078889,1.0,1.0,1.0,1.0
1630679079014,1.0,1.0,1.0,1.0
1630679079170,1.0,1.0,1.0,1.0
1630679079201,1.0,1.0,1.0,1.0
1630679079217,1.0,1.0,1.0,1.0
1630679079279,1.0,1.0,1.0,1.0
1630679079326,1.0,1.0,1.0,1.0
1630679079451,1.0,1.0,1.0,1.0
1630679079482,1.0,1.0,1.0,1.0
1630679079498,1.0,1.0,1.0,1.0
1630679079658,1.0,1.0,1.0,1.0
1630679079798,1.0,1.0,1.0,1.0
1630679079939,1.0,1.0,1.0,1.0
1630679080001,1.0,1.0,1.0,1.0
1630679080095,1.0,1.0,1.0,1.0
1630679080142,1.0,1.0,1.0,1.0
1630679080314,1.0,1.0,1.0,1.0
1630679080361,1.0,1.0,1.0,1.0
1630679080517,1.0,1.0,1.0,1.0
1630679080628,1.0,1.0,1.0,1.0
1630679080941,1.0,1.0,1.0,1.0
1630679081097,1.0,1.0,1.0,1.0
1630679081332,1.0,1.0,1.0,1.0
1630679081522,1.0,1.0,1.0,1.0
1630679081616,1.0,1.0,1.0,1.0
1630679081663,1.0,1.0,1.0,1.0
1630679081694,1.0,1.0,1.0,1.0
1630679081694,1.0,1.0,1.0,1.0
1630679081741,1.0,1.0,1.0,1.0
1630679081741,1.0,1.0,1.0,1.0
1630679081881,1.0,1.0,1.0,1.0
1630679081881,1.0,1.0,1.0,1.0
1630679082022,1.0,1.0,1.0,1.0
1630679082209,1.0,1.0,1.0,1.0
1630679082303,1.0,1.0,1.0,1.0
1630679082334,1.0,1.0,1.0,1.0
1630679082412,1.0,1.0,1.0,1.0
1630679082470,1.0,1.0,1.0,1.0
1630679082579,1.0,1.0,1.0,1.0
1630679082610,1.0,1.0,1.0,1.0
1630679082766,1.0,1.0,1.0,1.0
1630679082813,1.0,1.0,1.0,1.0
1630679082923,1.0,1.0,1.0,1.0
1630679083079,1.0,1.0,1.0,1.0
1630679083126,1.0,1.0,1.0,1.0
1630679083173,1.0,1.0,1.0,1.0
1630679083204,1.0,1.0,1.0,1.0
1630679083438,1.0,1.0,1.0,1.0
1630679083567,1.0,1.0,1.0,1.0
1630679083660,1.0,1.0,1.0,1.0
1630679083707,1.0,1.0,1.0,1.0
1630679083722,1.0,1.0,1.0,1.0
1630679083754,1.0,1.0,1.0,1.0
1630679083894,1.0,1.0,1.0,1.0
1630679083894,1.0,1.0,1.0,1.0
1630679084097,1.0,1.0,1.0,1.0
1630679084113,1.0,1.0,1.0,1.0
1630679084128,1.0,1.0,1.0,1.0
1630679084332,1.0,1.0,1.0,1.0
1630679084425,1.0,1.0,1.0,1.0
1630679084457,1.0,1.0,1.0,1.0
1630679084662,1.0,1.0,1.0,1.0
1630679084678,1.0,1.0,1.0,1.0
1630679084896,1.0,1.0,1.0,1.0
1630679084990,1.0,1.0,1.0,1.0
1630679085037,1.0,1.0,1.0,1.0
1630679085209,1.0,1.0,1.0,1.0
1630679085427,1.0,1.0,1.0,1.0
1630679085552,1.0,1.0,1.0,1.0
1630679085589,1.0,1.0,1.0,1.0
1630679085995,1.0,1.0,1.0,1.0
1630679086120,1.0,1.0,1.0,1.0
1630679086120,1.0,1.0,1.0,1.0
1630679086386,1.0,1.0,1.0,1.0
1630679086448,1.0,1.0,1.0,1.0
1630679086480,1.0,1.0,1.0,1.0
1630679086495,1.0,1.0,1.0,1.0
1630679086624,1.0,1.0,1.0,1.0
1630679086702,1.0,1.0,1.0,1.0
1630679086733,1.0,1.0,1.0,1.0
1630679086764,1.0,1.0,1.0,1.0
1630679086827,1.0,1.0,1.0,1.0
1630679087077,1.0,1.0,1.0,1.0
1630679087217,1.0,1.0,1.0,1.0
1630679087295,1.0,1.0,1.0,1.0
1630679087451,1.0,1.0,1.0,1.0
1630679087579,1.0,1.0,1.0,1.0
1630679087642,1.0,1.0,1.0,1.0
1630679087674,1.0,1.0,1.0,1.0
1630679087799,1.0,1.0,1.0,1.0
1630679087799,1.0,1.0,1.0,1.0
1630679088064,1.0,1.0,1.0,1.0
1630679088267,1.0,1.0,1.0,1.0
1630679088564,1.0,1.0,1.0,1.0
1630679088690,1.0,1.0,1.0,1.0
1630679088893,1.0,1.0,1.0,1.0
1630679088909,1.0,1.0,1.0,1.0
1630679088956,1.0,1.0,1.0,1.0
1630679088956,1.0,1.0,1.0,1.0
1630679088972,1.0,1.0,1.0,1.0
1630679089097,1.0,1.0,1.0,1.0
1630679089237,1.0,1.0,1.0,1.0
1630679089300,1.0,1.0,1.0,1.0
1630679089362,1.0,1.0,1.0,1.0
1630679089440,1.0,1.0,1.0,1.0
1630679089456,1.0,1.0,1.0,1.0
1630679089596,1.0,1.0,1.0,1.0
1630679089596,1.0,1.0,1.0,1.0
1630679089628,1.0,1.0,1.0,1.0
1630679089755,1.0,1.0,1.0,1.0
1630679089911,1.0,1.0,1.0,1.0
1630679090005,1.0,1.0,1.0,1.0
1630679090021,1.0,1.0,1.0,1.0
1630679090193,1.0,1.0,1.0,1.0
1630679090349,1.0,1.0,1.0,1.0
1630679090349,1.0,1.0,1.0,1.0
1630679090427,1.0,1.0,1.0,1.0
1630679090494,1.0,1.0,1.0,1.0
1630679090556,1.0,1.0,1.0,1.0
1630679090666,1.0,1.0,1.0,1.0
1630679090822,1.0,1.0,1.0,1.0
1630679090931,1.0,1.0,1.0,1.0
1630679090947,1.0,1.0,1.0,1.0
1630679090994,1.0,1.0,1.0,1.0
1630679091322,1.0,1.0,1.0,1.0
1630679091573,1.0,1.0,1.0,1.0
1630679091824,1.0,1.0,1.0,1.0
1630679091886,1.0,1.0,1.0,1.0
1630679091995,1.0,1.0,1.0,1.0
1630679092089,1.0,1.0,1.0,1.0
1630679092105,1.0,1.0,1.0,1.0
1630679092105,1.0,1.0,1.0,1.0
1630679092152,1.0,1.0,1.0,1.0
1630679092277,1.0,1.0,1.0,1.0
1630679092355,1.0,1.0,1.0,1.0
1630679092448,1.0,1.0,1.0,1.0
1630679092576,1.0,1.0,1.0,1.0
1630679092685,1.0,1.0,1.0,1.0
1630679092779,1.0,1.0,1.0,1.0
1630679092795,1.0,1.0,1.0,1.0
1630679092810,1.0,1.0,1.0,1.0
1630679092857,1.0,1.0,1.0,1.0
1630679092904,1.0,1.0,1.0,1.0
1630679093048,1.0,1.0,1.0,1.0
1630679093235,1.0,1.0,1.0,1.0
1630679093329,1.0,1.0,1.0,1.0
1630679093391,1.0,1.0,1.0,1.0
1630679093454,1.0,1.0,1.0,1.0
1630679093613,1.0,1.0,1.0,1.0
1630679093675,1.0,1.0,1.0,1.0
1630679093738,1.0,1.0,1.0,1.0
1630679093816,1.0,1.0,1.0,1.0
1630679093847,1.0,1.0,1.0,1.0
1630679093878,1.0,1.0,1.0,1.0
1630679094082,1.0,1.0,1.0,1.0
1630679094113,1.0,1.0,1.0,1.0
1630679094222,1.0,1.0,1.0,1.0
1630679094331,1.0,1.0,1.0,1.0
1630679094441,1.0,1.0,1.0,1.0
1630679094519,1.0,1.0,1.0,1.0
1630679094662,1.0,1.0,1.0,1.0
1630679094725,1.0,1.0,1.0,1.0
1630679094850,1.0,1.0,1.0,1.0
1630679094993,1.0,1.0,1.0,1.0
1630679095196,1.0,1.0,1.0,1.0
1630679095196,1.0,1.0,1.0,1.0
1630679095352,1.0,1.0,1.0,1.0
1630679095368,1.0,1.0,1.0,1.0
1630679095555,1.0,1.0,1.0,1.0
1630679095571,1.0,1.0,1.0,1.0
1630679095790,1.0,1.0,1.0,1.0
1630679095946,1.0,1.0,1.0,1.0
1630679096181,1.0,1.0,1.0,1.0
1630679096321,2.0,1.0,1.0,2.0
1630679096337,2.0,1.0,1.0,2.0
1630679096493,1.0,1.0,1.0,1.0
1630679096556,1.0,1.0,1.0,1.0
1630679096651,1.0,1.0,1.0,1.0
1630679096995,1.0,1.0,1.0,1.0
1630679097042,1.0,1.0,1.0,1.0
1630679097104,1.0,1.0,1.0,1.0
1630679097214,1.0,1.0,1.0,1.0
1630679097245,1.0,1.0,1.0,1.0
1630679097245,1.0,1.0,1.0,1.0
1630679097308,1.0,1.0,1.0,1.0
1630679097401,1.0,1.0,1.0,1.0
1630679097433,1.0,1.0,1.0,1.0
1630679097573,1.0,1.0,1.0,1.0
1630679097700,1.0,1.0,1.0,1.0
1630679097872,1.0,1.0,1.0,1.0
1630679098060,1.0,1.0,1.0,1.0
1630679098075,1.0,1.0,1.0,1.0
1630679098185,1.0,1.0,1.0,1.0
1630679098310,1.0,1.0,1.0,1.0
1630679098325,1.0,1.0,1.0,1.0
1630679098544,1.0,1.0,1.0,1.0
1630679098560,1.0,1.0,1.0,1.0
1630679098671,1.0,1.0,1.0,1.0
1630679098702,1.0,1.0,1.0,1.0
1630679098765,1.0,1.0,1.0,1.0
1630679098890,1.0,1.0,1.0,1.0
1630679099077,1.0,1.0,1.0,1.0
1630679099249,1.0,1.0,1.0,1.0
1630679099312,1.0,1.0,1.0,1.0
1630679099343,1.0,1.0,1.0,1.0
1630679099530,1.0,1.0,1.0,1.0
1630679099738,1.0,1.0,1.0,1.0
1630679099816,1.0,1.0,1.0,1.0
1630679099972,1.0,1.0,1.0,1.0
1630679100050,1.0,1.0,1.0,1.0
1630679100207,1.0,1.0,1.0,1.0
1630679100394,1.0,1.0,1.0,1.0
1630679100472,1.0,1.0,1.0,1.0
1630679100582,1.0,1.0,1.0,1.0
1630679100631,1.0,1.0,1.0,1.0
1630679100649,1.0,1.0,1.0,1.0
1630679100743,1.0,1.0,1.0,1.0
1630679100743,1.0,1.0,1.0,1.0
1630679100790,1.0,1.0,1.0,1.0
1630679100899,1.0,1.0,1.0,1.0
1630679100962,1.0,1.0,1.0,1.0
1630679101024,1.0,1.0,1.0,1.0
1630679101165,1.0,1.0,1.0,1.0
1630679101243,1.0,1.0,1.0,1.0
1630679101430,1.0,1.0,1.0,1.0
1630679101571,1.0,1.0,1.0,1.0
1630679101789,1.0,1.0,1.0,1.0
1630679101993,1.0,1.0,1.0,1.0
1630679102008,1.0,1.0,1.0,1.0
1630679102180,1.0,1.0,1.0,1.0
1630679102336,1.0,1.0,1.0,1.0
1630679102555,1.0,1.0,1.0,1.0
1630679102555,1.0,1.0,1.0,1.0
1630679102696,1.0,1.0,1.0,1.0
1630679102758,2.0,1.0,1.0,2.0
1630679102774,1.0,1.0,1.0,1.0
1630679102836,2.0,1.0,1.0,2.0
1630679102867,2.0,1.0,1.0,2.0
1630679102883,2.0,1.0,1.0,2.0
1630679102945,2.0,1.0,1.0,2.0
1630679103102,2.0,1.0,1.0,2.0
1630679103133,2.0,1.0,1.0,2.0
1630679103541,2.0,1.0,1.0,2.0
1630679103667,2.0,1.0,1.0,2.0
1630679103948,2.0,1.0,1.0,2.0
1630679104057,2.0,1.0,1.0,2.0
1630679104072,2.0,1.0,1.0,2.0
1630679104072,2.0,1.0,1.0,2.0
1630679104072,2.0,1.0,1.0,2.0
1630679104416,1.0,1.0,1.0,1.0
1630679104416,2.0,1.0,1.0,2.0
1630679104478,1.0,1.0,1.0,1.0
1630679104494,1.0,1.0,1.0,1.0
1630679104494,1.0,1.0,1.0,1.0
1630679104701,1.0,1.0,1.0,1.0
1630679105041,1.0,1.0,1.0,1.0
1630679105057,1.0,1.0,1.0,1.0
1630679105197,1.0,1.0,1.0,1.0
1630679105307,1.0,1.0,1.0,1.0
1630679105353,1.0,1.0,1.0,1.0
1630679105400,1.0,1.0,1.0,1.0
1630679105525,1.0,1.0,1.0,1.0
1630679105525,1.0,1.0,1.0,1.0
1630679105606,1.0,1.0,1.0,1.0
1630679105637,1.0,1.0,1.0,1.0
1630679105746,1.0,1.0,1.0,1.0
1630679106074,1.0,1.0,1.0,1.0
1630679106168,1.0,1.0,1.0,1.0
1630679106324,1.0,1.0,1.0,1.0
1630679106701,1.0,1.0,1.0,1.0
1630679107045,1.0,1.0,1.0,1.0
1630679107045,1.0,1.0,1.0,1.0
1630679107060,1.0,1.0,1.0,1.0
1630679107185,1.0,1.0,1.0,1.0
1630679107217,1.0,1.0,1.0,1.0
1630679107404,1.0,1.0,1.0,1.0
1630679107466,1.0,1.0,1.0,1.0
1630679107466,1.0,1.0,1.0,1.0
1630679107482,1.0,1.0,1.0,1.0
1630679107513,1.0,1.0,1.0,1.0
1630679107513,1.0,1.0,1.0,1.0
1630679107513,1.0,1.0,1.0,1.0
1630679107545,1.0,1.0,1.0,1.0
1630679107638,1.0,1.0,1.0,1.0
1630679107688,1.0,1.0,1.0,1.0
1630679107719,1.0,1.0,1.0,1.0
1630679107751,1.0,1.0,1.0,1.0
1630679107860,1.0,1.0,1.0,1.0
1630679107969,1.0,1.0,1.0,1.0
1630679108126,1.0,1.0,1.0,1.0
1630679108235,1.0,1.0,1.0,1.0
1630679108469,1.0,1.0,1.0,1.0
1630679108659,1.0,1.0,1.0,1.0
1630679108799,1.0,1.0,1.0,1.0
1630679108940,1.0,1.0,1.0,1.0
1630679109096,1.0,1.0,1.0,1.0
1630679109096,1.0,1.0,1.0,1.0
1630679109237,1.0,1.0,1.0,1.0
1630679109299,1.0,1.0,1.0,1.0
1630679109424,1.0,1.0,1.0,1.0
1630679109614,1.0,1.0,1.0,1.0
1630679109614,1.0,1.0,1.0,1.0
1630679109661,1.0,1.0,1.0,1.0
1630679110005,1.0,1.0,1.0,1.0
1630679110098,1.0,1.0,1.0,1.0
1630679110192,1.0,1.0,1.0,1.0
1630679110208,1.0,1.0,1.0,1.0
1630679110208,1.0,1.0,1.0,1.0
1630679110317,1.0,1.0,1.0,1.0
1630679110348,1.0,1.0,1.0,1.0
1630679110364,1.0,1.0,1.0,1.0
1630679110538,1.0,1.0,1.0,1.0
1630679110600,1.0,1.0,1.0,1.0
1630679110819,1.0,1.0,1.0,1.0
1630679110881,1.0,1.0,1.0,1.0
1630679110913,1.0,1.0,1.0,1.0
1630679111038,1.0,1.0,1.0,1.0
1630679111382,1.0,1.0,1.0,1.0
1630679111429,1.0,1.0,1.0,1.0
1630679111429,1.0,1.0,1.0,1.0
1630679111587,1.0,1.0,1.0,1.0
1630679111619,1.0,1.0,1.0,1.0
1630679111697,1.0,1.0,1.0,1.0
1630679111791,1.0,1.0,1.0,1.0
1630679111807,1.0,1.0,1.0,1.0
1630679111916,1.0,1.0,1.0,1.0
1630679112104,1.0,1.0,1.0,1.0
1630679112229,1.0,1.0,1.0,1.0
1630679112260,1.0,1.0,1.0,1.0
1630679112448,1.0,1.0,1.0,1.0
1630679112463,1.0,1.0,1.0,1.0
1630679112510,1.0,1.0,1.0,1.0
1630679112557,1.0,1.0,1.0,1.0
1630679112638,1.0,1.0,1.0,1.0
1630679112669,1.0,1.0,1.0,1.0
1630679112747,1.0,1.0,1.0,1.0
1630679112810,1.0,1.0,1.0,1.0
1630679112888,1.0,1.0,1.0,1.0
1630679112966,1.0,1.0,1.0,1.0
1630679113075,1.0,1.0,1.0,1.0
1630679113106,1.0,1.0,1.0,1.0
1630679113184,1.0,1.0,1.0,1.0
1630679113404,1.0,1.0,1.0,1.0
1630679113684,1.0,1.0,1.0,1.0
1630679113731,1.0,1.0,1.0,1.0
1630679114169,1.0,1.0,1.0,1.0
1630679114356,1.0,1.0,1.0,1.0
1630679114481,1.0,1.0,1.0,1.0
1630679114497,1.0,1.0,1.0,1.0
1630679114590,1.0,1.0,1.0,1.0
1630679114684,1.0,1.0,1.0,1.0
1630679114762,1.0,1.0,1.0,1.0
1630679114762,1.0,1.0,1.0,1.0
1630679114793,1.0,1.0,1.0,1.0
1630679114793,1.0,1.0,1.0,1.0
1630679114840,1.0,1.0,1.0,1.0
1630679114887,1.0,1.0,1.0,1.0
1630679114965,1.0,1.0,1.0,1.0
1630679115231,1.0,1.0,1.0,1.0
1630679115403,1.0,1.0,1.0,1.0
1630679115578,1.0,1.0,1.0,1.0
1630679115609,1.0,1.0,1.0,1.0
1630679115859,1.0,1.0,1.0,1.0
1630679115968,1.0,1.0,1.0,1.0
1630679116062,1.0,1.0,1.0,1.0
1630679116077,1.0,1.0,1.0,1.0
1630679116156,1.0,1.0,1.0,1.0
1630679116374,1.0,1.0,1.0,1.0
1630679116895,1.0,1.0,1.0,1.0
1630679116973,1.0,1.0,1.0,1.0
1630679117066,1.0,1.0,1.0,1.0
1630679117191,1.0,1.0,1.0,1.0
1630679117269,1.0,1.0,1.0,1.0
1630679117269,1.0,1.0,1.0,1.0
1630679117285,1.0,1.0,1.0,1.0
1630679117332,1.0,1.0,1.0,1.0
1630679117348,1.0,1.0,1.0,1.0
1630679117410,1.0,1.0,1.0,1.0
1630679117489,1.0,1.0,1.0,1.0
1630679117504,1.0,1.0,1.0,1.0
1630679117553,1.0,1.0,1.0,1.0
1630679117553,1.0,1.0,1.0,1.0
1630679117584,1.0,1.0,1.0,1.0
1630679117678,1.0,1.0,1.0,1.0
1630679117678,1.0,1.0,1.0,1.0
1630679117944,1.0,1.0,1.0,1.0
1630679118022,1.0,1.0,1.0,1.0
1630679118162,1.0,1.0,1.0,1.0
1630679118209,1.0,1.0,1.0,1.0
1630679118381,1.0,1.0,1.0,1.0
1630679118681,1.0,1.0,1.0,1.0
1630679118775,1.0,1.0,1.0,1.0
1630679118790,1.0,1.0,1.0,1.0
1630679118946,1.0,1.0,1.0,1.0
1630679119197,1.0,1.0,1.0,1.0
1630679119212,1.0,1.0,1.0,1.0
1630679119212,1.0,1.0,1.0,1.0
1630679119274,1.0,1.0,1.0,1.0
1630679119493,1.0,1.0,1.0,1.0
1630679119793,1.0,1.0,1.0,1.0
1630679119982,1.0,1.0,1.0,1.0
1630679120045,1.0,1.0,1.0,1.0
1630679120169,1.0,1.0,1.0,1.0
1630679120169,1.0,1.0,1.0,1.0
1630679120169,1.0,1.0,1.0,1.0
1630679120372,1.0,1.0,1.0,1.0
1630679120451,1.0,1.0,1.0,1.0
1630679120466,1.0,1.0,1.0,1.0
1630679120577,1.0,1.0,1.0,1.0
1630679120594,1.0,1.0,1.0,1.0
1630679120750,1.0,1.0,1.0,1.0
1630679120891,1.0,1.0,1.0,1.0
1630679120891,1.0,1.0,1.0,1.0
1630679121064,1.0,1.0,1.0,1.0
1630679121095,1.0,1.0,1.0,1.0
1630679121110,1.0,1.0,1.0,1.0
1630679121173,1.0,1.0,1.0,1.0
1630679121220,1.0,1.0,1.0,1.0
1630679121438,1.0,1.0,1.0,1.0
1630679121704,1.0,1.0,1.0,1.0
1630679121704,1.0,1.0,1.0,1.0
1630679121735,1.0,1.0,1.0,1.0
1630679121829,1.0,1.0,1.0,1.0
1630679122110,1.0,1.0,1.0,1.0
1630679122110,1.0,1.0,1.0,1.0
1630679122110,1.0,1.0,1.0,1.0
1630679122126,1.0,1.0,1.0,1.0
1630679122126,1.0,1.0,1.0,1.0
1630679122284,1.0,1.0,1.0,1.0
1630679122550,1.0,1.0,1.0,1.0
1630679122646,1.0,1.0,1.0,1.0
1630679122755,1.0,1.0,1.0,1.0
1630679122818,1.0,1.0,1.0,1.0
1630679122974,1.0,1.0,1.0,1.0
1630679123099,1.0,1.0,1.0,1.0
1630679123177,1.0,1.0,1.0,1.0
1630679123224,1.0,1.0,1.0,1.0
1630679123286,1.0,1.0,1.0,1.0
1630679123478,1.0,1.0,1.0,1.0
1630679123681,1.0,1.0,1.0,1.0
1630679123696,1.0,1.0,1.0,1.0
1630679123743,1.0,1.0,1.0,1.0
1630679123853,1.0,1.0,1.0,1.0
1630679123931,1.0,1.0,1.0,1.0
1630679124056,1.0,1.0,1.0,1.0
1630679124228,1.0,1.0,1.0,1.0
1630679124259,1.0,1.0,1.0,1.0
1630679124493,1.0,1.0,1.0,1.0
1630679124805,1.0,1.0,1.0,1.0
1630679124884,1.0,1.0,1.0,1.0
1630679124962,1.0,1.0,1.0,1.0
1630679125024,1.0,1.0,1.0,1.0
1630679125165,1.0,1.0,1.0,1.0
1630679125165,1.0,1.0,1.0,1.0
1630679125430,1.0,1.0,1.0,1.0
1630679125509,1.0,1.0,1.0,1.0
1630679125509,1.0,1.0,1.0,1.0
1630679125665,1.0,1.0,1.0,1.0
1630679125712,1.0,1.0,1.0,1.0
1630679126071,1.0,1.0,1.0,1.0
1630679126274,1.0,1.0,1.0,1.0
1630679126274,1.0,1.0,1.0,1.0
1630679126274,1.0,1.0,1.0,1.0
1630679126274,1.0,1.0,1.0,1.0
1630679126414,1.0,1.0,1.0,1.0
1630679126446,1.0,1.0,1.0,1.0
1630679126527,1.0,1.0,1.0,1.0
1630679126699,1.0,1.0,1.0,1.0
1630679126699,1.0,1.0,1.0,1.0
1630679126699,1.0,1.0,1.0,1.0
1630679126730,1.0,1.0,1.0,1.0
1630679126730,1.0,1.0,1.0,1.0
1630679126777,1.0,1.0,1.0,1.0
1630679127121,1.0,1.0,1.0,1.0
1630679127324,1.0,1.0,1.0,1.0
1630679127417,1.0,1.0,1.0,1.0
1630679127527,1.0,1.0,1.0,1.0
1630679127702,1.0,1.0,1.0,1.0
1630679127745,1.0,1.0,1.0,1.0
1630679127792,1.0,1.0,1.0,1.0
1630679127823,1.0,1.0,1.0,1.0
1630679127823,1.0,1.0,1.0,1.0
1630679127885,1.0,1.0,1.0,1.0
1630679128070,1.0,1.0,1.0,1.0
1630679128327,1.0,1.0,1.0,1.0
1630679128500,1.0,1.0,1.0,1.0
1630679128547,1.0,1.0,1.0,1.0
1630679128594,1.0,1.0,1.0,1.0
1630679128688,1.0,1.0,1.0,1.0
1630679128735,1.0,1.0,1.0,1.0
1630679128878,1.0,1.0,1.0,1.0
1630679128878,1.0,1.0,1.0,1.0
1630679129048,1.0,1.0,1.0,1.0
1630679129055,1.0,1.0,1.0,1.0
1630679129094,1.0,1.0,1.0,1.0
1630679129174,1.0,1.0,1.0,1.0
1630679129284,1.0,1.0,1.0,1.0
1630679129406,1.0,1.0,1.0,1.0
1630679129423,1.0,1.0,1.0,1.0
1630679129485,1.0,1.0,1.0,1.0
1630679129515,1.0,1.0,1.0,1.0
1630679129611,1.0,1.0,1.0,1.0
1630679129652,1.0,1.0,1.0,1.0
1630679129862,1.0,1.0,1.0,1.0
1630679129906,1.0,1.0,1.0,1.0
1630679130154,1.0,1.0,1.0,1.0
1630679130419,1.0,1.0,1.0,1.0
1630679130506,1.0,1.0,1.0,1.0
1630679130727,1.0,1.0,1.0,1.0
1630679130828,1.0,1.0,1.0,1.0
1630679130951,1.0,1.0,1.0,1.0
1630679131061,1.0,1.0,1.0,1.0
1630679131061,1.0,1.0,1.0,1.0
1630679131092,1.0,1.0,1.0,1.0
1630679131256,1.0,1.0,1.0,1.0
1630679131412,1.0,1.0,1.0,1.0
1630679131535,1.0,1.0,1.0,1.0
1630679131734,1.0,1.0,1.0,1.0
1630679131749,1.0,1.0,1.0,1.0
1630679131828,1.0,1.0,1.0,1.0
1630679132182,1.0,1.0,1.0,1.0
1630679132197,1.0,1.0,1.0,1.0
1630679132369,1.0,1.0,1.0,1.0
1630679132416,1.0,1.0,1.0,1.0
1630679132416,1.0,1.0,1.0,1.0
1630679132731,1.0,1.0,1.0,1.0
1630679132856,1.0,1.0,1.0,1.0
1630679132965,1.0,1.0,1.0,1.0
1630679133043,1.0,1.0,1.0,1.0
1630679133043,1.0,1.0,1.0,1.0
1630679133090,1.0,1.0,1.0,1.0
1630679133153,1.0,1.0,1.0,1.0
1630679133184,1.0,1.0,1.0,1.0
1630679133325,1.0,1.0,1.0,1.0
1630679133325,1.0,1.0,1.0,1.0
1630679133340,1.0,1.0,1.0,1.0
1630679133340,1.0,1.0,1.0,1.0
1630679133373,1.0,1.0,1.0,1.0
1630679133485,1.0,1.0,1.0,1.0
1630679133641,1.0,1.0,1.0,1.0
1630679133719,1.0,1.0,1.0,1.0
1630679133829,1.0,1.0,1.0,1.0
1630679133844,1.0,1.0,1.0,1.0
1630679134047,1.0,1.0,1.0,1.0
1630679134187,1.0,1.0,1.0,1.0
1630679134405,1.0,1.0,1.0,1.0
1630679134595,1.0,1.0,1.0,1.0
1630679134814,1.0,1.0,1.0,1.0
1630679134908,1.0,1.0,1.0,1.0
1630679134986,1.0,1.0,1.0,1.0
1630679135111,1.0,1.0,1.0,1.0
1630679135111,1.0,1.0,1.0,1.0
1630679135158,1.0,1.0,1.0,1.0
1630679135158,1.0,1.0,1.0,1.0
1630679135205,1.0,1.0,1.0,1.0
1630679135205,1.0,1.0,1.0,1.0
1630679135305,1.0,1.0,1.0,1.0
1630679135555,1.0,1.0,1.0,1.0
1630679135714,1.0,1.0,1.0,1.0
1630679135792,1.0,1.0,1.0,1.0
1630679135870,1.0,1.0,1.0,1.0
1630679136120,1.0,1.0,1.0,1.0
1630679136261,1.0,1.0,1.0,1.0
1630679136261,1.0,1.0,1.0,1.0
1630679136307,1.0,1.0,1.0,1.0
1630679136370,1.0,1.0,1.0,1.0
1630679136541,1.0,1.0,1.0,1.0
1630679136700,1.0,1.0,1.0,1.0
1630679136700,1.0,1.0,1.0,1.0
1630679136872,1.0,1.0,1.0,1.0
1630679136934,1.0,1.0,1.0,1.0
1630679137013,1.0,1.0,1.0,1.0
1630679137106,1.0,1.0,1.0,1.0
1630679137325,1.0,1.0,1.0,1.0
1630679137538,1.0,1.0,1.0,1.0
1630679137600,1.0,1.0,1.0,1.0
1630679137616,1.0,1.0,1.0,1.0
1630679137616,1.0,1.0,1.0,1.0
1630679137852,1.0,1.0,1.0,1.0
1630679138102,1.0,1.0,1.0,1.0
1630679138180,1.0,1.0,1.0,1.0
1630679138211,1.0,1.0,1.0,1.0
1630679138274,1.0,1.0,1.0,1.0
1630679138352,1.0,1.0,1.0,1.0
1630679138478,1.0,1.0,1.0,1.0
1630679138493,1.0,1.0,1.0,1.0
1630679138699,1.0,1.0,1.0,1.0
1630679138714,1.0,1.0,1.0,1.0
1630679138714,1.0,1.0,1.0,1.0
1630679138777,1.0,1.0,1.0,1.0
1630679138902,1.0,1.0,1.0,1.0
1630679138902,1.0,1.0,1.0,1.0
1630679138917,1.0,1.0,1.0,1.0
1630679139105,1.0,1.0,1.0,1.0
1630679139120,1.0,1.0,1.0,1.0
1630679139198,1.0,1.0,1.0,1.0
1630679139323,1.0,1.0,1.0,1.0
1630679139591,1.0,1.0,1.0,1.0
1630679139716,1.0,1.0,1.0,1.0
1630679139919,1.0,1.0,1.0,1.0
1630679140028,1.0,1.0,1.0,1.0
1630679140153,1.0,1.0,1.0,1.0
1630679140153,1.0,1.0,1.0,1.0
1630679140309,1.0,1.0,1.0,1.0
1630679140450,1.0,1.0,1.0,1.0
1630679140530,1.0,1.0,1.0,1.0
1630679140593,1.0,1.0,1.0,1.0
1630679140639,1.0,1.0,1.0,1.0
1630679140718,1.0,1.0,1.0,1.0
1630679140718,1.0,1.0,1.0,1.0
1630679140843,1.0,1.0,1.0,1.0
1630679140858,1.0,1.0,1.0,1.0
1630679140889,1.0,1.0,1.0,1.0
1630679140999,1.0,1.0,1.0,1.0
1630679141217,1.0,1.0,1.0,1.0
1630679141264,1.0,1.0,1.0,1.0
1630679141548,1.0,1.0,1.0,1.0
1630679141782,1.0,1.0,1.0,1.0
1630679141954,1.0,1.0,1.0,1.0
1630679141970,1.0,1.0,1.0,1.0
1630679142101,1.0,1.0,1.0,1.0
1630679142163,1.0,1.0,1.0,1.0
1630679142163,1.0,1.0,1.0,1.0
1630679142163,1.0,1.0,1.0,1.0
1630679142351,1.0,1.0,1.0,1.0
1630679142460,1.0,1.0,1.0,1.0
1630679142523,1.0,1.0,1.0,1.0
1630679142601,1.0,1.0,1.0,1.0
1630679142617,1.0,1.0,1.0,1.0
1630679142804,1.0,1.0,1.0,1.0
1630679142992,1.0,1.0,1.0,1.0
1630679143007,1.0,1.0,1.0,1.0
1630679143257,1.0,1.0,1.0,1.0
1630679143351,1.0,1.0,1.0,1.0
1630679143508,1.0,1.0,1.0,1.0
1630679143698,1.0,1.0,1.0,1.0
1630679143761,1.0,1.0,1.0,1.0
1630679143823,1.0,1.0,1.0,1.0
1630679143979,1.0,1.0,1.0,1.0
1630679143979,1.0,1.0,1.0,1.0
1630679144136,1.0,1.0,1.0,1.0
1630679144214,1.0,1.0,1.0,1.0
1630679144260,1.0,1.0,1.0,1.0
1630679144276,1.0,1.0,1.0,1.0
1630679144292,1.0,1.0,1.0,1.0
1630679144370,1.0,1.0,1.0,1.0
1630679144464,1.0,1.0,1.0,1.0
1630679144479,1.0,1.0,1.0,1.0
1630679144669,1.0,1.0,1.0,1.0
1630679144731,1.0,1.0,1.0,1.0
1630679144763,1.0,1.0,1.0,1.0
1630679144919,1.0,1.0,1.0,1.0
1630679144997,1.0,1.0,1.0,1.0
1630679145044,1.0,1.0,1.0,1.0
1630679145169,1.0,1.0,1.0,1.0
1630679145356,1.0,1.0,1.0,1.0
1630679145544,1.0,1.0,1.0,1.0
1630679145872,1.0,1.0,1.0,1.0
1630679145919,1.0,1.0,1.0,1.0
1630679146122,1.0,1.0,1.0,1.0
1630679146137,1.0,1.0,1.0,1.0
1630679146137,1.0,1.0,1.0,1.0
1630679146262,1.0,1.0,1.0,1.0
1630679146356,1.0,1.0,1.0,1.0
1630679146356,1.0,1.0,1.0,1.0
1630679146403,1.0,1.0,1.0,1.0
1630679146501,1.0,1.0,1.0,1.0
1630679146532,1.0,1.0,1.0,1.0
1630679146595,1.0,1.0,1.0,1.0
1630679147001,1.0,1.0,1.0,1.0
1630679147110,1.0,1.0,1.0,1.0
1630679147235,1.0,1.0,1.0,1.0
1630679147360,1.0,1.0,1.0,1.0
1630679147485,1.0,1.0,1.0,1.0
1630679147657,1.0,1.0,1.0,1.0
1630679147657,1.0,1.0,1.0,1.0
1630679147657,1.0,1.0,1.0,1.0
1630679147719,1.0,1.0,1.0,1.0
1630679147766,1.0,1.0,1.0,1.0
1630679147891,1.0,1.0,1.0,1.0
1630679147922,1.0,1.0,1.0,1.0
1630679148001,1.0,1.0,1.0,1.0
1630679148063,1.0,1.0,1.0,1.0
1630679148094,1.0,1.0,1.0,1.0
1630679148157,1.0,1.0,1.0,1.0
1630679148266,1.0,1.0,1.0,1.0
1630679148282,1.0,1.0,1.0,1.0
1630679148469,1.0,1.0,1.0,1.0
1630679148563,1.0,1.0,1.0,1.0
1630679148628,1.0,1.0,1.0,1.0
1630679148800,1.0,1.0,1.0,1.0
1630679148815,1.0,1.0,1.0,1.0
1630679148909,1.0,1.0,1.0,1.0
1630679149018,1.0,1.0,1.0,1.0
1630679149174,1.0,1.0,1.0,1.0
1630679149268,1.0,1.0,1.0,1.0
1630679149377,1.0,1.0,1.0,1.0
1630679149440,1.0,1.0,1.0,1.0
1630679149471,1.0,1.0,1.0,1.0
1630679149613,1.0,1.0,1.0,1.0
1630679149645,1.0,1.0,1.0,1.0
1630679149739,1.0,1.0,1.0,1.0
1630679149802,1.0,1.0,1.0,1.0
1630679150005,1.0,1.0,1.0,1.0
1630679150161,1.0,1.0,1.0,1.0
1630679150395,1.0,1.0,1.0,1.0
1630679150442,1.0,1.0,1.0,1.0
1630679150614,1.0,1.0,1.0,1.0
1630679150664,1.0,1.0,1.0,1.0
1630679150867,1.0,1.0,1.0,1.0
1630679150992,1.0,1.0,1.0,1.0
1630679151117,1.0,1.0,1.0,1.0
1630679151242,1.0,1.0,1.0,1.0
1630679151367,1.0,1.0,1.0,1.0
1630679151479,1.0,1.0,1.0,1.0
1630679151525,1.0,1.0,1.0,1.0
1630679151729,1.0,1.0,1.0,1.0
1630679151979,1.0,1.0,1.0,1.0
1630679152151,1.0,1.0,1.0,1.0
1630679152339,1.0,1.0,1.0,1.0
1630679152339,1.0,1.0,1.0,1.0
1630679152354,1.0,1.0,1.0,1.0
1630679152385,1.0,1.0,1.0,1.0
1630679152575,1.0,1.0,1.0,1.0
1630679152747,1.0,1.0,1.0,1.0
1630679152762,1.0,1.0,1.0,1.0
1630679152903,1.0,1.0,1.0,1.0
1630679152934,1.0,1.0,1.0,1.0
1630679152981,1.0,1.0,1.0,1.0
1630679153264,1.0,1.0,1.0,1.0
1630679153342,1.0,1.0,1.0,1.0
1630679153404,1.0,1.0,1.0,1.0
1630679153451,1.0,1.0,1.0,1.0
1630679153451,1.0,1.0,1.0,1.0
1630679153498,2.0,1.0,1.0,2.0
1630679153594,2.0,1.0,1.0,2.0
1630679153657,2.0,1.0,1.0,2.0
1630679153688,2.0,1.0,1.0,2.0
1630679153750,2.0,1.0,1.0,2.0
1630679153750,2.0,1.0,1.0,2.0
1630679153875,2.0,1.0,1.0,2.0
1630679153953,2.0,1.0,1.0,2.0
1630679154078,2.0,1.0,1.0,2.0
1630679154250,2.0,1.0,1.0,2.0
1630679154328,2.0,1.0,1.0,2.0
1630679154438,2.0,1.0,1.0,2.0
1630679154753,2.0,1.0,1.0,2.0
1630679155003,2.0,1.0,1.0,2.0
1630679155034,2.0,1.0,1.0,2.0
1630679155144,2.0,1.0,1.0,2.0
1630679155316,2.0,1.0,1.0,2.0
1630679155347,2.0,1.0,1.0,2.0
1630679155363,1.0,1.0,1.0,1.0
1630679155409,1.0,1.0,1.0,1.0
1630679155503,1.0,1.0,1.0,1.0
1630679155865,1.0,1.0,1.0,1.0
1630679155895,1.0,1.0,1.0,1.0
1630679155911,1.0,1.0,1.0,1.0
1630679156083,1.0,1.0,1.0,1.0
1630679156114,1.0,1.0,1.0,1.0
1630679156193,1.0,1.0,1.0,1.0
1630679156380,1.0,1.0,1.0,1.0
1630679156380,1.0,1.0,1.0,1.0
1630679156380,1.0,1.0,1.0,1.0
1630679156396,1.0,1.0,1.0,1.0
1630679156521,1.0,1.0,1.0,1.0
1630679156665,1.0,1.0,1.0,1.0
1630679156680,1.0,1.0,1.0,1.0
1630679156743,1.0,1.0,1.0,1.0
1630679157024,1.0,1.0,1.0,1.0
1630679157039,1.0,1.0,1.0,1.0
1630679157133,1.0,1.0,1.0,1.0
1630679157211,1.0,1.0,1.0,1.0
1630679157274,1.0,1.0,1.0,1.0
1630679157274,1.0,1.0,1.0,1.0
1630679157524,1.0,1.0,1.0,1.0
1630679157571,1.0,1.0,1.0,1.0
1630679157774,1.0,1.0,1.0,1.0
1630679157836,1.0,1.0,1.0,1.0
1630679157868,1.0,1.0,1.0,1.0
1630679158055,1.0,1.0,1.0,1.0
1630679158086,1.0,1.0,1.0,1.0
1630679158149,1.0,1.0,1.0,1.0
1630679158523,1.0,1.0,1.0,1.0
1630679158602,1.0,1.0,1.0,1.0
1630679158664,1.0,1.0,1.0,1.0
1630679158883,1.0,1.0,1.0,1.0
1630679158883,1.0,1.0,1.0,1.0
1630679158930,1.0,1.0,1.0,1.0
1630679159086,1.0,1.0,1.0,1.0
1630679159148,1.0,1.0,1.0,1.0
1630679159305,1.0,1.0,1.0,1.0
1630679159445,1.0,1.0,1.0,1.0
1630679159539,1.0,1.0,1.0,1.0
1630679159650,1.0,1.0,1.0,1.0
1630679159869,1.0,1.0,1.0,1.0
1630679159994,1.0,1.0,1.0,1.0
1630679160025,1.0,1.0,1.0,1.0
1630679160072,1.0,1.0,1.0,1.0
1630679160228,1.0,1.0,1.0,1.0
1630679160260,1.0,1.0,1.0,1.0
1630679160541,1.0,1.0,1.0,1.0
1630679160700,1.0,1.0,1.0,1.0
1630679160700,1.0,1.0,1.0,1.0
1630679160794,1.0,1.0,1.0,1.0
1630679160810,1.0,1.0,1.0,1.0
1630679160810,1.0,1.0,1.0,1.0
1630679160856,1.0,1.0,1.0,1.0
1630679160856,1.0,1.0,1.0,1.0
1630679161060,1.0,1.0,1.0,1.0
1630679161138,1.0,1.0,1.0,1.0
1630679161153,1.0,1.0,1.0,1.0
1630679161325,1.0,1.0,1.0,1.0
1630679161372,1.0,1.0,1.0,1.0
1630679161637,1.0,1.0,1.0,1.0
1630679161669,1.0,1.0,1.0,1.0
1630679161856,1.0,1.0,1.0,1.0
1630679162059,1.0,1.0,1.0,1.0
1630679162059,1.0,1.0,1.0,1.0
1630679162216,1.0,1.0,1.0,1.0
1630679162231,1.0,1.0,1.0,1.0
1630679162278,1.0,1.0,1.0,1.0
1630679162325,1.0,1.0,1.0,1.0
1630679162403,2.0,1.0,1.0,2.0
1630679162403,1.0,1.0,1.0,1.0
1630679162434,2.0,1.0,1.0,2.0
1630679162750,2.0,1.0,1.0,2.0
1630679162765,2.0,1.0,1.0,2.0
1630679162828,2.0,1.0,1.0,2.0
1630679162875,2.0,1.0,1.0,2.0
1630679162953,2.0,1.0,1.0,2.0
1630679163109,2.0,1.0,1.0,2.0
1630679163187,2.0,1.0,1.0,2.0
1630679163359,1.0,1.0,1.0,1.0
1630679163515,1.0,1.0,1.0,1.0
1630679163703,1.0,1.0,1.0,1.0
1630679163734,1.0,1.0,1.0,1.0
1630679163874,1.0,1.0,1.0,1.0
1630679164078,1.0,1.0,1.0,1.0
1630679164265,1.0,1.0,1.0,1.0
1630679164281,1.0,1.0,1.0,1.0
1630679164327,1.0,1.0,1.0,1.0
1630679164437,1.0,1.0,1.0,1.0
1630679164515,1.0,1.0,1.0,1.0
1630679164643,1.0,1.0,1.0,1.0
1630679164659,1.0,1.0,1.0,1.0
1630679164659,1.0,1.0,1.0,1.0
1630679164706,1.0,1.0,1.0,1.0
1630679164862,1.0,1.0,1.0,1.0
1630679165112,1.0,1.0,1.0,1.0
1630679165268,1.0,1.0,1.0,1.0
1630679165299,1.0,1.0,1.0,1.0
1630679165487,1.0,1.0,1.0,1.0
1630679165549,1.0,1.0,1.0,1.0
1630679165565,1.0,1.0,1.0,1.0
1630679165693,1.0,1.0,1.0,1.0
1630679165818,1.0,1.0,1.0,1.0
1630679165927,1.0,1.0,1.0,1.0
1630679165974,1.0,1.0,1.0,1.0
1630679166099,1.0,1.0,1.0,1.0
1630679166099,1.0,1.0,1.0,1.0
1630679166302,1.0,1.0,1.0,1.0
1630679166317,1.0,1.0,1.0,1.0
1630679166365,1.0,1.0,1.0,1.0
1630679166520,1.0,1.0,1.0,1.0
1630679166520,1.0,1.0,1.0,1.0
1630679166648,1.0,1.0,1.0,1.0
1630679166867,1.0,1.0,1.0,1.0
1630679167069,1.0,1.0,1.0,1.0
1630679167179,1.0,1.0,1.0,1.0
1630679167273,1.0,1.0,1.0,1.0
1630679167445,1.0,1.0,1.0,1.0
1630679167570,1.0,1.0,1.0,1.0
1630679167632,1.0,1.0,1.0,1.0
1630679167712,1.0,1.0,1.0,1.0
1630679167727,1.0,1.0,1.0,1.0
1630679167806,1.0,1.0,1.0,1.0
1630679167806,1.0,1.0,1.0,1.0
1630679175823,4.0,4.0,4.0,4.0
1630679175979,4.0,4.0,4.0,4.0
1630679176042,4.0,4.0,4.0,4.0
1630679176057,4.0,4.0,4.0,4.0
1630679176152,4.0,4.0,4.0,4.0
1630679176230,4.0,4.0,4.0,4.0
1630679176324,4.0,4.0,4.0,4.0
1630679176418,4.0,4.0,4.0,4.0
1630679176527,4.0,4.0,4.0,4.0
1630679176546,4.0,4.0,4.0,4.0
1630679176608,4.0,4.0,4.0,4.0
1630679176639,4.0,4.0,4.0,4.0
1630679176843,4.0,4.0,4.0,4.0
1630679176905,4.0,4.0,4.0,4.0
1630679176968,4.0,4.0,4.0,4.0
1630679177046,4.0,4.0,4.0,4.0
1630679177140,4.0,4.0,4.0,4.0
1630679177327,4.0,4.0,4.0,4.0
1630679177405,4.0,4.0,4.0,4.0
1630679177499,2.0,1.0,1.0,2.0
1630679177545,2.0,1.0,1.0,2.0
1630679177689,2.0,1.0,1.0,2.0
1630679177767,2.0,1.0,1.0,2.0
1630679177861,2.0,1.0,1.0,2.0
1630679177986,2.0,1.0,1.0,2.0
1630679178064,2.0,1.0,1.0,2.0
1630679178142,2.0,1.0,1.0,2.0
1630679178269,2.0,1.0,1.0,2.0
1630679178363,2.0,1.0,1.0,2.0
1630679178503,2.0,1.0,1.0,2.0
1630679178628,2.0,1.0,1.0,2.0
1630679178660,2.0,1.0,1.0,2.0
1630679178831,2.0,1.0,1.0,2.0
1630679178863,2.0,1.0,1.0,2.0
1630679178957,2.0,1.0,1.0,2.0
1630679179222,2.0,1.0,1.0,2.0
1630679179456,2.0,1.0,1.0,2.0
1630679179613,2.0,1.0,1.0,2.0
1630679179693,2.0,1.0,1.0,2.0
1630679179756,2.0,1.0,1.0,2.0
1630679179803,2.0,1.0,1.0,2.0
1630679179896,2.0,1.0,1.0,2.0
1630679179990,2.0,1.0,1.0,2.0
1630679180146,2.0,1.0,1.0,2.0
1630679180177,2.0,1.0,1.0,2.0
1630679180271,2.0,1.0,1.0,2.0
1630679180381,2.0,1.0,1.0,2.0
1630679180570,2.0,1.0,1.0,2.0
1630679180726,2.0,1.0,1.0,2.0
1630679180805,2.0,1.0,1.0,2.0
1630679180898,2.0,1.0,1.0,2.0
1630679180992,2.0,1.0,1.0,2.0
1630679181023,2.0,1.0,1.0,2.0
1630679181086,2.0,1.0,1.0,2.0
1630679181304,2.0,1.0,1.0,2.0
1630679181398,2.0,1.0,1.0,2.0
1630679181479,2.0,1.0,1.0,2.0
1630679181541,2.0,1.0,1.0,2.0
1630679181541,2.0,1.0,1.0,2.0
1630679181573,2.0,1.0,1.0,2.0
1630679181604,2.0,1.0,1.0,2.0
1630679181713,2.0,1.0,1.0,2.0
1630679181823,2.0,1.0,1.0,2.0
1630679181901,2.0,1.0,1.0,2.0
1630679181994,2.0,1.0,1.0,2.0
1630679182088,2.0,1.0,1.0,2.0
1630679182229,2.0,1.0,1.0,2.0
1630679182322,2.0,1.0,1.0,2.0
1630679182401,2.0,1.0,1.0,2.0
1630679182494,2.0,1.0,1.0,2.0
1630679182591,2.0,1.0,1.0,2.0
1630679182747,2.0,1.0,1.0,2.0
1630679182825,2.0,1.0,1.0,2.0
1630679182935,2.0,1.0,1.0,2.0
1630679183028,2.0,1.0,1.0,2.0
1630679183138,2.0,1.0,1.0,2.0
1630679183325,2.0,1.0,1.0,2.0
1630679183609,2.0,1.0,1.0,2.0
1630679183796,2.0,1.0,1.0,2.0
1630679183843,2.0,1.0,1.0,2.0
1630679183921,2.0,1.0,1.0,2.0
1630679184046,2.0,1.0,1.0,2.0
1630679184124,2.0,1.0,1.0,2.0
1630679184265,2.0,1.0,1.0,2.0
1630679184327,2.0,1.0,1.0,2.0
1630679184374,2.0,1.0,1.0,2.0
1630679184563,2.0,1.0,1.0,2.0
1630679184595,2.0,1.0,1.0,2.0
1630679184657,2.0,1.0,1.0,2.0
1630679184939,2.0,1.0,1.0,2.0
1630679184986,2.0,1.0,1.0,2.0
1630679185064,2.0,1.0,1.0,2.0
1630679185158,2.0,1.0,1.0,2.0
1630679185235,2.0,1.0,1.0,2.0
1630679185282,2.0,1.0,1.0,2.0
1630679185314,2.0,1.0,1.0,2.0
1630679185329,2.0,1.0,1.0,2.0
1630679185407,2.0,1.0,1.0,2.0
1630679185470,2.0,1.0,1.0,2.0
1630679185644,2.0,1.0,1.0,2.0
1630679185691,2.0,1.0,1.0,2.0
1630679185862,2.0,1.0,1.0,2.0
1630679185987,2.0,1.0,1.0,2.0
1630679186144,2.0,1.0,1.0,2.0
1630679186237,2.0,1.0,1.0,2.0
1630679186316,2.0,1.0,1.0,2.0
1630679186472,2.0,1.0,1.0,2.0
1630679186583,2.0,1.0,1.0,2.0
1630679186614,2.0,1.0,1.0,2.0
1630679186630,2.0,1.0,1.0,2.0
1630679186677,2.0,1.0,1.0,2.0
1630679186911,2.0,1.0,1.0,2.0
1630679187052,2.0,1.0,1.0,2.0
1630679187224,1.0,1.0,1.0,1.0
1630679187239,1.0,1.0,1.0,1.0
1630679187270,1.0,1.0,1.0,1.0
1630679187317,1.0,1.0,1.0,1.0
1630679187395,1.0,1.0,1.0,1.0
1630679187505,1.0,1.0,1.0,1.0
1630679187710,1.0,1.0,1.0,1.0
1630679187850,1.0,1.0,1.0,1.0
1630679187881,1.0,1.0,1.0,1.0
1630679187975,1.0,1.0,1.0,1.0
1630679188069,1.0,1.0,1.0,1.0
1630679188131,1.0,1.0,1.0,1.0
1630679188272,1.0,1.0,1.0,1.0
1630679188397,1.0,1.0,1.0,1.0
1630679188491,1.0,1.0,1.0,1.0
1630679188569,1.0,1.0,1.0,1.0
1630679188631,1.0,1.0,1.0,1.0
1630679188680,1.0,1.0,1.0,1.0
1630679188930,1.0,1.0,1.0,1.0
1630679189086,1.0,1.0,1.0,1.0
1630679189086,1.0,1.0,1.0,1.0
1630679189118,1.0,1.0,1.0,1.0
1630679189274,1.0,1.0,1.0,1.0
1630679189368,1.0,1.0,1.0,1.0
1630679189465,1.0,1.0,1.0,1.0
1630679189527,1.0,1.0,1.0,1.0
1630679189605,1.0,1.0,1.0,1.0
1630679189699,1.0,1.0,1.0,1.0
1630679189870,1.0,1.0,1.0,1.0
1630679189949,1.0,1.0,1.0,1.0
1630679190105,1.0,1.0,1.0,1.0
1630679190136,1.0,1.0,1.0,1.0
1630679190230,1.0,1.0,1.0,1.0
1630679190324,1.0,1.0,1.0,1.0
1630679190433,1.0,1.0,1.0,1.0
1630679190670,1.0,1.0,1.0,1.0
1630679190717,1.0,1.0,1.0,1.0
1630679190780,1.0,1.0,1.0,1.0
1630679190983,1.0,1.0,1.0,1.0
1630679191217,1.0,1.0,1.0,1.0
1630679191280,1.0,1.0,1.0,1.0
1630679191280,1.0,1.0,1.0,1.0
1630679191498,1.0,1.0,1.0,1.0
1630679191657,1.0,1.0,1.0,1.0
1630679191689,1.0,1.0,1.0,1.0
1630679191767,1.0,1.0,1.0,1.0
1630679191892,1.0,1.0,1.0,1.0
1630679191923,1.0,1.0,1.0,1.0
1630679192001,1.0,1.0,1.0,1.0
1630679192157,1.0,1.0,1.0,1.0
1630679192220,1.0,1.0,1.0,1.0
1630679192220,1.0,1.0,1.0,1.0
1630679192314,1.0,1.0,1.0,1.0
1630679192454,1.0,1.0,1.0,1.0
1630679192535,1.0,1.0,1.0,1.0
1630679192613,1.0,1.0,1.0,1.0
1630679192769,1.0,1.0,1.0,1.0
1630679192847,1.0,1.0,1.0,1.0
1630679192910,1.0,1.0,1.0,1.0
1630679192926,1.0,1.0,1.0,1.0
1630679193144,1.0,1.0,1.0,1.0
1630679193207,1.0,1.0,1.0,1.0
1630679193347,1.0,1.0,1.0,1.0
1630679193426,1.0,1.0,1.0,1.0
1630679193426,1.0,1.0,1.0,1.0
1630679193553,1.0,1.0,1.0,1.0
1630679193741,1.0,1.0,1.0,1.0
1630679193804,1.0,1.0,1.0,1.0
1630679193976,1.0,1.0,1.0,1.0
1630679194116,1.0,1.0,1.0,1.0
1630679194288,1.0,1.0,1.0,1.0
1630679194366,1.0,1.0,1.0,1.0
1630679194772,1.0,1.0,1.0,1.0
1630679194913,1.0,1.0,1.0,1.0
1630679194975,1.0,1.0,1.0,1.0
1630679195085,1.0,1.0,1.0,1.0
1630679195163,1.0,1.0,1.0,1.0
1630679195194,1.0,1.0,1.0,1.0
1630679195194,1.0,1.0,1.0,1.0
1630679195210,1.0,1.0,1.0,1.0
1630679195366,1.0,1.0,1.0,1.0
1630679195475,1.0,1.0,1.0,1.0
1630679195553,1.0,1.0,1.0,1.0
1630679195697,1.0,1.0,1.0,1.0
1630679195822,1.0,1.0,1.0,1.0
1630679195822,1.0,1.0,1.0,1.0
1630679195869,1.0,1.0,1.0,1.0
1630679196150,1.0,1.0,1.0,1.0
1630679196213,1.0,1.0,1.0,1.0
1630679196275,1.0,1.0,1.0,1.0
1630679196369,1.0,1.0,1.0,1.0
1630679196432,1.0,1.0,1.0,1.0
1630679196509,1.0,1.0,1.0,1.0
1630679196761,1.0,1.0,1.0,1.0
1630679196854,1.0,1.0,1.0,1.0
1630679196932,1.0,1.0,1.0,1.0
1630679196995,1.0,1.0,1.0,1.0
1630679197042,1.0,1.0,1.0,1.0
1630679197229,1.0,1.0,1.0,1.0
1630679197229,1.0,1.0,1.0,1.0
1630679197432,1.0,1.0,1.0,1.0
1630679197510,1.0,1.0,1.0,1.0
1630679197620,1.0,1.0,1.0,1.0
1630679197620,1.0,1.0,1.0,1.0
1630679197700,1.0,1.0,1.0,1.0
1630679197747,1.0,1.0,1.0,1.0
1630679197903,1.0,1.0,1.0,1.0
1630679198012,1.0,1.0,1.0,1.0
1630679198106,1.0,1.0,1.0,1.0
1630679198216,1.0,1.0,1.0,1.0
1630679198309,1.0,1.0,1.0,1.0
1630679198341,1.0,1.0,1.0,1.0
1630679198419,1.0,1.0,1.0,1.0
1630679198481,1.0,1.0,1.0,1.0
1630679198606,1.0,1.0,1.0,1.0
1630679198637,1.0,1.0,1.0,1.0
1630679198809,1.0,1.0,1.0,1.0
1630679198856,1.0,1.0,1.0,1.0
1630679199012,1.0,1.0,1.0,1.0
1630679199090,1.0,1.0,1.0,1.0
1630679199262,2.0,1.0,1.0,2.0
1630679199418,2.0,1.0,1.0,2.0
1630679199528,2.0,1.0,1.0,2.0
1630679199559,2.0,1.0,1.0,2.0
1630679199653,1.0,1.0,1.0,1.0
1630679199746,1.0,1.0,1.0,1.0
1630679199825,1.0,1.0,1.0,1.0
1630679199918,1.0,1.0,1.0,1.0
1630679200028,1.0,1.0,1.0,1.0
1630679200106,1.0,1.0,1.0,1.0
1630679200231,1.0,1.0,1.0,1.0
1630679200293,1.0,1.0,1.0,1.0
1630679200449,1.0,1.0,1.0,1.0
1630679200547,1.0,1.0,1.0,1.0
1630679200625,1.0,1.0,1.0,1.0
1630679200750,1.0,1.0,1.0,1.0
1630679200828,1.0,1.0,1.0,1.0
1630679200922,1.0,1.0,1.0,1.0
1630679201047,1.0,1.0,1.0,1.0
1630679201125,1.0,1.0,1.0,1.0
1630679201234,1.0,1.0,1.0,1.0
1630679201359,1.0,1.0,1.0,1.0
1630679201422,1.0,1.0,1.0,1.0
1630679201547,1.0,1.0,1.0,1.0
1630679201642,1.0,1.0,1.0,1.0
1630679201704,1.0,1.0,1.0,1.0
1630679201829,1.0,1.0,1.0,1.0
1630679201907,1.0,1.0,1.0,1.0
1630679201985,1.0,1.0,1.0,1.0
1630679202126,1.0,1.0,1.0,1.0
1630679202282,1.0,1.0,1.0,1.0
1630679202360,1.0,1.0,1.0,1.0
1630679202470,1.0,1.0,1.0,1.0
1630679202548,1.0,1.0,1.0,1.0
1630679202596,1.0,1.0,1.0,1.0
1630679202692,1.0,1.0,1.0,1.0
1630679202848,1.0,1.0,1.0,1.0
1630679203020,1.0,1.0,1.0,1.0
1630679203067,1.0,1.0,1.0,1.0
1630679203145,1.0,1.0,1.0,1.0
1630679203316,1.0,1.0,1.0,1.0
1630679203395,1.0,1.0,1.0,1.0
1630679203473,1.0,1.0,1.0,1.0
1630679203566,1.0,1.0,1.0,1.0
1630679203678,1.0,1.0,1.0,1.0
1630679203757,1.0,1.0,1.0,1.0
1630679203834,1.0,1.0,1.0,1.0
1630679203928,1.0,1.0,1.0,1.0
1630679204100,1.0,1.0,1.0,1.0
1630679204162,1.0,1.0,1.0,1.0
1630679204287,1.0,1.0,1.0,1.0
1630679204397,1.0,1.0,1.0,1.0
1630679204462,1.0,1.0,1.0,1.0
1630679204603,1.0,1.0,1.0,1.0
1630679204728,1.0,1.0,1.0,1.0
1630679204822,1.0,1.0,1.0,1.0
1630679204900,1.0,1.0,1.0,1.0
1630679205009,1.0,1.0,1.0,1.0
1630679205134,1.0,1.0,1.0,1.0
1630679205337,1.0,1.0,1.0,1.0
1630679205588,1.0,1.0,1.0,1.0
1630679205667,1.0,1.0,1.0,1.0
1630679205854,1.0,1.0,1.0,1.0
1630679205932,1.0,1.0,1.0,1.0
1630679205994,1.0,1.0,1.0,1.0
1630679206151,1.0,1.0,1.0,1.0
1630679206213,1.0,1.0,1.0,1.0
1630679206260,1.0,1.0,1.0,1.0
1630679206432,1.0,1.0,1.0,1.0
1630679206747,1.0,1.0,1.0,1.0
1630679206778,1.0,1.0,1.0,1.0
1630679206825,1.0,1.0,1.0,1.0
1630679206918,1.0,1.0,1.0,1.0
1630679207075,1.0,1.0,1.0,1.0
1630679207075,1.0,1.0,1.0,1.0
1630679207090,1.0,1.0,1.0,1.0
1630679207090,1.0,1.0,1.0,1.0
1630679207153,1.0,1.0,1.0,1.0
1630679207278,1.0,1.0,1.0,1.0
1630679207340,1.0,1.0,1.0,1.0
1630679207356,1.0,1.0,1.0,1.0
1630679207481,1.0,1.0,1.0,1.0
1630679207514,1.0,1.0,1.0,1.0
1630679207577,1.0,1.0,1.0,1.0
1630679207764,1.0,1.0,1.0,1.0
1630679207874,1.0,1.0,1.0,1.0
1630679207920,1.0,1.0,1.0,1.0
1630679208014,1.0,1.0,1.0,1.0
1630679208123,1.0,1.0,1.0,1.0
1630679208248,1.0,1.0,1.0,1.0
1630679208405,2.0,1.0,1.0,2.0
1630679208485,2.0,1.0,1.0,2.0
1630679208579,2.0,1.0,1.0,2.0
1630679208689,2.0,1.0,1.0,2.0
1630679208689,2.0,1.0,1.0,2.0
1630679208798,2.0,1.0,1.0,2.0
1630679209017,2.0,1.0,1.0,2.0
1630679209142,2.0,1.0,1.0,2.0
1630679209329,2.0,1.0,1.0,2.0
1630679209454,2.0,1.0,1.0,2.0
1630679209567,2.0,1.0,1.0,2.0
1630679209644,2.0,1.0,1.0,2.0
1630679209832,2.0,1.0,1.0,2.0
1630679210004,2.0,1.0,1.0,2.0
1630679210098,2.0,1.0,1.0,2.0
1630679210176,2.0,1.0,1.0,2.0
1630679210317,2.0,1.0,1.0,2.0
1630679210379,2.0,1.0,1.0,2.0
1630679210520,2.0,1.0,1.0,2.0
1630679210663,2.0,1.0,1.0,2.0
1630679210897,2.0,1.0,1.0,2.0
1630679210991,2.0,1.0,1.0,2.0
1630679211022,2.0,1.0,1.0,2.0
1630679211053,2.0,1.0,1.0,2.0
1630679211116,2.0,1.0,1.0,2.0
1630679211147,2.0,1.0,1.0,2.0
1630679211210,2.0,1.0,1.0,2.0
1630679211272,2.0,1.0,1.0,2.0
1630679211303,2.0,1.0,1.0,2.0
1630679211319,2.0,1.0,1.0,2.0
1630679211475,2.0,1.0,1.0,2.0
1630679211475,2.0,1.0,1.0,2.0
1630679211649,2.0,1.0,1.0,2.0
1630679211774,2.0,1.0,1.0,2.0
1630679211977,2.0,1.0,1.0,2.0
1630679212040,1.0,1.0,1.0,1.0
1630679212165,1.0,1.0,1.0,1.0
1630679212368,1.0,1.0,1.0,1.0
1630679212417,1.0,1.0,1.0,1.0
1630679212636,1.0,1.0,1.0,1.0
1630679212683,1.0,1.0,1.0,1.0
1630679212915,1.0,1.0,1.0,1.0
1630679213008,1.0,1.0,1.0,1.0
1630679213102,1.0,1.0,1.0,1.0
1630679213149,1.0,1.0,1.0,1.0
1630679213211,1.0,1.0,1.0,1.0
1630679213290,1.0,1.0,1.0,1.0
1630679213602,1.0,1.0,1.0,1.0
1630679213821,1.0,1.0,1.0,1.0
1630679214040,1.0,1.0,1.0,1.0
1630679214165,1.0,1.0,1.0,1.0
1630679214211,1.0,1.0,1.0,1.0
1630679214227,1.0,1.0,1.0,1.0
1630679214227,1.0,1.0,1.0,1.0
1630679214258,1.0,1.0,1.0,1.0
1630679214258,1.0,1.0,1.0,1.0
1630679214305,1.0,1.0,1.0,1.0
1630679214321,1.0,1.0,1.0,1.0
1630679214635,1.0,1.0,1.0,1.0
1630679214635,1.0,1.0,1.0,1.0
1630679214792,1.0,1.0,1.0,1.0
1630679214823,1.0,1.0,1.0,1.0
1630679214917,1.0,1.0,1.0,1.0
1630679215057,1.0,1.0,1.0,1.0
1630679215167,1.0,1.0,1.0,1.0
1630679215213,1.0,1.0,1.0,1.0
1630679215370,1.0,1.0,1.0,1.0
1630679215416,1.0,1.0,1.0,1.0
1630679215479,1.0,1.0,1.0,1.0
1630679215510,1.0,1.0,1.0,1.0
1630679215718,1.0,1.0,1.0,1.0
1630679215796,1.0,1.0,1.0,1.0
1630679215858,1.0,1.0,1.0,1.0
1630679215936,1.0,1.0,1.0,1.0
1630679216014,1.0,1.0,1.0,1.0
1630679216092,1.0,1.0,1.0,1.0
1630679216202,1.0,1.0,1.0,1.0
1630679216264,1.0,1.0,1.0,1.0
1630679216374,1.0,1.0,1.0,1.0
1630679216374,1.0,1.0,1.0,1.0
1630679216452,1.0,1.0,1.0,1.0
1630679216577,1.0,1.0,1.0,1.0
1630679216674,1.0,1.0,1.0,1.0
1630679216830,1.0,1.0,1.0,1.0
1630679216861,1.0,1.0,1.0,1.0
1630679216955,1.0,1.0,1.0,1.0
1630679217096,1.0,1.0,1.0,1.0
1630679217221,1.0,1.0,1.0,1.0
1630679217268,1.0,1.0,1.0,1.0
1630679217361,1.0,1.0,1.0,1.0
1630679217517,1.0,1.0,1.0,1.0
1630679217707,1.0,1.0,1.0,1.0
1630679217785,1.0,1.0,1.0,1.0
1630679217957,1.0,1.0,1.0,1.0
1630679218003,1.0,1.0,1.0,1.0
1630679218081,1.0,1.0,1.0,1.0
1630679218254,1.0,1.0,1.0,1.0
1630679218300,1.0,1.0,1.0,1.0
1630679218475,1.0,1.0,1.0,1.0
1630679218537,1.0,1.0,1.0,1.0
1630679218600,1.0,1.0,1.0,1.0
1630679218693,1.0,1.0,1.0,1.0
1630679218990,1.0,1.0,1.0,1.0
1630679219225,1.0,1.0,1.0,1.0
1630679219256,1.0,1.0,1.0,1.0
1630679219318,1.0,1.0,1.0,1.0
1630679219461,1.0,1.0,1.0,1.0
1630679219570,1.0,1.0,1.0,1.0
1630679219632,1.0,1.0,1.0,1.0
1630679219757,1.0,1.0,1.0,1.0
1630679219789,1.0,1.0,1.0,1.0
1630679219804,1.0,1.0,1.0,1.0
1630679219960,1.0,1.0,1.0,1.0
1630679220070,1.0,1.0,1.0,1.0
1630679220148,1.0,1.0,1.0,1.0
1630679220164,1.0,1.0,1.0,1.0
1630679220210,1.0,1.0,1.0,1.0
1630679220320,1.0,1.0,1.0,1.0
1630679220398,1.0,1.0,1.0,1.0
1630679220494,1.0,1.0,1.0,1.0
1630679220651,1.0,1.0,1.0,1.0
1630679220697,1.0,1.0,1.0,1.0
1630679220713,1.0,1.0,1.0,1.0
1630679220791,1.0,1.0,1.0,1.0
1630679220900,1.0,1.0,1.0,1.0
1630679221057,1.0,1.0,1.0,1.0
1630679221182,1.0,1.0,1.0,1.0
1630679221244,1.0,1.0,1.0,1.0
1630679221354,1.0,1.0,1.0,1.0
1630679221400,1.0,1.0,1.0,1.0
1630679221653,1.0,1.0,1.0,1.0
1630679221715,1.0,1.0,1.0,1.0
1630679221762,1.0,1.0,1.0,1.0
1630679222012,1.0,1.0,1.0,1.0
1630679222168,1.0,1.0,1.0,1.0
1630679222356,1.0,1.0,1.0,1.0
1630679222481,1.0,1.0,1.0,1.0
1630679222481,1.0,1.0,1.0,1.0
1630679222590,1.0,1.0,1.0,1.0
1630679222731,1.0,1.0,1.0,1.0
1630679222778,1.0,1.0,1.0,1.0
1630679222950,1.0,1.0,1.0,1.0
1630679222996,1.0,1.0,1.0,1.0
1630679223199,1.0,1.0,1.0,1.0
1630679223340,1.0,1.0,1.0,1.0
1630679223387,1.0,1.0,1.0,1.0
1630679223561,1.0,1.0,1.0,1.0
1630679223764,1.0,1.0,1.0,1.0
1630679223936,1.0,1.0,1.0,1.0
1630679224015,1.0,1.0,1.0,1.0
1630679224046,1.0,1.0,1.0,1.0
1630679224108,1.0,1.0,1.0,1.0
1630679224124,1.0,1.0,1.0,1.0
1630679224249,1.0,1.0,1.0,1.0
1630679224311,1.0,1.0,1.0,1.0
1630679224358,1.0,1.0,1.0,1.0
1630679224436,1.0,1.0,1.0,1.0
1630679224514,1.0,1.0,1.0,1.0
1630679224627,1.0,1.0,1.0,1.0
1630679224830,1.0,1.0,1.0,1.0
1630679224877,1.0,1.0,1.0,1.0
1630679224955,2.0,1.0,1.0,2.0
1630679225033,2.0,1.0,1.0,2.0
1630679225096,1.0,1.0,1.0,1.0
1630679225252,1.0,1.0,1.0,1.0
1630679225345,1.0,1.0,1.0,1.0
1630679225392,1.0,1.0,1.0,1.0
1630679225440,1.0,1.0,1.0,1.0
1630679225580,1.0,1.0,1.0,1.0
1630679225629,1.0,1.0,1.0,1.0
1630679225770,1.0,1.0,1.0,1.0
1630679225801,1.0,1.0,1.0,1.0
1630679225863,1.0,1.0,1.0,1.0
1630679225941,1.0,1.0,1.0,1.0
1630679226004,1.0,1.0,1.0,1.0
1630679226160,1.0,1.0,1.0,1.0
1630679226379,1.0,1.0,1.0,1.0
1630679226441,1.0,1.0,1.0,1.0
1630679226488,1.0,1.0,1.0,1.0
1630679226613,1.0,1.0,1.0,1.0
1630679226866,1.0,1.0,1.0,1.0
1630679226960,1.0,1.0,1.0,1.0
1630679227006,1.0,1.0,1.0,1.0
1630679227132,1.0,1.0,1.0,1.0
1630679227163,1.0,1.0,1.0,1.0
1630679227256,1.0,1.0,1.0,1.0
1630679227334,1.0,1.0,1.0,1.0
1630679227413,1.0,1.0,1.0,1.0
1630679227447,1.0,1.0,1.0,1.0
1630679227495,1.0,1.0,1.0,1.0
1630679227635,1.0,1.0,1.0,1.0
1630679227795,1.0,1.0,1.0,1.0
1630679227967,1.0,1.0,1.0,1.0
1630679228030,1.0,1.0,1.0,1.0
1630679228123,1.0,1.0,1.0,1.0
1630679228280,1.0,1.0,1.0,1.0
1630679228405,1.0,1.0,1.0,1.0
1630679228594,1.0,1.0,1.0,1.0
1630679228859,1.0,1.0,1.0,1.0
1630679229062,1.0,1.0,1.0,1.0
1630679229219,1.0,1.0,1.0,1.0
1630679229359,1.0,1.0,1.0,1.0
1630679229422,1.0,1.0,1.0,1.0
1630679229469,1.0,1.0,1.0,1.0
1630679229500,1.0,1.0,1.0,1.0
1630679229547,1.0,1.0,1.0,1.0
1630679229547,1.0,1.0,1.0,1.0
1630679229594,1.0,1.0,1.0,1.0
1630679229656,1.0,1.0,1.0,1.0
1630679229765,1.0,1.0,1.0,1.0
1630679229875,1.0,1.0,1.0,1.0
1630679229906,1.0,1.0,1.0,1.0
1630679230015,1.0,1.0,1.0,1.0
1630679230062,1.0,1.0,1.0,1.0
1630679230172,1.0,1.0,1.0,1.0
1630679230250,1.0,1.0,1.0,1.0
1630679230375,1.0,1.0,1.0,1.0
1630679230453,1.0,1.0,1.0,1.0
1630679230500,1.0,1.0,1.0,1.0
1630679230577,1.0,1.0,1.0,1.0
1630679230674,1.0,1.0,1.0,1.0
1630679230815,1.0,1.0,1.0,1.0
1630679230893,1.0,1.0,1.0,1.0
1630679231002,1.0,1.0,1.0,1.0
1630679231158,1.0,1.0,1.0,1.0
1630679231205,1.0,1.0,1.0,1.0
1630679231268,1.0,1.0,1.0,1.0
1630679231472,1.0,1.0,1.0,1.0
1630679231621,1.0,1.0,1.0,1.0
1630679231647,1.0,1.0,1.0,1.0
1630679231725,1.0,1.0,1.0,1.0
1630679231756,1.0,1.0,1.0,1.0
1630679231943,1.0,1.0,1.0,1.0
1630679231990,1.0,1.0,1.0,1.0
1630679232193,1.0,1.0,1.0,1.0
1630679232256,1.0,1.0,1.0,1.0
1630679232334,1.0,1.0,1.0,1.0
1630679232521,1.0,1.0,1.0,1.0
1630679232568,1.0,1.0,1.0,1.0
1630679232600,1.0,1.0,1.0,1.0
1630679232711,1.0,1.0,1.0,1.0
1630679232852,1.0,1.0,1.0,1.0
1630679232899,1.0,1.0,1.0,1.0
1630679233039,1.0,1.0,1.0,1.0
1630679233117,1.0,1.0,1.0,1.0
1630679233273,1.0,1.0,1.0,1.0
1630679233383,1.0,1.0,1.0,1.0
1630679233414,1.0,1.0,1.0,1.0
1630679233601,1.0,1.0,1.0,1.0
1630679233633,1.0,1.0,1.0,1.0
1630679233758,1.0,1.0,1.0,1.0
1630679233836,1.0,1.0,1.0,1.0
1630679233945,1.0,1.0,1.0,1.0
1630679234211,1.0,1.0,1.0,1.0
1630679234226,1.0,1.0,1.0,1.0
1630679234258,1.0,1.0,1.0,1.0
1630679234414,1.0,1.0,1.0,1.0
1630679234526,1.0,1.0,1.0,1.0
1630679234792,1.0,1.0,1.0,1.0
1630679234854,1.0,1.0,1.0,1.0
1630679234901,1.0,1.0,1.0,1.0
1630679234995,1.0,1.0,1.0,1.0
1630679235104,1.0,1.0,1.0,1.0
1630679235104,1.0,1.0,1.0,1.0
1630679235182,1.0,1.0,1.0,1.0
1630679235276,1.0,1.0,1.0,1.0
1630679235323,1.0,1.0,1.0,1.0
1630679235464,1.0,1.0,1.0,1.0
1630679235654,1.0,1.0,1.0,1.0
1630679235701,1.0,1.0,1.0,1.0
1630679235889,1.0,1.0,1.0,1.0
1630679236029,1.0,1.0,1.0,1.0
1630679236154,1.0,1.0,1.0,1.0
1630679236185,1.0,1.0,1.0,1.0
1630679236264,2.0,1.0,1.0,2.0
1630679236310,2.0,1.0,1.0,2.0
1630679236482,2.0,1.0,1.0,2.0
1630679236625,2.0,1.0,1.0,2.0
1630679236750,1.0,1.0,1.0,1.0
1630679236922,1.0,1.0,1.0,1.0
1630679237032,1.0,1.0,1.0,1.0
1630679237156,1.0,1.0,1.0,1.0
1630679237235,1.0,1.0,1.0,1.0
1630679237328,1.0,1.0,1.0,1.0
1630679237438,1.0,1.0,1.0,1.0
1630679237563,1.0,1.0,1.0,1.0
1630679237659,1.0,1.0,1.0,1.0
1630679237753,1.0,1.0,1.0,1.0
1630679237909,1.0,1.0,1.0,1.0
1630679237987,1.0,1.0,1.0,1.0
1630679237987,1.0,1.0,1.0,1.0
1630679238128,1.0,1.0,1.0,1.0
1630679238190,1.0,1.0,1.0,1.0
1630679238268,1.0,1.0,1.0,1.0
1630679238377,1.0,1.0,1.0,1.0
1630679238554,1.0,1.0,1.0,1.0
1630679238679,1.0,1.0,1.0,1.0
1630679238710,1.0,1.0,1.0,1.0
1630679238804,1.0,1.0,1.0,1.0
1630679238850,1.0,1.0,1.0,1.0
1630679239132,1.0,1.0,1.0,1.0
1630679239229,1.0,1.0,1.0,1.0
1630679239432,1.0,1.0,1.0,1.0
1630679239732,1.0,1.0,1.0,1.0
1630679239904,1.0,1.0,1.0,1.0
1630679240122,1.0,1.0,1.0,1.0
1630679240419,1.0,1.0,1.0,1.0
1630679240513,1.0,1.0,1.0,1.0
1630679240513,1.0,1.0,1.0,1.0
1630679240562,1.0,1.0,1.0,1.0
1630679240578,1.0,1.0,1.0,1.0
1630679240703,1.0,1.0,1.0,1.0
1630679240953,1.0,1.0,1.0,1.0
1630679240969,1.0,1.0,1.0,1.0
1630679241015,1.0,1.0,1.0,1.0
1630679241031,1.0,1.0,1.0,1.0
1630679241125,1.0,1.0,1.0,1.0
1630679241281,1.0,1.0,1.0,1.0
1630679241344,1.0,1.0,1.0,1.0
1630679241406,1.0,1.0,1.0,1.0
1630679241484,1.0,1.0,1.0,1.0
1630679241484,1.0,1.0,1.0,1.0
1630679241562,1.0,1.0,1.0,1.0
1630679241705,1.0,1.0,1.0,1.0
1630679241814,1.0,1.0,1.0,1.0
1630679241861,1.0,1.0,1.0,1.0
1630679242002,1.0,1.0,1.0,1.0
1630679242033,1.0,1.0,1.0,1.0
1630679242049,1.0,1.0,1.0,1.0
1630679242158,1.0,1.0,1.0,1.0
1630679242299,1.0,1.0,1.0,1.0
1630679242471,1.0,1.0,1.0,1.0
1630679242533,1.0,1.0,1.0,1.0
1630679242564,1.0,1.0,1.0,1.0
1630679242611,1.0,1.0,1.0,1.0
1630679242639,1.0,1.0,1.0,1.0
1630679242771,1.0,1.0,1.0,1.0
1630679242990,1.0,1.0,1.0,1.0
1630679243146,1.0,1.0,1.0,1.0
1630679243318,1.0,1.0,1.0,1.0
1630679243396,1.0,1.0,1.0,1.0
1630679243492,1.0,1.0,1.0,1.0
1630679243727,1.0,1.0,1.0,1.0
1630679243773,1.0,1.0,1.0,1.0
1630679243899,1.0,1.0,1.0,1.0
1630679243945,1.0,1.0,1.0,1.0
1630679244101,1.0,1.0,1.0,1.0
1630679244289,1.0,1.0,1.0,1.0
1630679244510,1.0,1.0,1.0,1.0
1630679244572,1.0,1.0,1.0,1.0
1630679244572,1.0,1.0,1.0,1.0
1630679244635,1.0,1.0,1.0,1.0
1630679244650,1.0,1.0,1.0,1.0
1630679244666,1.0,1.0,1.0,1.0
1630679244807,1.0,1.0,1.0,1.0
1630679244838,1.0,1.0,1.0,1.0
1630679244854,1.0,1.0,1.0,1.0
1630679244947,1.0,1.0,1.0,1.0
1630679244947,1.0,1.0,1.0,1.0
1630679244994,1.0,1.0,1.0,1.0
1630679245255,1.0,1.0,1.0,1.0
1630679245334,1.0,1.0,1.0,1.0
1630679245365,1.0,1.0,1.0,1.0
1630679245443,1.0,1.0,1.0,1.0
1630679245505,1.0,1.0,1.0,1.0
1630679245662,1.0,1.0,1.0,1.0
1630679245927,1.0,1.0,1.0,1.0
1630679245990,1.0,1.0,1.0,1.0
1630679246099,1.0,1.0,1.0,1.0
1630679246208,1.0,1.0,1.0,1.0
1630679246224,1.0,1.0,1.0,1.0
1630679246458,1.0,1.0,1.0,1.0
1630679246618,1.0,1.0,1.0,1.0
1630679246993,1.0,1.0,1.0,1.0
1630679247024,1.0,1.0,1.0,1.0
1630679247133,1.0,1.0,1.0,1.0
1630679247133,1.0,1.0,1.0,1.0
1630679247165,1.0,1.0,1.0,1.0
1630679247258,1.0,1.0,1.0,1.0
1630679247290,1.0,1.0,1.0,1.0
1630679247368,1.0,1.0,1.0,1.0
1630679247368,1.0,1.0,1.0,1.0
1630679247572,1.0,1.0,1.0,1.0
1630679247636,1.0,1.0,1.0,1.0
1630679247964,1.0,1.0,1.0,1.0
1630679248137,1.0,1.0,1.0,1.0
1630679248246,1.0,1.0,1.0,1.0
1630679248292,1.0,1.0,1.0,1.0
1630679248480,1.0,1.0,1.0,1.0
1630679248496,1.0,1.0,1.0,1.0
1630679248511,1.0,1.0,1.0,1.0
1630679248589,1.0,1.0,1.0,1.0
1630679248667,1.0,1.0,1.0,1.0
1630679248792,1.0,1.0,1.0,1.0
1630679248870,1.0,1.0,1.0,1.0
1630679249058,1.0,1.0,1.0,1.0
1630679249261,1.0,1.0,1.0,1.0
1630679249323,1.0,1.0,1.0,1.0
1630679249433,1.0,1.0,1.0,1.0
1630679249542,1.0,1.0,1.0,1.0
1630679249620,1.0,1.0,1.0,1.0
1630679249749,1.0,1.0,1.0,1.0
1630679249827,1.0,1.0,1.0,1.0
1630679249905,1.0,1.0,1.0,1.0
1630679250014,1.0,1.0,1.0,1.0
1630679250092,1.0,1.0,1.0,1.0
1630679250092,1.0,1.0,1.0,1.0
1630679250139,1.0,1.0,1.0,1.0
1630679250139,1.0,1.0,1.0,1.0
1630679250311,1.0,1.0,1.0,1.0
1630679250358,1.0,1.0,1.0,1.0
1630679250374,1.0,1.0,1.0,1.0
1630679250454,1.0,1.0,1.0,1.0
1630679250501,1.0,1.0,1.0,1.0
1630679250719,1.0,1.0,1.0,1.0
1630679250782,1.0,1.0,1.0,1.0
1630679250876,1.0,1.0,1.0,1.0
1630679251032,1.0,1.0,1.0,1.0
1630679251110,1.0,1.0,1.0,1.0
1630679251188,1.0,1.0,1.0,1.0
1630679251582,1.0,1.0,1.0,1.0
1630679251597,1.0,1.0,1.0,1.0
1630679251925,1.0,1.0,1.0,1.0
1630679252003,1.0,1.0,1.0,1.0
1630679252128,1.0,1.0,1.0,1.0
1630679252128,1.0,1.0,1.0,1.0
1630679252144,1.0,1.0,1.0,1.0
1630679252191,1.0,1.0,1.0,1.0
1630679252269,1.0,1.0,1.0,1.0
1630679252315,1.0,1.0,1.0,1.0
1630679252378,1.0,1.0,1.0,1.0
1630679252526,1.0,1.0,1.0,1.0
1630679252572,1.0,1.0,1.0,1.0
1630679252635,1.0,1.0,1.0,1.0
1630679252713,1.0,1.0,1.0,1.0
1630679252776,1.0,1.0,1.0,1.0
1630679252838,1.0,1.0,1.0,1.0
1630679252885,1.0,1.0,1.0,1.0
1630679253072,1.0,1.0,1.0,1.0
1630679253182,1.0,1.0,1.0,1.0
1630679253307,1.0,1.0,1.0,1.0
1630679253432,1.0,1.0,1.0,1.0
1630679253793,1.0,1.0,1.0,1.0
1630679253825,1.0,1.0,1.0,1.0
1630679253903,1.0,1.0,1.0,1.0
1630679254043,1.0,1.0,1.0,1.0
1630679254231,1.0,1.0,1.0,1.0
1630679254231,1.0,1.0,1.0,1.0
1630679254371,1.0,1.0,1.0,1.0
1630679254403,1.0,1.0,1.0,1.0
1630679254623,1.0,1.0,1.0,1.0
1630679254764,1.0,1.0,1.0,1.0
1630679254811,1.0,1.0,1.0,1.0
1630679254811,1.0,1.0,1.0,1.0
1630679254952,1.0,1.0,1.0,1.0
1630679255061,1.0,1.0,1.0,1.0
1630679255076,1.0,1.0,1.0,1.0
1630679255092,1.0,1.0,1.0,1.0
1630679255139,2.0,1.0,1.0,2.0
1630679255217,2.0,1.0,1.0,2.0
1630679255295,2.0,1.0,1.0,2.0
1630679255326,2.0,1.0,1.0,2.0
1630679255467,2.0,1.0,1.0,2.0
1630679255545,2.0,1.0,1.0,2.0
1630679255608,2.0,1.0,1.0,2.0
1630679255845,2.0,1.0,1.0,2.0
1630679255907,2.0,1.0,1.0,2.0
1630679256001,2.0,1.0,1.0,2.0
1630679256251,2.0,1.0,1.0,2.0
1630679256313,2.0,1.0,1.0,2.0
1630679256344,2.0,1.0,1.0,2.0
1630679256454,2.0,1.0,1.0,2.0
1630679256563,2.0,1.0,1.0,2.0
1630679256737,2.0,1.0,1.0,2.0
1630679256769,2.0,1.0,1.0,2.0
1630679257003,2.0,1.0,1.0,2.0
1630679257050,2.0,1.0,1.0,2.0
1630679257112,2.0,1.0,1.0,2.0
1630679257159,2.0,1.0,1.0,2.0
1630679257206,2.0,1.0,1.0,2.0
1630679257502,2.0,1.0,1.0,2.0
1630679257583,1.0,1.0,1.0,1.0
1630679257833,1.0,1.0,1.0,1.0
1630679257896,1.0,1.0,1.0,1.0
1630679258145,1.0,1.0,1.0,1.0
1630679258395,1.0,1.0,1.0,1.0
1630679258585,1.0,1.0,1.0,1.0
1630679258601,1.0,1.0,1.0,1.0
1630679258757,1.0,1.0,1.0,1.0
1630679258804,1.0,1.0,1.0,1.0
1630679258851,1.0,1.0,1.0,1.0
1630679259038,1.0,1.0,1.0,1.0
1630679259210,1.0,1.0,1.0,1.0
1630679259210,1.0,1.0,1.0,1.0
1630679259382,1.0,1.0,1.0,1.0
1630679259413,1.0,1.0,1.0,1.0
1630679259491,1.0,1.0,1.0,1.0
1630679259491,1.0,1.0,1.0,1.0
1630679259601,1.0,1.0,1.0,1.0
1630679259822,1.0,1.0,1.0,1.0
1630679259884,1.0,1.0,1.0,1.0
1630679259884,1.0,1.0,1.0,1.0
1630679259931,1.0,1.0,1.0,1.0
1630679259947,1.0,1.0,1.0,1.0
1630679260103,1.0,1.0,1.0,1.0
1630679260337,1.0,1.0,1.0,1.0
1630679260603,1.0,1.0,1.0,1.0
1630679260603,1.0,1.0,1.0,1.0
1630679260650,1.0,1.0,1.0,1.0
1630679260728,1.0,1.0,1.0,1.0
1630679260853,1.0,1.0,1.0,1.0
1630679260993,1.0,1.0,1.0,1.0
1630679261009,1.0,1.0,1.0,1.0
1630679261165,1.0,1.0,1.0,1.0
1630679261165,1.0,1.0,1.0,1.0
1630679261165,1.0,1.0,1.0,1.0
1630679261431,1.0,1.0,1.0,1.0
1630679261509,1.0,1.0,1.0,1.0
1630679261571,1.0,1.0,1.0,1.0
1630679261602,1.0,1.0,1.0,1.0
1630679261745,1.0,1.0,1.0,1.0
1630679261808,1.0,1.0,1.0,1.0
1630679261933,1.0,1.0,1.0,1.0
1630679261980,1.0,1.0,1.0,1.0
1630679262105,1.0,1.0,1.0,1.0
1630679262245,2.0,1.0,1.0,2.0
1630679262339,2.0,1.0,1.0,2.0
1630679262558,2.0,1.0,1.0,2.0
1630679262857,2.0,1.0,1.0,2.0
1630679263060,2.0,1.0,1.0,2.0
1630679263107,2.0,1.0,1.0,2.0
1630679263248,2.0,1.0,1.0,2.0
1630679263326,2.0,1.0,1.0,2.0
1630679263341,2.0,1.0,1.0,2.0
1630679263560,2.0,1.0,1.0,2.0
1630679263639,2.0,1.0,1.0,2.0
1630679263733,2.0,1.0,1.0,2.0
1630679263748,1.0,1.0,1.0,1.0
1630679264078,1.0,1.0,1.0,1.0
1630679264172,1.0,1.0,1.0,1.0
1630679264344,1.0,1.0,1.0,1.0
1630679264344,1.0,1.0,1.0,1.0
1630679264406,1.0,1.0,1.0,1.0
1630679264643,1.0,1.0,1.0,1.0
1630679264674,1.0,1.0,1.0,1.0
1630679264689,1.0,1.0,1.0,1.0
1630679264877,1.0,1.0,1.0,1.0
1630679264924,1.0,1.0,1.0,1.0
1630679264924,1.0,1.0,1.0,1.0
1630679264924,1.0,1.0,1.0,1.0
1630679264924,1.0,1.0,1.0,1.0
1630679264986,1.0,1.0,1.0,1.0
1630679265017,1.0,1.0,1.0,1.0
1630679265142,1.0,1.0,1.0,1.0
1630679265220,1.0,1.0,1.0,1.0
1630679265267,1.0,1.0,1.0,1.0
1630679265345,1.0,1.0,1.0,1.0
1630679265345,1.0,1.0,1.0,1.0
1630679265563,1.0,1.0,1.0,1.0
1630679265708,1.0,1.0,1.0,1.0
1630679265723,1.0,1.0,1.0,1.0
1630679265739,1.0,1.0,1.0,1.0
1630679265864,1.0,1.0,1.0,1.0
1630679265911,1.0,1.0,1.0,1.0
1630679265973,1.0,1.0,1.0,1.0
1630679265989,1.0,1.0,1.0,1.0
1630679266083,1.0,1.0,1.0,1.0
1630679266270,1.0,1.0,1.0,1.0
1630679266333,2.0,1.0,1.0,2.0
1630679266426,2.0,1.0,1.0,2.0
1630679266504,2.0,1.0,1.0,2.0
1630679266600,2.0,1.0,1.0,2.0
1630679266758,2.0,1.0,1.0,2.0
1630679266867,2.0,1.0,1.0,2.0
1630679266992,2.0,1.0,1.0,2.0
1630679267023,2.0,1.0,1.0,2.0
1630679267539,2.0,1.0,1.0,2.0
1630679267648,2.0,1.0,1.0,2.0
1630679267679,2.0,1.0,1.0,2.0
1630679267867,2.0,1.0,1.0,2.0
1630679267976,2.0,1.0,1.0,2.0
1630679268007,2.0,1.0,1.0,2.0
1630679268070,1.0,1.0,1.0,1.0
1630679268070,1.0,1.0,1.0,1.0
1630679268117,1.0,1.0,1.0,1.0
1630679268179,1.0,1.0,1.0,1.0
1630679268288,1.0,1.0,1.0,1.0
1630679268351,1.0,1.0,1.0,1.0
1630679268538,1.0,1.0,1.0,1.0
1630679268697,1.0,1.0,1.0,1.0
1630679268791,1.0,1.0,1.0,1.0
1630679268931,1.0,1.0,1.0,1.0
1630679268931,1.0,1.0,1.0,1.0
1630679269041,1.0,1.0,1.0,1.0
1630679269072,1.0,1.0,1.0,1.0
1630679269087,1.0,1.0,1.0,1.0
1630679269166,1.0,1.0,1.0,1.0
1630679269228,1.0,1.0,1.0,1.0
1630679269275,1.0,1.0,1.0,1.0
1630679269369,1.0,1.0,1.0,1.0
1630679269636,1.0,1.0,1.0,1.0
1630679269636,1.0,1.0,1.0,1.0
1630679269728,1.0,1.0,1.0,1.0
1630679269790,1.0,1.0,1.0,1.0
1630679270025,1.0,1.0,1.0,1.0
1630679270025,1.0,1.0,1.0,1.0
1630679270134,1.0,1.0,1.0,1.0
1630679270165,1.0,1.0,1.0,1.0
1630679270306,1.0,1.0,1.0,1.0
1630679270399,1.0,1.0,1.0,1.0
1630679270399,1.0,1.0,1.0,1.0
1630679270524,1.0,1.0,1.0,1.0
1630679270634,1.0,1.0,1.0,1.0
1630679270728,1.0,1.0,1.0,1.0
1630679270806,1.0,1.0,1.0,1.0
1630679270869,1.0,1.0,1.0,1.0
1630679270915,1.0,1.0,1.0,1.0
1630679270977,1.0,1.0,1.0,1.0
1630679271290,1.0,1.0,1.0,1.0
1630679271368,1.0,1.0,1.0,1.0
1630679271511,1.0,1.0,1.0,1.0
1630679271558,1.0,1.0,1.0,1.0
1630679271636,1.0,1.0,1.0,1.0
1630679271668,1.0,1.0,1.0,1.0
1630679271746,1.0,1.0,1.0,1.0
1630679271964,1.0,1.0,1.0,1.0
1630679272090,1.0,1.0,1.0,1.0
1630679272090,1.0,1.0,1.0,1.0
1630679272230,1.0,1.0,1.0,1.0
1630679272308,1.0,1.0,1.0,1.0
1630679272402,1.0,1.0,1.0,1.0
1630679272496,1.0,1.0,1.0,1.0
1630679272530,1.0,1.0,1.0,1.0
1630679272639,1.0,1.0,1.0,1.0
1630679272749,1.0,1.0,1.0,1.0
1630679272843,1.0,1.0,1.0,1.0
1630679273093,1.0,1.0,1.0,1.0
1630679273233,1.0,1.0,1.0,1.0
1630679273342,1.0,1.0,1.0,1.0
1630679273405,1.0,1.0,1.0,1.0
1630679273563,1.0,1.0,1.0,1.0
1630679273610,1.0,1.0,1.0,1.0
1630679273688,1.0,1.0,1.0,1.0
1630679273719,1.0,1.0,1.0,1.0
1630679273782,1.0,1.0,1.0,1.0
1630679273891,1.0,1.0,1.0,1.0
1630679273938,1.0,1.0,1.0,1.0
1630679274094,1.0,1.0,1.0,1.0
1630679274173,1.0,1.0,1.0,1.0
1630679274282,1.0,1.0,1.0,1.0
1630679274344,1.0,1.0,1.0,1.0
1630679274438,1.0,1.0,1.0,1.0
1630679274547,1.0,1.0,1.0,1.0
1630679274847,1.0,1.0,1.0,1.0
1630679274909,1.0,1.0,1.0,1.0
1630679274987,1.0,1.0,1.0,1.0
1630679275097,1.0,1.0,1.0,1.0
1630679275175,1.0,1.0,1.0,1.0
1630679275362,1.0,1.0,1.0,1.0
1630679275425,1.0,1.0,1.0,1.0
1630679275472,1.0,1.0,1.0,1.0
1630679275518,1.0,1.0,1.0,1.0
1630679275614,1.0,1.0,1.0,1.0
1630679275739,1.0,1.0,1.0,1.0
1630679275817,1.0,1.0,1.0,1.0
1630679275848,1.0,1.0,1.0,1.0
1630679276114,1.0,1.0,1.0,1.0
1630679276114,1.0,1.0,1.0,1.0
1630679276223,1.0,1.0,1.0,1.0
1630679276317,1.0,1.0,1.0,1.0
1630679276475,1.0,1.0,1.0,1.0
1630679276568,1.0,1.0,1.0,1.0
1630679276773,1.0,1.0,1.0,1.0
1630679276851,1.0,1.0,1.0,1.0
1630679276867,1.0,1.0,1.0,1.0
1630679276976,1.0,1.0,1.0,1.0
1630679277023,1.0,1.0,1.0,1.0
1630679277101,1.0,1.0,1.0,1.0
1630679277257,1.0,1.0,1.0,1.0
1630679277336,1.0,1.0,1.0,1.0
1630679277507,1.0,1.0,1.0,1.0
1630679277652,1.0,1.0,1.0,1.0
1630679277683,1.0,1.0,1.0,1.0
1630679277746,1.0,1.0,1.0,1.0
1630679277917,1.0,1.0,1.0,1.0
1630679278027,1.0,1.0,1.0,1.0
1630679278230,1.0,1.0,1.0,1.0
1630679278324,1.0,1.0,1.0,1.0
1630679278511,1.0,1.0,1.0,1.0
1630679278620,1.0,1.0,1.0,1.0
1630679278733,1.0,1.0,1.0,1.0
1630679278826,1.0,1.0,1.0,1.0
1630679278905,1.0,1.0,1.0,1.0
1630679278951,1.0,1.0,1.0,1.0
1630679278998,1.0,1.0,1.0,1.0
1630679279076,1.0,1.0,1.0,1.0
1630679279311,1.0,1.0,1.0,1.0
1630679279373,1.0,1.0,1.0,1.0
1630679279545,1.0,1.0,1.0,1.0
1630679279592,1.0,1.0,1.0,1.0
1630679279752,1.0,1.0,1.0,1.0
1630679279798,1.0,1.0,1.0,1.0
1630679279892,1.0,1.0,1.0,1.0
1630679279892,1.0,1.0,1.0,1.0
1630679280080,1.0,1.0,1.0,1.0
1630679280111,1.0,1.0,1.0,1.0
1630679280189,1.0,1.0,1.0,1.0
1630679280189,1.0,1.0,1.0,1.0
1630679280439,1.0,1.0,1.0,1.0
1630679280470,1.0,1.0,1.0,1.0
1630679280517,1.0,1.0,1.0,1.0
1630679280564,1.0,1.0,1.0,1.0
1630679280692,1.0,1.0,1.0,1.0
1630679280754,1.0,1.0,1.0,1.0
1630679281067,1.0,1.0,1.0,1.0
1630679281129,1.0,1.0,1.0,1.0
1630679281207,1.0,1.0,1.0,1.0
1630679281285,1.0,1.0,1.0,1.0
1630679281457,1.0,1.0,1.0,1.0
1630679281553,1.0,1.0,1.0,1.0
1630679281653,1.0,1.0,1.0,1.0
1630679281731,1.0,1.0,1.0,1.0
1630679281778,1.0,1.0,1.0,1.0
1630679281856,1.0,1.0,1.0,1.0
1630679281872,1.0,1.0,1.0,1.0
1630679282013,1.0,1.0,1.0,1.0
1630679282106,1.0,1.0,1.0,1.0
1630679282216,1.0,1.0,1.0,1.0
1630679282263,1.0,1.0,1.0,1.0
1630679282372,1.0,1.0,1.0,1.0
1630679282450,1.0,1.0,1.0,1.0
1630679282546,1.0,1.0,1.0,1.0
1630679282818,1.0,1.0,1.0,1.0
1630679282865,1.0,1.0,1.0,1.0
1630679282896,1.0,1.0,1.0,1.0
1630679283130,1.0,1.0,1.0,1.0
1630679283255,1.0,1.0,1.0,1.0
1630679283365,1.0,1.0,1.0,1.0
1630679283458,1.0,1.0,1.0,1.0
1630679283521,1.0,1.0,1.0,1.0
1630679283552,1.0,1.0,1.0,1.0
1630679283787,1.0,1.0,1.0,1.0
1630679283802,1.0,1.0,1.0,1.0
1630679283974,1.0,1.0,1.0,1.0
1630679284068,1.0,1.0,1.0,1.0
1630679284193,1.0,1.0,1.0,1.0
1630679284318,1.0,1.0,1.0,1.0
1630679284364,1.0,1.0,1.0,1.0
1630679284396,1.0,1.0,1.0,1.0
1630679284489,1.0,1.0,1.0,1.0
1630679284600,1.0,1.0,1.0,1.0
1630679284647,1.0,1.0,1.0,1.0
1630679284756,1.0,1.0,1.0,1.0
1630679284866,1.0,1.0,1.0,1.0
1630679285006,1.0,1.0,1.0,1.0
1630679285100,1.0,1.0,1.0,1.0
1630679285178,1.0,1.0,1.0,1.0
1630679285257,1.0,1.0,1.0,1.0
1630679285350,1.0,1.0,1.0,1.0
1630679285428,1.0,1.0,1.0,1.0
1630679285553,1.0,1.0,1.0,1.0
1630679285616,1.0,1.0,1.0,1.0
1630679285725,1.0,1.0,1.0,1.0
1630679286006,1.0,1.0,1.0,1.0
1630679286037,1.0,1.0,1.0,1.0
1630679286053,1.0,1.0,1.0,1.0
1630679286147,1.0,1.0,1.0,1.0
1630679286225,1.0,1.0,1.0,1.0
1630679286444,1.0,1.0,1.0,1.0
1630679286506,1.0,1.0,1.0,1.0
1630679286553,1.0,1.0,1.0,1.0
1630679286662,1.0,1.0,1.0,1.0
1630679286756,1.0,1.0,1.0,1.0
1630679286897,1.0,1.0,1.0,1.0
1630679287068,1.0,1.0,1.0,1.0
1630679287162,1.0,1.0,1.0,1.0
1630679287241,1.0,1.0,1.0,1.0
1630679287287,1.0,1.0,1.0,1.0
1630679287318,1.0,1.0,1.0,1.0
1630679287443,1.0,1.0,1.0,1.0
1630679287615,1.0,1.0,1.0,1.0
1630679287680,1.0,1.0,1.0,1.0
1630679287946,1.0,1.0,1.0,1.0
1630679288133,1.0,1.0,1.0,1.0
1630679288133,1.0,1.0,1.0,1.0
1630679288212,1.0,1.0,1.0,1.0
1630679288337,1.0,1.0,1.0,1.0
1630679288384,1.0,1.0,1.0,1.0
1630679288446,1.0,1.0,1.0,1.0
1630679288508,1.0,1.0,1.0,1.0
1630679288587,1.0,1.0,1.0,1.0
1630679288807,1.0,1.0,1.0,1.0
1630679288995,1.0,1.0,1.0,1.0
1630679289057,1.0,1.0,1.0,1.0
1630679289073,1.0,1.0,1.0,1.0
1630679289182,1.0,1.0,1.0,1.0
1630679289245,1.0,1.0,1.0,1.0
1630679289323,1.0,1.0,1.0,1.0
1630679289417,1.0,1.0,1.0,1.0
1630679289526,1.0,1.0,1.0,1.0
1630679289588,1.0,1.0,1.0,1.0
1630679289793,1.0,1.0,1.0,1.0
1630679289856,1.0,1.0,1.0,1.0
1630679289918,1.0,1.0,1.0,1.0
1630679290012,1.0,1.0,1.0,1.0
1630679290074,1.0,1.0,1.0,1.0
1630679290293,1.0,1.0,1.0,1.0
1630679290434,1.0,1.0,1.0,1.0
1630679290449,1.0,1.0,1.0,1.0
1630679290545,1.0,1.0,1.0,1.0
1630679290640,1.0,1.0,1.0,1.0
1630679290889,1.0,1.0,1.0,1.0
1630679291108,1.0,1.0,1.0,1.0
1630679291171,1.0,1.0,1.0,1.0
1630679291186,1.0,1.0,1.0,1.0
1630679291280,1.0,1.0,1.0,1.0
1630679291374,1.0,1.0,1.0,1.0
1630679291452,1.0,1.0,1.0,1.0
1630679291533,1.0,1.0,1.0,1.0
1630679291549,1.0,1.0,1.0,1.0
1630679291643,1.0,1.0,1.0,1.0
1630679291721,1.0,1.0,1.0,1.0
1630679291861,1.0,1.0,1.0,1.0
1630679291955,1.0,1.0,1.0,1.0
1630679292033,1.0,1.0,1.0,1.0
1630679292111,1.0,1.0,1.0,1.0
1630679292283,1.0,1.0,1.0,1.0
1630679292299,1.0,1.0,1.0,1.0
1630679292502,1.0,1.0,1.0,1.0
1630679292565,1.0,1.0,1.0,1.0
1630679292643,1.0,1.0,1.0,1.0
1630679292768,1.0,1.0,1.0,1.0
1630679292799,1.0,1.0,1.0,1.0
1630679292924,1.0,1.0,1.0,1.0
1630679293111,1.0,1.0,1.0,1.0
1630679293221,1.0,1.0,1.0,1.0
1630679293252,1.0,1.0,1.0,1.0
1630679293377,1.0,1.0,1.0,1.0
1630679293486,1.0,1.0,1.0,1.0
1630679293533,1.0,1.0,1.0,1.0
1630679293864,1.0,1.0,1.0,1.0
1630679293879,1.0,1.0,1.0,1.0
1630679293926,1.0,1.0,1.0,1.0
1630679293958,1.0,1.0,1.0,1.0
1630679294051,1.0,1.0,1.0,1.0
1630679294192,1.0,1.0,1.0,1.0
1630679294426,1.0,1.0,1.0,1.0
1630679294505,1.0,1.0,1.0,1.0
1630679294536,1.0,1.0,1.0,1.0
1630679294615,1.0,1.0,1.0,1.0
1630679294615,1.0,1.0,1.0,1.0
1630679294740,1.0,1.0,1.0,1.0
1630679294881,1.0,1.0,1.0,1.0
1630679294990,1.0,1.0,1.0,1.0
1630679295131,1.0,1.0,1.0,1.0
1630679295271,1.0,1.0,1.0,1.0
1630679295427,1.0,1.0,1.0,1.0
1630679295521,1.0,1.0,1.0,1.0
1630679295584,1.0,1.0,1.0,1.0
1630679295693,1.0,1.0,1.0,1.0
1630679295802,1.0,1.0,1.0,1.0
1630679295834,1.0,1.0,1.0,1.0
1630679295896,1.0,1.0,1.0,1.0
1630679295990,1.0,1.0,1.0,1.0
1630679296084,1.0,1.0,1.0,1.0
1630679296177,1.0,1.0,1.0,1.0
1630679296271,1.0,1.0,1.0,1.0
1630679296537,1.0,1.0,1.0,1.0
1630679296649,1.0,1.0,1.0,1.0
1630679296649,1.0,1.0,1.0,1.0
1630679296852,1.0,1.0,1.0,1.0
1630679296930,1.0,1.0,1.0,1.0
1630679296946,1.0,1.0,1.0,1.0
1630679297039,1.0,1.0,1.0,1.0
1630679297117,1.0,1.0,1.0,1.0
1630679297164,1.0,1.0,1.0,1.0
1630679297305,1.0,1.0,1.0,1.0
1630679297524,1.0,1.0,1.0,1.0
1630679297524,1.0,1.0,1.0,1.0
1630679297664,1.0,1.0,1.0,1.0
1630679297727,1.0,1.0,1.0,1.0
1630679297836,1.0,1.0,1.0,1.0
1630679297930,1.0,1.0,1.0,1.0
1630679298070,1.0,1.0,1.0,1.0
1630679298133,1.0,1.0,1.0,1.0
1630679298227,1.0,1.0,1.0,1.0
1630679298399,1.0,1.0,1.0,1.0
1630679298477,1.0,1.0,1.0,1.0
1630679298617,1.0,1.0,1.0,1.0
1630679298659,1.0,1.0,1.0,1.0
1630679298870,2.0,1.0,1.0,2.0
1630679298901,2.0,1.0,1.0,2.0
1630679298948,2.0,1.0,1.0,2.0
1630679299026,2.0,1.0,1.0,2.0
1630679299167,2.0,1.0,1.0,2.0
1630679299292,2.0,1.0,1.0,2.0
1630679299323,2.0,1.0,1.0,2.0
1630679299464,2.0,1.0,1.0,2.0
1630679299542,2.0,1.0,1.0,2.0
1630679299651,2.0,1.0,1.0,2.0
1630679299766,2.0,1.0,1.0,2.0
1630679299938,2.0,1.0,1.0,2.0
1630679299969,2.0,1.0,1.0,2.0
1630679300079,2.0,1.0,1.0,2.0
1630679300157,2.0,1.0,1.0,2.0
1630679300251,1.0,1.0,1.0,1.0
1630679300516,1.0,1.0,1.0,1.0
1630679300610,1.0,1.0,1.0,1.0
1630679300610,1.0,1.0,1.0,1.0
1630679300787,1.0,1.0,1.0,1.0
1630679300850,1.0,1.0,1.0,1.0
1630679301021,1.0,1.0,1.0,1.0
1630679301115,1.0,1.0,1.0,1.0
1630679301224,1.0,1.0,1.0,1.0
1630679301334,1.0,1.0,1.0,1.0
1630679301557,1.0,1.0,1.0,1.0
1630679301588,1.0,1.0,1.0,1.0
1630679301713,1.0,1.0,1.0,1.0
1630679301760,1.0,1.0,1.0,1.0
1630679301838,1.0,1.0,1.0,1.0
1630679301901,1.0,1.0,1.0,1.0
1630679301916,1.0,1.0,1.0,1.0
1630679301948,1.0,1.0,1.0,1.0
1630679302135,1.0,1.0,1.0,1.0
1630679302244,1.0,1.0,1.0,1.0
1630679302401,1.0,1.0,1.0,1.0
1630679302479,1.0,1.0,1.0,1.0
1630679302840,1.0,1.0,1.0,1.0
1630679302981,1.0,1.0,1.0,1.0
1630679302981,1.0,1.0,1.0,1.0
1630679303121,1.0,1.0,1.0,1.0
1630679303246,1.0,1.0,1.0,1.0
1630679303340,1.0,1.0,1.0,1.0
1630679303340,1.0,1.0,1.0,1.0
1630679303450,1.0,1.0,1.0,1.0
1630679303450,1.0,1.0,1.0,1.0
1630679303608,1.0,1.0,1.0,1.0
1630679303624,1.0,1.0,1.0,1.0
1630679303921,1.0,1.0,1.0,1.0
1630679303952,1.0,1.0,1.0,1.0
1630679304077,1.0,1.0,1.0,1.0
1630679304139,1.0,1.0,1.0,1.0
1630679304249,1.0,1.0,1.0,1.0
1630679304436,1.0,1.0,1.0,1.0
1630679304498,1.0,1.0,1.0,1.0
1630679304639,1.0,1.0,1.0,1.0
1630679304686,1.0,1.0,1.0,1.0
1630679304874,1.0,1.0,1.0,1.0
1630679304951,1.0,1.0,1.0,1.0
1630679305030,1.0,1.0,1.0,1.0
1630679305123,1.0,1.0,1.0,1.0
1630679305233,1.0,1.0,1.0,1.0
1630679305358,1.0,1.0,1.0,1.0
1630679305451,1.0,1.0,1.0,1.0
1630679305545,1.0,1.0,1.0,1.0
1630679305623,1.0,1.0,1.0,1.0
1630679305751,1.0,1.0,1.0,1.0
1630679305876,1.0,1.0,1.0,1.0
1630679306048,1.0,1.0,1.0,1.0
1630679306235,1.0,1.0,1.0,1.0
1630679306589,1.0,1.0,1.0,1.0
1630679306635,1.0,1.0,1.0,1.0
1630679306776,1.0,1.0,1.0,1.0
1630679306838,1.0,1.0,1.0,1.0
1630679306854,1.0,1.0,1.0,1.0
1630679306854,1.0,1.0,1.0,1.0
1630679306932,1.0,1.0,1.0,1.0
1630679306948,1.0,1.0,1.0,1.0
1630679307026,1.0,1.0,1.0,1.0
1630679307120,1.0,1.0,1.0,1.0
1630679307135,1.0,1.0,1.0,1.0
1630679307260,1.0,1.0,1.0,1.0
1630679307354,1.0,1.0,1.0,1.0
1630679307433,1.0,1.0,1.0,1.0
1630679307654,1.0,1.0,1.0,1.0
1630679307731,1.0,1.0,1.0,1.0
1630679307809,1.0,1.0,1.0,1.0
1630679307919,1.0,1.0,1.0,1.0
1630679307982,1.0,1.0,1.0,1.0
1630679308075,1.0,1.0,1.0,1.0
1630679308184,1.0,1.0,1.0,1.0
1630679308372,1.0,1.0,1.0,1.0
1630679308372,1.0,1.0,1.0,1.0
1630679308452,1.0,1.0,1.0,1.0
1630679308516,1.0,1.0,1.0,1.0
1630679308688,1.0,1.0,1.0,1.0
1630679308828,1.0,1.0,1.0,1.0
1630679308922,1.0,1.0,1.0,1.0
1630679309015,1.0,1.0,1.0,1.0
1630679309062,1.0,1.0,1.0,1.0
1630679309281,1.0,1.0,1.0,1.0
1630679309328,1.0,1.0,1.0,1.0
1630679309375,1.0,1.0,1.0,1.0
1630679309469,1.0,1.0,1.0,1.0
1630679309499,1.0,1.0,1.0,1.0
1630679309627,1.0,1.0,1.0,1.0
1630679309909,1.0,1.0,1.0,1.0
1630679309971,1.0,1.0,1.0,1.0
1630679310065,1.0,1.0,1.0,1.0
1630679310159,1.0,1.0,1.0,1.0
1630679310190,1.0,1.0,1.0,1.0
1630679310268,1.0,1.0,1.0,1.0
1630679310378,1.0,1.0,1.0,1.0
1630679310487,1.0,1.0,1.0,1.0
1630679310518,1.0,1.0,1.0,1.0
1630679310549,1.0,1.0,1.0,1.0
1630679310721,1.0,1.0,1.0,1.0
1630679310721,1.0,1.0,1.0,1.0
1630679310831,1.0,1.0,1.0,1.0
1630679310909,1.0,1.0,1.0,1.0
1630679310987,1.0,1.0,1.0,1.0
1630679311049,1.0,1.0,1.0,1.0
1630679311096,1.0,1.0,1.0,1.0
1630679311268,1.0,1.0,1.0,1.0
1630679311393,1.0,1.0,1.0,1.0
1630679311520,1.0,1.0,1.0,1.0
1630679311583,1.0,1.0,1.0,1.0
1630679311663,1.0,1.0,1.0,1.0
1630679311695,1.0,1.0,1.0,1.0
1630679311804,1.0,1.0,1.0,1.0
1630679311944,1.0,1.0,1.0,1.0
1630679312132,1.0,1.0,1.0,1.0
1630679312179,1.0,1.0,1.0,1.0
1630679312257,1.0,1.0,4.0,1.0
1630679312366,1.0,1.0,4.0,1.0
1630679312491,1.0,1.0,4.0,1.0
1630679312728,1.0,1.0,4.0,1.0
1630679312822,1.0,1.0,4.0,1.0
1630679312822,1.0,1.0,4.0,1.0
1630679312916,1.0,4.0,2.0,1.0
1630679312978,1.0,4.0,2.0,1.0
1630679313041,1.0,4.0,2.0,1.0
1630679313244,1.0,2.0,4.0,1.0
1630679313306,1.0,1.0,1.0,1.0
1630679313384,1.0,2.0,1.0,1.0
1630679313494,1.0,2.0,4.0,1.0
1630679313625,1.0,2.0,4.0,1.0
1630679313825,1.0,2.0,4.0,1.0
1630679313903,1.0,2.0,1.0,1.0
1630679313934,1.0,2.0,1.0,1.0
1630679314059,1.0,1.0,1.0,1.0
1630679314169,1.0,4.0,1.0,1.0
1630679314231,2.0,1.0,1.0,2.0
1630679314294,2.0,1.0,1.0,2.0
1630679314403,2.0,1.0,1.0,2.0
1630679314481,2.0,1.0,1.0,2.0
1630679314625,2.0,1.0,1.0,2.0
1630679314672,2.0,1.0,1.0,2.0
1630679314766,2.0,1.0,1.0,2.0
1630679314969,2.0,1.0,1.0,2.0
1630679315031,2.0,1.0,1.0,2.0
1630679315094,1.0,1.0,1.0,1.0
1630679315187,1.0,1.0,1.0,1.0
1630679315343,1.0,1.0,1.0,1.0
1630679315422,1.0,1.0,1.0,1.0
1630679315500,1.0,1.0,1.0,1.0
1630679315639,1.0,1.0,1.0,1.0
1630679315736,1.0,1.0,1.0,1.0
1630679315814,1.0,1.0,1.0,1.0
1630679315971,1.0,1.0,1.0,1.0
1630679316049,1.0,1.0,1.0,1.0
1630679316127,1.0,1.0,1.0,1.0
1630679316236,1.0,1.0,1.0,1.0
1630679316314,1.0,1.0,1.0,1.0
1630679316582,1.0,1.0,1.0,1.0
1630679316629,1.0,1.0,1.0,1.0
1630679316707,1.0,1.0,1.0,1.0
1630679316801,1.0,1.0,1.0,1.0
1630679316863,1.0,1.0,1.0,1.0
1630679316957,1.0,1.0,1.0,1.0
1630679317129,1.0,1.0,1.0,1.0
1630679317207,1.0,1.0,1.0,1.0
1630679317269,1.0,1.0,1.0,1.0
1630679317317,1.0,1.0,1.0,1.0
1630679317488,1.0,1.0,1.0,1.0
1630679317566,1.0,1.0,1.0,1.0
1630679317644,1.0,1.0,1.0,1.0
1630679317738,1.0,1.0,1.0,1.0
1630679317801,1.0,1.0,1.0,1.0
1630679317910,1.0,1.0,1.0,1.0
1630679318035,1.0,1.0,1.0,1.0
1630679318207,1.0,1.0,1.0,1.0
1630679318301,1.0,1.0,1.0,1.0
1630679318425,1.0,1.0,1.0,1.0
1630679318491,1.0,1.0,1.0,1.0
1630679318553,1.0,1.0,1.0,1.0
1630679318678,1.0,1.0,1.0,1.0
1630679318881,1.0,1.0,1.0,1.0
1630679318897,1.0,1.0,1.0,1.0
1630679318959,1.0,1.0,1.0,1.0
1630679319069,1.0,1.0,1.0,1.0
1630679319162,1.0,1.0,1.0,1.0
1630679319412,1.0,1.0,1.0,1.0
1630679319475,1.0,1.0,1.0,1.0
1630679319506,1.0,1.0,1.0,1.0
1630679319618,1.0,1.0,1.0,1.0
1630679319899,1.0,1.0,1.0,1.0
1630679319978,1.0,1.0,1.0,1.0
1630679320025,1.0,1.0,1.0,1.0
1630679320102,1.0,1.0,1.0,1.0
1630679320165,1.0,1.0,1.0,1.0
1630679320212,1.0,1.0,1.0,1.0
1630679320227,1.0,1.0,1.0,1.0
1630679320368,1.0,1.0,1.0,1.0
1630679320574,1.0,1.0,1.0,1.0
1630679320777,1.0,1.0,1.0,1.0
1630679320840,1.0,1.0,1.0,1.0
1630679320949,1.0,1.0,1.0,1.0
1630679321027,1.0,1.0,1.0,1.0
1630679321059,1.0,1.0,1.0,1.0
1630679321199,1.0,1.0,1.0,1.0
1630679321277,1.0,1.0,1.0,1.0
1630679321355,1.0,1.0,1.0,1.0
1630679321371,1.0,1.0,1.0,1.0
1630679321543,1.0,1.0,1.0,1.0
1630679321654,1.0,1.0,1.0,1.0
1630679321811,1.0,1.0,1.0,1.0
1630679321857,1.0,1.0,1.0,1.0
1630679321904,1.0,1.0,1.0,1.0
1630679322045,1.0,1.0,1.0,1.0
1630679322201,1.0,1.0,1.0,1.0
1630679322295,1.0,1.0,1.0,1.0
1630679322545,1.0,1.0,1.0,1.0
1630679322674,1.0,1.0,1.0,1.0
1630679322705,1.0,1.0,1.0,1.0
1630679322861,1.0,1.0,1.0,1.0
1630679322987,1.0,1.0,1.0,1.0
1630679323033,1.0,1.0,1.0,1.0
1630679323080,1.0,1.0,1.0,1.0
1630679323111,1.0,1.0,1.0,1.0
1630679323190,1.0,1.0,1.0,1.0
1630679323455,1.0,1.0,1.0,1.0
1630679323549,1.0,1.0,1.0,1.0
1630679323549,1.0,1.0,1.0,1.0
1630679323785,1.0,1.0,1.0,1.0
1630679323848,1.0,1.0,1.0,1.0
1630679323957,1.0,1.0,1.0,1.0
1630679324051,1.0,1.0,1.0,1.0
1630679324113,1.0,1.0,1.0,1.0
1630679324191,1.0,1.0,1.0,1.0
1630679324473,1.0,1.0,1.0,1.0
1630679324597,1.0,1.0,1.0,1.0
1630679324694,1.0,1.0,1.0,1.0
1630679324835,1.0,1.0,1.0,1.0
1630679324960,1.0,1.0,1.0,1.0
1630679325053,1.0,1.0,1.0,1.0
1630679325236,1.0,1.0,1.0,1.0
1630679325439,1.0,1.0,1.0,1.0
1630679325519,1.0,1.0,1.0,1.0
1630679325582,1.0,1.0,1.0,1.0
1630679325644,1.0,1.0,1.0,1.0
1630679325691,1.0,1.0,1.0,1.0
1630679325722,1.0,1.0,1.0,1.0
1630679325738,1.0,1.0,1.0,1.0
1630679325847,1.0,1.0,1.0,1.0
1630679325988,1.0,1.0,1.0,1.0
1630679326003,1.0,1.0,1.0,1.0
1630679326019,1.0,1.0,1.0,1.0
1630679326128,1.0,1.0,1.0,1.0
1630679326269,1.0,1.0,1.0,1.0
1630679326331,1.0,1.0,1.0,1.0
1630679326425,1.0,1.0,1.0,1.0
1630679326581,1.0,1.0,1.0,1.0
1630679326644,1.0,1.0,1.0,1.0
1630679326706,1.0,1.0,1.0,1.0
1630679326816,1.0,1.0,1.0,1.0
1630679326894,1.0,1.0,1.0,1.0
1630679327066,1.0,1.0,1.0,1.0
1630679327159,1.0,1.0,1.0,1.0
1630679327191,1.0,1.0,1.0,1.0
1630679327347,1.0,1.0,1.0,1.0
1630679327378,1.0,1.0,1.0,1.0
1630679327456,1.0,1.0,1.0,1.0
1630679327534,1.0,1.0,1.0,1.0
1630679327581,1.0,1.0,1.0,1.0
1630679327690,1.0,1.0,1.0,1.0
1630679327800,1.0,1.0,1.0,1.0
1630679327894,1.0,1.0,1.0,1.0
1630679328065,1.0,1.0,1.0,1.0
1630679328159,1.0,1.0,1.0,1.0
1630679328237,1.0,1.0,1.0,1.0
1630679328440,1.0,1.0,1.0,1.0
1630679328565,1.0,1.0,1.0,1.0
1630679328614,1.0,1.0,1.0,1.0
1630679328708,1.0,1.0,1.0,1.0
1630679328880,1.0,1.0,1.0,1.0
1630679328942,1.0,1.0,1.0,1.0
1630679329020,1.0,1.0,1.0,1.0
1630679329099,1.0,1.0,1.0,1.0
1630679329177,1.0,1.0,1.0,1.0
1630679329255,1.0,1.0,1.0,1.0
1630679329442,1.0,1.0,1.0,1.0
1630679329442,1.0,1.0,1.0,1.0
1630679329536,1.0,1.0,1.0,1.0
1630679329679,1.0,1.0,1.0,1.0
1630679329710,1.0,1.0,1.0,1.0
1630679329835,1.0,1.0,1.0,1.0
1630679329913,1.0,1.0,1.0,1.0
1630679330007,1.0,1.0,1.0,1.0
1630679330101,1.0,1.0,1.0,1.0
1630679330429,1.0,1.0,1.0,1.0
1630679330492,1.0,1.0,1.0,1.0
1630679330759,1.0,1.0,1.0,1.0
1630679330853,1.0,1.0,1.0,1.0
1630679331009,1.0,1.0,1.0,1.0
1630679331134,1.0,1.0,1.0,1.0
1630679331212,1.0,1.0,1.0,1.0
1630679331291,1.0,1.0,1.0,1.0
1630679331353,1.0,1.0,1.0,1.0
1630679331369,1.0,1.0,1.0,1.0
1630679331431,1.0,1.0,1.0,1.0
1630679331494,1.0,1.0,1.0,1.0
1630679331701,1.0,1.0,1.0,1.0
1630679331763,1.0,1.0,1.0,1.0
1630679331763,1.0,1.0,1.0,1.0
1630679331826,1.0,1.0,1.0,1.0
1630679331841,1.0,1.0,1.0,1.0
1630679331919,1.0,1.0,1.0,1.0
1630679332185,1.0,1.0,1.0,1.0
1630679332310,1.0,1.0,1.0,1.0
1630679332357,1.0,1.0,1.0,1.0
1630679332372,1.0,1.0,1.0,1.0
1630679332487,1.0,1.0,1.0,1.0
1630679332675,1.0,1.0,1.0,1.0
1630679332815,1.0,1.0,1.0,1.0
1630679332878,1.0,1.0,1.0,1.0
1630679332909,1.0,1.0,1.0,1.0
1630679332987,1.0,1.0,1.0,1.0
1630679333050,1.0,1.0,1.0,1.0
1630679333268,1.0,1.0,1.0,1.0
1630679333347,1.0,1.0,1.0,1.0
1630679333487,1.0,1.0,1.0,1.0
1630679333518,1.0,1.0,1.0,1.0
1630679333565,1.0,1.0,1.0,1.0
1630679333675,1.0,1.0,1.0,1.0
1630679333940,1.0,1.0,1.0,1.0
1630679334034,1.0,1.0,1.0,1.0
1630679334112,1.0,1.0,1.0,1.0
1630679334206,1.0,1.0,1.0,1.0
1630679334221,1.0,1.0,1.0,1.0
1630679334393,1.0,1.0,1.0,1.0
1630679334440,1.0,1.0,1.0,1.0
1630679334568,1.0,1.0,1.0,1.0
1630679334615,1.0,1.0,1.0,1.0
1630679334771,1.0,1.0,1.0,1.0
1630679335021,1.0,1.0,1.0,1.0
1630679335099,1.0,1.0,1.0,1.0
1630679335146,1.0,1.0,1.0,1.0
1630679335240,1.0,1.0,1.0,1.0
1630679335333,1.0,1.0,1.0,1.0
1630679335411,1.0,1.0,1.0,1.0
1630679335474,1.0,1.0,1.0,1.0
1630679335603,1.0,1.0,1.0,1.0
1630679335666,1.0,1.0,1.0,1.0
1630679336041,1.0,1.0,1.0,1.0
1630679336213,1.0,1.0,1.0,1.0
1630679336291,1.0,1.0,1.0,1.0
1630679336353,1.0,1.0,1.0,1.0
1630679336543,2.0,1.0,1.0,2.0
1630679336654,2.0,1.0,1.0,2.0
1630679336810,2.0,1.0,1.0,2.0
1630679336904,2.0,1.0,1.0,2.0
1630679337169,2.0,1.0,1.0,2.0
1630679337311,2.0,1.0,1.0,2.0
1630679337436,2.0,1.0,1.0,2.0
1630679337657,2.0,1.0,1.0,2.0
1630679337735,2.0,1.0,1.0,2.0
1630679337750,1.0,1.0,1.0,1.0
1630679337750,1.0,1.0,1.0,1.0
1630679337750,1.0,1.0,1.0,1.0
1630679337813,1.0,1.0,1.0,1.0
1630679337875,1.0,1.0,1.0,1.0
1630679337891,1.0,1.0,1.0,1.0
1630679337891,1.0,1.0,1.0,1.0
1630679337922,1.0,1.0,1.0,1.0
1630679338110,1.0,1.0,1.0,1.0
1630679338204,1.0,1.0,1.0,1.0
1630679338517,1.0,1.0,1.0,1.0
1630679338659,1.0,1.0,1.0,1.0
1630679338737,1.0,1.0,1.0,1.0
1630679338800,1.0,1.0,1.0,1.0
1630679338862,1.0,1.0,1.0,1.0
1630679338862,1.0,1.0,1.0,1.0
1630679338909,1.0,1.0,1.0,1.0
1630679338987,1.0,1.0,1.0,1.0
1630679339206,1.0,1.0,1.0,1.0
1630679339393,1.0,1.0,1.0,1.0
1630679339471,1.0,1.0,1.0,1.0
1630679339518,1.0,1.0,1.0,1.0
1630679339581,1.0,1.0,1.0,1.0
1630679339741,1.0,1.0,1.0,1.0
1630679339819,1.0,1.0,1.0,1.0
1630679339912,1.0,1.0,1.0,1.0
1630679339959,1.0,1.0,1.0,1.0
1630679340022,1.0,1.0,1.0,1.0
1630679340084,1.0,1.0,1.0,1.0
1630679340131,1.0,1.0,1.0,1.0
1630679340194,1.0,1.0,1.0,1.0
1630679340381,1.0,1.0,1.0,1.0
1630679340459,1.0,1.0,1.0,1.0
1630679340493,1.0,1.0,1.0,1.0
1630679340633,1.0,1.0,1.0,1.0
1630679340680,1.0,1.0,1.0,1.0
1630679340711,1.0,1.0,1.0,1.0
1630679340883,1.0,1.0,1.0,1.0
1630679340977,1.0,1.0,1.0,1.0
1630679341024,1.0,1.0,1.0,1.0
1630679341149,1.0,1.0,1.0,1.0
1630679341195,1.0,1.0,1.0,1.0
1630679341573,1.0,1.0,1.0,1.0
1630679341713,1.0,1.0,1.0,1.0
1630679341744,1.0,1.0,1.0,1.0
1630679341760,1.0,1.0,1.0,1.0
1630679341869,1.0,1.0,1.0,1.0
1630679342182,1.0,1.0,1.0,1.0
1630679342291,1.0,1.0,1.0,1.0
1630679342322,1.0,1.0,1.0,1.0
1630679342463,1.0,1.0,1.0,1.0
1630679342588,1.0,1.0,1.0,1.0
1630679342807,1.0,1.0,1.0,1.0
1630679342994,1.0,1.0,1.0,1.0
1630679343197,1.0,1.0,1.0,1.0
1630679343338,1.0,1.0,1.0,1.0
1630679343369,1.0,1.0,1.0,1.0
1630679343385,1.0,1.0,1.0,1.0
1630679343385,1.0,1.0,1.0,1.0
1630679343400,1.0,1.0,1.0,1.0
1630679343431,1.0,1.0,1.0,1.0
1630679343681,1.0,1.0,1.0,1.0
1630679343713,1.0,1.0,1.0,1.0
1630679343775,1.0,1.0,1.0,1.0
1630679343853,1.0,1.0,1.0,1.0
1630679343947,1.0,1.0,1.0,1.0
1630679343947,1.0,1.0,1.0,1.0
1630679343978,1.0,1.0,1.0,1.0
1630679344103,1.0,1.0,1.0,1.0
1630679344244,1.0,1.0,1.0,1.0
1630679344338,1.0,1.0,1.0,1.0
1630679344447,1.0,1.0,1.0,1.0
1630679344478,1.0,1.0,1.0,1.0
1630679344559,1.0,1.0,1.0,1.0
1630679344591,1.0,1.0,1.0,1.0
1630679344701,1.0,1.0,1.0,1.0
1630679344841,1.0,1.0,1.0,1.0
1630679345044,1.0,1.0,1.0,1.0
1630679345138,1.0,1.0,1.0,1.0
1630679345357,1.0,1.0,1.0,1.0
1630679345451,1.0,1.0,1.0,1.0
1630679345513,1.0,1.0,1.0,1.0
1630679345685,1.0,1.0,1.0,1.0
1630679345716,1.0,1.0,1.0,1.0
1630679345888,1.0,1.0,1.0,1.0
1630679345920,1.0,1.0,1.0,1.0
1630679346091,1.0,1.0,1.0,1.0
1630679346154,1.0,1.0,1.0,1.0
1630679346154,1.0,1.0,1.0,1.0
1630679346216,1.0,1.0,1.0,1.0
1630679346294,1.0,1.0,1.0,1.0
1630679346419,1.0,1.0,1.0,1.0
1630679346575,1.0,1.0,1.0,1.0
1630679346703,1.0,1.0,1.0,1.0
1630679346797,1.0,1.0,1.0,1.0
1630679346875,1.0,1.0,1.0,1.0
1630679347103,1.0,1.0,1.0,1.0
1630679347275,1.0,1.0,1.0,1.0
1630679347306,1.0,1.0,1.0,1.0
1630679347400,1.0,1.0,1.0,1.0
1630679347605,1.0,1.0,1.0,1.0
1630679347699,1.0,1.0,1.0,1.0
1630679347839,1.0,1.0,1.0,1.0
1630679347965,1.0,1.0,1.0,1.0
1630679348105,1.0,1.0,1.0,1.0
1630679348292,1.0,1.0,1.0,1.0
1630679348324,1.0,1.0,1.0,1.0
1630679348529,1.0,1.0,1.0,1.0
1630679348701,1.0,1.0,1.0,1.0
1630679348763,1.0,1.0,1.0,1.0
1630679348826,1.0,1.0,1.0,1.0
1630679348841,1.0,1.0,1.0,1.0
1630679348857,1.0,1.0,1.0,1.0
1630679348935,1.0,1.0,1.0,1.0
1630679348966,1.0,1.0,1.0,1.0
1630679348997,1.0,1.0,1.0,1.0
1630679349107,1.0,1.0,1.0,1.0
1630679349263,1.0,1.0,1.0,1.0
1630679349341,1.0,1.0,1.0,1.0
1630679349372,1.0,1.0,1.0,1.0
1630679349450,1.0,1.0,1.0,1.0
1630679349482,1.0,1.0,1.0,1.0
1630679349654,1.0,1.0,1.0,1.0
1630679349688,1.0,1.0,1.0,1.0
1630679349907,1.0,1.0,1.0,1.0
1630679350001,1.0,1.0,1.0,1.0
1630679350016,1.0,1.0,1.0,1.0
1630679350219,1.0,1.0,1.0,1.0
1630679350219,1.0,1.0,1.0,1.0
1630679350391,1.0,1.0,1.0,1.0
1630679350487,1.0,1.0,1.0,1.0
1630679350581,1.0,1.0,1.0,1.0
1630679350596,1.0,1.0,1.0,1.0
1630679350706,1.0,1.0,1.0,1.0
1630679350940,1.0,1.0,1.0,1.0
1630679351127,1.0,1.0,1.0,1.0
1630679351159,1.0,1.0,1.0,1.0
1630679351330,1.0,1.0,1.0,1.0
1630679351567,1.0,1.0,1.0,1.0
1630679351676,1.0,1.0,1.0,1.0
1630679351723,1.0,1.0,1.0,1.0
1630679351739,1.0,1.0,1.0,1.0
1630679351770,1.0,1.0,1.0,1.0
1630679351864,1.0,1.0,1.0,1.0
1630679352036,1.0,1.0,1.0,1.0
1630679352098,1.0,1.0,1.0,1.0
1630679352176,1.0,1.0,1.0,1.0
1630679352270,1.0,1.0,1.0,1.0
1630679352301,1.0,1.0,1.0,1.0
1630679352600,1.0,1.0,1.0,1.0
1630679352741,1.0,1.0,1.0,1.0
1630679352803,1.0,1.0,1.0,1.0
1630679352928,1.0,1.0,1.0,1.0
1630679353038,1.0,1.0,1.0,1.0
1630679353038,1.0,1.0,1.0,1.0
1630679353131,1.0,1.0,1.0,1.0
1630679353241,1.0,1.0,1.0,1.0
1630679353334,1.0,1.0,1.0,1.0
1630679353366,1.0,1.0,1.0,1.0
1630679353444,1.0,1.0,1.0,1.0
1630679353475,1.0,1.0,1.0,1.0
1630679353538,1.0,1.0,1.0,1.0
1630679353538,1.0,1.0,1.0,1.0
1630679353647,1.0,1.0,1.0,1.0
1630679353834,1.0,1.0,1.0,1.0
1630679353912,1.0,1.0,1.0,1.0
1630679353959,1.0,1.0,1.0,1.0
1630679354006,1.0,1.0,1.0,1.0
1630679354209,1.0,1.0,1.0,1.0
1630679354241,1.0,1.0,1.0,1.0
1630679354397,1.0,1.0,1.0,1.0
1630679354475,1.0,1.0,1.0,1.0
1630679354571,1.0,1.0,1.0,1.0
1630679354633,1.0,1.0,1.0,1.0
1630679354899,1.0,1.0,1.0,1.0
1630679354961,1.0,1.0,1.0,1.0
1630679355039,1.0,1.0,1.0,1.0
1630679355071,1.0,1.0,1.0,1.0
1630679355071,1.0,1.0,1.0,1.0
1630679355258,1.0,1.0,1.0,1.0
1630679355461,1.0,1.0,1.0,1.0
1630679355602,1.0,1.0,1.0,1.0
1630679355633,1.0,1.0,1.0,1.0
1630679355758,1.0,1.0,1.0,1.0
1630679355898,1.0,1.0,1.0,1.0
1630679356102,1.0,1.0,1.0,1.0
1630679356133,1.0,1.0,1.0,1.0
1630679356133,1.0,1.0,1.0,1.0
1630679356367,1.0,1.0,1.0,1.0
1630679356477,1.0,1.0,1.0,1.0
1630679356651,1.0,1.0,1.0,1.0
1630679356698,1.0,1.0,1.0,1.0
1630679356901,1.0,1.0,1.0,1.0
1630679356963,1.0,1.0,1.0,1.0
1630679357057,1.0,1.0,1.0,1.0
1630679357151,1.0,1.0,1.0,1.0
1630679357291,1.0,1.0,1.0,1.0
1630679357557,1.0,1.0,1.0,1.0
1630679357572,1.0,1.0,1.0,1.0
1630679357717,1.0,1.0,1.0,1.0
1630679357764,1.0,1.0,1.0,1.0
1630679357858,1.0,1.0,1.0,1.0
1630679357889,1.0,1.0,1.0,1.0
1630679358014,1.0,1.0,1.0,1.0
1630679358170,1.0,1.0,1.0,1.0
1630679358201,1.0,1.0,1.0,1.0
1630679358280,1.0,1.0,1.0,1.0
1630679358436,2.0,1.0,1.0,2.0
1630679358639,2.0,1.0,1.0,2.0
1630679358732,2.0,1.0,1.0,2.0
1630679358844,2.0,1.0,1.0,2.0
1630679358859,2.0,1.0,1.0,2.0
1630679358969,2.0,1.0,1.0,2.0
1630679358969,2.0,1.0,1.0,2.0
1630679359281,2.0,1.0,1.0,2.0
1630679359359,2.0,1.0,1.0,2.0
1630679359453,2.0,1.0,1.0,2.0
1630679359516,2.0,1.0,1.0,2.0
1630679359516,2.0,1.0,1.0,2.0
1630679359547,2.0,1.0,1.0,2.0
1630679359562,2.0,1.0,1.0,2.0
1630679359719,2.0,1.0,1.0,2.0
1630679359859,2.0,1.0,1.0,2.0
1630679359922,2.0,1.0,1.0,2.0
1630679359984,1.0,1.0,1.0,1.0
1630679360047,1.0,1.0,1.0,1.0
1630679360109,1.0,1.0,1.0,1.0
1630679360156,1.0,1.0,1.0,1.0
1630679360187,1.0,1.0,1.0,1.0
1630679360312,1.0,1.0,1.0,1.0
1630679360422,1.0,1.0,1.0,1.0
1630679360515,1.0,1.0,1.0,1.0
1630679360565,1.0,1.0,1.0,1.0
1630679360800,1.0,1.0,1.0,1.0
1630679360893,1.0,1.0,1.0,1.0
1630679361049,1.0,1.0,1.0,1.0
1630679361143,1.0,1.0,1.0,1.0
1630679361190,1.0,1.0,1.0,1.0
1630679361456,1.0,1.0,1.0,1.0
1630679361549,1.0,1.0,1.0,1.0
1630679361630,1.0,1.0,1.0,1.0
1630679361693,1.0,1.0,1.0,1.0
1630679361755,1.0,1.0,1.0,1.0
1630679361818,1.0,1.0,1.0,1.0
1630679361864,1.0,1.0,1.0,1.0
1630679362005,1.0,1.0,1.0,1.0
1630679362036,1.0,1.0,1.0,1.0
1630679362177,1.0,1.0,1.0,1.0
1630679362380,1.0,1.0,1.0,1.0
1630679362568,1.0,1.0,1.0,1.0
1630679362681,1.0,1.0,1.0,1.0
1630679362837,1.0,1.0,1.0,1.0
1630679362868,1.0,1.0,1.0,1.0
1630679363103,1.0,1.0,1.0,1.0
1630679363306,1.0,1.0,1.0,1.0
1630679363321,1.0,1.0,1.0,1.0
1630679363399,1.0,1.0,1.0,1.0
1630679363543,1.0,1.0,1.0,1.0
1630679363558,1.0,1.0,1.0,1.0
1630679363699,1.0,1.0,1.0,1.0
1630679363746,1.0,1.0,1.0,1.0
1630679363792,1.0,1.0,1.0,1.0
1630679363808,1.0,1.0,1.0,1.0
1630679363886,1.0,1.0,1.0,1.0
1630679363917,1.0,1.0,1.0,1.0
1630679363964,1.0,1.0,1.0,1.0
1630679364042,1.0,1.0,1.0,1.0
1630679364245,1.0,1.0,1.0,1.0
1630679364308,1.0,1.0,1.0,1.0
1630679364589,1.0,1.0,1.0,1.0
1630679364620,1.0,1.0,1.0,1.0
1630679364918,1.0,1.0,1.0,1.0
1630679365089,1.0,1.0,1.0,1.0
1630679365167,1.0,1.0,1.0,1.0
1630679365464,1.0,1.0,1.0,1.0
1630679365560,1.0,1.0,1.0,1.0
1630679365607,1.0,1.0,1.0,1.0
1630679365779,1.0,1.0,1.0,1.0
1630679365888,1.0,1.0,1.0,1.0
1630679365888,1.0,1.0,1.0,1.0
1630679365966,1.0,1.0,1.0,1.0
1630679365982,1.0,1.0,1.0,1.0
1630679366060,1.0,1.0,1.0,1.0
1630679366216,1.0,1.0,1.0,1.0
1630679366232,1.0,1.0,1.0,1.0
1630679366341,1.0,1.0,1.0,1.0
1630679366341,1.0,1.0,1.0,1.0
1630679366450,1.0,1.0,1.0,1.0
1630679366466,1.0,1.0,1.0,1.0
1630679366544,1.0,1.0,1.0,1.0
1630679366594,1.0,1.0,1.0,1.0
1630679366734,1.0,1.0,1.0,1.0
1630679366797,1.0,1.0,1.0,1.0
1630679366844,1.0,1.0,1.0,1.0
1630679366953,1.0,1.0,1.0,1.0
1630679366984,1.0,1.0,1.0,1.0
1630679367125,1.0,1.0,1.0,1.0
1630679367219,1.0,1.0,1.0,1.0
1630679367297,1.0,1.0,1.0,1.0
1630679367453,1.0,1.0,1.0,1.0
1630679367658,1.0,1.0,1.0,1.0
1630679367690,1.0,1.0,1.0,1.0
1630679367705,1.0,1.0,1.0,1.0
1630679367924,1.0,1.0,1.0,1.0
1630679368018,1.0,1.0,1.0,1.0
1630679368143,1.0,1.0,1.0,1.0
1630679368252,2.0,1.0,1.0,2.0
1630679368315,2.0,1.0,1.0,2.0
1630679368330,1.0,1.0,1.0,1.0
1630679368424,1.0,1.0,1.0,1.0
1630679368533,1.0,1.0,1.0,1.0
1630679368739,1.0,1.0,1.0,1.0
1630679369004,1.0,1.0,1.0,1.0
1630679369098,1.0,1.0,1.0,1.0
1630679369192,1.0,1.0,1.0,1.0
1630679369301,1.0,1.0,1.0,1.0
1630679369332,1.0,1.0,1.0,1.0
1630679369442,1.0,1.0,1.0,1.0
1630679369567,1.0,1.0,1.0,1.0
1630679369598,1.0,1.0,1.0,1.0
1630679369785,1.0,1.0,1.0,1.0
1630679369864,1.0,1.0,1.0,1.0
1630679370035,1.0,1.0,1.0,1.0
1630679370098,1.0,1.0,1.0,1.0
1630679370113,1.0,1.0,1.0,1.0
1630679370238,1.0,1.0,1.0,1.0
1630679370410,1.0,1.0,1.0,1.0
1630679370410,1.0,1.0,1.0,1.0
1630679370476,1.0,1.0,1.0,1.0
1630679370539,1.0,1.0,1.0,1.0
1630679370570,1.0,1.0,1.0,1.0
1630679370742,1.0,1.0,1.0,1.0
1630679370835,1.0,1.0,1.0,1.0
1630679370914,1.0,1.0,1.0,1.0
1630679371023,1.0,1.0,1.0,1.0
1630679371195,1.0,1.0,1.0,1.0
1630679371367,1.0,1.0,1.0,1.0
1630679371429,1.0,1.0,1.0,1.0
1630679371476,1.0,1.0,1.0,1.0
1630679371554,1.0,1.0,1.0,1.0
1630679371898,1.0,1.0,1.0,1.0
1630679371913,1.0,1.0,1.0,1.0
1630679372101,1.0,1.0,1.0,1.0
1630679372257,1.0,1.0,1.0,1.0
1630679372320,1.0,1.0,1.0,1.0
1630679372382,1.0,1.0,1.0,1.0
1630679372429,1.0,1.0,1.0,1.0
1630679372588,1.0,1.0,1.0,1.0
1630679372681,1.0,1.0,1.0,1.0
1630679372728,1.0,1.0,1.0,1.0
1630679372853,1.0,1.0,1.0,1.0
1630679372947,1.0,1.0,1.0,1.0
1630679372963,1.0,1.0,1.0,1.0
1630679373087,1.0,1.0,1.0,1.0
1630679373353,1.0,1.0,1.0,1.0
1630679373509,1.0,1.0,1.0,1.0
1630679373744,1.0,1.0,1.0,1.0
1630679373915,1.0,1.0,1.0,1.0
1630679374072,1.0,1.0,1.0,1.0
1630679374103,1.0,1.0,1.0,1.0
1630679374165,1.0,1.0,1.0,1.0
1630679374212,1.0,1.0,1.0,1.0
1630679374212,1.0,1.0,1.0,1.0
1630679374337,1.0,1.0,1.0,1.0
1630679374387,1.0,1.0,1.0,1.0
1630679374402,1.0,1.0,1.0,1.0
1630679374465,1.0,1.0,1.0,1.0
1630679374574,1.0,1.0,1.0,1.0
1630679374606,1.0,1.0,1.0,1.0
1630679374699,1.0,1.0,1.0,1.0
1630679374809,1.0,1.0,1.0,1.0
1630679374980,1.0,1.0,1.0,1.0
1630679375059,1.0,1.0,1.0,1.0
1630679375262,1.0,1.0,1.0,1.0
1630679375308,1.0,1.0,1.0,1.0
1630679375355,1.0,1.0,1.0,1.0
1630679375387,1.0,1.0,1.0,1.0
1630679375574,1.0,1.0,1.0,1.0
1630679375670,1.0,1.0,1.0,1.0
1630679375764,1.0,1.0,1.0,1.0
1630679375842,1.0,1.0,1.0,1.0
1630679376045,1.0,1.0,1.0,1.0
1630679376217,1.0,1.0,1.0,1.0
1630679376342,1.0,1.0,1.0,1.0
1630679376469,1.0,1.0,1.0,1.0
1630679376516,1.0,1.0,1.0,1.0
1630679376735,1.0,1.0,1.0,1.0
1630679376860,1.0,1.0,1.0,1.0
1630679376907,1.0,1.0,1.0,1.0
1630679377000,1.0,1.0,1.0,1.0
1630679377110,1.0,1.0,1.0,1.0
1630679377125,1.0,1.0,1.0,1.0
1630679377281,1.0,1.0,1.0,1.0
1630679377391,1.0,1.0,1.0,1.0
1630679377469,1.0,1.0,1.0,1.0
1630679377690,1.0,1.0,1.0,1.0
1630679377722,1.0,1.0,1.0,1.0
1630679377784,1.0,1.0,1.0,1.0
1630679377831,2.0,1.0,1.0,2.0
1630679377925,2.0,1.0,1.0,2.0
1630679378050,2.0,1.0,1.0,2.0
1630679378050,2.0,1.0,1.0,2.0
1630679378175,2.0,1.0,1.0,2.0
1630679378175,2.0,1.0,1.0,2.0
1630679378206,2.0,1.0,1.0,2.0
1630679378268,1.0,1.0,1.0,1.0
1630679378347,1.0,1.0,1.0,1.0
1630679378440,1.0,1.0,1.0,1.0
1630679378503,1.0,1.0,1.0,1.0
1630679378631,1.0,1.0,1.0,1.0
1630679378771,1.0,1.0,1.0,1.0
1630679378803,1.0,1.0,1.0,1.0
1630679378881,1.0,1.0,1.0,1.0
1630679379006,1.0,1.0,1.0,1.0
1630679379131,1.0,1.0,1.0,1.0
1630679379193,1.0,1.0,1.0,1.0
1630679379427,1.0,1.0,1.0,1.0
1630679379526,1.0,1.0,1.0,1.0
1630679379541,1.0,1.0,1.0,1.0
1630679379650,1.0,1.0,1.0,1.0
1630679379892,1.0,1.0,1.0,1.0
1630679379907,1.0,1.0,1.0,1.0
1630679379939,1.0,1.0,1.0,1.0
1630679380001,1.0,1.0,1.0,1.0
1630679380126,1.0,1.0,1.0,1.0
1630679380235,1.0,1.0,1.0,1.0
1630679380467,1.0,1.0,1.0,1.0
1630679380606,1.0,1.0,1.0,1.0
1630679380783,1.0,1.0,1.0,1.0
1630679380783,1.0,1.0,1.0,1.0
1630679380854,1.0,1.0,1.0,1.0
1630679381039,1.0,1.0,1.0,1.0
1630679381054,1.0,1.0,1.0,1.0
1630679381108,1.0,1.0,1.0,1.0
1630679381217,1.0,1.0,1.0,1.0
1630679381249,1.0,1.0,1.0,1.0
1630679381351,1.0,1.0,1.0,1.0
1630679381518,1.0,1.0,1.0,1.0
1630679381596,1.0,1.0,1.0,1.0
1630679381660,1.0,1.0,1.0,1.0
1630679381722,1.0,1.0,1.0,1.0
1630679381816,1.0,1.0,1.0,1.0
1630679381925,1.0,1.0,1.0,1.0
1630679382144,1.0,1.0,1.0,1.0
1630679382175,1.0,1.0,1.0,1.0
1630679382316,1.0,1.0,1.0,1.0
1630679382347,1.0,1.0,1.0,1.0
1630679382472,1.0,1.0,1.0,1.0
1630679382534,1.0,1.0,1.0,1.0
1630679382693,1.0,1.0,1.0,1.0
1630679382771,1.0,1.0,1.0,1.0
1630679382912,1.0,1.0,1.0,1.0
1630679382959,1.0,1.0,1.0,1.0
1630679383037,1.0,1.0,1.0,1.0
1630679383225,1.0,1.0,1.0,1.0
1630679383335,1.0,1.0,1.0,1.0
1630679383429,1.0,1.0,1.0,1.0
1630679383474,1.0,1.0,1.0,1.0
1630679383567,1.0,1.0,1.0,1.0
1630679383769,1.0,1.0,1.0,1.0
1630679383833,1.0,1.0,1.0,1.0
1630679383891,1.0,1.0,1.0,1.0
1630679384064,1.0,1.0,1.0,1.0
1630679384096,1.0,1.0,1.0,1.0
1630679384252,1.0,1.0,1.0,1.0
1630679384292,1.0,1.0,1.0,1.0
1630679384433,1.0,1.0,1.0,1.0
1630679384529,1.0,1.0,1.0,1.0
1630679384657,1.0,1.0,1.0,1.0
1630679384691,1.0,1.0,1.0,1.0
1630679384909,1.0,1.0,1.0,1.0
1630679384926,1.0,1.0,1.0,1.0
1630679385004,1.0,1.0,1.0,1.0
1630679385160,1.0,1.0,1.0,1.0
1630679385207,1.0,1.0,1.0,1.0
1630679385395,1.0,1.0,1.0,1.0
1630679385473,1.0,1.0,1.0,1.0
1630679385522,1.0,1.0,1.0,1.0
1630679385679,1.0,1.0,1.0,1.0
1630679385741,1.0,1.0,1.0,1.0
1630679385944,1.0,1.0,1.0,1.0
1630679385975,1.0,1.0,1.0,1.0
1630679385991,1.0,1.0,1.0,1.0
1630679386100,1.0,1.0,1.0,1.0
1630679386194,1.0,1.0,1.0,1.0
1630679386335,1.0,1.0,1.0,1.0
1630679386475,1.0,1.0,1.0,1.0
1630679386538,1.0,1.0,1.0,1.0
1630679386634,1.0,1.0,1.0,1.0
1630679386727,1.0,1.0,1.0,1.0
1630679386758,1.0,1.0,1.0,1.0
1630679387040,1.0,1.0,1.0,1.0
1630679387055,1.0,1.0,1.0,1.0
1630679387134,1.0,1.0,1.0,1.0
1630679387227,1.0,1.0,1.0,1.0
1630679387336,1.0,1.0,1.0,1.0
1630679387399,1.0,1.0,1.0,1.0
1630679387555,1.0,1.0,1.0,1.0
1630679387620,1.0,1.0,1.0,1.0
1630679387823,1.0,1.0,1.0,1.0
1630679387854,1.0,1.0,1.0,1.0
1630679387917,1.0,1.0,1.0,1.0
1630679388120,1.0,1.0,1.0,1.0
1630679388120,1.0,1.0,1.0,1.0
1630679388251,1.0,1.0,1.0,1.0
1630679388329,1.0,1.0,1.0,1.0
1630679388437,1.0,1.0,1.0,1.0
1630679388532,1.0,1.0,1.0,1.0
1630679388595,1.0,1.0,1.0,1.0
1630679388773,1.0,1.0,1.0,1.0
1630679388963,1.0,1.0,1.0,1.0
1630679389073,1.0,1.0,1.0,1.0
1630679389137,1.0,1.0,1.0,1.0
1630679389236,1.0,1.0,1.0,1.0
1630679389236,1.0,1.0,1.0,1.0
1630679389361,1.0,1.0,1.0,1.0
1630679389439,1.0,1.0,1.0,1.0
1630679389630,1.0,1.0,1.0,1.0
1630679389648,1.0,1.0,1.0,1.0
1630679389773,1.0,1.0,1.0,1.0
1630679389835,1.0,1.0,1.0,1.0
1630679390008,1.0,1.0,1.0,1.0
1630679390101,1.0,1.0,1.0,1.0
1630679390177,1.0,1.0,1.0,1.0
1630679390238,1.0,1.0,1.0,1.0
1630679390332,1.0,1.0,1.0,1.0
1630679390539,1.0,1.0,1.0,1.0
1630679390637,1.0,4.0,1.0,1.0
1630679390670,1.0,2.0,1.0,1.0
1630679390795,2.0,2.0,1.0,2.0
1630679390904,2.0,1.0,1.0,2.0
1630679390998,2.0,1.0,1.0,2.0
1630679391092,2.0,1.0,1.0,2.0
1630679391217,2.0,1.0,1.0,2.0
1630679391280,2.0,1.0,1.0,2.0
1630679391454,2.0,1.0,1.0,2.0
1630679391564,2.0,1.0,1.0,2.0
1630679391626,2.0,1.0,1.0,2.0
1630679391861,2.0,1.0,1.0,2.0
1630679392001,2.0,1.0,1.0,2.0
1630679392095,2.0,1.0,1.0,2.0
1630679392126,2.0,1.0,1.0,2.0
1630679392189,2.0,1.0,1.0,2.0
1630679392235,2.0,1.0,1.0,2.0
1630679392332,2.0,1.0,1.0,2.0
1630679392457,2.0,1.0,1.0,2.0
1630679392521,2.0,1.0,1.0,2.0
1630679392687,2.0,1.0,1.0,2.0
1630679392687,1.0,1.0,1.0,1.0
1630679392906,1.0,1.0,1.0,1.0
1630679393029,1.0,1.0,1.0,1.0
1630679393154,1.0,1.0,1.0,1.0
1630679393356,1.0,1.0,1.0,1.0
1630679393371,1.0,1.0,1.0,1.0
1630679393710,1.0,1.0,1.0,1.0
1630679393806,1.0,1.0,1.0,1.0
1630679393809,1.0,1.0,1.0,1.0
1630679393980,1.0,1.0,1.0,1.0
1630679394059,1.0,1.0,1.0,1.0
1630679394235,1.0,1.0,1.0,1.0
1630679394235,1.0,1.0,1.0,1.0
1630679394297,1.0,1.0,1.0,1.0
1630679394375,1.0,1.0,1.0,1.0
1630679394706,1.0,1.0,1.0,1.0
1630679394784,1.0,1.0,1.0,1.0
1630679394847,1.0,1.0,1.0,1.0
1630679394941,1.0,1.0,1.0,1.0
1630679394972,1.0,1.0,1.0,1.0
1630679395003,1.0,1.0,1.0,1.0
1630679395097,1.0,1.0,1.0,1.0
1630679395112,1.0,1.0,1.0,1.0
1630679395175,1.0,1.0,1.0,1.0
1630679395482,1.0,1.0,1.0,1.0
1630679395514,1.0,1.0,1.0,1.0
1630679395546,1.0,1.0,1.0,1.0
1630679395639,1.0,1.0,1.0,1.0
1630679395671,1.0,1.0,1.0,1.0
1630679395811,1.0,1.0,1.0,1.0
1630679395811,1.0,1.0,1.0,1.0
1630679395920,1.0,1.0,1.0,1.0
1630679395983,1.0,1.0,1.0,1.0
1630679396077,1.0,1.0,1.0,1.0
1630679396233,1.0,1.0,1.0,1.0
1630679396280,1.0,1.0,1.0,1.0
1630679396468,1.0,1.0,1.0,1.0
1630679396514,1.0,1.0,1.0,1.0
1630679396579,1.0,1.0,1.0,1.0
1630679396766,1.0,1.0,1.0,1.0
1630679396844,1.0,1.0,1.0,1.0
1630679397020,1.0,1.0,1.0,1.0
1630679397145,1.0,1.0,1.0,1.0
1630679397176,1.0,1.0,1.0,1.0
1630679397192,1.0,1.0,1.0,1.0
1630679397332,1.0,1.0,1.0,1.0
1630679397426,1.0,1.0,1.0,1.0
1630679397473,1.0,1.0,1.0,1.0
1630679397663,1.0,1.0,1.0,1.0
1630679397694,1.0,1.0,1.0,1.0
1630679397788,1.0,1.0,1.0,1.0
1630679397938,1.0,1.0,1.0,1.0
1630679398048,1.0,1.0,1.0,1.0
1630679398125,1.0,1.0,1.0,1.0
1630679398157,1.0,1.0,1.0,1.0
1630679398438,1.0,1.0,1.0,1.0
1630679398547,1.0,1.0,1.0,1.0
1630679398783,1.0,1.0,1.0,1.0
1630679398846,1.0,1.0,1.0,1.0
1630679398955,1.0,1.0,1.0,1.0
1630679399158,1.0,1.0,1.0,1.0
1630679399158,1.0,1.0,1.0,1.0
1630679399236,1.0,1.0,1.0,1.0
1630679399268,1.0,1.0,1.0,1.0
1630679399268,1.0,1.0,1.0,1.0
1630679399426,1.0,1.0,1.0,1.0
1630679399511,1.0,1.0,1.0,1.0
1630679399620,1.0,1.0,1.0,1.0
1630679399792,1.0,1.0,1.0,1.0
1630679399932,1.0,1.0,1.0,1.0
1630679399948,1.0,1.0,1.0,1.0
1630679400026,1.0,1.0,1.0,1.0
1630679400167,1.0,1.0,1.0,1.0
1630679400229,1.0,1.0,1.0,1.0
1630679400260,1.0,1.0,1.0,1.0
1630679400323,1.0,1.0,1.0,1.0
1630679400464,1.0,1.0,1.0,1.0
1630679400577,1.0,1.0,1.0,1.0
1630679400624,1.0,1.0,1.0,1.0
1630679400764,1.0,1.0,1.0,1.0
1630679400827,2.0,1.0,1.0,2.0
1630679401014,2.0,1.0,1.0,2.0
1630679401124,2.0,1.0,1.0,2.0
1630679401202,2.0,1.0,1.0,2.0
1630679401249,2.0,1.0,1.0,2.0
1630679401436,2.0,1.0,1.0,2.0
1630679401436,2.0,1.0,1.0,2.0
1630679401720,2.0,1.0,1.0,2.0
1630679401751,2.0,1.0,1.0,2.0
1630679401782,2.0,1.0,1.0,2.0
1630679401986,2.0,1.0,1.0,2.0
1630679402064,2.0,1.0,1.0,2.0
1630679402111,2.0,1.0,1.0,2.0
1630679402189,2.0,1.0,1.0,2.0
1630679402283,2.0,1.0,1.0,2.0
1630679402392,2.0,1.0,1.0,2.0
1630679402486,1.0,1.0,1.0,1.0
1630679402552,1.0,1.0,1.0,1.0
1630679402693,1.0,1.0,1.0,1.0
1630679402787,1.0,1.0,1.0,1.0
1630679402896,1.0,1.0,1.0,1.0
1630679403130,1.0,1.0,1.0,1.0
1630679403224,1.0,1.0,1.0,1.0
1630679403240,1.0,1.0,1.0,1.0
1630679403552,1.0,1.0,1.0,1.0
1630679403586,1.0,1.0,1.0,1.0
1630679403617,1.0,1.0,1.0,1.0
1630679403711,1.0,1.0,1.0,1.0
1630679403820,1.0,1.0,1.0,1.0
1630679403930,1.0,1.0,1.0,1.0
1630679404024,1.0,4.0,1.0,1.0
1630679404086,1.0,1.0,1.0,1.0
1630679404180,1.0,1.0,1.0,1.0
1630679404289,1.0,4.0,1.0,1.0
1630679404383,1.0,1.0,1.0,1.0
1630679404492,1.0,1.0,1.0,1.0
1630679404730,1.0,4.0,1.0,1.0
1630679404761,1.0,1.0,1.0,1.0
1630679404824,1.0,1.0,1.0,1.0
1630679404887,1.0,1.0,1.0,1.0
1630679405012,1.0,4.0,1.0,1.0
1630679405120,1.0,4.0,1.0,1.0
1630679405214,1.0,4.0,1.0,1.0
1630679405308,2.0,4.0,1.0,2.0
1630679405542,2.0,4.0,4.0,2.0
1630679405589,2.0,1.0,4.0,2.0
1630679405636,2.0,2.0,1.0,2.0
1630679405702,2.0,2.0,4.0,2.0
1630679405874,2.0,2.0,4.0,2.0
1630679405937,2.0,2.0,1.0,2.0
1630679406077,2.0,4.0,1.0,2.0
1630679406186,2.0,4.0,4.0,2.0
1630679406312,2.0,1.0,1.0,2.0
1630679406343,2.0,1.0,1.0,2.0
1630679406499,2.0,4.0,1.0,2.0
1630679406608,2.0,4.0,1.0,2.0
1630679406688,2.0,1.0,1.0,2.0
1630679406735,2.0,1.0,1.0,2.0
1630679406938,2.0,1.0,1.0,2.0
1630679407000,2.0,1.0,1.0,2.0
1630679407094,2.0,1.0,1.0,2.0
1630679407172,2.0,1.0,1.0,2.0
1630679407328,2.0,1.0,1.0,2.0
1630679407360,2.0,1.0,1.0,2.0
1630679407422,2.0,1.0,1.0,2.0
1630679407487,2.0,1.0,1.0,2.0
1630679407659,2.0,1.0,1.0,2.0
1630679407753,2.0,1.0,1.0,2.0
1630679407847,2.0,1.0,1.0,2.0
1630679407940,2.0,1.0,1.0,2.0
1630679408034,2.0,1.0,1.0,2.0
1630679408159,2.0,1.0,1.0,2.0
1630679408331,2.0,1.0,1.0,2.0
1630679408362,2.0,1.0,1.0,2.0
1630679408537,2.0,1.0,1.0,2.0
1630679408599,2.0,1.0,1.0,2.0
1630679408693,2.0,1.0,1.0,2.0
1630679408724,2.0,1.0,1.0,2.0
1630679408865,2.0,1.0,1.0,2.0
1630679408959,2.0,1.0,1.0,2.0
1630679409052,1.0,1.0,1.0,1.0
1630679409256,1.0,1.0,1.0,1.0
1630679409318,1.0,1.0,1.0,1.0
1630679409381,1.0,1.0,1.0,1.0
1630679409506,1.0,1.0,1.0,1.0
1630679409602,1.0,1.0,1.0,1.0
1630679409649,1.0,1.0,1.0,1.0
1630679409743,1.0,1.0,1.0,1.0
1630679409899,1.0,1.0,1.0,1.0
1630679409961,1.0,1.0,1.0,1.0
1630679410118,1.0,1.0,1.0,1.0
1630679410196,1.0,1.0,1.0,1.0
1630679410321,1.0,1.0,1.0,1.0
1630679410430,1.0,1.0,1.0,1.0
1630679410461,1.0,1.0,1.0,1.0
1630679410575,1.0,1.0,1.0,1.0
1630679410732,1.0,1.0,1.0,1.0
1630679410779,1.0,1.0,1.0,1.0
1630679411013,1.0,1.0,1.0,1.0
1630679411138,2.0,1.0,1.0,2.0
1630679411216,2.0,1.0,1.0,2.0
1630679411310,2.0,1.0,1.0,2.0
1630679411388,2.0,1.0,1.0,2.0
1630679411419,2.0,1.0,1.0,2.0
1630679411645,2.0,1.0,1.0,2.0
1630679411660,2.0,1.0,1.0,2.0
1630679411879,2.0,1.0,1.0,2.0
1630679411910,2.0,1.0,1.0,2.0
1630679411989,2.0,1.0,1.0,2.0
1630679412020,2.0,1.0,1.0,2.0
1630679412176,2.0,1.0,1.0,2.0
1630679412223,2.0,1.0,1.0,2.0
1630679412317,2.0,1.0,1.0,2.0
1630679412379,2.0,1.0,1.0,2.0
1630679412583,2.0,1.0,1.0,2.0
1630679412680,2.0,1.0,1.0,2.0
1630679412743,2.0,1.0,1.0,2.0
1630679412899,1.0,1.0,1.0,1.0
1630679412993,1.0,1.0,1.0,1.0
1630679413024,1.0,1.0,1.0,1.0
1630679413133,1.0,1.0,1.0,1.0
1630679413258,1.0,1.0,1.0,1.0
1630679413321,1.0,1.0,1.0,1.0
1630679413492,1.0,1.0,1.0,1.0
1630679413555,1.0,1.0,1.0,1.0
1630679413682,1.0,1.0,1.0,1.0
1630679413978,1.0,1.0,1.0,1.0
1630679413978,1.0,1.0,1.0,1.0
1630679414056,1.0,1.0,1.0,1.0
1630679414166,1.0,1.0,1.0,1.0
1630679414306,1.0,1.0,1.0,1.0
1630679414431,1.0,1.0,1.0,1.0
1630679414498,1.0,1.0,1.0,1.0
1630679414529,1.0,1.0,1.0,1.0
1630679414576,1.0,1.0,1.0,1.0
1630679414670,1.0,1.0,1.0,1.0
1630679414763,1.0,1.0,1.0,1.0
1630679414873,1.0,1.0,4.0,1.0
1630679414951,1.0,1.0,4.0,1.0
1630679415076,1.0,1.0,2.0,1.0
1630679415248,1.0,1.0,2.0,1.0
1630679415248,1.0,1.0,2.0,1.0
1630679415341,1.0,1.0,2.0,1.0
1630679415501,1.0,1.0,2.0,1.0
1630679415610,2.0,1.0,2.0,2.0
1630679415657,2.0,1.0,1.0,2.0
1630679415751,2.0,1.0,4.0,2.0
1630679415876,2.0,1.0,1.0,2.0
1630679415954,2.0,1.0,1.0,2.0
1630679416032,2.0,1.0,4.0,2.0
1630679416204,2.0,1.0,4.0,2.0
1630679416375,2.0,1.0,1.0,2.0
1630679416438,2.0,1.0,1.0,2.0
1630679416501,2.0,1.0,1.0,2.0
1630679416626,2.0,1.0,1.0,2.0
1630679416768,2.0,1.0,1.0,2.0
1630679416831,2.0,1.0,1.0,2.0
1630679416893,2.0,1.0,1.0,2.0
1630679417034,2.0,1.0,1.0,2.0
1630679417127,2.0,1.0,1.0,2.0
1630679417190,2.0,1.0,1.0,2.0
1630679417331,2.0,1.0,1.0,2.0
1630679417393,2.0,1.0,1.0,2.0
1630679417569,2.0,1.0,1.0,2.0
1630679417600,2.0,1.0,1.0,2.0
1630679417709,2.0,1.0,1.0,2.0
1630679417897,2.0,1.0,1.0,2.0
1630679417928,2.0,1.0,1.0,2.0
1630679418022,2.0,1.0,1.0,2.0
1630679418100,2.0,1.0,1.0,2.0
1630679418194,2.0,1.0,1.0,2.0
1630679418319,2.0,1.0,1.0,2.0
1630679418381,2.0,1.0,1.0,2.0
1630679418490,2.0,1.0,1.0,2.0
1630679418649,2.0,1.0,1.0,2.0
1630679418712,2.0,1.0,1.0,2.0
1630679418821,2.0,1.0,1.0,2.0
1630679419008,2.0,1.0,1.0,2.0
1630679419071,2.0,1.0,1.0,2.0
1630679419180,2.0,1.0,1.0,2.0
1630679419243,2.0,1.0,1.0,2.0
1630679419352,2.0,1.0,1.0,2.0
1630679419415,1.0,1.0,1.0,1.0
1630679419555,1.0,1.0,1.0,1.0
1630679419652,1.0,1.0,1.0,1.0
1630679419714,1.0,1.0,1.0,1.0
1630679419870,1.0,1.0,1.0,1.0
1630679419933,1.0,1.0,1.0,1.0
1630679420074,1.0,1.0,1.0,1.0
1630679420183,1.0,1.0,1.0,1.0
1630679420323,1.0,1.0,1.0,1.0
1630679420402,1.0,1.0,1.0,1.0
1630679420605,1.0,1.0,1.0,1.0
1630679420636,1.0,1.0,1.0,1.0
1630679420764,1.0,1.0,1.0,1.0
1630679420857,1.0,1.0,1.0,1.0
1630679420873,1.0,1.0,1.0,1.0
1630679420951,1.0,1.0,1.0,1.0
1630679421217,1.0,1.0,1.0,1.0
1630679421326,1.0,1.0,1.0,1.0
1630679421389,1.0,1.0,1.0,1.0
1630679421420,1.0,1.0,1.0,1.0
1630679421482,1.0,1.0,1.0,1.0
1630679421545,1.0,1.0,1.0,1.0
1630679421717,1.0,1.0,1.0,1.0
1630679421810,1.0,1.0,1.0,1.0
1630679421920,1.0,1.0,1.0,1.0
1630679421951,1.0,1.0,1.0,1.0
1630679422076,1.0,1.0,1.0,1.0
1630679422154,1.0,1.0,1.0,1.0
1630679422279,1.0,1.0,1.0,1.0
1630679422420,1.0,1.0,1.0,1.0
1630679422484,1.0,1.0,1.0,1.0
1630679422548,1.0,1.0,1.0,1.0
1630679422688,1.0,1.0,1.0,1.0
1630679422844,2.0,1.0,1.0,2.0
1630679423001,2.0,1.0,1.0,2.0
1630679423047,2.0,1.0,1.0,2.0
1630679423205,2.0,1.0,1.0,2.0
1630679423267,2.0,1.0,1.0,2.0
1630679423376,1.0,1.0,1.0,1.0
1630679423408,1.0,1.0,1.0,1.0
1630679423518,1.0,1.0,1.0,1.0
1630679423633,1.0,1.0,1.0,1.0
1630679423696,1.0,1.0,1.0,1.0
1630679423852,1.0,1.0,1.0,1.0
1630679423868,1.0,1.0,1.0,1.0
1630679424008,1.0,1.0,1.0,1.0
1630679424211,1.0,1.0,1.0,1.0
1630679424242,1.0,1.0,1.0,1.0
1630679424337,1.0,1.0,1.0,1.0
1630679424399,1.0,1.0,1.0,1.0
1630679424508,1.0,1.0,1.0,1.0
1630679424572,1.0,1.0,1.0,1.0
1630679424744,1.0,1.0,1.0,1.0
1630679424869,1.0,1.0,1.0,1.0
1630679424979,1.0,1.0,1.0,1.0
1630679425041,1.0,1.0,1.0,1.0
1630679425150,1.0,1.0,1.0,1.0
1630679425244,1.0,1.0,1.0,1.0
1630679425416,1.0,1.0,1.0,1.0
1630679425478,1.0,1.0,1.0,1.0
1630679425510,1.0,1.0,1.0,1.0
1630679425715,1.0,1.0,1.0,1.0
1630679425730,1.0,1.0,1.0,1.0
1630679425824,1.0,1.0,1.0,1.0
1630679425980,1.0,1.0,1.0,1.0
1630679426058,1.0,1.0,1.0,1.0
1630679426152,1.0,1.0,1.0,1.0
1630679426215,1.0,1.0,1.0,1.0
1630679426324,1.0,1.0,1.0,1.0
1630679426402,1.0,1.0,1.0,1.0
1630679426752,1.0,1.0,1.0,1.0
1630679426877,1.0,1.0,1.0,1.0
1630679426955,1.0,1.0,1.0,1.0
1630679427080,1.0,1.0,1.0,1.0
1630679427158,1.0,1.0,1.0,1.0
1630679427236,1.0,1.0,1.0,1.0
1630679427471,1.0,1.0,1.0,1.0
1630679427533,1.0,1.0,1.0,1.0
1630679427708,1.0,1.0,1.0,1.0
1630679427786,1.0,1.0,1.0,1.0
1630679427848,1.0,1.0,1.0,1.0
1630679427895,1.0,1.0,1.0,1.0
1630679427989,1.0,1.0,1.0,1.0
1630679428192,1.0,1.0,1.0,1.0
1630679428255,1.0,1.0,1.0,1.0
1630679428286,2.0,1.0,1.0,2.0
1630679428317,1.0,1.0,1.0,1.0
1630679428349,1.0,1.0,1.0,1.0
1630679428395,1.0,1.0,1.0,1.0
1630679428489,1.0,1.0,1.0,1.0
1630679428614,1.0,1.0,1.0,1.0
1630679428692,1.0,1.0,1.0,1.0
1630679428883,1.0,1.0,1.0,1.0
1630679428914,1.0,1.0,1.0,1.0
1630679428977,1.0,1.0,1.0,1.0
1630679429133,1.0,1.0,1.0,1.0
1630679429258,1.0,1.0,1.0,1.0
1630679429273,1.0,1.0,1.0,1.0
1630679429352,1.0,1.0,1.0,1.0
1630679429492,1.0,1.0,1.0,1.0
1630679429586,1.0,1.0,1.0,1.0
1630679429680,1.0,1.0,1.0,1.0
1630679429789,1.0,1.0,1.0,1.0
1630679429945,1.0,1.0,1.0,1.0
1630679429976,1.0,1.0,1.0,1.0
1630679430117,1.0,1.0,1.0,1.0
1630679430211,1.0,1.0,1.0,1.0
1630679430351,1.0,1.0,1.0,1.0
1630679430414,1.0,1.0,1.0,1.0
1630679430508,1.0,1.0,1.0,1.0
1630679430574,1.0,1.0,1.0,1.0
1630679430683,1.0,1.0,1.0,1.0
1630679430855,1.0,1.0,1.0,1.0
1630679430980,1.0,1.0,1.0,1.0
1630679431011,1.0,1.0,1.0,1.0
1630679431152,1.0,1.0,1.0,1.0
1630679431214,1.0,1.0,1.0,1.0
1630679431277,1.0,1.0,1.0,1.0
1630679431449,1.0,1.0,1.0,1.0
1630679431511,1.0,1.0,1.0,1.0
1630679431624,1.0,1.0,1.0,1.0
1630679431718,1.0,1.0,1.0,1.0
1630679431780,1.0,1.0,1.0,1.0
1630679431905,1.0,1.0,1.0,1.0
1630679432108,1.0,1.0,1.0,1.0
1630679432139,1.0,1.0,1.0,1.0
1630679432295,1.0,1.0,1.0,1.0
1630679432467,1.0,1.0,1.0,1.0
1630679432499,1.0,1.0,1.0,1.0
1630679432579,1.0,1.0,1.0,1.0
1630679432720,1.0,1.0,1.0,1.0
1630679432829,1.0,1.0,1.0,1.0
1630679432876,1.0,1.0,1.0,1.0
1630679433048,2.0,1.0,1.0,2.0
1630679433079,1.0,1.0,1.0,1.0
1630679433173,1.0,1.0,1.0,1.0
1630679433345,1.0,1.0,1.0,1.0
1630679433376,1.0,1.0,1.0,1.0
1630679433548,1.0,1.0,1.0,1.0
1630679433641,1.0,1.0,1.0,1.0
1630679433657,1.0,1.0,1.0,1.0
1630679433782,1.0,1.0,1.0,1.0
1630679433985,1.0,1.0,1.0,1.0
1630679434063,1.0,1.0,1.0,1.0
1630679434126,1.0,1.0,1.0,1.0
1630679434188,1.0,1.0,1.0,1.0
1630679434250,1.0,1.0,1.0,1.0
1630679434438,1.0,1.0,1.0,1.0
1630679434532,1.0,1.0,1.0,1.0
1630679434646,1.0,1.0,1.0,1.0
1630679434693,1.0,1.0,1.0,1.0
1630679434802,1.0,1.0,1.0,1.0
1630679434958,1.0,1.0,1.0,1.0
1630679434974,1.0,1.0,1.0,1.0
1630679435146,1.0,1.0,1.0,1.0
1630679435271,1.0,1.0,1.0,1.0
1630679435333,1.0,1.0,1.0,1.0
1630679435427,1.0,1.0,1.0,1.0
1630679435536,1.0,1.0,1.0,1.0
1630679435567,1.0,1.0,1.0,1.0
1630679435773,1.0,1.0,1.0,1.0
1630679435898,1.0,1.0,1.0,1.0
1630679435913,1.0,1.0,1.0,1.0
1630679436101,1.0,1.0,1.0,1.0
1630679436163,1.0,1.0,1.0,1.0
1630679436163,1.0,1.0,1.0,1.0
1630679436507,1.0,1.0,1.0,1.0
1630679436665,1.0,1.0,1.0,1.0
1630679436806,1.0,1.0,1.0,1.0
1630679436806,1.0,1.0,1.0,1.0
1630679436821,1.0,1.0,1.0,1.0
1630679436993,1.0,1.0,1.0,1.0
1630679437259,1.0,1.0,1.0,1.0
1630679437322,1.0,1.0,1.0,1.0
1630679437353,1.0,1.0,1.0,1.0
1630679437415,1.0,1.0,1.0,1.0
1630679437431,1.0,1.0,1.0,1.0
1630679437493,1.0,1.0,1.0,1.0
1630679437587,1.0,1.0,1.0,1.0
1630679437651,1.0,1.0,1.0,1.0
1630679437714,1.0,1.0,1.0,1.0
1630679437823,1.0,1.0,1.0,1.0
1630679437917,1.0,1.0,1.0,1.0
1630679438026,1.0,1.0,1.0,1.0
1630679438245,2.0,1.0,1.0,2.0
1630679438260,2.0,1.0,1.0,2.0
1630679438354,2.0,1.0,1.0,2.0
1630679438451,2.0,1.0,1.0,2.0
1630679438576,2.0,1.0,1.0,2.0
1630679438623,2.0,1.0,1.0,2.0
1630679438748,2.0,1.0,1.0,2.0
1630679438873,2.0,1.0,1.0,2.0
1630679439013,2.0,1.0,1.0,2.0
1630679439138,2.0,1.0,1.0,2.0
1630679439169,2.0,1.0,1.0,2.0
1630679439232,2.0,1.0,1.0,2.0
1630679439357,2.0,1.0,1.0,2.0
1630679439435,2.0,1.0,1.0,2.0
1630679439543,2.0,1.0,1.0,2.0
1630679439652,2.0,1.0,1.0,2.0
1630679439746,2.0,1.0,1.0,2.0
1630679439855,2.0,1.0,1.0,2.0
1630679440011,2.0,1.0,1.0,2.0
1630679440090,2.0,1.0,1.0,2.0
1630679440152,2.0,1.0,1.0,2.0
1630679440308,2.0,1.0,1.0,2.0
1630679440324,2.0,1.0,1.0,2.0
1630679440433,2.0,1.0,1.0,2.0
1630679440607,2.0,1.0,1.0,2.0
1630679440670,2.0,1.0,1.0,2.0
1630679440779,2.0,1.0,1.0,2.0
1630679440935,2.0,1.0,1.0,2.0
1630679440966,2.0,1.0,1.0,2.0
1630679441029,2.0,1.0,1.0,2.0
1630679441201,2.0,1.0,1.0,2.0
1630679441263,2.0,1.0,1.0,2.0
1630679441357,2.0,1.0,1.0,2.0
1630679441466,2.0,1.0,1.0,2.0
1630679441609,2.0,1.0,1.0,2.0
1630679441703,2.0,1.0,1.0,2.0
1630679441813,2.0,1.0,1.0,2.0
1630679442016,2.0,1.0,1.0,2.0
1630679442172,2.0,1.0,1.0,2.0
1630679442235,2.0,1.0,1.0,2.0
1630679442297,2.0,1.0,1.0,2.0
1630679442422,2.0,1.0,1.0,2.0
1630679442597,2.0,1.0,1.0,2.0
1630679442643,2.0,1.0,1.0,2.0
1630679442674,2.0,1.0,1.0,2.0
1630679442831,2.0,1.0,1.0,2.0
1630679442909,2.0,1.0,1.0,2.0
1630679443237,2.0,1.0,1.0,2.0
1630679443331,2.0,1.0,1.0,2.0
1630679443377,2.0,1.0,1.0,2.0
1630679443664,2.0,1.0,1.0,2.0
1630679443867,2.0,1.0,1.0,2.0
1630679443914,2.0,1.0,1.0,2.0
1630679443929,2.0,1.0,1.0,2.0
1630679444226,2.0,1.0,1.0,2.0
1630679444367,2.0,1.0,1.0,2.0
1630679444429,2.0,1.0,1.0,2.0
1630679444445,2.0,1.0,1.0,2.0
1630679444491,1.0,1.0,1.0,1.0
1630679444523,1.0,1.0,1.0,1.0
1630679444617,1.0,1.0,1.0,1.0
1630679444619,1.0,1.0,1.0,1.0
1630679444713,1.0,1.0,1.0,1.0
1630679444807,1.0,1.0,1.0,1.0
1630679444916,1.0,1.0,1.0,1.0
1630679444994,1.0,1.0,1.0,1.0
1630679445244,1.0,1.0,1.0,1.0
1630679445416,1.0,1.0,1.0,1.0
1630679445588,1.0,1.0,1.0,1.0
1630679445588,1.0,1.0,1.0,1.0
1630679445684,1.0,1.0,1.0,1.0
1630679445856,1.0,1.0,1.0,1.0
1630679445918,1.0,1.0,1.0,1.0
1630679446058,1.0,1.0,1.0,1.0
1630679446105,1.0,1.0,1.0,1.0
1630679446214,1.0,1.0,1.0,1.0
1630679446418,1.0,1.0,1.0,1.0
1630679446418,1.0,1.0,1.0,1.0
1630679446449,1.0,1.0,1.0,1.0
1630679446527,1.0,1.0,1.0,1.0
1630679446605,1.0,1.0,1.0,1.0
1630679446652,1.0,1.0,1.0,1.0
1630679446686,1.0,1.0,1.0,1.0
1630679446701,1.0,1.0,1.0,1.0
1630679446889,1.0,1.0,1.0,1.0
1630679446920,1.0,1.0,1.0,1.0
1630679446951,1.0,1.0,1.0,1.0
1630679446983,1.0,1.0,1.0,1.0
1630679447092,1.0,1.0,1.0,1.0
1630679447154,1.0,1.0,1.0,1.0
1630679447279,1.0,1.0,1.0,1.0
1630679447486,1.0,1.0,1.0,1.0
1630679447548,1.0,1.0,1.0,1.0
1630679447642,1.0,1.0,1.0,1.0
1630679447723,1.0,1.0,1.0,1.0
1630679447786,1.0,1.0,1.0,1.0
1630679447911,1.0,1.0,1.0,1.0
1630679448020,1.0,1.0,1.0,1.0
1630679448082,1.0,1.0,1.0,1.0
1630679448332,1.0,1.0,1.0,1.0
1630679448426,1.0,1.0,1.0,1.0
1630679448426,1.0,1.0,1.0,1.0
1630679448551,1.0,1.0,1.0,1.0
1630679448660,1.0,1.0,1.0,1.0
1630679448926,1.0,1.0,1.0,1.0
1630679448926,1.0,1.0,1.0,1.0
1630679448989,1.0,1.0,1.0,1.0
1630679449082,1.0,1.0,1.0,1.0
1630679449160,1.0,1.0,1.0,1.0
1630679449223,1.0,1.0,1.0,1.0
1630679449364,1.0,1.0,1.0,1.0
1630679449395,1.0,1.0,1.0,1.0
1630679449523,1.0,1.0,1.0,1.0
1630679449601,1.0,1.0,1.0,1.0
1630679449835,1.0,1.0,1.0,1.0
1630679449991,1.0,1.0,1.0,1.0
1630679450007,1.0,1.0,1.0,1.0
1630679450069,1.0,1.0,1.0,1.0
1630679450101,1.0,1.0,1.0,1.0
1630679450194,1.0,1.0,1.0,1.0
1630679450304,1.0,1.0,1.0,1.0
1630679450433,2.0,1.0,1.0,2.0
1630679450560,2.0,1.0,1.0,2.0
1630679450607,2.0,1.0,1.0,2.0
1630679450794,2.0,1.0,1.0,2.0
1630679450903,2.0,1.0,1.0,2.0
1630679451044,2.0,1.0,1.0,2.0
1630679451107,2.0,1.0,1.0,2.0
1630679451138,2.0,1.0,1.0,2.0
1630679451232,2.0,1.0,1.0,2.0
1630679451341,2.0,1.0,1.0,2.0
1630679451403,2.0,1.0,1.0,2.0
1630679451579,2.0,1.0,1.0,2.0
1630679451673,2.0,1.0,1.0,2.0
1630679451736,2.0,1.0,1.0,2.0
1630679451829,2.0,1.0,1.0,2.0
1630679451939,2.0,1.0,1.0,2.0
1630679452048,2.0,1.0,1.0,2.0
1630679452173,2.0,1.0,1.0,2.0
1630679452298,2.0,1.0,1.0,2.0
1630679452376,2.0,1.0,1.0,2.0
1630679452501,2.0,1.0,1.0,2.0
1630679452532,2.0,1.0,1.0,2.0
1630679452644,2.0,1.0,1.0,2.0
1630679452769,2.0,1.0,1.0,2.0
1630679452894,2.0,1.0,1.0,2.0
1630679452972,2.0,1.0,1.0,2.0
1630679453067,2.0,1.0,1.0,2.0
1630679453176,2.0,1.0,1.0,2.0
1630679453270,2.0,1.0,1.0,2.0
1630679453379,2.0,1.0,1.0,2.0
1630679453473,2.0,1.0,1.0,2.0
1630679453567,2.0,1.0,1.0,2.0
1630679453757,2.0,1.0,1.0,2.0
1630679453851,2.0,1.0,1.0,2.0
1630679453929,2.0,1.0,1.0,2.0
1630679454086,2.0,1.0,1.0,2.0
1630679454086,2.0,1.0,1.0,2.0
1630679454163,2.0,1.0,1.0,2.0
1630679454273,2.0,1.0,1.0,2.0
1630679454351,2.0,1.0,1.0,2.0
1630679454509,2.0,1.0,1.0,2.0
1630679454603,2.0,1.0,1.0,2.0
1630679454759,2.0,1.0,1.0,2.0
1630679454869,2.0,1.0,1.0,2.0
1630679454916,2.0,1.0,1.0,2.0
1630679455009,2.0,1.0,1.0,2.0
1630679455103,2.0,1.0,1.0,2.0
1630679455244,2.0,1.0,1.0,2.0
1630679455291,2.0,1.0,1.0,2.0
1630679455384,2.0,1.0,1.0,2.0
1630679455559,2.0,1.0,1.0,2.0
1630679455652,2.0,1.0,1.0,2.0
1630679455699,2.0,1.0,1.0,2.0
1630679455824,2.0,1.0,1.0,2.0
1630679456012,2.0,1.0,1.0,2.0
1630679456027,2.0,1.0,1.0,2.0
1630679456074,2.0,1.0,1.0,2.0
1630679456262,2.0,1.0,1.0,2.0
1630679456293,2.0,1.0,1.0,2.0
1630679456433,2.0,1.0,1.0,2.0
1630679456625,2.0,1.0,1.0,2.0
1630679456672,2.0,1.0,1.0,2.0
1630679456750,2.0,1.0,1.0,2.0
1630679456796,2.0,1.0,1.0,2.0
1630679456953,2.0,1.0,1.0,2.0
1630679457125,2.0,1.0,1.0,2.0
1630679457187,2.0,1.0,1.0,2.0
1630679457218,2.0,1.0,1.0,2.0
1630679457374,2.0,1.0,1.0,2.0
1630679457468,2.0,1.0,1.0,2.0
1630679457504,2.0,1.0,1.0,2.0
1630679457692,2.0,1.0,1.0,2.0
1630679457754,2.0,1.0,1.0,2.0
1630679457848,2.0,1.0,1.0,2.0
1630679457942,2.0,1.0,1.0,2.0
1630679458051,2.0,1.0,1.0,2.0
1630679458129,2.0,1.0,1.0,2.0
1630679458317,2.0,1.0,1.0,2.0
1630679458332,2.0,1.0,1.0,2.0
1630679458442,2.0,1.0,1.0,2.0
1630679458584,2.0,1.0,1.0,2.0
1630679458678,2.0,1.0,1.0,2.0
1630679458709,2.0,1.0,1.0,2.0
1630679458866,2.0,1.0,1.0,2.0
1630679458975,2.0,1.0,1.0,2.0
1630679459084,2.0,1.0,1.0,2.0
1630679459209,2.0,1.0,1.0,2.0
1630679459225,2.0,1.0,1.0,2.0
1630679459428,2.0,1.0,1.0,2.0
1630679459475,2.0,1.0,1.0,2.0
1630679459696,2.0,1.0,1.0,2.0
1630679459712,1.0,1.0,1.0,2.0
1630679459759,1.0,1.0,1.0,2.0
1630679459853,1.0,1.0,1.0,2.0
1630679459931,1.0,1.0,1.0,2.0
1630679460087,1.0,1.0,1.0,2.0
1630679460243,1.0,1.0,1.0,2.0
1630679460274,1.0,1.0,1.0,2.0
1630679460399,1.0,1.0,1.0,2.0
1630679460431,1.0,1.0,1.0,2.0
1630679460576,1.0,1.0,1.0,2.0
1630679460705,1.0,1.0,1.0,2.0
1630679460815,1.0,1.0,1.0,2.0
1630679460939,1.0,1.0,1.0,2.0
1630679461002,1.0,1.0,1.0,2.0
1630679461064,1.0,1.0,1.0,2.0
1630679461205,1.0,1.0,1.0,2.0
1630679461345,1.0,1.0,1.0,2.0
1630679461408,1.0,1.0,1.0,2.0
1630679461502,1.0,1.0,1.0,2.0
1630679461580,1.0,1.0,1.0,2.0
1630679461677,1.0,1.0,1.0,2.0
1630679461771,1.0,1.0,1.0,2.0
1630679461943,1.0,1.0,1.0,2.0
1630679462037,1.0,1.0,1.0,2.0
1630679462115,1.0,1.0,1.0,2.0
1630679462208,1.0,1.0,1.0,2.0
1630679462271,1.0,1.0,1.0,2.0
1630679462443,1.0,1.0,1.0,1.0
1630679462572,1.0,1.0,1.0,2.0
1630679462633,1.0,1.0,1.0,2.0
1630679462696,2.0,1.0,1.0,2.0
1630679462805,2.0,1.0,1.0,2.0
1630679462901,2.0,1.0,1.0,2.0
1630679462962,2.0,1.0,1.0,2.0
1630679463196,2.0,1.0,1.0,2.0
1630679463226,2.0,1.0,1.0,2.0
1630679463325,2.0,1.0,1.0,2.0
1630679463434,2.0,1.0,1.0,2.0
1630679463512,2.0,1.0,1.0,2.0
1630679463636,2.0,1.0,1.0,2.0
1630679463820,2.0,1.0,1.0,2.0
1630679463895,2.0,1.0,1.0,2.0
1630679463973,2.0,1.0,1.0,2.0
1630679464019,2.0,1.0,1.0,2.0
1630679464116,2.0,1.0,1.0,2.0
1630679464239,2.0,1.0,1.0,2.0
1630679464351,2.0,1.0,1.0,2.0
1630679464444,2.0,1.0,1.0,2.0
1630679464551,2.0,1.0,1.0,2.0
1630679464723,2.0,1.0,1.0,2.0
1630679464751,2.0,1.0,1.0,2.0
1630679464846,2.0,1.0,1.0,2.0
1630679464985,2.0,1.0,1.0,2.0
1630679465082,2.0,1.0,1.0,2.0
1630679465144,2.0,1.0,1.0,2.0
1630679465378,2.0,1.0,1.0,2.0
1630679465409,2.0,1.0,1.0,2.0
1630679465449,2.0,1.0,1.0,2.0
1630679465581,2.0,1.0,1.0,2.0
1630679465722,2.0,1.0,1.0,2.0
1630679465751,2.0,1.0,1.0,2.0
1630679465845,2.0,1.0,1.0,2.0
1630679465986,2.0,1.0,1.0,2.0
1630679466046,2.0,1.0,1.0,2.0
1630679466221,2.0,1.0,1.0,2.0
1630679466320,2.0,1.0,1.0,2.0
1630679466415,2.0,1.0,1.0,2.0
1630679466480,2.0,1.0,1.0,2.0
1630679466541,2.0,1.0,1.0,2.0
1630679466671,2.0,1.0,1.0,2.0
1630679466764,2.0,1.0,1.0,2.0
1630679466889,2.0,1.0,1.0,2.0
1630679467075,2.0,1.0,1.0,2.0
1630679467106,2.0,1.0,1.0,2.0
1630679467168,2.0,1.0,1.0,2.0
1630679467262,2.0,1.0,1.0,2.0
1630679467391,2.0,1.0,1.0,2.0
1630679467502,2.0,1.0,1.0,2.0
1630679467579,2.0,1.0,1.0,2.0
1630679467673,2.0,1.0,1.0,2.0
1630679467767,2.0,1.0,1.0,2.0
1630679467907,2.0,1.0,1.0,2.0
1630679468024,2.0,1.0,1.0,2.0
1630679468102,2.0,1.0,1.0,2.0
1630679468180,2.0,1.0,1.0,2.0
1630679468305,2.0,1.0,1.0,2.0
1630679468368,2.0,1.0,1.0,2.0
1630679468477,2.0,1.0,1.0,2.0
1630679468635,2.0,1.0,1.0,2.0
1630679468742,2.0,1.0,1.0,2.0
1630679468870,2.0,1.0,1.0,2.0
1630679468901,2.0,1.0,1.0,2.0
1630679469010,2.0,1.0,1.0,2.0
1630679469076,2.0,1.0,1.0,2.0
1630679469206,2.0,1.0,1.0,2.0
1630679469315,2.0,1.0,1.0,2.0
1630679469438,2.0,1.0,1.0,2.0
1630679469547,2.0,1.0,1.0,2.0
1630679469610,2.0,1.0,1.0,2.0
1630679469706,2.0,1.0,1.0,2.0
1630679469894,2.0,1.0,1.0,2.0
1630679470002,2.0,1.0,1.0,2.0
1630679470034,2.0,1.0,1.0,2.0
1630679470095,2.0,1.0,1.0,2.0
1630679470301,2.0,1.0,1.0,2.0
1630679470323,2.0,1.0,1.0,2.0
1630679470428,2.0,1.0,1.0,2.0
1630679470535,2.0,1.0,1.0,2.0
1630679470628,2.0,1.0,1.0,2.0
1630679470691,2.0,1.0,1.0,2.0
1630679470867,2.0,1.0,1.0,2.0
1630679470939,2.0,1.0,1.0,2.0
1630679471032,2.0,1.0,1.0,2.0
1630679471126,2.0,1.0,1.0,2.0
1630679471237,2.0,1.0,1.0,2.0
1630679471409,2.0,1.0,1.0,2.0
1630679471502,2.0,1.0,1.0,2.0
1630679471503,2.0,1.0,1.0,2.0
1630679471664,2.0,1.0,1.0,2.0
1630679471769,2.0,1.0,1.0,2.0
1630679471877,2.0,1.0,1.0,2.0
1630679471908,2.0,1.0,1.0,2.0
1630679472018,2.0,1.0,1.0,2.0
1630679472187,2.0,1.0,1.0,2.0
1630679472281,2.0,1.0,1.0,2.0
1630679472374,2.0,1.0,1.0,2.0
1630679472451,2.0,1.0,1.0,2.0
1630679472578,2.0,1.0,1.0,2.0
1630679472610,2.0,1.0,1.0,2.0
1630679472728,2.0,1.0,1.0,2.0
1630679472876,2.0,1.0,1.0,2.0
1630679472982,2.0,1.0,1.0,2.0
1630679473046,2.0,1.0,1.0,2.0
1630679473176,2.0,1.0,1.0,2.0
1630679473254,2.0,1.0,1.0,2.0
1630679473410,2.0,1.0,1.0,2.0
1630679473520,2.0,1.0,1.0,2.0
1630679473600,2.0,1.0,1.0,2.0
1630679473675,2.0,1.0,1.0,2.0
1630679473784,2.0,1.0,1.0,2.0
1630679473926,2.0,1.0,1.0,2.0
1630679473959,2.0,1.0,1.0,2.0
1630679474185,2.0,1.0,1.0,2.0
1630679474248,2.0,1.0,1.0,2.0
1630679474280,2.0,1.0,1.0,2.0
1630679474435,2.0,1.0,1.0,2.0
1630679474493,1.0,1.0,1.0,2.0
1630679474574,1.0,1.0,1.0,2.0
1630679474702,1.0,1.0,1.0,2.0
1630679474796,1.0,1.0,1.0,2.0
1630679475039,1.0,1.0,1.0,2.0
1630679475126,1.0,1.0,1.0,2.0
1630679475204,1.0,1.0,1.0,2.0
1630679475313,1.0,1.0,1.0,2.0
1630679475360,1.0,1.0,1.0,2.0
1630679475407,1.0,1.0,1.0,2.0
1630679475578,1.0,1.0,1.0,2.0
1630679475613,1.0,1.0,1.0,2.0
1630679475706,1.0,1.0,1.0,2.0
1630679475831,1.0,1.0,1.0,2.0
1630679475972,1.0,1.0,1.0,2.0
1630679476035,1.0,1.0,1.0,2.0
1630679476175,1.0,1.0,1.0,2.0
1630679476206,1.0,1.0,1.0,2.0
1630679476300,1.0,1.0,1.0,2.0
1630679476409,1.0,1.0,1.0,1.0
1630679476534,1.0,1.0,1.0,2.0
1630679476678,1.0,1.0,1.0,1.0
1630679476772,1.0,1.0,1.0,1.0
1630679476866,1.0,1.0,1.0,1.0
1630679476928,2.0,1.0,1.0,2.0
1630679477006,2.0,1.0,1.0,2.0
1630679477178,2.0,1.0,1.0,2.0
1630679477240,2.0,1.0,1.0,2.0
1630679477428,2.0,1.0,1.0,2.0
1630679477481,2.0,1.0,1.0,2.0
1630679477512,2.0,1.0,1.0,2.0
1630679477591,2.0,1.0,1.0,2.0
1630679477782,2.0,1.0,1.0,2.0
1630679477891,2.0,1.0,1.0,2.0
1630679477954,2.0,1.0,1.0,2.0
1630679478047,2.0,1.0,1.0,2.0
1630679478220,2.0,1.0,1.0,2.0
1630679478223,2.0,1.0,1.0,2.0
1630679478351,2.0,1.0,1.0,2.0
1630679478462,2.0,1.0,1.0,2.0
1630679478701,2.0,1.0,1.0,2.0
1630679478764,2.0,1.0,1.0,2.0
1630679478889,2.0,1.0,1.0,2.0
1630679478889,2.0,1.0,1.0,2.0
1630679478982,2.0,1.0,1.0,2.0
1630679479154,2.0,1.0,1.0,2.0
1630679479185,2.0,1.0,1.0,2.0
1630679479263,4.0,1.0,1.0,2.0
1630679479357,4.0,1.0,1.0,2.0
1630679479498,4.0,1.0,1.0,4.0
1630679479594,4.0,1.0,1.0,4.0
1630679479687,4.0,1.0,1.0,4.0
1630679479828,4.0,1.0,1.0,4.0
1630679479844,4.0,1.0,1.0,4.0
1630679480000,4.0,1.0,1.0,4.0
1630679480047,4.0,1.0,1.0,4.0
1630679480172,4.0,1.0,1.0,4.0
1630679480281,2.0,1.0,1.0,4.0
1630679480406,2.0,1.0,1.0,2.0
1630679480500,2.0,1.0,1.0,4.0
1630679480566,2.0,1.0,1.0,4.0
1630679480676,2.0,1.0,1.0,4.0
1630679480801,2.0,1.0,1.0,4.0
1630679480911,2.0,1.0,1.0,4.0
1630679481004,2.0,4.0,1.0,4.0
1630679481098,4.0,4.0,1.0,4.0
1630679481176,4.0,4.0,1.0,4.0
1630679481254,4.0,4.0,1.0,4.0
1630679481379,4.0,4.0,1.0,4.0
1630679481489,4.0,2.0,1.0,4.0
1630679481582,4.0,2.0,1.0,4.0
1630679481712,4.0,2.0,1.0,4.0
1630679481759,4.0,4.0,1.0,4.0
1630679481884,4.0,4.0,1.0,4.0
1630679482025,4.0,1.0,1.0,4.0
1630679482134,4.0,4.0,1.0,4.0
1630679482228,4.0,4.0,1.0,4.0
1630679482353,4.0,1.0,1.0,4.0
1630679482384,4.0,1.0,1.0,4.0
1630679482525,4.0,1.0,1.0,4.0
1630679482618,4.0,4.0,1.0,4.0
1630679482749,4.0,4.0,1.0,4.0
1630679482843,4.0,4.0,1.0,4.0
1630679482921,4.0,4.0,1.0,4.0
1630679482999,4.0,4.0,1.0,4.0
1630679483155,4.0,4.0,1.0,4.0
1630679483249,4.0,1.0,1.0,4.0
1630679483358,4.0,4.0,1.0,4.0
1630679483421,4.0,4.0,1.0,4.0
1630679483515,4.0,4.0,1.0,2.0
1630679483624,4.0,2.0,1.0,4.0
1630679483751,4.0,2.0,1.0,4.0
1630679483860,2.0,2.0,1.0,4.0
1630679483954,2.0,2.0,1.0,4.0
1630679484047,2.0,1.0,1.0,4.0
1630679484188,4.0,1.0,1.0,4.0
1630679484219,4.0,1.0,1.0,4.0
1630679484329,4.0,1.0,1.0,4.0
1630679484688,4.0,1.0,1.0,4.0
1630679484720,4.0,1.0,1.0,4.0
1630679484752,4.0,1.0,1.0,2.0
1630679484815,4.0,1.0,1.0,2.0
1630679484877,4.0,1.0,1.0,2.0
1630679484924,4.0,1.0,1.0,4.0
1630679485080,4.0,1.0,1.0,4.0
1630679485219,4.0,1.0,1.0,4.0
1630679485281,4.0,1.0,1.0,4.0
1630679485344,4.0,1.0,1.0,4.0
1630679485503,4.0,1.0,1.0,4.0
1630679485535,4.0,1.0,1.0,4.0
1630679485675,4.0,1.0,1.0,4.0
1630679485800,4.0,1.0,1.0,4.0
1630679485878,4.0,1.0,1.0,4.0
1630679485972,4.0,1.0,1.0,4.0
1630679486113,4.0,1.0,1.0,4.0
1630679486175,4.0,1.0,1.0,4.0
1630679486300,4.0,1.0,1.0,4.0
1630679486394,4.0,1.0,1.0,4.0
1630679486472,4.0,1.0,1.0,4.0
1630679486601,2.0,1.0,1.0,4.0
1630679486648,2.0,1.0,1.0,4.0
1630679486741,2.0,1.0,1.0,2.0
1630679486976,2.0,1.0,1.0,2.0
1630679486991,2.0,1.0,1.0,2.0
1630679487069,2.0,1.0,1.0,4.0
1630679487210,2.0,1.0,1.0,4.0
1630679487335,2.0,1.0,1.0,4.0
1630679487397,2.0,1.0,1.0,4.0
1630679487491,2.0,1.0,1.0,4.0
1630679487601,2.0,1.0,1.0,2.0
1630679487794,2.0,1.0,1.0,2.0
1630679487841,2.0,1.0,1.0,2.0
1630679487904,2.0,1.0,1.0,2.0
1630679488028,2.0,1.0,1.0,2.0
1630679488200,2.0,1.0,1.0,2.0
1630679488325,2.0,1.0,1.0,2.0
1630679488453,2.0,1.0,1.0,2.0
1630679488516,2.0,1.0,1.0,2.0
1630679488532,2.0,1.0,1.0,2.0
1630679488594,2.0,1.0,1.0,2.0
1630679488797,2.0,1.0,1.0,2.0
1630679488875,2.0,1.0,1.0,2.0
1630679488891,2.0,1.0,1.0,2.0
1630679489047,2.0,1.0,1.0,2.0
1630679489110,2.0,1.0,1.0,2.0
1630679489235,2.0,1.0,1.0,2.0
1630679489329,2.0,1.0,1.0,2.0
1630679489422,2.0,1.0,1.0,2.0
1630679489552,2.0,1.0,1.0,2.0
1630679489583,2.0,1.0,1.0,2.0
1630679489755,2.0,1.0,1.0,2.0
1630679489848,2.0,1.0,1.0,2.0
1630679490021,2.0,1.0,1.0,2.0
1630679490052,2.0,1.0,1.0,2.0
1630679490146,2.0,1.0,1.0,2.0
1630679490208,2.0,1.0,1.0,2.0
1630679490318,2.0,1.0,1.0,2.0
1630679490427,2.0,1.0,1.0,2.0
1630679490586,2.0,1.0,1.0,2.0
1630679490617,2.0,1.0,1.0,2.0
1630679490789,2.0,1.0,1.0,2.0
1630679490820,2.0,1.0,1.0,2.0
1630679490929,2.0,1.0,1.0,2.0
1630679491054,2.0,1.0,1.0,2.0
1630679491186,2.0,1.0,1.0,2.0
1630679491343,2.0,1.0,1.0,2.0
1630679491389,2.0,1.0,1.0,2.0
1630679491452,2.0,1.0,1.0,2.0
1630679491560,2.0,1.0,1.0,2.0
1630679491607,2.0,1.0,1.0,2.0
1630679491783,2.0,1.0,1.0,2.0
1630679491910,2.0,1.0,1.0,2.0
1630679491984,2.0,1.0,1.0,2.0
1630679492076,2.0,1.0,1.0,2.0
1630679492141,2.0,1.0,1.0,2.0
1630679492287,2.0,1.0,1.0,2.0
1630679492407,2.0,1.0,1.0,2.0
1630679492485,2.0,1.0,1.0,2.0
1630679492594,2.0,1.0,1.0,2.0
1630679492676,2.0,1.0,1.0,2.0
1630679492785,2.0,1.0,1.0,2.0
1630679492863,2.0,1.0,1.0,2.0
1630679493020,2.0,1.0,1.0,2.0
1630679493082,2.0,1.0,1.0,2.0
1630679493190,2.0,1.0,1.0,2.0
1630679493313,2.0,1.0,1.0,4.0
1630679493344,2.0,1.0,1.0,4.0
1630679493454,2.0,1.0,1.0,4.0
1630679493644,2.0,1.0,1.0,4.0
1630679493657,2.0,1.0,1.0,4.0
1630679493756,2.0,1.0,1.0,4.0
1630679493897,2.0,1.0,1.0,4.0
1630679493959,2.0,1.0,1.0,4.0
1630679494053,2.0,1.0,1.0,2.0
1630679494193,2.0,1.0,1.0,2.0
1630679494302,2.0,1.0,1.0,4.0
1630679494411,2.0,1.0,1.0,2.0
1630679494539,2.0,1.0,1.0,4.0
1630679494633,2.0,1.0,1.0,2.0
1630679494664,2.0,1.0,1.0,4.0
1630679494836,2.0,1.0,1.0,2.0
1630679494898,2.0,1.0,1.0,2.0
1630679495071,2.0,1.0,1.0,2.0
1630679495226,2.0,1.0,1.0,2.0
1630679495242,2.0,1.0,1.0,2.0
1630679495258,2.0,1.0,1.0,2.0
1630679495430,2.0,1.0,1.0,2.0
1630679495509,2.0,1.0,1.0,2.0
1630679495604,2.0,1.0,1.0,2.0
1630679495744,2.0,1.0,1.0,2.0
1630679495791,2.0,1.0,1.0,2.0
1630679495900,2.0,1.0,1.0,2.0
1630679496041,2.0,1.0,1.0,2.0
1630679496197,2.0,1.0,1.0,2.0
1630679496197,2.0,1.0,1.0,2.0
1630679496353,2.0,1.0,1.0,2.0
1630679496416,2.0,1.0,1.0,2.0
1630679496479,2.0,1.0,1.0,2.0
1630679496715,2.0,1.0,1.0,2.0
1630679496731,2.0,1.0,1.0,2.0
1630679496824,2.0,1.0,1.0,2.0
1630679496934,2.0,1.0,1.0,2.0
1630679497074,2.0,1.0,1.0,2.0
1630679497106,2.0,1.0,1.0,2.0
1630679497262,2.0,1.0,1.0,2.0
1630679497404,2.0,1.0,1.0,2.0
1630679497467,2.0,1.0,1.0,2.0
1630679497563,2.0,1.0,1.0,2.0
1630679497641,2.0,1.0,1.0,2.0
1630679497798,2.0,1.0,1.0,2.0
1630679497876,2.0,1.0,1.0,2.0
1630679497970,2.0,1.0,1.0,2.0
1630679498063,2.0,1.0,1.0,2.0
1630679498157,2.0,1.0,1.0,2.0
1630679498266,2.0,1.0,1.0,2.0
1630679498391,2.0,1.0,1.0,2.0
1630679498532,2.0,1.0,1.0,2.0
1630679498641,2.0,1.0,1.0,2.0
1630679498704,2.0,1.0,1.0,2.0
1630679498766,2.0,1.0,1.0,2.0
1630679498876,2.0,1.0,1.0,2.0
1630679498970,2.0,1.0,1.0,2.0
1630679499063,2.0,1.0,1.0,2.0
1630679499172,2.0,1.0,1.0,2.0
1630679499282,2.0,1.0,1.0,2.0
1630679499391,2.0,1.0,1.0,2.0
1630679499438,2.0,1.0,1.0,2.0
1630679499626,2.0,1.0,1.0,2.0
1630679499766,2.0,1.0,1.0,2.0
1630679499813,2.0,1.0,1.0,2.0
1630679499891,2.0,1.0,1.0,2.0
1630679499969,2.0,1.0,1.0,2.0
1630679500113,2.0,1.0,1.0,2.0
1630679500145,2.0,1.0,1.0,2.0
1630679500410,2.0,1.0,1.0,2.0
1630679500426,2.0,1.0,1.0,2.0
1630679500488,2.0,1.0,1.0,2.0
1630679500582,2.0,1.0,1.0,2.0
1630679500693,2.0,1.0,1.0,2.0
1630679500818,2.0,1.0,1.0,2.0
1630679501037,2.0,1.0,1.0,2.0
1630679501052,2.0,4.0,1.0,2.0
1630679501161,2.0,1.0,1.0,2.0
1630679501177,2.0,1.0,1.0,2.0
1630679501318,2.0,1.0,1.0,2.0
1630679501396,2.0,1.0,1.0,2.0
1630679501521,2.0,4.0,1.0,2.0
1630679501614,2.0,1.0,1.0,2.0
1630679501755,2.0,1.0,1.0,2.0
1630679501818,2.0,1.0,1.0,2.0
1630679501911,2.0,4.0,1.0,2.0
1630679502021,2.0,4.0,1.0,2.0
1630679502115,2.0,4.0,1.0,2.0
1630679502224,2.0,1.0,1.0,2.0
1630679502318,2.0,4.0,1.0,2.0
1630679502493,2.0,4.0,1.0,2.0
1630679502555,2.0,1.0,1.0,2.0
1630679502649,2.0,1.0,1.0,2.0
1630679502758,2.0,1.0,1.0,2.0
1630679502852,2.0,1.0,1.0,2.0
1630679502946,2.0,4.0,1.0,2.0
1630679503008,2.0,1.0,1.0,2.0
1630679503117,2.0,4.0,1.0,2.0
1630679503258,2.0,4.0,1.0,2.0
1630679503383,2.0,1.0,1.0,2.0
1630679503532,2.0,1.0,1.0,2.0
1630679503547,2.0,4.0,1.0,2.0
1630679503673,2.0,4.0,1.0,2.0
1630679503751,2.0,1.0,1.0,2.0
1630679503844,2.0,4.0,1.0,2.0
1630679503954,2.0,4.0,1.0,2.0
1630679504078,2.0,4.0,1.0,2.0
1630679504157,2.0,1.0,1.0,2.0
1630679504284,2.0,4.0,1.0,2.0
1630679504315,2.0,1.0,1.0,2.0
1630679504409,2.0,1.0,1.0,2.0
1630679504584,2.0,1.0,1.0,2.0
1630679504647,2.0,4.0,1.0,2.0
1630679504787,2.0,4.0,1.0,2.0
1630679504881,2.0,4.0,1.0,2.0
1630679504944,2.0,1.0,1.0,2.0
1630679505069,2.0,4.0,1.0,2.0
1630679505162,2.0,1.0,1.0,2.0
1630679505303,2.0,1.0,1.0,2.0
1630679505365,2.0,1.0,1.0,2.0
1630679505475,2.0,1.0,1.0,2.0
1630679505537,2.0,1.0,1.0,2.0
1630679505666,2.0,1.0,1.0,2.0
1630679505807,2.0,1.0,1.0,2.0
1630679505885,2.0,1.0,1.0,2.0
1630679505979,2.0,1.0,1.0,2.0
1630679506072,2.0,1.0,1.0,2.0
1630679506182,2.0,1.0,1.0,2.0
1630679506291,2.0,1.0,1.0,2.0
1630679506416,2.0,1.0,1.0,2.0
1630679506541,2.0,1.0,1.0,2.0
1630679506588,2.0,1.0,1.0,2.0
1630679506731,2.0,1.0,1.0,2.0
1630679506809,2.0,1.0,1.0,2.0
1630679506919,2.0,1.0,1.0,2.0
1630679507028,2.0,1.0,1.0,2.0
1630679507122,2.0,1.0,1.0,2.0
1630679507216,2.0,1.0,4.0,2.0
1630679507309,4.0,1.0,4.0,2.0
1630679507419,4.0,1.0,4.0,2.0
1630679507481,4.0,1.0,2.0,2.0
1630679507621,4.0,1.0,2.0,2.0
1630679507703,4.0,1.0,4.0,2.0
1630679507812,4.0,1.0,4.0,2.0
1630679507921,4.0,1.0,1.0,2.0
1630679507984,4.0,1.0,1.0,2.0
1630679508077,4.0,1.0,4.0,2.0
1630679508281,4.0,1.0,1.0,2.0
1630679508359,4.0,1.0,1.0,2.0
1630679508437,4.0,1.0,1.0,2.0
1630679508546,4.0,1.0,2.0,2.0
1630679508624,4.0,4.0,2.0,2.0
1630679508722,4.0,4.0,2.0,2.0
1630679508847,4.0,4.0,2.0,2.0
1630679508956,4.0,4.0,2.0,2.0
1630679509081,4.0,4.0,1.0,2.0
1630679509144,4.0,4.0,2.0,2.0
1630679509284,4.0,4.0,1.0,2.0
1630679509284,4.0,2.0,1.0,2.0
1630679509440,4.0,1.0,1.0,2.0
1630679509538,4.0,1.0,1.0,2.0
1630679509616,4.0,1.0,1.0,2.0
1630679509882,4.0,2.0,1.0,2.0
1630679509913,4.0,2.0,1.0,2.0
1630679509991,4.0,2.0,1.0,2.0
1630679510054,4.0,2.0,1.0,2.0
1630679510178,4.0,2.0,1.0,2.0
1630679510257,4.0,1.0,1.0,2.0
1630679510319,4.0,1.0,1.0,2.0
1630679510460,4.0,1.0,1.0,2.0
1630679510572,4.0,1.0,1.0,2.0
1630679510744,4.0,1.0,1.0,2.0
1630679510791,4.0,1.0,1.0,2.0
1630679510869,4.0,1.0,1.0,2.0
1630679510947,4.0,1.0,1.0,2.0
1630679511087,4.0,1.0,1.0,2.0
1630679511134,4.0,1.0,1.0,2.0
1630679511290,4.0,1.0,1.0,2.0
1630679511384,4.0,1.0,1.0,2.0
1630679511478,4.0,1.0,1.0,2.0
1630679511588,4.0,1.0,1.0,2.0
1630679511650,4.0,1.0,1.0,2.0
1630679511775,4.0,1.0,1.0,2.0
1630679511884,2.0,1.0,1.0,2.0
1630679512009,2.0,1.0,1.0,2.0
1630679512150,2.0,1.0,1.0,2.0
1630679512196,2.0,1.0,1.0,2.0
1630679512243,2.0,1.0,1.0,2.0
1630679512368,2.0,1.0,1.0,2.0
1630679512509,2.0,1.0,1.0,2.0
1630679512605,2.0,1.0,1.0,2.0
1630679512715,2.0,1.0,1.0,2.0
1630679512855,2.0,1.0,1.0,2.0
1630679512980,2.0,1.0,1.0,2.0
1630679513136,2.0,1.0,1.0,2.0
1630679513183,2.0,1.0,1.0,2.0
1630679513277,2.0,1.0,1.0,2.0
1630679513402,2.0,1.0,1.0,2.0
1630679513480,2.0,1.0,1.0,2.0
1630679513589,2.0,1.0,1.0,2.0
1630679513748,2.0,1.0,1.0,2.0
1630679513826,2.0,1.0,1.0,2.0
1630679513951,2.0,1.0,1.0,2.0
1630679514045,2.0,1.0,1.0,2.0
1630679514076,2.0,1.0,1.0,2.0
1630679514217,2.0,1.0,1.0,2.0
1630679514357,2.0,1.0,1.0,2.0
1630679514420,2.0,1.0,1.0,2.0
1630679514545,2.0,1.0,1.0,2.0
1630679514623,2.0,1.0,1.0,2.0
1630679514703,2.0,1.0,1.0,2.0
1630679514812,2.0,1.0,1.0,2.0
1630679514937,2.0,1.0,1.0,2.0
1630679515047,2.0,1.0,1.0,2.0
1630679515141,2.0,1.0,1.0,2.0
1630679515235,2.0,1.0,1.0,2.0
1630679515314,2.0,1.0,1.0,2.0
1630679515454,2.0,1.0,1.0,2.0
1630679515548,2.0,1.0,1.0,2.0
1630679515657,2.0,1.0,1.0,2.0
1630679515754,2.0,1.0,1.0,2.0
1630679515847,2.0,1.0,1.0,2.0
1630679515941,2.0,1.0,1.0,2.0
1630679516050,2.0,1.0,1.0,2.0
1630679516176,2.0,1.0,1.0,2.0
1630679516254,2.0,1.0,1.0,2.0
1630679516347,2.0,1.0,1.0,2.0
1630679516441,2.0,1.0,1.0,2.0
1630679516503,2.0,1.0,1.0,2.0
1630679516597,2.0,1.0,1.0,2.0
1630679516757,2.0,1.0,1.0,2.0
1630679516897,2.0,1.0,1.0,2.0
1630679516960,2.0,1.0,1.0,2.0
1630679517069,2.0,1.0,1.0,2.0
1630679517194,2.0,1.0,1.0,2.0
1630679517272,2.0,1.0,1.0,2.0
1630679517366,2.0,1.0,1.0,2.0
1630679517491,2.0,1.0,1.0,2.0
1630679517600,2.0,1.0,1.0,2.0
1630679517663,2.0,1.0,1.0,2.0
1630679517772,2.0,1.0,1.0,2.0
1630679517819,2.0,1.0,1.0,2.0
1630679518038,2.0,1.0,1.0,2.0
1630679518069,2.0,1.0,1.0,2.0
1630679518163,2.0,1.0,1.0,2.0
1630679518303,2.0,1.0,1.0,2.0
1630679518366,2.0,1.0,1.0,2.0
1630679518491,2.0,1.0,1.0,2.0
1630679518603,2.0,1.0,1.0,2.0
1630679518728,2.0,1.0,1.0,2.0
1630679518837,2.0,1.0,1.0,2.0
1630679518931,2.0,1.0,1.0,2.0
1630679518962,2.0,1.0,1.0,2.0
1630679519166,2.0,1.0,1.0,2.0
1630679519228,2.0,1.0,1.0,2.0
1630679519291,2.0,1.0,1.0,2.0
1630679519431,2.0,1.0,1.0,2.0
1630679519493,2.0,1.0,1.0,2.0
1630679519618,2.0,1.0,1.0,2.0
1630679519668,2.0,1.0,1.0,2.0
1630679519809,2.0,1.0,1.0,2.0
1630679519950,2.0,1.0,1.0,2.0
1630679520012,2.0,1.0,1.0,2.0
1630679520137,2.0,1.0,1.0,2.0
1630679520246,2.0,1.0,1.0,2.0
1630679520277,2.0,1.0,1.0,2.0
1630679520512,2.0,1.0,1.0,2.0
1630679520543,2.0,1.0,1.0,2.0
1630679520605,2.0,1.0,1.0,2.0
1630679520733,2.0,1.0,1.0,2.0
1630679520796,2.0,1.0,1.0,2.0
1630679520905,2.0,1.0,1.0,2.0
1630679521030,4.0,1.0,1.0,2.0
1630679521155,2.0,1.0,1.0,2.0
1630679521233,2.0,1.0,1.0,2.0
1630679521358,2.0,1.0,1.0,2.0
1630679521438,2.0,1.0,1.0,2.0
1630679521517,2.0,1.0,1.0,2.0
1630679521658,2.0,1.0,1.0,2.0
1630679521721,2.0,1.0,1.0,2.0
1630679521861,2.0,1.0,1.0,2.0
1630679521939,2.0,1.0,1.0,2.0
1630679522017,2.0,1.0,1.0,2.0
1630679522158,2.0,1.0,1.0,2.0
1630679522220,2.0,1.0,1.0,2.0
1630679522377,2.0,1.0,1.0,2.0
1630679522439,2.0,1.0,1.0,2.0
1630679522583,2.0,1.0,1.0,2.0
1630679522599,2.0,1.0,1.0,2.0
1630679522771,2.0,1.0,1.0,2.0
1630679522880,2.0,1.0,1.0,2.0
1630679522974,2.0,1.0,1.0,2.0
1630679523099,2.0,1.0,1.0,2.0
1630679523192,2.0,1.0,1.0,2.0
1630679523333,2.0,1.0,1.0,2.0
1630679523396,2.0,1.0,1.0,2.0
1630679523520,2.0,1.0,1.0,2.0
1630679523599,2.0,1.0,1.0,2.0
1630679523708,2.0,1.0,1.0,2.0
1630679523786,2.0,1.0,1.0,2.0
1630679523895,2.0,1.0,1.0,2.0
1630679523958,2.0,1.0,1.0,2.0
1630679524099,2.0,1.0,1.0,2.0
1630679524223,2.0,1.0,1.0,2.0
1630679524255,2.0,1.0,1.0,2.0
1630679524442,2.0,1.0,1.0,2.0
1630679524458,2.0,1.0,1.0,2.0
1630679524647,2.0,1.0,1.0,2.0
1630679524710,2.0,1.0,1.0,2.0
1630679524819,2.0,1.0,1.0,2.0
1630679524881,2.0,1.0,1.0,4.0
1630679524975,2.0,1.0,1.0,4.0
1630679525069,2.0,1.0,1.0,4.0
1630679525147,2.0,1.0,1.0,4.0
1630679525350,2.0,1.0,1.0,4.0
1630679525444,2.0,1.0,1.0,4.0
1630679525475,2.0,1.0,1.0,4.0
1630679525603,2.0,1.0,1.0,4.0
1630679525681,2.0,1.0,1.0,2.0
1630679525790,2.0,1.0,1.0,2.0
1630679525915,2.0,1.0,1.0,4.0
1630679525978,2.0,1.0,1.0,4.0
1630679526071,2.0,1.0,1.0,4.0
1630679526212,2.0,1.0,1.0,4.0
1630679526274,2.0,1.0,1.0,4.0
1630679526415,2.0,1.0,1.0,4.0
1630679526509,2.0,1.0,1.0,4.0
1630679526608,2.0,1.0,1.0,4.0
1630679526702,2.0,1.0,1.0,4.0
1630679526843,2.0,1.0,1.0,4.0
1630679526921,2.0,1.0,1.0,4.0
1630679526983,2.0,1.0,1.0,4.0
1630679527171,2.0,1.0,1.0,4.0
1630679527233,2.0,1.0,1.0,4.0
1630679527343,2.0,1.0,1.0,2.0
1630679527452,2.0,1.0,1.0,2.0
1630679527514,2.0,1.0,1.0,2.0
1630679527623,2.0,1.0,1.0,2.0
1630679527752,2.0,1.0,1.0,2.0
1630679527846,2.0,1.0,1.0,2.0
1630679527939,2.0,1.0,1.0,2.0
1630679528018,2.0,1.0,1.0,2.0
1630679528111,2.0,1.0,1.0,2.0
1630679528236,2.0,1.0,1.0,2.0
1630679528444,2.0,1.0,1.0,2.0
1630679528491,2.0,1.0,1.0,2.0
1630679528538,2.0,1.0,1.0,2.0
1630679528663,2.0,1.0,1.0,2.0
1630679528725,2.0,1.0,1.0,2.0
1630679528788,2.0,1.0,1.0,2.0
1630679528975,2.0,1.0,1.0,2.0
1630679529069,2.0,1.0,1.0,2.0
1630679529163,2.0,1.0,1.0,2.0
1630679529272,2.0,1.0,1.0,2.0
1630679529335,2.0,1.0,1.0,2.0
1630679529462,2.0,1.0,1.0,2.0
1630679529603,2.0,1.0,1.0,2.0
1630679529696,2.0,1.0,1.0,2.0
1630679529759,2.0,1.0,1.0,2.0
1630679529853,2.0,1.0,1.0,2.0
1630679529962,2.0,1.0,1.0,2.0
1630679530024,2.0,1.0,1.0,2.0
1630679530196,2.0,1.0,1.0,2.0
1630679530290,2.0,1.0,1.0,2.0
1630679530368,2.0,1.0,1.0,2.0
1630679530465,2.0,1.0,1.0,2.0
1630679530559,2.0,1.0,1.0,2.0
1630679530699,2.0,1.0,1.0,2.0
1630679530762,2.0,1.0,1.0,2.0
1630679530887,2.0,1.0,1.0,2.0
1630679531027,2.0,1.0,1.0,2.0
1630679531090,2.0,1.0,1.0,2.0
1630679531168,2.0,1.0,1.0,2.0
1630679531262,2.0,1.0,1.0,2.0
1630679531387,2.0,1.0,1.0,2.0
1630679531496,2.0,1.0,1.0,2.0
1630679531558,2.0,1.0,1.0,2.0
1630679531668,2.0,1.0,1.0,2.0
1630679531840,2.0,1.0,1.0,2.0
1630679531871,2.0,1.0,1.0,2.0
1630679531996,2.0,1.0,1.0,2.0
1630679532136,2.0,1.0,1.0,2.0
1630679532183,2.0,1.0,1.0,2.0
1630679532293,2.0,1.0,1.0,2.0
1630679532402,2.0,1.0,1.0,2.0
1630679532464,2.0,1.0,1.0,2.0
1630679532594,2.0,1.0,1.0,2.0
1630679532735,2.0,1.0,1.0,2.0
1630679532829,2.0,1.0,1.0,2.0
1630679532923,2.0,1.0,1.0,2.0
1630679533001,2.0,1.0,1.0,2.0
1630679533079,2.0,1.0,1.0,2.0
1630679533267,2.0,1.0,1.0,2.0
1630679533329,2.0,1.0,1.0,2.0
1630679533392,2.0,1.0,1.0,2.0
1630679533488,2.0,1.0,1.0,2.0
1630679533644,2.0,1.0,1.0,2.0
1630679533707,2.0,1.0,1.0,2.0
1630679533801,2.0,1.0,1.0,2.0
1630679533910,2.0,1.0,1.0,2.0
1630679534035,2.0,1.0,1.0,2.0
1630679534113,2.0,1.0,1.0,2.0
1630679534270,2.0,1.0,1.0,2.0
1630679534380,2.0,1.0,1.0,2.0
1630679534443,2.0,1.0,1.0,2.0
1630679534505,2.0,1.0,1.0,2.0
1630679534619,2.0,1.0,1.0,2.0
1630679534697,2.0,1.0,1.0,2.0
1630679534807,2.0,1.0,1.0,2.0
1630679534916,2.0,1.0,1.0,2.0
1630679535041,2.0,1.0,1.0,2.0
1630679535135,2.0,1.0,1.0,2.0
1630679535244,2.0,1.0,1.0,2.0
1630679535369,2.0,1.0,1.0,2.0
1630679535447,2.0,1.0,1.0,2.0
1630679535545,2.0,1.0,1.0,2.0
1630679535686,2.0,1.0,1.0,2.0
1630679535749,2.0,1.0,1.0,2.0
1630679535873,2.0,1.0,1.0,2.0
1630679535952,2.0,1.0,1.0,2.0
1630679536045,2.0,1.0,1.0,2.0
1630679536139,2.0,1.0,1.0,2.0
1630679536279,2.0,1.0,1.0,2.0
1630679536342,2.0,1.0,1.0,2.0
1630679536483,2.0,1.0,1.0,2.0
1630679536579,2.0,1.0,1.0,2.0
1630679536642,2.0,1.0,1.0,2.0
1630679536735,2.0,1.0,1.0,2.0
1630679536938,2.0,1.0,1.0,2.0
1630679536969,2.0,1.0,1.0,2.0
1630679537063,2.0,1.0,1.0,2.0
1630679537157,2.0,1.0,1.0,2.0
1630679537266,2.0,1.0,1.0,2.0
1630679537360,2.0,1.0,1.0,2.0
1630679537485,2.0,1.0,1.0,2.0
1630679537564,2.0,1.0,1.0,2.0
1630679537692,2.0,1.0,1.0,2.0
1630679537785,2.0,1.0,1.0,2.0
1630679537848,2.0,1.0,1.0,2.0
1630679537957,2.0,1.0,1.0,2.0
1630679538098,2.0,1.0,1.0,2.0
1630679538223,2.0,1.0,1.0,2.0
1630679538285,2.0,1.0,1.0,2.0
1630679538394,2.0,1.0,1.0,2.0
1630679538519,2.0,1.0,1.0,2.0
1630679538551,2.0,1.0,1.0,2.0
1630679538725,2.0,1.0,1.0,2.0
1630679538788,2.0,1.0,1.0,2.0
1630679538882,2.0,1.0,1.0,2.0
1630679538991,2.0,1.0,1.0,2.0
1630679539053,2.0,1.0,1.0,2.0
1630679539163,2.0,1.0,1.0,2.0
1630679539366,2.0,1.0,1.0,2.0
1630679539397,2.0,1.0,1.0,2.0
1630679539506,2.0,1.0,1.0,2.0
1630679539585,2.0,4.0,1.0,2.0
1630679539696,2.0,4.0,1.0,2.0
1630679539790,2.0,4.0,1.0,2.0
1630679539962,2.0,4.0,1.0,2.0
1630679540071,2.0,1.0,1.0,2.0
1630679540087,2.0,1.0,1.0,2.0
1630679540228,2.0,1.0,1.0,2.0
1630679540368,2.0,1.0,1.0,2.0
1630679540399,2.0,1.0,1.0,2.0
1630679540587,2.0,1.0,1.0,2.0
1630679540634,2.0,1.0,1.0,2.0
1630679540730,2.0,1.0,1.0,2.0
1630679540933,2.0,1.0,1.0,2.0
1630679540980,2.0,4.0,1.0,2.0
1630679541027,2.0,4.0,1.0,2.0
1630679541152,2.0,1.0,1.0,2.0
1630679541261,2.0,4.0,1.0,2.0
1630679541339,2.0,4.0,1.0,2.0
1630679541433,2.0,4.0,1.0,2.0
1630679541511,2.0,1.0,1.0,2.0
1630679541652,2.0,1.0,1.0,2.0
1630679541766,2.0,1.0,1.0,2.0
1630679541844,2.0,1.0,1.0,2.0
1630679541938,2.0,1.0,1.0,2.0
1630679542032,2.0,1.0,1.0,2.0
1630679542110,2.0,1.0,1.0,2.0
1630679542235,2.0,1.0,1.0,2.0
1630679542344,2.0,1.0,1.0,2.0
1630679542453,2.0,1.0,1.0,2.0
1630679542565,2.0,1.0,1.0,2.0
1630679542628,2.0,1.0,1.0,2.0
1630679542753,2.0,1.0,1.0,2.0
1630679542831,2.0,1.0,1.0,2.0
1630679542987,2.0,1.0,1.0,2.0
1630679543065,2.0,1.0,1.0,2.0
1630679543159,2.0,1.0,1.0,2.0
1630679543237,2.0,1.0,1.0,2.0
1630679543362,2.0,1.0,1.0,2.0
1630679543424,2.0,1.0,1.0,2.0
1630679543585,2.0,1.0,1.0,2.0
1630679543694,2.0,1.0,1.0,2.0
1630679543820,2.0,1.0,1.0,2.0
1630679543851,2.0,1.0,1.0,2.0
1630679543976,2.0,1.0,1.0,2.0
1630679544054,2.0,1.0,1.0,2.0
1630679544163,2.0,1.0,1.0,2.0
1630679544319,2.0,1.0,1.0,2.0
1630679544351,2.0,1.0,1.0,2.0
1630679544491,2.0,1.0,1.0,2.0
1630679544586,2.0,1.0,1.0,2.0
1630679544635,2.0,1.0,1.0,2.0
1630679544837,2.0,4.0,1.0,2.0
1630679544900,2.0,1.0,1.0,2.0
1630679544994,2.0,1.0,1.0,2.0
1630679545088,2.0,1.0,1.0,2.0
1630679545181,2.0,1.0,1.0,2.0
1630679545259,2.0,1.0,1.0,2.0
1630679545455,2.0,1.0,1.0,2.0
1630679545486,2.0,1.0,1.0,2.0
1630679545580,2.0,1.0,1.0,2.0
1630679545692,2.0,1.0,1.0,2.0
1630679545786,2.0,1.0,1.0,2.0
1630679545880,2.0,1.0,1.0,2.0
1630679546052,2.0,1.0,1.0,2.0
1630679546083,2.0,1.0,1.0,2.0
1630679546224,2.0,1.0,1.0,2.0
1630679546286,2.0,1.0,1.0,2.0
1630679546411,2.0,1.0,1.0,2.0
1630679546489,2.0,1.0,1.0,2.0
1630679546629,2.0,1.0,1.0,2.0
1630679546743,2.0,1.0,1.0,2.0
1630679546868,2.0,1.0,1.0,2.0
1630679546977,2.0,1.0,1.0,2.0
1630679547008,2.0,1.0,1.0,2.0
1630679547149,2.0,1.0,1.0,2.0
1630679547243,2.0,1.0,1.0,2.0
1630679547336,2.0,1.0,1.0,2.0
1630679547414,2.0,1.0,1.0,2.0
1630679547508,2.0,1.0,1.0,2.0
1630679547618,2.0,1.0,1.0,2.0
1630679547716,2.0,1.0,1.0,2.0
1630679547840,2.0,1.0,1.0,2.0
1630679548032,2.0,1.0,1.0,2.0
1630679548079,2.0,4.0,1.0,2.0
1630679548109,2.0,4.0,1.0,2.0
1630679548266,2.0,1.0,1.0,2.0
1630679548313,2.0,1.0,1.0,2.0
1630679548469,2.0,1.0,1.0,2.0
1630679548610,2.0,1.0,1.0,2.0
1630679548641,2.0,4.0,1.0,2.0
1630679548738,2.0,1.0,1.0,2.0
1630679548847,2.0,1.0,1.0,2.0
1630679548910,2.0,1.0,1.0,2.0
1630679549113,2.0,1.0,1.0,2.0
1630679549160,2.0,1.0,1.0,2.0
1630679549269,2.0,1.0,1.0,2.0
1630679549347,2.0,1.0,1.0,2.0
1630679549456,2.0,1.0,1.0,2.0
1630679549566,2.0,1.0,1.0,2.0
1630679549659,2.0,1.0,1.0,2.0
1630679549816,2.0,1.0,1.0,2.0
1630679549909,2.0,1.0,1.0,2.0
1630679549972,2.0,1.0,1.0,2.0
1630679550066,2.0,1.0,1.0,2.0
1630679550175,2.0,1.0,1.0,2.0
1630679550378,2.0,1.0,1.0,2.0
1630679550378,2.0,1.0,1.0,2.0
1630679550472,2.0,1.0,1.0,2.0
1630679550565,2.0,1.0,1.0,2.0
1630679550675,2.0,1.0,1.0,2.0
1630679550800,2.0,4.0,1.0,2.0
1630679550894,2.0,4.0,1.0,2.0
1630679551019,2.0,2.0,1.0,2.0
1630679551081,2.0,2.0,1.0,2.0
1630679551159,2.0,1.0,1.0,2.0
1630679551284,2.0,1.0,1.0,2.0
1630679551393,2.0,1.0,1.0,2.0
1630679551487,2.0,1.0,1.0,2.0
1630679551600,2.0,1.0,1.0,2.0
1630679551734,2.0,1.0,1.0,2.0
1630679551827,2.0,1.0,1.0,2.0
1630679552000,2.0,1.0,1.0,2.0
1630679552063,2.0,1.0,1.0,2.0
1630679552184,2.0,1.0,1.0,2.0
1630679552196,2.0,1.0,1.0,2.0
1630679552311,2.0,1.0,1.0,2.0
1630679552386,2.0,1.0,1.0,2.0
1630679552515,2.0,1.0,1.0,2.0
1630679552588,2.0,1.0,1.0,2.0
1630679552781,2.0,1.0,1.0,2.0
1630679552963,2.0,1.0,1.0,2.0
1630679553012,2.0,1.0,1.0,2.0
1630679553080,2.0,1.0,1.0,2.0
1630679553330,2.0,1.0,1.0,2.0
1630679553520,2.0,1.0,1.0,2.0
1630679553551,2.0,1.0,1.0,2.0
1630679553582,2.0,1.0,1.0,2.0
1630679553629,2.0,1.0,1.0,2.0
1630679553723,2.0,1.0,1.0,2.0
1630679553785,2.0,1.0,1.0,2.0
1630679553957,2.0,1.0,1.0,2.0
1630679554096,2.0,1.0,1.0,2.0
1630679554203,2.0,1.0,1.0,2.0
1630679554221,2.0,1.0,1.0,2.0
1630679554325,2.0,1.0,1.0,2.0
1630679554419,2.0,1.0,1.0,2.0
1630679554555,2.0,1.0,1.0,2.0
1630679554655,2.0,1.0,1.0,2.0
1630679554717,2.0,1.0,1.0,2.0
1630679554842,2.0,1.0,1.0,2.0
1630679554936,2.0,1.0,1.0,2.0
1630679555014,2.0,1.0,1.0,2.0
1630679555205,2.0,1.0,1.0,2.0
1630679555252,2.0,1.0,1.0,2.0
1630679555345,2.0,1.0,1.0,2.0
1630679555470,2.0,1.0,1.0,2.0
1630679555533,2.0,1.0,1.0,2.0
1630679555610,2.0,1.0,1.0,2.0
1630679555851,2.0,1.0,1.0,2.0
1630679555851,2.0,1.0,1.0,2.0
1630679555974,2.0,1.0,1.0,2.0
1630679556067,2.0,1.0,1.0,2.0
1630679556143,2.0,1.0,1.0,2.0
1630679556237,2.0,1.0,1.0,2.0
1630679556392,2.0,1.0,1.0,2.0
1630679556582,2.0,1.0,1.0,2.0
1630679556674,2.0,1.0,1.0,2.0
1630679556722,2.0,1.0,1.0,2.0
1630679556785,2.0,1.0,1.0,2.0
1630679556943,2.0,1.0,1.0,2.0
1630679557052,2.0,1.0,1.0,2.0
1630679557143,2.0,1.0,1.0,2.0
1630679557274,2.0,1.0,1.0,2.0
1630679557321,2.0,1.0,1.0,2.0
1630679557414,2.0,1.0,1.0,2.0
1630679557477,2.0,1.0,1.0,2.0
1630679557586,2.0,1.0,1.0,2.0
1630679557808,2.0,1.0,1.0,2.0
1630679557979,2.0,1.0,1.0,2.0
1630679557995,2.0,1.0,1.0,2.0
1630679557995,2.0,1.0,1.0,2.0
1630679558111,2.0,1.0,1.0,2.0
1630679558206,2.0,1.0,1.0,2.0
1630679558315,2.0,1.0,1.0,2.0
1630679558407,2.0,1.0,1.0,2.0
1630679558470,2.0,1.0,1.0,2.0
1630679558571,2.0,1.0,1.0,2.0
1630679558696,2.0,1.0,1.0,2.0
1630679558805,2.0,1.0,1.0,2.0
1630679558899,2.0,1.0,1.0,2.0
1630679559009,2.0,1.0,1.0,2.0
1630679559152,2.0,1.0,1.0,2.0
1630679559245,2.0,1.0,1.0,2.0
1630679559277,2.0,1.0,1.0,2.0
1630679559433,2.0,1.0,1.0,2.0
1630679559593,2.0,1.0,1.0,2.0
1630679559781,2.0,1.0,1.0,2.0
1630679559828,2.0,1.0,1.0,2.0
1630679559921,2.0,1.0,1.0,2.0
1630679559953,2.0,1.0,1.0,2.0
1630679560062,2.0,1.0,1.0,2.0
1630679560125,2.0,1.0,1.0,2.0
1630679560218,2.0,1.0,1.0,2.0
1630679560293,2.0,1.0,1.0,2.0
1630679560465,1.0,1.0,1.0,1.0
1630679560527,1.0,1.0,1.0,1.0
1630679560657,1.0,1.0,1.0,1.0
1630679560740,1.0,1.0,1.0,1.0
1630679560818,1.0,1.0,1.0,1.0
1630679560959,1.0,1.0,1.0,1.0
1630679561021,1.0,4.0,1.0,1.0
1630679561130,1.0,1.0,1.0,1.0
1630679561255,1.0,1.0,1.0,1.0
1630679561349,1.0,1.0,1.0,1.0
1630679561427,1.0,4.0,1.0,1.0
1630679561583,1.0,4.0,1.0,1.0
1630679561651,1.0,4.0,1.0,1.0
1630679561729,1.0,1.0,1.0,1.0
1630679561854,1.0,4.0,1.0,1.0
1630679561963,1.0,4.0,1.0,1.0
1630679562010,1.0,2.0,1.0,1.0
1630679562234,1.0,2.0,1.0,1.0
1630679562234,1.0,2.0,1.0,1.0
1630679562390,1.0,2.0,1.0,1.0
1630679562452,1.0,4.0,1.0,1.0
1630679562593,1.0,1.0,1.0,1.0
1630679562692,1.0,1.0,1.0,1.0
1630679562802,1.0,4.0,1.0,1.0
1630679562817,1.0,1.0,1.0,1.0
1630679562958,1.0,1.0,1.0,1.0
1630679563083,1.0,1.0,1.0,1.0
1630679563146,1.0,1.0,1.0,1.0
1630679563286,2.0,1.0,1.0,2.0
1630679563349,2.0,2.0,1.0,2.0
1630679563445,2.0,1.0,1.0,2.0
1630679563555,2.0,1.0,1.0,2.0
1630679563680,2.0,2.0,1.0,2.0
1630679563883,2.0,1.0,1.0,2.0
1630679563883,2.0,1.0,1.0,2.0
1630679563992,2.0,1.0,1.0,2.0
1630679564086,2.0,1.0,1.0,2.0
1630679564164,2.0,1.0,1.0,2.0
1630679564289,2.0,1.0,1.0,2.0
1630679564414,2.0,1.0,1.0,2.0
1630679564511,2.0,1.0,1.0,2.0
1630679564604,2.0,1.0,1.0,2.0
1630679564730,2.0,1.0,1.0,2.0
1630679564761,2.0,1.0,1.0,2.0
1630679564902,2.0,1.0,1.0,2.0
1630679565027,2.0,1.0,1.0,2.0
1630679565089,2.0,1.0,1.0,2.0
1630679565230,2.0,1.0,1.0,2.0
1630679565292,2.0,1.0,1.0,2.0
1630679565386,2.0,1.0,1.0,2.0
1630679565514,2.0,1.0,1.0,2.0
1630679565623,2.0,1.0,1.0,2.0
1630679565717,2.0,1.0,1.0,2.0
1630679565826,2.0,1.0,1.0,2.0
1630679565889,2.0,1.0,1.0,2.0
1630679565998,2.0,1.0,1.0,2.0
1630679566123,2.0,1.0,1.0,2.0
1630679566217,2.0,1.0,1.0,2.0
1630679566279,2.0,1.0,1.0,2.0
1630679566404,2.0,1.0,1.0,2.0
1630679566563,2.0,1.0,1.0,2.0
1630679566595,2.0,1.0,1.0,2.0
1630679566751,2.0,1.0,1.0,2.0
1630679566829,2.0,1.0,1.0,2.0
1630679566939,2.0,1.0,1.0,2.0
1630679567063,2.0,1.0,1.0,2.0
1630679567126,2.0,1.0,1.0,2.0
1630679567188,2.0,1.0,1.0,2.0
1630679567360,2.0,1.0,1.0,2.0
1630679567485,2.0,1.0,1.0,2.0
1630679567550,2.0,1.0,1.0,2.0
1630679567628,2.0,1.0,1.0,2.0
1630679567722,2.0,1.0,1.0,2.0
1630679567831,2.0,1.0,1.0,2.0
1630679568019,2.0,1.0,1.0,2.0
1630679568159,2.0,1.0,1.0,2.0
1630679568253,2.0,1.0,1.0,2.0
1630679568253,2.0,1.0,1.0,2.0
1630679568331,2.0,1.0,1.0,2.0
1630679568440,2.0,1.0,1.0,2.0
1630679568534,2.0,1.0,1.0,2.0
1630679568691,2.0,1.0,1.0,2.0
1630679568754,2.0,1.0,1.0,2.0
1630679568895,2.0,1.0,1.0,2.0
1630679568941,2.0,1.0,1.0,2.0
1630679569071,2.0,1.0,1.0,2.0
1630679569227,2.0,1.0,1.0,2.0
1630679569337,2.0,1.0,1.0,2.0
1630679569399,2.0,1.0,1.0,2.0
1630679569415,2.0,1.0,1.0,2.0
1630679569583,2.0,1.0,1.0,2.0
1630679569660,2.0,1.0,4.0,2.0
1630679569811,2.0,1.0,1.0,2.0
1630679569867,2.0,1.0,1.0,2.0
1630679569987,2.0,1.0,1.0,2.0
1630679570048,2.0,1.0,1.0,2.0
1630679570142,2.0,1.0,1.0,2.0
1630679570315,2.0,1.0,4.0,2.0
1630679570410,2.0,1.0,4.0,2.0
1630679570550,2.0,1.0,1.0,2.0
1630679570612,2.0,1.0,1.0,2.0
1630679570676,2.0,1.0,4.0,2.0
1630679570760,2.0,1.0,4.0,2.0
1630679570912,2.0,1.0,1.0,2.0
1630679571021,2.0,1.0,1.0,2.0
1630679571082,2.0,1.0,1.0,2.0
1630679571174,2.0,1.0,1.0,2.0
1630679571288,2.0,1.0,1.0,2.0
1630679571449,2.0,1.0,1.0,2.0
1630679571449,2.0,1.0,1.0,2.0
1630679571636,2.0,1.0,1.0,2.0
1630679571748,2.0,1.0,1.0,2.0
1630679571844,2.0,1.0,1.0,2.0
1630679571937,2.0,1.0,1.0,2.0
1630679571969,2.0,1.0,1.0,2.0
1630679572077,2.0,1.0,1.0,2.0
1630679572216,2.0,1.0,1.0,2.0
1630679572404,2.0,1.0,1.0,2.0
1630679572449,2.0,1.0,1.0,2.0
1630679572541,2.0,1.0,1.0,2.0
1630679572666,2.0,1.0,1.0,2.0
1630679572807,2.0,1.0,1.0,2.0
1630679572869,2.0,1.0,1.0,2.0
1630679572900,2.0,1.0,1.0,2.0
1630679573075,2.0,1.0,1.0,2.0
1630679573216,2.0,1.0,1.0,2.0
1630679573247,2.0,1.0,1.0,2.0
1630679573294,2.0,1.0,1.0,2.0
1630679573434,2.0,1.0,1.0,2.0
1630679573688,2.0,1.0,1.0,2.0
1630679573703,2.0,1.0,1.0,2.0
1630679573719,2.0,1.0,1.0,2.0
1630679573828,2.0,1.0,1.0,2.0
1630679573891,2.0,1.0,1.0,2.0
1630679574079,2.0,1.0,1.0,2.0
1630679574156,2.0,1.0,1.0,2.0
1630679574289,2.0,1.0,1.0,2.0
1630679574367,2.0,1.0,1.0,2.0
1630679574492,2.0,1.0,1.0,2.0
1630679574524,2.0,1.0,1.0,2.0
1630679574652,2.0,1.0,1.0,2.0
1630679574761,2.0,1.0,1.0,2.0
1630679574886,2.0,1.0,1.0,2.0
1630679574917,2.0,1.0,1.0,2.0
1630679575027,2.0,1.0,1.0,2.0
1630679575199,2.0,1.0,1.0,2.0
1630679575245,2.0,1.0,1.0,2.0
1630679575355,2.0,1.0,1.0,2.0
1630679575464,2.0,1.0,1.0,2.0
1630679575559,2.0,1.0,1.0,2.0
1630679575624,2.0,1.0,1.0,2.0
1630679575734,2.0,1.0,1.0,2.0
1630679575922,2.0,1.0,1.0,2.0
1630679575985,2.0,1.0,1.0,2.0
1630679576093,2.0,1.0,1.0,2.0
1630679576156,2.0,1.0,1.0,2.0
1630679576265,2.0,1.0,1.0,2.0
1630679576421,2.0,1.0,1.0,2.0
1630679576484,2.0,1.0,1.0,2.0
1630679576629,2.0,1.0,1.0,2.0
1630679576644,2.0,1.0,1.0,2.0
1630679576785,2.0,1.0,1.0,2.0
1630679576863,2.0,1.0,1.0,2.0
1630679576957,2.0,1.0,1.0,2.0
1630679577129,2.0,1.0,1.0,2.0
1630679577191,2.0,1.0,1.0,2.0
1630679577301,2.0,1.0,1.0,2.0
1630679577410,2.0,1.0,1.0,2.0
1630679577441,2.0,4.0,1.0,2.0
1630679577613,2.0,4.0,1.0,2.0
1630679577816,2.0,4.0,1.0,2.0
1630679577816,2.0,4.0,1.0,2.0
1630679577941,4.0,4.0,1.0,2.0
1630679577972,4.0,4.0,1.0,2.0
1630679578144,4.0,4.0,1.0,2.0
1630679578175,4.0,4.0,1.0,2.0
1630679578300,4.0,4.0,1.0,2.0
1630679578419,4.0,2.0,1.0,2.0
1630679578607,4.0,2.0,1.0,2.0
1630679578653,4.0,2.0,1.0,2.0
1630679578734,4.0,2.0,1.0,2.0
1630679578781,4.0,2.0,1.0,2.0
1630679578906,4.0,2.0,1.0,2.0
1630679579047,4.0,2.0,1.0,2.0
1630679579141,4.0,2.0,1.0,2.0
1630679579203,4.0,2.0,1.0,2.0
1630679579312,4.0,2.0,1.0,2.0
1630679579375,4.0,2.0,1.0,2.0
1630679579562,4.0,2.0,1.0,2.0
1630679579656,4.0,2.0,1.0,2.0
1630679579738,4.0,2.0,1.0,2.0
1630679579831,4.0,2.0,1.0,2.0
1630679579941,4.0,2.0,1.0,2.0
1630679579988,4.0,2.0,1.0,2.0
1630679580160,4.0,2.0,1.0,2.0
1630679580316,4.0,2.0,1.0,2.0
1630679580378,4.0,2.0,1.0,2.0
1630679580441,4.0,1.0,1.0,2.0
1630679580507,4.0,1.0,1.0,2.0
1630679580617,4.0,1.0,1.0,2.0
1630679580742,4.0,1.0,1.0,2.0
1630679580867,4.0,1.0,1.0,2.0
1630679580945,4.0,2.0,1.0,2.0
1630679581070,4.0,2.0,1.0,2.0
1630679581148,4.0,2.0,1.0,2.0
1630679581210,4.0,2.0,1.0,2.0
1630679581382,4.0,2.0,1.0,2.0
1630679581476,4.0,2.0,1.0,2.0
1630679581573,4.0,1.0,1.0,2.0
1630679581651,4.0,1.0,1.0,2.0
1630679581808,4.0,1.0,1.0,2.0
1630679581901,2.0,1.0,1.0,2.0
1630679581995,2.0,1.0,1.0,2.0
1630679582088,2.0,1.0,1.0,2.0
1630679582198,2.0,1.0,1.0,2.0
1630679582260,2.0,1.0,1.0,2.0
1630679582338,2.0,1.0,1.0,2.0
1630679582463,2.0,1.0,1.0,2.0
1630679582604,2.0,1.0,1.0,2.0
1630679582651,2.0,1.0,1.0,2.0
1630679582760,2.0,1.0,1.0,2.0
1630679582885,2.0,1.0,1.0,2.0
1630679582994,2.0,1.0,1.0,2.0
1630679583091,2.0,1.0,1.0,2.0
1630679583231,2.0,1.0,1.0,2.0
1630679583263,2.0,1.0,1.0,2.0
1630679583434,2.0,1.0,1.0,2.0
1630679583466,2.0,1.0,1.0,2.0
1630679583595,2.0,1.0,1.0,2.0
1630679583689,2.0,1.0,1.0,2.0
1630679583798,2.0,1.0,1.0,2.0
1630679583892,2.0,1.0,1.0,2.0
1630679584002,2.0,1.0,1.0,2.0
1630679584158,2.0,1.0,1.0,2.0
1630679584189,2.0,1.0,1.0,2.0
1630679584251,2.0,1.0,1.0,2.0
1630679584486,2.0,1.0,1.0,2.0
1630679584517,2.0,1.0,1.0,2.0
1630679584579,2.0,1.0,1.0,2.0
1630679584681,2.0,1.0,1.0,2.0
1630679584837,2.0,1.0,1.0,2.0
1630679584915,2.0,1.0,1.0,2.0
1630679585024,2.0,1.0,1.0,2.0
1630679585149,2.0,1.0,1.0,2.0
1630679585227,2.0,1.0,1.0,2.0
1630679585384,2.0,1.0,1.0,2.0
1630679585399,2.0,1.0,1.0,2.0
1630679585493,2.0,1.0,1.0,2.0
1630679585618,2.0,1.0,1.0,2.0
1630679585696,2.0,1.0,1.0,2.0
1630679585821,2.0,1.0,1.0,2.0
1630679585993,2.0,1.0,1.0,2.0
1630679586025,2.0,1.0,1.0,2.0
1630679586134,2.0,1.0,1.0,2.0
1630679586290,2.0,1.0,1.0,2.0
1630679586321,2.0,1.0,1.0,2.0
1630679586462,2.0,1.0,1.0,2.0
1630679586543,2.0,1.0,1.0,2.0
1630679586621,2.0,1.0,1.0,2.0
1630679586714,2.0,1.0,1.0,2.0
1630679586855,2.0,1.0,1.0,2.0
1630679586918,2.0,1.0,1.0,2.0
1630679587059,2.0,1.0,1.0,2.0
1630679587136,2.0,1.0,1.0,2.0
1630679587230,2.0,1.0,1.0,2.0
1630679587324,2.0,1.0,1.0,2.0
1630679587511,2.0,1.0,1.0,2.0
1630679587542,2.0,1.0,1.0,2.0
1630679587652,2.0,1.0,1.0,2.0
1630679587777,2.0,1.0,1.0,2.0
1630679587855,2.0,1.0,1.0,2.0
1630679587949,2.0,1.0,1.0,2.0
1630679588120,2.0,1.0,1.0,2.0
1630679588136,2.0,1.0,1.0,2.0
1630679588261,2.0,1.0,1.0,2.0
1630679588355,2.0,1.0,1.0,2.0
1630679588433,2.0,1.0,1.0,2.0
1630679588527,2.0,1.0,1.0,2.0
1630679588656,2.0,1.0,1.0,2.0
1630679588765,2.0,1.0,1.0,2.0
1630679588859,2.0,1.0,1.0,2.0
1630679588953,2.0,1.0,1.0,2.0
1630679589140,2.0,1.0,1.0,2.0
1630679589187,2.0,1.0,1.0,2.0
1630679589281,2.0,1.0,1.0,2.0
1630679589406,2.0,1.0,1.0,2.0
1630679589500,2.0,1.0,1.0,2.0
1630679589612,2.0,1.0,1.0,2.0
1630679589643,2.0,1.0,1.0,2.0
1630679589800,2.0,1.0,1.0,2.0
1630679589878,2.0,1.0,1.0,2.0
1630679589987,2.0,1.0,1.0,2.0
1630679590128,2.0,1.0,1.0,2.0
1630679590190,2.0,1.0,1.0,2.0
1630679590284,2.0,1.0,1.0,2.0
1630679590393,2.0,1.0,1.0,2.0
1630679590596,2.0,1.0,1.0,2.0
1630679590596,2.0,1.0,1.0,2.0
1630679590694,2.0,1.0,1.0,2.0
1630679590819,2.0,1.0,1.0,2.0
1630679590897,2.0,1.0,1.0,2.0
1630679590991,2.0,1.0,1.0,2.0
1630679591132,2.0,1.0,1.0,2.0
1630679591225,2.0,1.0,1.0,2.0
1630679591319,2.0,1.0,1.0,2.0
1630679591350,2.0,1.0,1.0,2.0
1630679591491,2.0,1.0,1.0,2.0
1630679591585,2.0,1.0,1.0,2.0
1630679591697,2.0,1.0,1.0,2.0
1630679591837,2.0,1.0,1.0,2.0
1630679591915,2.0,1.0,1.0,2.0
1630679592009,2.0,1.0,1.0,2.0
1630679592103,2.0,1.0,1.0,2.0
1630679592197,2.0,1.0,1.0,2.0
1630679592322,2.0,1.0,1.0,2.0
1630679592462,2.0,1.0,1.0,2.0
1630679592556,2.0,1.0,1.0,2.0
1630679592618,2.0,1.0,1.0,2.0
1630679592728,2.0,1.0,1.0,2.0
1630679592790,2.0,1.0,1.0,2.0
1630679592931,2.0,1.0,1.0,2.0
1630679593134,2.0,4.0,1.0,2.0
1630679593165,2.0,1.0,1.0,2.0
1630679593197,2.0,1.0,1.0,2.0
1630679593384,2.0,1.0,1.0,2.0
1630679593400,2.0,1.0,1.0,2.0
1630679593541,2.0,1.0,1.0,2.0
1630679593682,2.0,1.0,1.0,2.0
1630679593745,2.0,1.0,1.0,2.0
1630679593807,2.0,1.0,1.0,2.0
1630679593901,2.0,1.0,1.0,2.0
1630679594010,2.0,1.0,1.0,2.0
1630679594151,2.0,1.0,1.0,2.0
1630679594276,2.0,1.0,1.0,2.0
1630679594370,2.0,1.0,1.0,2.0
1630679594447,2.0,1.0,1.0,2.0
1630679594528,2.0,1.0,1.0,2.0
1630679594606,2.0,1.0,1.0,2.0
1630679594778,2.0,1.0,1.0,2.0
1630679594872,2.0,1.0,1.0,2.0
1630679595044,2.0,1.0,1.0,2.0
1630679595044,2.0,1.0,1.0,2.0
1630679595138,2.0,1.0,1.0,2.0
1630679595247,2.0,1.0,1.0,2.0
1630679595458,2.0,1.0,1.0,2.0
1630679595507,2.0,1.0,1.0,2.0
1630679595585,2.0,1.0,1.0,2.0
1630679595679,2.0,1.0,1.0,2.0
1630679595778,2.0,1.0,1.0,2.0
1630679595868,2.0,1.0,1.0,2.0
1630679595962,2.0,1.0,1.0,2.0
1630679596104,2.0,1.0,1.0,2.0
1630679596194,2.0,1.0,1.0,2.0
1630679596271,2.0,1.0,1.0,2.0
1630679596333,2.0,1.0,1.0,2.0
1630679596474,2.0,1.0,1.0,2.0
1630679596648,2.0,1.0,1.0,2.0
1630679596664,2.0,1.0,1.0,2.0
1630679596804,2.0,1.0,1.0,2.0
1630679596867,2.0,1.0,1.0,2.0
1630679596976,2.0,1.0,1.0,2.0
1630679597073,2.0,1.0,1.0,2.0
1630679597198,2.0,1.0,1.0,2.0
1630679597276,2.0,1.0,1.0,2.0
1630679597375,2.0,1.0,1.0,2.0
1630679597468,2.0,1.0,1.0,2.0
1630679597581,2.0,1.0,1.0,2.0
1630679597675,2.0,1.0,1.0,2.0
1630679597816,1.0,1.0,1.0,1.0
1630679597910,1.0,1.0,1.0,1.0
1630679597972,1.0,1.0,1.0,1.0
1630679598113,1.0,1.0,1.0,1.0
1630679598331,1.0,1.0,1.0,1.0
1630679598363,1.0,1.0,1.0,1.0
1630679598425,1.0,1.0,1.0,1.0
1630679598519,1.0,1.0,1.0,1.0
1630679598631,1.0,1.0,1.0,1.0
1630679598725,1.0,1.0,1.0,1.0
1630679598788,1.0,1.0,1.0,1.0
1630679598897,1.0,1.0,1.0,1.0
1630679599131,1.0,1.0,1.0,1.0
1630679599225,1.0,1.0,1.0,1.0
1630679599256,1.0,1.0,1.0,1.0
1630679599334,1.0,1.0,1.0,1.0
1630679599428,1.0,1.0,1.0,1.0
1630679599522,1.0,1.0,1.0,1.0
1630679599696,1.0,1.0,1.0,1.0
1630679599759,1.0,1.0,1.0,1.0
1630679599852,1.0,1.0,1.0,1.0
1630679599915,1.0,1.0,1.0,1.0
1630679600006,1.0,1.0,1.0,1.0
1630679600100,1.0,1.0,1.0,1.0
1630679600318,1.0,1.0,1.0,1.0
1630679600334,1.0,1.0,1.0,1.0
1630679600397,1.0,1.0,1.0,1.0
1630679600553,1.0,1.0,1.0,1.0
1630679600647,2.0,1.0,1.0,2.0
1630679600709,2.0,1.0,1.0,2.0
1630679600850,2.0,1.0,1.0,2.0
1630679600975,2.0,1.0,1.0,2.0
1630679601037,2.0,1.0,1.0,2.0
1630679601146,2.0,1.0,1.0,2.0
1630679601240,2.0,1.0,1.0,2.0
1630679601304,2.0,1.0,1.0,2.0
1630679601503,2.0,1.0,1.0,2.0
1630679601566,2.0,1.0,1.0,2.0
1630679601644,2.0,1.0,1.0,2.0
1630679601746,2.0,1.0,1.0,2.0
1630679601840,2.0,1.0,1.0,2.0
1630679601949,2.0,1.0,1.0,2.0
1630679602121,2.0,1.0,1.0,2.0
1630679602168,2.0,1.0,1.0,2.0
1630679602277,2.0,1.0,1.0,2.0
1630679602340,2.0,1.0,1.0,2.0
1630679602449,2.0,1.0,1.0,2.0
1630679602532,2.0,1.0,1.0,2.0
1630679602750,2.0,1.0,1.0,2.0
1630679602782,2.0,1.0,1.0,2.0
1630679602875,2.0,1.0,1.0,2.0
1630679602969,2.0,1.0,1.0,2.0
1630679603110,2.0,1.0,1.0,2.0
1630679603141,2.0,1.0,1.0,2.0
1630679603281,2.0,1.0,1.0,2.0
1630679603375,2.0,1.0,1.0,2.0
1630679603469,2.0,1.0,1.0,2.0
1630679603580,2.0,1.0,1.0,2.0
1630679603674,2.0,1.0,1.0,2.0
1630679603783,2.0,1.0,1.0,2.0
1630679603892,2.0,1.0,1.0,2.0
1630679604001,2.0,1.0,1.0,2.0
1630679604072,2.0,1.0,1.0,2.0
1630679604213,2.0,1.0,1.0,2.0
1630679604276,2.0,1.0,1.0,2.0
1630679604463,2.0,1.0,1.0,2.0
1630679604560,2.0,1.0,1.0,2.0
1630679604592,2.0,1.0,1.0,2.0
1630679604763,2.0,1.0,1.0,2.0
1630679604826,2.0,1.0,1.0,2.0
1630679604873,2.0,1.0,1.0,2.0
1630679604998,2.0,1.0,1.0,2.0
1630679605139,2.0,1.0,1.0,2.0
1630679605232,2.0,1.0,1.0,2.0
1630679605310,2.0,1.0,1.0,2.0
1630679605451,2.0,1.0,1.0,2.0
1630679605548,2.0,1.0,1.0,2.0
1630679605704,2.0,1.0,1.0,2.0
1630679605720,2.0,1.0,1.0,2.0
1630679605845,2.0,1.0,1.0,2.0
1630679605907,2.0,1.0,1.0,2.0
1630679606017,2.0,1.0,1.0,2.0
1630679606142,2.0,1.0,1.0,2.0
1630679606220,2.0,1.0,1.0,2.0
1630679606423,2.0,1.0,1.0,2.0
1630679606532,2.0,1.0,1.0,2.0
1630679606548,2.0,1.0,1.0,2.0
1630679606630,2.0,1.0,1.0,2.0
1630679606724,2.0,4.0,1.0,2.0
1630679606818,2.0,1.0,1.0,2.0
1630679606942,2.0,1.0,1.0,2.0
1630679607067,2.0,1.0,1.0,2.0
1630679607146,1.0,1.0,1.0,1.0
1630679607208,1.0,1.0,1.0,1.0
1630679607380,1.0,1.0,1.0,1.0
1630679607411,1.0,1.0,1.0,1.0
1630679607648,1.0,1.0,1.0,1.0
1630679607679,1.0,1.0,1.0,1.0
1630679607742,1.0,1.0,1.0,1.0
1630679607835,1.0,1.0,1.0,1.0
1630679607913,1.0,1.0,1.0,1.0
1630679608038,1.0,1.0,1.0,1.0
1630679608163,1.0,1.0,1.0,1.0
1630679608304,1.0,1.0,1.0,1.0
1630679608398,1.0,1.0,1.0,1.0
1630679608460,1.0,1.0,1.0,1.0
1630679608569,1.0,1.0,1.0,1.0
1630679608633,1.0,1.0,1.0,1.0
1630679608822,1.0,1.0,1.0,1.0
1630679608900,1.0,1.0,1.0,1.0
1630679608994,1.0,1.0,1.0,1.0
1630679609056,1.0,1.0,1.0,1.0
1630679609197,1.0,1.0,1.0,1.0
1630679609290,1.0,1.0,1.0,1.0
1630679609368,1.0,1.0,1.0,1.0
1630679609509,1.0,1.0,1.0,1.0
1630679609572,1.0,1.0,1.0,1.0
1630679609650,1.0,1.0,1.0,1.0
1630679609762,1.0,1.0,1.0,1.0
1630679609872,1.0,1.0,1.0,1.0
1630679609997,1.0,1.0,1.0,1.0
1630679610090,1.0,1.0,1.0,1.0
1630679610231,1.0,1.0,1.0,1.0
1630679610262,1.0,1.0,1.0,1.0
1630679610403,1.0,1.0,1.0,1.0
1630679610450,1.0,1.0,1.0,1.0
1630679610591,1.0,1.0,1.0,1.0
1630679610689,1.0,1.0,1.0,1.0
1630679610829,1.0,1.0,1.0,1.0
1630679610923,1.0,1.0,1.0,1.0
1630679610954,1.0,1.0,1.0,1.0
1630679611064,1.0,1.0,1.0,1.0
1630679611220,1.0,1.0,1.0,1.0
1630679611314,1.0,1.0,1.0,1.0
1630679611408,1.0,1.0,1.0,1.0
1630679611532,1.0,1.0,1.0,1.0
1630679611595,1.0,1.0,1.0,1.0
1630679611769,1.0,1.0,1.0,1.0
1630679611832,2.0,1.0,1.0,2.0
1630679611957,2.0,1.0,1.0,2.0
1630679612035,2.0,1.0,1.0,2.0
1630679612113,2.0,1.0,1.0,2.0
1630679612222,2.0,1.0,1.0,2.0
1630679612331,2.0,1.0,1.0,2.0
1630679612456,2.0,1.0,1.0,2.0
1630679612521,2.0,1.0,1.0,2.0
1630679612630,2.0,1.0,1.0,2.0
1630679612724,2.0,1.0,1.0,2.0
1630679612802,2.0,1.0,1.0,2.0
1630679612896,2.0,1.0,1.0,2.0
1630679613099,2.0,1.0,1.0,2.0
1630679613161,2.0,1.0,1.0,2.0
1630679613255,2.0,1.0,1.0,2.0
1630679613333,2.0,1.0,1.0,2.0
1630679613427,2.0,1.0,1.0,2.0
1630679613521,2.0,1.0,1.0,2.0
1630679613665,2.0,1.0,1.0,2.0
1630679613759,2.0,4.0,1.0,2.0
1630679613868,2.0,4.0,1.0,2.0
1630679613993,2.0,4.0,1.0,2.0
1630679614024,2.0,2.0,1.0,2.0
1630679614165,2.0,2.0,1.0,2.0
1630679614290,2.0,2.0,1.0,2.0
1630679614352,2.0,4.0,1.0,2.0
1630679614461,2.0,4.0,1.0,2.0
1630679614590,2.0,1.0,1.0,2.0
1630679614668,2.0,1.0,1.0,2.0
1630679614761,2.0,1.0,1.0,2.0
1630679614886,2.0,1.0,1.0,2.0
1630679614965,2.0,1.0,1.0,2.0
1630679615058,2.0,1.0,1.0,2.0
1630679615199,2.0,1.0,1.0,2.0
1630679615261,2.0,1.0,1.0,2.0
1630679615355,2.0,1.0,1.0,2.0
1630679615496,2.0,1.0,1.0,2.0
1630679615603,2.0,1.0,1.0,2.0
1630679615667,2.0,1.0,1.0,2.0
1630679615790,2.0,1.0,1.0,2.0
1630679615820,2.0,1.0,1.0,2.0
1630679615962,2.0,1.0,1.0,2.0
1630679616083,2.0,1.0,1.0,2.0
1630679616228,2.0,1.0,1.0,2.0
1630679616291,2.0,1.0,1.0,2.0
1630679616359,2.0,1.0,1.0,2.0
1630679616533,2.0,1.0,1.0,2.0
1630679616558,2.0,1.0,1.0,2.0
1630679616681,2.0,1.0,1.0,2.0
1630679616791,2.0,1.0,1.0,2.0
1630679616885,2.0,4.0,1.0,2.0
1630679616989,2.0,4.0,1.0,2.0
1630679617083,2.0,1.0,1.0,2.0
1630679617222,2.0,1.0,1.0,2.0
1630679617285,2.0,1.0,1.0,2.0
1630679617459,2.0,1.0,1.0,2.0
1630679617537,2.0,1.0,1.0,2.0
1630679617569,2.0,1.0,1.0,2.0
1630679617676,2.0,1.0,1.0,2.0
1630679617785,2.0,1.0,1.0,2.0
1630679617925,2.0,1.0,1.0,2.0
1630679618003,2.0,1.0,1.0,2.0
1630679618064,2.0,1.0,1.0,2.0
1630679618252,2.0,1.0,1.0,2.0
1630679618276,2.0,1.0,1.0,2.0
1630679618416,2.0,1.0,1.0,2.0
1630679618508,2.0,1.0,1.0,2.0
1630679618602,2.0,1.0,1.0,2.0
1630679618711,2.0,1.0,1.0,2.0
1630679618805,2.0,1.0,1.0,2.0
1630679618946,2.0,1.0,1.0,2.0
1630679618981,2.0,1.0,1.0,2.0
1630679619151,2.0,1.0,1.0,2.0
1630679619245,2.0,1.0,1.0,2.0
1630679619338,2.0,1.0,1.0,2.0
1630679619406,2.0,1.0,1.0,2.0
1630679619536,2.0,1.0,1.0,2.0
1630679619583,2.0,1.0,1.0,2.0
1630679619753,2.0,1.0,1.0,2.0
1630679619846,2.0,1.0,1.0,2.0
1630679619906,2.0,1.0,1.0,2.0
1630679620046,2.0,1.0,1.0,2.0
1630679620147,2.0,1.0,1.0,2.0
1630679620208,2.0,1.0,1.0,2.0
1630679620375,2.0,1.0,1.0,2.0
1630679620441,2.0,1.0,1.0,4.0
1630679620545,2.0,1.0,1.0,4.0
1630679620606,2.0,1.0,1.0,4.0
1630679620683,2.0,4.0,1.0,4.0
1630679620824,2.0,4.0,1.0,4.0
1630679620952,2.0,4.0,1.0,2.0
1630679621092,2.0,1.0,1.0,2.0
1630679621155,2.0,1.0,1.0,2.0
1630679621260,2.0,4.0,1.0,2.0
1630679621369,2.0,1.0,1.0,2.0
1630679621463,2.0,1.0,1.0,4.0
1630679621607,2.0,1.0,1.0,4.0
1630679621654,2.0,1.0,1.0,4.0
1630679621795,2.0,1.0,1.0,4.0
1630679621888,2.0,1.0,1.0,4.0
1630679621951,2.0,1.0,1.0,4.0
1630679622061,2.0,1.0,1.0,2.0
1630679622170,2.0,1.0,1.0,2.0
1630679622302,2.0,1.0,1.0,2.0
1630679622349,2.0,1.0,1.0,2.0
1630679622520,2.0,1.0,1.0,2.0
1630679622552,2.0,1.0,1.0,2.0
1630679622655,2.0,1.0,1.0,2.0
1630679622796,2.0,1.0,1.0,2.0
1630679622937,2.0,1.0,1.0,2.0
1630679622952,2.0,1.0,1.0,2.0
1630679623097,2.0,1.0,1.0,2.0
1630679623206,2.0,1.0,1.0,2.0
1630679623269,2.0,1.0,1.0,2.0
1630679623394,2.0,1.0,1.0,2.0
1630679623503,2.0,1.0,1.0,2.0
1630679623633,2.0,4.0,1.0,2.0
1630679623727,2.0,1.0,1.0,2.0
1630679623789,2.0,1.0,1.0,2.0
1630679623867,2.0,1.0,1.0,2.0
1630679624023,2.0,1.0,1.0,2.0
1630679624174,2.0,1.0,1.0,2.0
1630679624205,2.0,1.0,1.0,2.0
1630679624299,2.0,1.0,1.0,2.0
1630679624393,2.0,1.0,1.0,2.0
1630679624505,2.0,1.0,1.0,2.0
1630679624632,2.0,1.0,1.0,2.0
1630679624731,2.0,1.0,1.0,2.0
1630679624809,2.0,1.0,1.0,2.0
1630679624918,2.0,1.0,1.0,2.0
1630679625012,2.0,1.0,1.0,2.0
1630679625137,2.0,1.0,1.0,2.0
1630679625231,2.0,1.0,1.0,2.0
1630679625325,2.0,1.0,1.0,2.0
1630679625498,2.0,1.0,1.0,2.0
1630679625623,2.0,1.0,1.0,2.0
1630679625623,2.0,1.0,1.0,2.0
1630679625701,2.0,1.0,1.0,2.0
1630679625826,2.0,1.0,1.0,2.0
1630679625951,2.0,1.0,1.0,2.0
1630679626029,2.0,1.0,1.0,2.0
1630679626123,2.0,1.0,1.0,2.0
1630679626201,2.0,1.0,1.0,2.0
1630679626326,2.0,1.0,1.0,2.0
1630679626454,2.0,1.0,1.0,2.0
1630679626563,2.0,1.0,1.0,2.0
1630679626626,2.0,1.0,1.0,2.0
1630679626766,2.0,1.0,1.0,2.0
1630679626891,2.0,1.0,1.0,2.0
1630679626954,2.0,1.0,1.0,2.0
1630679627063,2.0,1.0,1.0,2.0
1630679627173,2.0,1.0,1.0,2.0
1630679627251,2.0,1.0,1.0,2.0
1630679627329,2.0,1.0,1.0,2.0
1630679627438,2.0,1.0,1.0,2.0
1630679627535,2.0,1.0,1.0,2.0
1630679627691,2.0,1.0,1.0,2.0
1630679627754,2.0,1.0,1.0,2.0
1630679627848,2.0,1.0,1.0,2.0
1630679627957,2.0,1.0,1.0,2.0
1630679628051,2.0,1.0,1.0,2.0
1630679628129,2.0,1.0,1.0,2.0
1630679628285,2.0,1.0,1.0,2.0
1630679628379,2.0,1.0,1.0,2.0
1630679628473,2.0,1.0,1.0,2.0
1630679628588,2.0,1.0,1.0,2.0
1630679628697,2.0,1.0,1.0,2.0
1630679628807,2.0,1.0,1.0,2.0
1630679628900,2.0,1.0,1.0,2.0
1630679628994,2.0,1.0,1.0,2.0
1630679629166,2.0,1.0,1.0,2.0
1630679629197,2.0,1.0,1.0,2.0
1630679629306,2.0,1.0,1.0,2.0
1630679629353,2.0,1.0,1.0,2.0
1630679629478,2.0,4.0,1.0,2.0
1630679629608,2.0,1.0,1.0,2.0
1630679629702,2.0,1.0,1.0,2.0
1630679629780,2.0,4.0,1.0,2.0
1630679629889,2.0,1.0,1.0,2.0
1630679629983,2.0,1.0,1.0,2.0
1630679630123,2.0,1.0,1.0,2.0
1630679630186,2.0,1.0,1.0,2.0
1630679630342,2.0,1.0,1.0,2.0
1630679630389,2.0,1.0,1.0,2.0
1630679630483,2.0,1.0,1.0,2.0
1630679630577,2.0,1.0,1.0,2.0
1630679630735,2.0,1.0,1.0,2.0
1630679630813,2.0,1.0,1.0,2.0
1630679630938,2.0,1.0,1.0,2.0
1630679631001,2.0,1.0,1.0,2.0
1630679631126,2.0,1.0,1.0,2.0
1630679631173,2.0,1.0,1.0,2.0
1630679631360,2.0,1.0,1.0,2.0
1630679631423,2.0,1.0,1.0,2.0
1630679631517,2.0,1.0,1.0,2.0
1630679631579,2.0,1.0,1.0,2.0
1630679631674,2.0,1.0,1.0,2.0
1630679631815,2.0,1.0,1.0,2.0
1630679631940,2.0,1.0,1.0,2.0
1630679632049,2.0,1.0,1.0,2.0
1630679632100,2.0,1.0,1.0,2.0
1630679632209,2.0,1.0,1.0,2.0
1630679632316,2.0,1.0,1.0,2.0
1630679632380,2.0,1.0,1.0,2.0
1630679632558,2.0,1.0,1.0,2.0
1630679632645,2.0,1.0,1.0,2.0
1630679632705,2.0,1.0,1.0,2.0
1630679632800,2.0,1.0,1.0,2.0
1630679632910,2.0,1.0,1.0,2.0
1630679633004,2.0,1.0,1.0,2.0
1630679633175,2.0,1.0,1.0,2.0
1630679633236,2.0,1.0,1.0,2.0
1630679633348,2.0,1.0,1.0,2.0
1630679633437,2.0,1.0,1.0,2.0
1630679633579,2.0,1.0,1.0,2.0
1630679633610,2.0,1.0,1.0,2.0
1630679633757,2.0,1.0,1.0,2.0
1630679633851,2.0,1.0,1.0,2.0
1630679633991,2.0,1.0,1.0,2.0
1630679634022,2.0,1.0,1.0,2.0
1630679634163,2.0,1.0,1.0,2.0
1630679634224,2.0,1.0,1.0,2.0
1630679634354,2.0,1.0,1.0,2.0
1630679634461,2.0,1.0,1.0,2.0
1630679634609,2.0,1.0,1.0,2.0
1630679634655,2.0,1.0,1.0,2.0
1630679634765,2.0,1.0,1.0,2.0
1630679634842,2.0,1.0,1.0,2.0
1630679634983,2.0,1.0,1.0,2.0
1630679635077,2.0,1.0,1.0,2.0
1630679635171,2.0,1.0,1.0,2.0
1630679635280,2.0,1.0,1.0,2.0
1630679635342,2.0,1.0,1.0,2.0
1630679635452,2.0,1.0,1.0,2.0
1630679635594,2.0,1.0,1.0,2.0
1630679635688,2.0,1.0,1.0,2.0
1630679635765,2.0,1.0,1.0,2.0
1630679635890,2.0,1.0,1.0,2.0
1630679636000,2.0,1.0,1.0,2.0
1630679636083,2.0,1.0,1.0,2.0
1630679636189,2.0,1.0,1.0,2.0
1630679636299,2.0,1.0,1.0,2.0
1630679636408,2.0,1.0,1.0,2.0
1630679636506,2.0,1.0,1.0,2.0
1630679636635,2.0,1.0,1.0,2.0
1630679636664,2.0,1.0,1.0,2.0
1630679636789,2.0,1.0,1.0,2.0
1630679636913,2.0,4.0,1.0,2.0
1630679636991,2.0,1.0,1.0,2.0
1630679637101,2.0,4.0,1.0,2.0
1630679637209,2.0,1.0,1.0,2.0
1630679637300,2.0,1.0,1.0,2.0
1630679637443,2.0,1.0,1.0,2.0
1630679637504,2.0,1.0,1.0,2.0
1630679637609,2.0,4.0,1.0,2.0
1630679637674,2.0,4.0,1.0,2.0
1630679637815,2.0,1.0,1.0,2.0
1630679637877,2.0,1.0,1.0,2.0
1630679638002,2.0,1.0,1.0,2.0
1630679638112,2.0,1.0,1.0,2.0
1630679638237,2.0,1.0,1.0,2.0
1630679638330,2.0,1.0,1.0,2.0
1630679638393,2.0,1.0,1.0,2.0
1630679638487,2.0,1.0,1.0,2.0
1630679638654,2.0,1.0,1.0,2.0
1630679638735,2.0,1.0,1.0,2.0
1630679638828,2.0,1.0,1.0,2.0
1630679638954,2.0,1.0,1.0,2.0
1630679639032,2.0,1.0,1.0,2.0
1630679639141,2.0,1.0,1.0,2.0
1630679639266,2.0,1.0,1.0,2.0
1630679639344,2.0,1.0,1.0,2.0
1630679639438,2.0,1.0,1.0,2.0
1630679639597,2.0,1.0,1.0,2.0
1630679639644,2.0,1.0,1.0,2.0
1630679639753,2.0,1.0,1.0,2.0
1630679639925,2.0,1.0,1.0,2.0
1630679639987,2.0,4.0,1.0,2.0
1630679640034,2.0,4.0,1.0,2.0
1630679640128,2.0,2.0,1.0,2.0
1630679640269,2.0,1.0,1.0,2.0
1630679640378,2.0,1.0,1.0,2.0
1630679640503,2.0,2.0,1.0,2.0
1630679640567,2.0,2.0,1.0,2.0
1630679640661,2.0,2.0,1.0,2.0
1630679640760,2.0,2.0,1.0,2.0
1630679640871,2.0,2.0,1.0,2.0
1630679640932,2.0,1.0,1.0,2.0
1630679641055,2.0,1.0,1.0,2.0
1630679641194,2.0,4.0,1.0,2.0
1630679641272,2.0,4.0,1.0,2.0
1630679641380,2.0,4.0,1.0,2.0
1630679641461,2.0,4.0,1.0,2.0
1630679641539,2.0,1.0,1.0,2.0
1630679641716,2.0,1.0,1.0,2.0
1630679641880,2.0,1.0,1.0,2.0
1630679641914,2.0,1.0,1.0,2.0
1630679641974,2.0,1.0,1.0,2.0
1630679642068,2.0,1.0,1.0,2.0
1630679642177,2.0,1.0,1.0,2.0
1630679642332,2.0,1.0,1.0,2.0
1630679642444,2.0,1.0,1.0,2.0
1630679642504,2.0,1.0,1.0,2.0
1630679642604,1.0,1.0,1.0,1.0
1630679642714,1.0,1.0,1.0,1.0
1630679642761,1.0,1.0,1.0,1.0
1630679642979,1.0,1.0,1.0,1.0
1630679643044,1.0,1.0,1.0,1.0
1630679643122,1.0,1.0,1.0,1.0
1630679643216,1.0,1.0,1.0,1.0
1630679643278,1.0,1.0,1.0,1.0
1630679643372,1.0,1.0,1.0,1.0
1630679643528,1.0,1.0,1.0,1.0
1630679643606,1.0,1.0,1.0,1.0
1630679643714,1.0,1.0,1.0,1.0
1630679643853,1.0,1.0,1.0,1.0
1630679643954,1.0,1.0,1.0,1.0
1630679644017,1.0,1.0,1.0,1.0
1630679644142,1.0,1.0,1.0,1.0
1630679644236,1.0,1.0,1.0,1.0
1630679644345,1.0,1.0,1.0,1.0
1630679644407,1.0,1.0,1.0,1.0
1630679644519,1.0,1.0,1.0,1.0
1630679644644,1.0,1.0,1.0,1.0
1630679644753,1.0,1.0,1.0,1.0
1630679644863,1.0,1.0,1.0,1.0
1630679644910,1.0,1.0,1.0,1.0
1630679645019,1.0,1.0,1.0,1.0
1630679645160,1.0,1.0,1.0,1.0
1630679645222,2.0,1.0,1.0,2.0
1630679645394,2.0,1.0,1.0,2.0
1630679645459,2.0,1.0,1.0,2.0
1630679645553,2.0,1.0,1.0,2.0
1630679645641,2.0,1.0,1.0,2.0
1630679645766,2.0,1.0,1.0,2.0
1630679645797,2.0,1.0,1.0,2.0
1630679645953,2.0,1.0,1.0,2.0
1630679646063,2.0,1.0,1.0,2.0
1630679646172,2.0,1.0,1.0,2.0
1630679646219,2.0,1.0,1.0,2.0
1630679646438,2.0,1.0,1.0,2.0
1630679646500,2.0,1.0,1.0,2.0
1630679646566,2.0,1.0,1.0,2.0
1630679646675,2.0,1.0,1.0,2.0
1630679646800,2.0,1.0,1.0,2.0
1630679646831,2.0,1.0,1.0,2.0
1630679647003,2.0,1.0,1.0,2.0
1630679647097,2.0,1.0,1.0,2.0
1630679647237,2.0,1.0,1.0,2.0
1630679647300,2.0,1.0,1.0,2.0
1630679647441,2.0,1.0,1.0,2.0
1630679647478,2.0,1.0,1.0,2.0
1630679647560,2.0,1.0,1.0,2.0
1630679647638,2.0,1.0,1.0,2.0
1630679647825,2.0,1.0,1.0,2.0
1630679647872,2.0,1.0,1.0,2.0
1630679647982,2.0,1.0,1.0,2.0
1630679648107,2.0,1.0,1.0,2.0
1630679648169,2.0,1.0,1.0,2.0
1630679648247,2.0,1.0,1.0,2.0
1630679648388,2.0,1.0,1.0,2.0
1630679648528,2.0,1.0,1.0,2.0
1630679648642,2.0,1.0,1.0,2.0
1630679648689,2.0,1.0,1.0,2.0
1630679648830,2.0,1.0,1.0,2.0
1630679648892,2.0,1.0,1.0,2.0
1630679649064,2.0,1.0,1.0,2.0
1630679649095,2.0,1.0,1.0,2.0
1630679649267,2.0,1.0,1.0,2.0
1630679649298,2.0,1.0,1.0,2.0
1630679649392,2.0,1.0,1.0,2.0
1630679649455,2.0,1.0,1.0,2.0
1630679649630,2.0,1.0,1.0,2.0
1630679649724,2.0,1.0,1.0,2.0
1630679649834,1.0,1.0,1.0,1.0
1630679649896,1.0,1.0,1.0,1.0
1630679650021,1.0,1.0,1.0,1.0
1630679650115,1.0,1.0,1.0,1.0
1630679650255,1.0,1.0,1.0,1.0
1630679650302,1.0,1.0,1.0,1.0
1630679650396,1.0,1.0,1.0,1.0
1630679650568,1.0,1.0,1.0,1.0
1630679650599,1.0,1.0,1.0,1.0
1630679650695,1.0,1.0,1.0,1.0
1630679650867,1.0,1.0,1.0,1.0
1630679650930,1.0,1.0,1.0,1.0
1630679651070,1.0,1.0,1.0,1.0
1630679651226,1.0,1.0,1.0,1.0
1630679651320,1.0,1.0,1.0,1.0
1630679651383,1.0,1.0,1.0,1.0
1630679651476,1.0,1.0,1.0,1.0
1630679651554,1.0,1.0,1.0,1.0
1630679651649,1.0,1.0,1.0,1.0
1630679651745,1.0,1.0,1.0,1.0
1630679651870,1.0,1.0,1.0,1.0
1630679651932,2.0,1.0,1.0,2.0
1630679652135,2.0,1.0,1.0,2.0
1630679652167,2.0,1.0,1.0,2.0
1630679652229,2.0,1.0,1.0,2.0
1630679652370,2.0,1.0,1.0,2.0
1630679652435,2.0,4.0,1.0,2.0
1630679652529,2.0,4.0,1.0,2.0
1630679652669,4.0,4.0,4.0,4.0
1630679652841,4.0,4.0,4.0,4.0
1630679652966,4.0,4.0,4.0,4.0
1630679652966,4.0,4.0,4.0,4.0
1630679653028,2.0,4.0,4.0,4.0
1630679653138,2.0,4.0,2.0,2.0
1630679653294,2.0,4.0,2.0,2.0
1630679653403,2.0,4.0,4.0,2.0
1630679653469,2.0,2.0,4.0,2.0
1630679653578,2.0,4.0,1.0,2.0
1630679653656,2.0,1.0,1.0,2.0
1630679653750,2.0,1.0,1.0,2.0
1630679653891,2.0,1.0,1.0,2.0
1630679653984,2.0,1.0,1.0,2.0
1630679654031,2.0,1.0,1.0,2.0
1630679654234,2.0,4.0,1.0,2.0
1630679654266,2.0,1.0,1.0,2.0
1630679654391,2.0,1.0,1.0,2.0
1630679654503,2.0,1.0,1.0,2.0
1630679654597,2.0,1.0,1.0,2.0
1630679654675,2.0,1.0,1.0,2.0
1630679654768,2.0,1.0,1.0,2.0
1630679654894,2.0,1.0,1.0,2.0
1630679654972,2.0,1.0,1.0,2.0
1630679655097,2.0,1.0,1.0,2.0
1630679655190,2.0,1.0,1.0,2.0
1630679655300,2.0,1.0,1.0,2.0
1630679655394,2.0,1.0,1.0,2.0
1630679655472,2.0,1.0,1.0,2.0
1630679655553,2.0,1.0,1.0,2.0
1630679655694,2.0,1.0,1.0,2.0
1630679655803,2.0,1.0,1.0,2.0
1630679655928,2.0,1.0,1.0,2.0
1630679655990,2.0,1.0,1.0,2.0
1630679656084,2.0,1.0,1.0,2.0
1630679656241,2.0,1.0,1.0,2.0
1630679656428,2.0,1.0,1.0,2.0
1630679656443,2.0,1.0,1.0,2.0
1630679656569,2.0,1.0,1.0,2.0
1630679656603,2.0,1.0,1.0,2.0
1630679656697,2.0,1.0,1.0,2.0
1630679656759,2.0,1.0,1.0,2.0
1630679656931,2.0,1.0,1.0,2.0
1630679657150,2.0,1.0,1.0,2.0
1630679657182,2.0,1.0,1.0,2.0
1630679657244,2.0,1.0,1.0,2.0
1630679657322,2.0,1.0,1.0,2.0
1630679657416,2.0,1.0,1.0,2.0
1630679657572,2.0,1.0,1.0,2.0
1630679657766,2.0,1.0,1.0,2.0
1630679657798,2.0,1.0,1.0,2.0
1630679657828,2.0,1.0,1.0,2.0
1630679657889,2.0,1.0,1.0,2.0
1630679658031,2.0,1.0,1.0,2.0
1630679658157,2.0,1.0,1.0,2.0
1630679658248,2.0,1.0,1.0,2.0
1630679658341,2.0,1.0,1.0,2.0
1630679658481,2.0,1.0,1.0,2.0
1630679658512,2.0,1.0,1.0,2.0
1630679658637,2.0,1.0,1.0,2.0
1630679658813,2.0,4.0,1.0,2.0
1630679658875,2.0,2.0,1.0,2.0
1630679658988,2.0,4.0,1.0,2.0
1630679659073,2.0,4.0,1.0,2.0
1630679659134,2.0,4.0,1.0,2.0
1630679659244,2.0,4.0,1.0,2.0
1630679659423,2.0,4.0,1.0,2.0
1630679659470,2.0,2.0,1.0,2.0
1630679659548,2.0,2.0,1.0,2.0
1630679659657,2.0,1.0,1.0,2.0
1630679659796,2.0,1.0,1.0,2.0
1630679659827,2.0,1.0,1.0,2.0
1630679660012,2.0,1.0,1.0,2.0
1630679660059,2.0,1.0,1.0,2.0
1630679660210,2.0,1.0,1.0,2.0
1630679660257,2.0,1.0,1.0,2.0
1630679660350,2.0,1.0,1.0,2.0
1630679660458,2.0,1.0,1.0,2.0
1630679660626,2.0,1.0,1.0,2.0
1630679660689,2.0,1.0,1.0,2.0
1630679660782,2.0,1.0,1.0,2.0
1630679660860,2.0,1.0,1.0,2.0
1630679660954,2.0,1.0,1.0,2.0
1630679661059,2.0,1.0,1.0,2.0
1630679661231,2.0,1.0,1.0,2.0
1630679661331,2.0,1.0,1.0,2.0
1630679661361,2.0,1.0,1.0,2.0
1630679661455,2.0,1.0,1.0,2.0
1630679661563,2.0,1.0,1.0,2.0
1630679661673,2.0,1.0,1.0,2.0
1630679661802,2.0,1.0,1.0,2.0
1630679661941,2.0,4.0,4.0,2.0
1630679662045,4.0,4.0,4.0,4.0
1630679662104,4.0,4.0,4.0,4.0
1630679662212,4.0,4.0,4.0,4.0
1630679662275,2.0,2.0,2.0,2.0
1630679662474,4.0,2.0,4.0,4.0
1630679662505,4.0,2.0,4.0,2.0
1630679662633,4.0,2.0,4.0,2.0
1630679662709,4.0,4.0,4.0,4.0
1630679662803,4.0,4.0,4.0,4.0
1630679662881,4.0,4.0,4.0,4.0
1630679663146,4.0,4.0,4.0,4.0
1630679663178,4.0,4.0,4.0,4.0
1630679663209,2.0,2.0,2.0,2.0
1630679663350,2.0,2.0,2.0,2.0
1630679663412,2.0,1.0,1.0,2.0
1630679663490,2.0,1.0,1.0,2.0
1630679663728,2.0,1.0,1.0,2.0
1630679663759,2.0,1.0,1.0,2.0
1630679663868,2.0,1.0,1.0,2.0
1630679663931,2.0,1.0,1.0,2.0
1630679664056,2.0,1.0,1.0,2.0
1630679664071,2.0,1.0,1.0,2.0
1630679664227,2.0,1.0,1.0,2.0
1630679664337,2.0,1.0,1.0,2.0
1630679664462,2.0,1.0,1.0,2.0
1630679664540,2.0,1.0,1.0,2.0
1630679664713,2.0,1.0,1.0,2.0
1630679664745,2.0,1.0,1.0,2.0
1630679664854,2.0,1.0,1.0,2.0
1630679664964,2.0,1.0,1.0,2.0
1630679665058,2.0,1.0,1.0,2.0
1630679665105,2.0,1.0,1.0,2.0
1630679665324,2.0,1.0,1.0,2.0
1630679665355,2.0,1.0,1.0,2.0
1630679665480,2.0,1.0,1.0,2.0
1630679665620,2.0,1.0,1.0,2.0
1630679665652,2.0,1.0,1.0,2.0
1630679665745,2.0,1.0,1.0,2.0
1630679665855,2.0,1.0,1.0,2.0
1630679665948,2.0,1.0,1.0,2.0
1630679666078,2.0,1.0,1.0,2.0
1630679666188,2.0,1.0,1.0,2.0
1630679666344,2.0,1.0,1.0,2.0
1630679666422,2.0,1.0,1.0,2.0
1630679666453,2.0,1.0,1.0,2.0
1630679666587,2.0,1.0,1.0,2.0
1630679666729,2.0,1.0,1.0,2.0
1630679666747,2.0,1.0,1.0,2.0
1630679666888,2.0,1.0,1.0,2.0
1630679667013,2.0,2.0,1.0,2.0
1630679667123,2.0,2.0,1.0,2.0
1630679667193,2.0,2.0,1.0,2.0
1630679667271,2.0,4.0,1.0,2.0
1630679667380,2.0,2.0,1.0,2.0
1630679667489,2.0,2.0,1.0,2.0
1630679667664,2.0,2.0,1.0,2.0
1630679667711,2.0,2.0,1.0,2.0
1630679667789,2.0,2.0,1.0,2.0
1630679667945,2.0,1.0,1.0,2.0
1630679668055,2.0,1.0,1.0,2.0
1630679668117,2.0,1.0,1.0,2.0
1630679668211,2.0,1.0,1.0,2.0
1630679668289,2.0,1.0,1.0,2.0
1630679668351,2.0,1.0,1.0,2.0
1630679668541,2.0,1.0,1.0,2.0
1630679668588,2.0,1.0,1.0,2.0
1630679668721,2.0,1.0,1.0,2.0
1630679668893,2.0,1.0,1.0,2.0
1630679669018,2.0,1.0,1.0,2.0
1630679669158,2.0,1.0,1.0,2.0
1630679669174,2.0,1.0,1.0,2.0
1630679669252,2.0,1.0,1.0,2.0
1630679669346,2.0,1.0,1.0,2.0
1630679669439,2.0,1.0,1.0,2.0
1630679669568,2.0,1.0,1.0,2.0
1630679669661,2.0,1.0,1.0,2.0
1630679669755,2.0,1.0,1.0,2.0
1630679669818,2.0,1.0,1.0,2.0
1630679669990,2.0,1.0,1.0,2.0
1630679670052,2.0,1.0,1.0,2.0
1630679670193,2.0,4.0,1.0,2.0
1630679670193,2.0,1.0,1.0,2.0
1630679670364,2.0,1.0,1.0,2.0
1630679670489,2.0,1.0,1.0,2.0
1630679670586,2.0,1.0,1.0,2.0
1630679670648,2.0,1.0,1.0,2.0
1630679670789,2.0,1.0,1.0,2.0
1630679670804,2.0,1.0,1.0,2.0
1630679670945,2.0,1.0,1.0,2.0
1630679671086,2.0,1.0,1.0,2.0
1630679671179,2.0,1.0,1.0,2.0
1630679671226,2.0,1.0,1.0,2.0
1630679671351,2.0,1.0,1.0,2.0
1630679671414,2.0,1.0,1.0,2.0
1630679671617,2.0,1.0,1.0,2.0
1630679671664,2.0,1.0,1.0,2.0
1630679671757,2.0,1.0,1.0,2.0
1630679671867,2.0,1.0,1.0,2.0
1630679671976,2.0,1.0,1.0,2.0
1630679672085,2.0,1.0,1.0,2.0
1630679672210,2.0,1.0,1.0,2.0
1630679672273,2.0,1.0,1.0,2.0
1630679672429,2.0,1.0,1.0,2.0
1630679672445,2.0,1.0,1.0,2.0
1630679672507,2.0,1.0,1.0,2.0
1630679672617,2.0,1.0,1.0,2.0
1630679672820,2.0,1.0,1.0,2.0
1630679672882,1.0,1.0,1.0,1.0
1630679673023,1.0,1.0,1.0,1.0
1630679673085,1.0,1.0,1.0,1.0
1630679673150,1.0,1.0,1.0,1.0
1630679673232,1.0,1.0,1.0,1.0
1630679673368,1.0,1.0,1.0,1.0
1630679673463,1.0,1.0,1.0,1.0
1630679673556,1.0,1.0,1.0,1.0
1630679673649,1.0,1.0,1.0,1.0
1630679673745,1.0,1.0,1.0,1.0
1630679673885,1.0,1.0,1.0,1.0
1630679673976,1.0,1.0,1.0,1.0
1630679674083,1.0,1.0,1.0,1.0
1630679674207,1.0,1.0,1.0,1.0
1630679674379,1.0,1.0,1.0,1.0
1630679674414,1.0,1.0,1.0,1.0
1630679674477,1.0,1.0,1.0,1.0
1630679674682,1.0,1.0,1.0,1.0
1630679674776,1.0,1.0,1.0,1.0
1630679674792,1.0,1.0,1.0,1.0
1630679674917,1.0,1.0,1.0,1.0
1630679674990,1.0,1.0,1.0,1.0
1630679675057,1.0,1.0,1.0,1.0
1630679675244,1.0,1.0,1.0,1.0
1630679675307,1.0,1.0,1.0,1.0
1630679675416,1.0,1.0,1.0,1.0
1630679675526,1.0,1.0,1.0,1.0
1630679675602,1.0,1.0,1.0,1.0
1630679675728,1.0,1.0,1.0,1.0
1630679675841,1.0,1.0,1.0,1.0
1630679675997,1.0,1.0,1.0,1.0
1630679676107,1.0,1.0,1.0,1.0
1630679676190,1.0,1.0,1.0,1.0
1630679676219,1.0,1.0,1.0,1.0
1630679676354,1.0,1.0,1.0,1.0
1630679676416,1.0,1.0,1.0,1.0
1630679676512,1.0,1.0,1.0,1.0
1630679676622,1.0,1.0,1.0,1.0
1630679676716,1.0,1.0,1.0,1.0
1630679676825,1.0,1.0,1.0,1.0
1630679676919,1.0,1.0,1.0,1.0
1630679677232,1.0,1.0,1.0,1.0
1630679677232,1.0,1.0,1.0,1.0
1630679677279,1.0,1.0,1.0,1.0
1630679677357,1.0,1.0,1.0,1.0
1630679677419,1.0,1.0,1.0,1.0
1630679677561,1.0,1.0,1.0,1.0
1630679677639,1.0,1.0,1.0,1.0
1630679677764,1.0,1.0,1.0,1.0
1630679677827,1.0,1.0,1.0,1.0
1630679677967,1.0,1.0,1.0,1.0
1630679678010,1.0,1.0,1.0,1.0
1630679678104,1.0,1.0,1.0,1.0
1630679678260,1.0,1.0,1.0,1.0
1630679678369,1.0,1.0,1.0,1.0
1630679678463,1.0,1.0,1.0,1.0
1630679678606,1.0,1.0,1.0,1.0
1630679678637,1.0,1.0,1.0,1.0
1630679678778,1.0,1.0,1.0,1.0
1630679678872,1.0,1.0,1.0,1.0
1630679678965,1.0,1.0,1.0,1.0
1630679679075,1.0,1.0,1.0,1.0
1630679679137,1.0,1.0,1.0,1.0
1630679679262,1.0,1.0,1.0,1.0
1630679679398,1.0,1.0,1.0,1.0
1630679679476,1.0,1.0,1.0,1.0
1630679679588,1.0,1.0,1.0,1.0
1630679679650,1.0,1.0,1.0,1.0
1630679679744,1.0,1.0,1.0,1.0
1630679679884,1.0,1.0,1.0,1.0
1630679679982,1.0,1.0,1.0,1.0
1630679680092,1.0,1.0,1.0,1.0
1630679680217,1.0,1.0,1.0,1.0
1630679680279,1.0,1.0,1.0,1.0
1630679680482,1.0,1.0,1.0,1.0
1630679680576,1.0,1.0,1.0,1.0
1630679680644,1.0,1.0,1.0,1.0
1630679680785,1.0,1.0,1.0,1.0
1630679680816,1.0,1.0,1.0,1.0
1630679680878,1.0,1.0,1.0,1.0
1630679681019,1.0,1.0,1.0,1.0
1630679681128,1.0,1.0,1.0,1.0
1630679681160,1.0,1.0,1.0,1.0
1630679681316,1.0,1.0,1.0,1.0
1630679681409,1.0,1.0,1.0,1.0
1630679681519,1.0,1.0,1.0,1.0
1630679681628,1.0,1.0,1.0,1.0
1630679681695,1.0,1.0,1.0,1.0
1630679681789,1.0,1.0,1.0,1.0
1630679681945,1.0,1.0,1.0,1.0
1630679682107,1.0,1.0,1.0,1.0
1630679682217,1.0,1.0,1.0,1.0
1630679682248,1.0,1.0,1.0,1.0
1630679682310,1.0,1.0,1.0,1.0
1630679682388,1.0,1.0,1.0,1.0
1630679682513,1.0,1.0,1.0,1.0
1630679682717,1.0,1.0,1.0,1.0
1630679682751,1.0,1.0,1.0,1.0
1630679682860,1.0,1.0,1.0,1.0
1630679682941,1.0,1.0,1.0,1.0
1630679683020,1.0,1.0,1.0,1.0
1630679683160,1.0,1.0,1.0,1.0
1630679683254,1.0,1.0,1.0,1.0
1630679683348,1.0,1.0,1.0,1.0
1630679683506,1.0,1.0,1.0,1.0
1630679683553,1.0,1.0,1.0,1.0
1630679683631,1.0,1.0,1.0,1.0
1630679683756,1.0,1.0,1.0,1.0
1630679683885,1.0,1.0,1.0,1.0
1630679683947,1.0,1.0,1.0,1.0
1630679684056,1.0,1.0,1.0,1.0
1630679684119,1.0,1.0,1.0,1.0
1630679684213,1.0,1.0,1.0,1.0
1630679684385,1.0,1.0,1.0,1.0
1630679684447,1.0,1.0,1.0,1.0
1630679684589,1.0,1.0,1.0,1.0
1630679684683,1.0,1.0,1.0,1.0
1630679684777,1.0,1.0,1.0,1.0
1630679684886,1.0,1.0,1.0,1.0
1630679684949,1.0,1.0,1.0,1.0
1630679685245,1.0,1.0,1.0,1.0
1630679685261,1.0,1.0,1.0,1.0
1630679685277,1.0,1.0,1.0,1.0
1630679685386,1.0,1.0,1.0,1.0
1630679685480,1.0,1.0,1.0,1.0
1630679685624,1.0,1.0,1.0,1.0
1630679685718,1.0,1.0,1.0,1.0
1630679685780,1.0,1.0,1.0,1.0
1630679685874,1.0,1.0,1.0,1.0
1630679685952,1.0,1.0,1.0,1.0
1630679686061,1.0,1.0,1.0,1.0
1630679686185,1.0,1.0,1.0,1.0
1630679686295,1.0,1.0,1.0,1.0
1630679686403,1.0,1.0,1.0,1.0
1630679686481,1.0,1.0,1.0,1.0
1630679686622,1.0,1.0,1.0,1.0
1630679686672,1.0,1.0,1.0,1.0
1630679686780,1.0,1.0,1.0,1.0
1630679686920,1.0,1.0,1.0,1.0
1630679686981,1.0,1.0,1.0,1.0
1630679687125,1.0,1.0,1.0,1.0
1630679687217,1.0,1.0,1.0,1.0
1630679687280,1.0,1.0,1.0,1.0
1630679687452,2.0,1.0,1.0,2.0
1630679687558,2.0,1.0,1.0,2.0
1630679687652,2.0,1.0,1.0,2.0
1630679687684,2.0,1.0,1.0,2.0
1630679687794,2.0,1.0,1.0,2.0
1630679687857,2.0,1.0,1.0,2.0
1630679688038,2.0,1.0,1.0,2.0
1630679688116,2.0,1.0,1.0,2.0
1630679688228,1.0,1.0,1.0,1.0
1630679688290,1.0,1.0,1.0,1.0
1630679688415,1.0,1.0,1.0,1.0
1630679688496,1.0,1.0,1.0,1.0
1630679688823,1.0,1.0,1.0,1.0
1630679688838,1.0,1.0,1.0,1.0
1630679688926,1.0,1.0,1.0,1.0
1630679688957,1.0,1.0,1.0,1.0
1630679689020,1.0,1.0,1.0,1.0
1630679689114,1.0,1.0,1.0,1.0
1630679689254,1.0,1.0,1.0,1.0
1630679689363,1.0,1.0,1.0,1.0
1630679689426,1.0,1.0,1.0,1.0
1630679689493,1.0,1.0,1.0,1.0
1630679689665,1.0,1.0,1.0,1.0
1630679689790,1.0,1.0,1.0,1.0
1630679689930,1.0,1.0,1.0,1.0
1630679690027,1.0,1.0,1.0,1.0
1630679690121,1.0,1.0,1.0,1.0
1630679690121,1.0,1.0,1.0,1.0
1630679690199,1.0,1.0,1.0,1.0
1630679690340,1.0,1.0,1.0,1.0
1630679690449,1.0,1.0,1.0,1.0
1630679690546,1.0,1.0,1.0,1.0
1630679690655,1.0,1.0,1.0,1.0
1630679690748,1.0,1.0,1.0,1.0
1630679690842,1.0,1.0,1.0,1.0
1630679690920,1.0,1.0,1.0,1.0
1630679691076,1.0,1.0,1.0,1.0
1630679691170,1.0,1.0,1.0,1.0
1630679691264,1.0,1.0,1.0,1.0
1630679691358,1.0,1.0,1.0,1.0
1630679691451,1.0,1.0,1.0,1.0
1630679691563,1.0,1.0,1.0,1.0
1630679691657,1.0,1.0,1.0,1.0
1630679691750,1.0,1.0,1.0,1.0
1630679691844,1.0,1.0,1.0,1.0
1630679691938,1.0,1.0,1.0,1.0
1630679692047,1.0,1.0,1.0,1.0
1630679692110,1.0,1.0,1.0,1.0
1630679692282,1.0,1.0,1.0,1.0
1630679692379,1.0,1.0,1.0,1.0
1630679692459,1.0,1.0,1.0,1.0
1630679692555,1.0,1.0,1.0,1.0
1630679692693,1.0,1.0,1.0,1.0
1630679692772,1.0,1.0,1.0,1.0
1630679692914,1.0,1.0,1.0,1.0
1630679693021,1.0,1.0,1.0,1.0
1630679693099,1.0,1.0,1.0,1.0
1630679693272,1.0,1.0,1.0,1.0
1630679693305,1.0,1.0,1.0,1.0
1630679693363,1.0,1.0,1.0,1.0
1630679693564,1.0,1.0,1.0,1.0
1630679693593,1.0,1.0,1.0,1.0
1630679693655,1.0,1.0,1.0,1.0
1630679693796,1.0,1.0,1.0,1.0
1630679693859,1.0,1.0,1.0,1.0
1630679693984,1.0,1.0,1.0,1.0
1630679694124,1.0,1.0,1.0,1.0
1630679694218,1.0,1.0,1.0,1.0
1630679694343,1.0,1.0,1.0,1.0
1630679694421,1.0,1.0,1.0,1.0
1630679694483,1.0,1.0,1.0,1.0
1630679694659,1.0,1.0,1.0,1.0
1630679694784,1.0,1.0,1.0,1.0
1630679694784,1.0,1.0,1.0,1.0
1630679694909,1.0,1.0,1.0,1.0
1630679694972,1.0,1.0,1.0,1.0
1630679695081,1.0,1.0,1.0,1.0
1630679695269,1.0,1.0,1.0,1.0
1630679695347,1.0,1.0,1.0,1.0
1630679695440,1.0,1.0,1.0,1.0
1630679695503,1.0,1.0,1.0,1.0
1630679695599,1.0,1.0,1.0,1.0
1630679695694,1.0,1.0,1.0,1.0
1630679695788,1.0,1.0,1.0,1.0
1630679696069,1.0,1.0,1.0,1.0
1630679696131,1.0,1.0,1.0,1.0
1630679696303,1.0,1.0,1.0,1.0
1630679696366,1.0,1.0,1.0,1.0
1630679696412,1.0,1.0,1.0,1.0
1630679696428,1.0,1.0,1.0,1.0
1630679696632,1.0,1.0,1.0,1.0
1630679696633,1.0,1.0,1.0,1.0
1630679696806,1.0,1.0,1.0,1.0
1630679696838,1.0,1.0,1.0,1.0
1630679696972,1.0,1.0,1.0,1.0
1630679697004,1.0,1.0,1.0,1.0
1630679697207,1.0,1.0,1.0,1.0
1630679697222,1.0,1.0,1.0,1.0
1630679697457,1.0,1.0,1.0,1.0
1630679697457,1.0,1.0,1.0,1.0
1630679697551,1.0,1.0,1.0,1.0
1630679697644,1.0,1.0,1.0,1.0
1630679697801,1.0,1.0,1.0,1.0
1630679697941,1.0,1.0,1.0,1.0
1630679697972,1.0,1.0,1.0,1.0
1630679698097,1.0,1.0,1.0,1.0
1630679698179,1.0,1.0,1.0,1.0
1630679698242,1.0,1.0,1.0,1.0
1630679698431,1.0,1.0,1.0,1.0
1630679698478,1.0,1.0,1.0,1.0
1630679698635,1.0,1.0,1.0,1.0
1630679698650,1.0,1.0,1.0,1.0
1630679698746,1.0,1.0,1.0,1.0
1630679698918,1.0,1.0,1.0,1.0
1630679698980,1.0,1.0,1.0,1.0
1630679699152,1.0,1.0,1.0,1.0
1630679699214,1.0,1.0,1.0,1.0
1630679699261,1.0,1.0,1.0,1.0
1630679699386,1.0,1.0,1.0,1.0
1630679699449,1.0,1.0,1.0,1.0
1630679699589,1.0,1.0,1.0,1.0
1630679699715,1.0,1.0,1.0,1.0
1630679699746,1.0,1.0,1.0,1.0
1630679699886,2.0,1.0,1.0,2.0
1630679700011,1.0,1.0,1.0,1.0
1630679700073,1.0,1.0,1.0,1.0
1630679700308,1.0,1.0,1.0,1.0
1630679700339,1.0,1.0,1.0,1.0
1630679700370,1.0,1.0,1.0,1.0
1630679700565,1.0,1.0,1.0,1.0
1630679700581,1.0,1.0,1.0,1.0
1630679700690,1.0,1.0,1.0,1.0
1630679700783,1.0,1.0,1.0,1.0
1630679700895,1.0,1.0,1.0,1.0
1630679700970,1.0,1.0,1.0,1.0
1630679701126,1.0,1.0,1.0,1.0
1630679701187,1.0,1.0,1.0,1.0
1630679701295,1.0,1.0,1.0,1.0
1630679701422,1.0,1.0,1.0,1.0
1630679701508,1.0,1.0,1.0,1.0
1630679701635,1.0,1.0,1.0,1.0
1630679701698,1.0,1.0,1.0,1.0
1630679701807,1.0,1.0,1.0,1.0
1630679701885,1.0,1.0,1.0,1.0
1630679702088,1.0,1.0,1.0,1.0
1630679702182,1.0,1.0,1.0,1.0
1630679702260,1.0,1.0,1.0,1.0
1630679702306,1.0,1.0,1.0,1.0
1630679702421,1.0,1.0,1.0,1.0
1630679702531,1.0,1.0,1.0,1.0
1630679702722,1.0,1.0,1.0,1.0
1630679702800,1.0,1.0,1.0,1.0
1630679702909,1.0,1.0,1.0,1.0
1630679702941,1.0,1.0,1.0,1.0
1630679703035,1.0,1.0,1.0,1.0
1630679703112,1.0,1.0,1.0,1.0
1630679703362,1.0,1.0,1.0,1.0
1630679703409,1.0,1.0,1.0,1.0
1630679703440,1.0,1.0,1.0,1.0
1630679703550,1.0,1.0,1.0,1.0
1630679703647,1.0,1.0,1.0,1.0
1630679703695,1.0,1.0,1.0,1.0
1630679703898,1.0,1.0,1.0,1.0
1630679703976,1.0,1.0,1.0,1.0
1630679704070,1.0,1.0,1.0,1.0
1630679704164,1.0,1.0,1.0,1.0
1630679704242,1.0,1.0,1.0,1.0
1630679704336,1.0,1.0,1.0,1.0
1630679704461,1.0,1.0,1.0,1.0
1630679704570,1.0,1.0,1.0,1.0
1630679704664,1.0,1.0,1.0,1.0
1630679704773,1.0,1.0,1.0,1.0
1630679704911,1.0,1.0,1.0,1.0
1630679704974,1.0,1.0,1.0,1.0
1630679705223,1.0,1.0,1.0,1.0
1630679705254,1.0,1.0,1.0,1.0
1630679705317,1.0,1.0,1.0,1.0
1630679705379,1.0,1.0,1.0,1.0
1630679705489,1.0,1.0,1.0,1.0
1630679705582,1.0,1.0,1.0,1.0
1630679705723,1.0,1.0,1.0,1.0
1630679705788,1.0,1.0,1.0,1.0
1630679705892,1.0,1.0,1.0,1.0
1630679705986,1.0,1.0,1.0,1.0
1630679706048,1.0,1.0,1.0,1.0
1630679706142,1.0,1.0,1.0,1.0
1630679706312,1.0,1.0,1.0,1.0
1630679706437,1.0,1.0,1.0,1.0
1630679706483,1.0,1.0,1.0,1.0
1630679706565,1.0,1.0,1.0,1.0
1630679706675,1.0,1.0,1.0,1.0
1630679706815,1.0,1.0,1.0,1.0
1630679706940,1.0,1.0,1.0,1.0
1630679707003,1.0,1.0,1.0,1.0
1630679707206,1.0,1.0,1.0,1.0
1630679707237,1.0,1.0,1.0,1.0
1630679707268,1.0,1.0,1.0,1.0
1630679707424,1.0,1.0,1.0,1.0
1630679707519,1.0,1.0,1.0,1.0
1630679707613,1.0,1.0,1.0,1.0
1630679707722,1.0,1.0,1.0,1.0
1630679707832,1.0,1.0,1.0,1.0
1630679707957,1.0,1.0,1.0,1.0
1630679707988,1.0,1.0,1.0,1.0
1630679708222,1.0,1.0,1.0,1.0
1630679708285,1.0,1.0,1.0,1.0
1630679708316,1.0,1.0,1.0,1.0
1630679708425,1.0,1.0,1.0,1.0
1630679708519,1.0,1.0,1.0,1.0
1630679708660,1.0,1.0,1.0,1.0
1630679708832,1.0,1.0,1.0,1.0
1630679708847,1.0,1.0,1.0,1.0
1630679708972,1.0,1.0,1.0,1.0
1630679709008,1.0,1.0,1.0,1.0
1630679709165,1.0,1.0,1.0,1.0
1630679709196,1.0,1.0,1.0,1.0
1630679709336,1.0,1.0,1.0,1.0
1630679709477,1.0,1.0,1.0,1.0
1630679709540,1.0,1.0,1.0,1.0
1630679709682,1.0,1.0,1.0,1.0
1630679709729,1.0,1.0,1.0,1.0
1630679709901,1.0,1.0,1.0,1.0
1630679709964,1.0,1.0,1.0,1.0
1630679710057,1.0,1.0,1.0,1.0
1630679710229,1.0,1.0,1.0,1.0
1630679710276,1.0,1.0,1.0,1.0
1630679710354,1.0,1.0,1.0,1.0
1630679710432,1.0,1.0,1.0,1.0
1630679710588,1.0,1.0,1.0,1.0
1630679710731,1.0,1.0,1.0,1.0
1630679710778,1.0,1.0,1.0,1.0
1630679710903,1.0,1.0,1.0,1.0
1630679710997,1.0,1.0,1.0,1.0
1630679711012,1.0,1.0,1.0,1.0
1630679711231,1.0,1.0,1.0,1.0
1630679711309,1.0,1.0,1.0,1.0
1630679711372,1.0,1.0,1.0,1.0
1630679711436,1.0,1.0,1.0,1.0
1630679711576,1.0,1.0,1.0,1.0
1630679711686,1.0,1.0,1.0,1.0
1630679711779,1.0,1.0,1.0,1.0
1630679711858,1.0,1.0,1.0,1.0
1630679711967,1.0,1.0,1.0,1.0
1630679712029,1.0,1.0,1.0,1.0
1630679712154,1.0,1.0,1.0,1.0
1630679712279,1.0,1.0,1.0,1.0
1630679712404,1.0,1.0,1.0,1.0
1630679712532,1.0,1.0,1.0,1.0
1630679712579,1.0,1.0,1.0,1.0
1630679712704,1.0,1.0,1.0,1.0
1630679712766,1.0,1.0,1.0,1.0
1630679712844,1.0,1.0,1.0,1.0
1630679713047,1.0,1.0,1.0,1.0
1630679713094,1.0,1.0,1.0,1.0
1630679713204,1.0,1.0,1.0,1.0
1630679713313,1.0,1.0,1.0,1.0
1630679713375,1.0,1.0,1.0,1.0
1630679713500,1.0,1.0,1.0,1.0
1630679713641,1.0,1.0,1.0,1.0
1630679713703,1.0,1.0,1.0,1.0
1630679713782,1.0,1.0,1.0,1.0
1630679713875,1.0,1.0,1.0,1.0
1630679713969,1.0,1.0,1.0,1.0
1630679714110,1.0,1.0,1.0,1.0
1630679714250,1.0,1.0,1.0,1.0
1630679714313,1.0,1.0,1.0,1.0
1630679714469,1.0,1.0,1.0,1.0
1630679714503,1.0,1.0,1.0,1.0
1630679714566,1.0,1.0,1.0,1.0
1630679714706,1.0,1.0,1.0,1.0
1630679714910,1.0,1.0,1.0,1.0
1630679715035,1.0,1.0,1.0,1.0
1630679715066,1.0,1.0,1.0,1.0
1630679715144,1.0,1.0,1.0,1.0
1630679715206,1.0,1.0,1.0,1.0
1630679715300,1.0,1.0,1.0,1.0
1630679715441,1.0,1.0,1.0,1.0
1630679715566,1.0,1.0,1.0,1.0
1630679715644,1.0,1.0,1.0,1.0
1630679715769,1.0,1.0,1.0,1.0
1630679715800,1.0,1.0,1.0,1.0
1630679715894,1.0,1.0,1.0,1.0
1630679716065,1.0,1.0,1.0,1.0
1630679716159,1.0,1.0,1.0,1.0
1630679716237,1.0,1.0,1.0,1.0
1630679716331,1.0,1.0,1.0,1.0
1630679716393,1.0,1.0,1.0,1.0
1630679716550,1.0,1.0,1.0,1.0
1630679716643,1.0,1.0,1.0,1.0
1630679716800,1.0,1.0,1.0,1.0
1630679716862,1.0,1.0,1.0,1.0
1630679716925,1.0,1.0,1.0,1.0
1630679717018,1.0,1.0,1.0,1.0
1630679717175,1.0,1.0,1.0,1.0
1630679717253,1.0,1.0,1.0,1.0
1630679717362,1.0,1.0,1.0,1.0
1630679717456,1.0,1.0,1.0,1.0
1630679717549,1.0,1.0,1.0,1.0
1630679717660,1.0,1.0,1.0,1.0
1630679717801,1.0,1.0,1.0,1.0
1630679717863,1.0,1.0,1.0,1.0
1630679717973,1.0,1.0,1.0,1.0
1630679718098,1.0,1.0,1.0,1.0
1630679718129,1.0,1.0,1.0,1.0
1630679718238,1.0,1.0,1.0,1.0
1630679718332,1.0,1.0,1.0,1.0
1630679718504,1.0,1.0,1.0,1.0
1630679718616,1.0,1.0,1.0,1.0
1630679718694,1.0,1.0,1.0,1.0
1630679718772,1.0,1.0,1.0,1.0
1630679718881,1.0,1.0,1.0,1.0
1630679718944,1.0,1.0,1.0,1.0
1630679719115,1.0,1.0,1.0,1.0
1630679719178,1.0,1.0,1.0,1.0
1630679719272,1.0,1.0,1.0,1.0
1630679719412,1.0,1.0,1.0,1.0
1630679719475,1.0,1.0,1.0,1.0
1630679719647,1.0,1.0,1.0,1.0
1630679719694,1.0,1.0,1.0,1.0
1630679719834,1.0,1.0,1.0,1.0
1630679719865,1.0,1.0,1.0,1.0
1630679719975,1.0,1.0,1.0,1.0
1630679720100,1.0,1.0,1.0,1.0
1630679720209,1.0,1.0,1.0,1.0
1630679720334,1.0,1.0,1.0,1.0
1630679720428,1.0,1.0,1.0,1.0
1630679720521,1.0,1.0,1.0,1.0
1630679720617,1.0,1.0,1.0,1.0
1630679720758,1.0,1.0,1.0,1.0
1630679720836,1.0,1.0,1.0,1.0
1630679720934,1.0,1.0,1.0,1.0
1630679721061,1.0,1.0,1.0,1.0
1630679721092,1.0,1.0,1.0,1.0
1630679721217,1.0,1.0,1.0,1.0
1630679721311,1.0,1.0,1.0,1.0
1630679721452,1.0,1.0,1.0,1.0
1630679721620,1.0,1.0,1.0,1.0
1630679721655,1.0,1.0,1.0,1.0
1630679721709,1.0,1.0,1.0,1.0
1630679721819,1.0,1.0,1.0,1.0
1630679721922,1.0,1.0,1.0,1.0
1630679722015,1.0,1.0,1.0,1.0
1630679722140,1.0,1.0,1.0,1.0
1630679722234,1.0,1.0,1.0,1.0
1630679722359,1.0,1.0,1.0,1.0
1630679722453,1.0,1.0,1.0,1.0
1630679722500,1.0,1.0,1.0,1.0
1630679722625,1.0,1.0,1.0,1.0
1630679722756,1.0,1.0,1.0,1.0
1630679722897,1.0,1.0,1.0,1.0
1630679722959,1.0,1.0,1.0,1.0
1630679723084,1.0,1.0,1.0,1.0
1630679723162,1.0,1.0,1.0,1.0
1630679723225,1.0,1.0,1.0,1.0
1630679723381,1.0,1.0,1.0,1.0
1630679723447,1.0,1.0,1.0,1.0
1630679723510,1.0,1.0,1.0,1.0
1630679723698,1.0,1.0,1.0,1.0
1630679723745,1.0,1.0,1.0,1.0
1630679723855,1.0,1.0,1.0,1.0
1630679723995,1.0,1.0,1.0,1.0
1630679724089,1.0,1.0,1.0,1.0
1630679724151,1.0,1.0,1.0,1.0
1630679724292,1.0,1.0,1.0,1.0
1630679724386,1.0,1.0,1.0,1.0
1630679724417,1.0,1.0,1.0,1.0
1630679724576,1.0,1.0,1.0,1.0
1630679724701,1.0,1.0,1.0,1.0
1630679724811,1.0,1.0,1.0,1.0
1630679724935,1.0,1.0,1.0,1.0
1630679724982,1.0,1.0,1.0,1.0
1630679725107,1.0,1.0,1.0,1.0
1630679725201,1.0,1.0,1.0,1.0
1630679725339,1.0,1.0,1.0,1.0
1630679725386,1.0,1.0,1.0,1.0
1630679725467,1.0,1.0,1.0,1.0
1630679725545,1.0,1.0,1.0,1.0
1630679725748,1.0,1.0,1.0,1.0
1630679725795,1.0,1.0,1.0,1.0
1630679725920,1.0,1.0,1.0,1.0
1630679725951,1.0,1.0,1.0,1.0
1630679726092,1.0,1.0,1.0,1.0
1630679726228,1.0,1.0,1.0,1.0
1630679726259,1.0,1.0,1.0,1.0
1630679726432,1.0,1.0,1.0,1.0
1630679726556,1.0,1.0,1.0,1.0
1630679726663,1.0,1.0,1.0,1.0
1630679726679,1.0,1.0,1.0,1.0
1630679726756,1.0,1.0,1.0,1.0
1630679726851,1.0,1.0,1.0,1.0
1630679727018,1.0,1.0,1.0,1.0
1630679727087,1.0,1.0,1.0,1.0
1630679727175,1.0,1.0,1.0,1.0
1630679727285,1.0,1.0,1.0,1.0
1630679727421,1.0,1.0,1.0,1.0
1630679727515,1.0,1.0,1.0,1.0
1630679727611,1.0,1.0,1.0,1.0
1630679727751,1.0,1.0,1.0,1.0
1630679727798,1.0,1.0,1.0,1.0
1630679727892,1.0,1.0,1.0,1.0
1630679727986,1.0,1.0,1.0,1.0
1630679728126,1.0,1.0,1.0,1.0
1630679728236,1.0,1.0,1.0,1.0
1630679728361,1.0,1.0,1.0,1.0
1630679728423,1.0,1.0,1.0,1.0
1630679728517,1.0,1.0,1.0,1.0
1630679728626,1.0,1.0,1.0,1.0
1630679728689,1.0,1.0,1.0,1.0
1630679728892,1.0,1.0,1.0,1.0
1630679728923,1.0,1.0,1.0,1.0
1630679729048,1.0,1.0,1.0,1.0
1630679729126,1.0,1.0,1.0,1.0
1630679729220,1.0,1.0,1.0,1.0
1630679729329,1.0,1.0,1.0,1.0
1630679729438,1.0,1.0,1.0,1.0
1630679729605,1.0,1.0,1.0,1.0
1630679729636,1.0,1.0,1.0,1.0
1630679729730,1.0,1.0,1.0,1.0
1630679729839,1.0,1.0,1.0,1.0
1630679729901,1.0,1.0,1.0,1.0
1630679730073,1.0,1.0,1.0,1.0
1630679730167,1.0,1.0,1.0,1.0
1630679730245,1.0,1.0,1.0,1.0
1630679730339,1.0,1.0,1.0,1.0
1630679730448,1.0,1.0,1.0,1.0
1630679730511,1.0,1.0,1.0,1.0
1630679730691,1.0,1.0,1.0,1.0
1630679730789,1.0,1.0,1.0,1.0
1630679730883,1.0,1.0,1.0,1.0
1630679730961,1.0,1.0,1.0,1.0
1630679731055,1.0,1.0,1.0,1.0
1630679731164,1.0,1.0,1.0,1.0
1630679731321,1.0,1.0,1.0,1.0
1630679731383,1.0,1.0,1.0,1.0
1630679731524,1.0,1.0,1.0,1.0
1630679731637,1.0,1.0,1.0,1.0
1630679731652,1.0,1.0,1.0,1.0
1630679731762,1.0,1.0,1.0,1.0
1630679731887,1.0,1.0,1.0,1.0
1630679731996,1.0,1.0,1.0,1.0
1630679732126,1.0,1.0,1.0,1.0
1630679732158,1.0,1.0,1.0,1.0
1630679732298,1.0,1.0,1.0,1.0
1630679732329,1.0,1.0,1.0,1.0
1630679732501,1.0,1.0,1.0,1.0
1630679732626,1.0,1.0,1.0,1.0
1630679732677,1.0,1.0,1.0,1.0
1630679732770,1.0,1.0,1.0,1.0
1630679732895,1.0,1.0,1.0,1.0
1630679732989,1.0,1.0,1.0,1.0
1630679733130,1.0,1.0,1.0,1.0
1630679733192,1.0,1.0,1.0,1.0
1630679733302,1.0,1.0,1.0,1.0
1630679733395,1.0,1.0,1.0,1.0
1630679733489,1.0,1.0,1.0,1.0
1630679733552,1.0,1.0,1.0,1.0
1630679733723,1.0,1.0,1.0,1.0
1630679733817,1.0,1.0,1.0,1.0
1630679733911,1.0,1.0,1.0,1.0
1630679734005,1.0,1.0,1.0,1.0
1630679734130,1.0,1.0,1.0,1.0
1630679734176,1.0,1.0,1.0,1.0
1630679734364,1.0,1.0,1.0,1.0
1630679734458,1.0,1.0,1.0,1.0
1630679734551,1.0,1.0,1.0,1.0
1630679734598,1.0,1.0,1.0,1.0
1630679734723,1.0,1.0,1.0,1.0
1630679734801,1.0,1.0,1.0,1.0
1630679734989,1.0,1.0,1.0,1.0
1630679735036,1.0,1.0,1.0,1.0
1630679735114,1.0,1.0,1.0,1.0
1630679735239,1.0,1.0,1.0,1.0
1630679735301,1.0,1.0,1.0,1.0
1630679735395,1.0,1.0,1.0,1.0
1630679735570,1.0,1.0,1.0,1.0
1630679735695,1.0,1.0,1.0,1.0
1630679735726,1.0,1.0,1.0,1.0
1630679735851,1.0,1.0,1.0,1.0
1630679735929,1.0,1.0,1.0,1.0
1630679736023,1.0,1.0,1.0,1.0
1630679736179,1.0,1.0,1.0,1.0
1630679736242,1.0,1.0,1.0,1.0
1630679736398,1.0,1.0,1.0,1.0
1630679736429,1.0,1.0,1.0,1.0
1630679736585,1.0,1.0,1.0,1.0
1630679736663,1.0,1.0,1.0,1.0
1630679736867,1.0,1.0,1.0,1.0
1630679736867,1.0,1.0,1.0,1.0
1630679736992,1.0,1.0,1.0,1.0
1630679737054,1.0,1.0,1.0,1.0
1630679737148,1.0,1.0,1.0,1.0
1630679737242,1.0,1.0,1.0,1.0
1630679737382,1.0,1.0,1.0,1.0
1630679737460,1.0,1.0,1.0,1.0
1630679737554,1.0,1.0,1.0,1.0
1630679737728,1.0,1.0,1.0,1.0
1630679737759,1.0,1.0,1.0,1.0
1630679737900,1.0,1.0,1.0,1.0
1630679738041,1.0,1.0,1.0,1.0
1630679738119,1.0,1.0,1.0,1.0
1630679738195,1.0,1.0,1.0,1.0
1630679738258,1.0,1.0,1.0,1.0
1630679738396,1.0,1.0,1.0,1.0
1630679738460,1.0,1.0,1.0,1.0
1630679738584,1.0,1.0,1.0,1.0
1630679738676,1.0,1.0,1.0,1.0
1630679738828,1.0,1.0,1.0,1.0
1630679738859,1.0,1.0,1.0,1.0
1630679739015,1.0,1.0,1.0,1.0
1630679739077,1.0,1.0,1.0,1.0
1630679739218,1.0,1.0,1.0,1.0
1630679739293,1.0,1.0,1.0,1.0
1630679739387,1.0,1.0,1.0,1.0
1630679739483,1.0,1.0,1.0,1.0
1630679739592,1.0,1.0,1.0,1.0
1630679739686,1.0,1.0,1.0,1.0
1630679739826,1.0,1.0,1.0,1.0
1630679739904,1.0,1.0,1.0,1.0
1630679739998,1.0,1.0,1.0,1.0
1630679740124,1.0,1.0,1.0,1.0
1630679740186,1.0,1.0,1.0,1.0
1630679740295,1.0,1.0,1.0,1.0
1630679740470,1.0,1.0,1.0,1.0
1630679740517,1.0,1.0,1.0,1.0
1630679740642,1.0,1.0,1.0,1.0
1630679740735,1.0,1.0,1.0,1.0
1630679740813,1.0,1.0,1.0,1.0
1630679740907,1.0,1.0,1.0,1.0
1630679741048,1.0,1.0,1.0,1.0
1630679741141,1.0,1.0,1.0,1.0
1630679741251,1.0,1.0,1.0,1.0
1630679741344,1.0,1.0,1.0,1.0
1630679741438,1.0,1.0,1.0,1.0
1630679741519,1.0,1.0,1.0,1.0
1630679741644,1.0,1.0,1.0,1.0
1630679741816,1.0,1.0,1.0,1.0
1630679741847,1.0,1.0,1.0,1.0
1630679741972,1.0,1.0,1.0,1.0
1630679742004,1.0,1.0,1.0,1.0
1630679742144,1.0,1.0,1.0,1.0
1630679742269,1.0,1.0,1.0,1.0
1630679742393,1.0,1.0,1.0,1.0
1630679742456,1.0,1.0,1.0,1.0
1630679742522,1.0,1.0,1.0,1.0
1630679742693,1.0,1.0,1.0,1.0
1630679742724,1.0,1.0,1.0,1.0
1630679742912,1.0,1.0,1.0,1.0
1630679742943,1.0,1.0,1.0,1.0
1630679743068,1.0,1.0,1.0,1.0
1630679743209,1.0,1.0,1.0,1.0
1630679743255,1.0,1.0,1.0,1.0
1630679743349,1.0,1.0,1.0,1.0
1630679743521,1.0,1.0,1.0,1.0
1630679743599,1.0,1.0,1.0,1.0
1630679743676,1.0,1.0,1.0,1.0
1630679743840,1.0,1.0,1.0,1.0
1630679743871,1.0,1.0,1.0,1.0
1630679743949,1.0,1.0,1.0,1.0
1630679744074,1.0,1.0,1.0,1.0
1630679744184,1.0,1.0,1.0,1.0
1630679744355,1.0,1.0,1.0,1.0
1630679744402,1.0,1.0,1.0,1.0
1630679744433,1.0,1.0,1.0,1.0
1630679744607,1.0,1.0,1.0,1.0
1630679744701,1.0,1.0,1.0,1.0
1630679744763,1.0,1.0,1.0,1.0
1630679744904,1.0,1.0,1.0,1.0
1630679744966,1.0,1.0,1.0,1.0
1630679745122,1.0,1.0,1.0,1.0
1630679745169,1.0,1.0,1.0,1.0
1630679745404,1.0,1.0,1.0,1.0
1630679745435,1.0,1.0,1.0,1.0
1630679745544,1.0,1.0,1.0,1.0
1630679745575,1.0,1.0,1.0,1.0
1630679745687,1.0,1.0,1.0,1.0
1630679745781,1.0,1.0,1.0,1.0
1630679745953,1.0,1.0,1.0,1.0
1630679746062,1.0,1.0,1.0,1.0
1630679746078,1.0,1.0,1.0,1.0
1630679746187,1.0,1.0,1.0,1.0
1630679746328,1.0,1.0,1.0,1.0
1630679746359,1.0,1.0,1.0,1.0
1630679746491,1.0,1.0,1.0,1.0
1630679746631,1.0,1.0,1.0,1.0
1630679746697,1.0,1.0,1.0,1.0
1630679746837,1.0,1.0,1.0,1.0
1630679746884,1.0,1.0,1.0,1.0
1630679747014,1.0,1.0,1.0,1.0
1630679747154,1.0,1.0,1.0,1.0
1630679747247,1.0,1.0,1.0,1.0
1630679747355,1.0,1.0,1.0,1.0
1630679747452,1.0,1.0,1.0,1.0
1630679747513,1.0,1.0,1.0,1.0
1630679747608,1.0,1.0,1.0,1.0
1630679747748,1.0,1.0,1.0,1.0
1630679747840,1.0,1.0,1.0,1.0
1630679747941,1.0,1.0,1.0,1.0
1630679748003,1.0,1.0,1.0,1.0
1630679748112,1.0,1.0,1.0,1.0
1630679748237,1.0,1.0,1.0,1.0
1630679748347,1.0,1.0,1.0,1.0
1630679748489,1.0,1.0,1.0,1.0
1630679748520,1.0,1.0,1.0,1.0
1630679748645,1.0,1.0,1.0,1.0
1630679748727,1.0,1.0,1.0,1.0
1630679748852,1.0,1.0,1.0,1.0
1630679748977,1.0,1.0,1.0,1.0
1630679749055,1.0,1.0,1.0,1.0
1630679749149,1.0,1.0,1.0,1.0
1630679749290,1.0,1.0,1.0,1.0
1630679749383,1.0,1.0,1.0,1.0
1630679749415,1.0,1.0,1.0,1.0
1630679749602,1.0,1.0,1.0,1.0
1630679749665,1.0,1.0,1.0,1.0
1630679749774,1.0,1.0,1.0,1.0
1630679749852,1.0,1.0,1.0,1.0
1630679750008,1.0,1.0,1.0,1.0
1630679750024,1.0,1.0,1.0,1.0
1630679750164,1.0,1.0,1.0,1.0
1630679750258,1.0,1.0,1.0,1.0
1630679750461,1.0,1.0,1.0,1.0
1630679750493,1.0,1.0,1.0,1.0
1630679750558,1.0,1.0,1.0,1.0
1630679750668,1.0,1.0,1.0,1.0
1630679750793,1.0,1.0,1.0,1.0
1630679750886,1.0,1.0,1.0,1.0
1630679750964,1.0,1.0,1.0,1.0
1630679751089,1.0,1.0,1.0,1.0
1630679751183,1.0,1.0,1.0,1.0
1630679751277,1.0,1.0,1.0,1.0
1630679751409,1.0,1.0,1.0,1.0
1630679751550,1.0,1.0,1.0,1.0
1630679751597,1.0,1.0,1.0,1.0
1630679751678,1.0,1.0,1.0,1.0
1630679751818,1.0,1.0,1.0,1.0
1630679751927,1.0,1.0,1.0,1.0
1630679752006,1.0,1.0,1.0,1.0
1630679752146,1.0,1.0,1.0,1.0
1630679752193,1.0,1.0,1.0,1.0
1630679752360,1.0,1.0,1.0,1.0
1630679752376,1.0,1.0,1.0,1.0
1630679752485,1.0,1.0,1.0,1.0
1630679752610,1.0,1.0,1.0,1.0
1630679752727,1.0,1.0,1.0,1.0
1630679752821,1.0,1.0,1.0,1.0
1630679752914,1.0,1.0,1.0,1.0
1630679753024,1.0,1.0,1.0,1.0
1630679753117,1.0,1.0,1.0,1.0
1630679753315,1.0,1.0,1.0,1.0
1630679753315,1.0,1.0,1.0,1.0
1630679753455,1.0,1.0,1.0,1.0
1630679753518,1.0,1.0,1.0,1.0
1630679753614,1.0,1.0,1.0,1.0
1630679753690,1.0,1.0,1.0,1.0
1630679753847,1.0,1.0,1.0,1.0
1630679753909,1.0,1.0,1.0,1.0
1630679754050,1.0,1.0,1.0,1.0
1630679754148,1.0,1.0,1.0,1.0
1630679754205,1.0,1.0,1.0,1.0
1630679754316,1.0,1.0,1.0,1.0
1630679754437,1.0,1.0,1.0,1.0
1630679754547,1.0,1.0,1.0,1.0
1630679754671,1.0,1.0,1.0,1.0
1630679754703,1.0,1.0,1.0,1.0
1630679754860,1.0,1.0,1.0,1.0
1630679754954,1.0,1.0,1.0,1.0
1630679755079,1.0,1.0,1.0,1.0
1630679755157,1.0,1.0,1.0,1.0
1630679755277,1.0,1.0,1.0,1.0
1630679755324,1.0,1.0,1.0,1.0
1630679755464,1.0,1.0,1.0,1.0
1630679755544,1.0,1.0,1.0,1.0
1630679755716,1.0,1.0,1.0,1.0
1630679755779,1.0,1.0,1.0,1.0
1630679755888,1.0,1.0,1.0,1.0
1630679756044,1.0,1.0,1.0,1.0
1630679756091,1.0,1.0,1.0,1.0
1630679756122,1.0,1.0,1.0,1.0
1630679756279,1.0,1.0,1.0,1.0
1630679756388,1.0,1.0,1.0,1.0
1630679756482,1.0,1.0,1.0,1.0
1630679756579,1.0,1.0,1.0,1.0
1630679756641,1.0,1.0,1.0,1.0
1630679756813,1.0,1.0,1.0,1.0
1630679756907,1.0,1.0,1.0,1.0
1630679756969,1.0,1.0,1.0,1.0
1630679757110,1.0,1.0,1.0,1.0
1630679757172,1.0,1.0,1.0,1.0
1630679757344,1.0,1.0,1.0,1.0
1630679757375,1.0,1.0,1.0,1.0
1630679757547,1.0,1.0,1.0,1.0
1630679757675,1.0,1.0,1.0,1.0
1630679757721,1.0,1.0,1.0,1.0
1630679757784,1.0,1.0,1.0,1.0
1630679757877,1.0,1.0,1.0,1.0
1630679757977,1.0,1.0,1.0,1.0
1630679758117,1.0,1.0,1.0,1.0
1630679758211,1.0,1.0,1.0,1.0
1630679758274,1.0,1.0,1.0,1.0
1630679758399,1.0,1.0,1.0,1.0
1630679758492,1.0,1.0,1.0,1.0
1630679758588,1.0,1.0,1.0,1.0
1630679758765,1.0,1.0,1.0,1.0
1630679758811,1.0,1.0,1.0,1.0
1630679758874,1.0,1.0,1.0,1.0
1630679759054,1.0,1.0,1.0,1.0
1630679759116,1.0,1.0,1.0,1.0
1630679759179,1.0,1.0,1.0,1.0
1630679759448,1.0,1.0,1.0,1.0
1630679759622,1.0,1.0,1.0,1.0
1630679759654,1.0,1.0,1.0,1.0
1630679759732,1.0,1.0,1.0,1.0
1630679759763,1.0,1.0,1.0,1.0
1630679759841,1.0,1.0,1.0,1.0
1630679759935,1.0,1.0,1.0,1.0
1630679760028,1.0,1.0,1.0,1.0
1630679760138,1.0,1.0,1.0,1.0
1630679760200,1.0,1.0,1.0,1.0
1630679760388,1.0,1.0,1.0,1.0
1630679760450,1.0,1.0,1.0,1.0
1630679760638,1.0,1.0,1.0,1.0
1630679760671,1.0,1.0,1.0,1.0
1630679760750,1.0,1.0,1.0,1.0
1630679760797,1.0,1.0,1.0,1.0
1630679760922,1.0,1.0,1.0,1.0
1630679761016,1.0,1.0,1.0,1.0
1630679761141,1.0,1.0,1.0,1.0
1630679761281,1.0,1.0,1.0,1.0
1630679761359,1.0,1.0,1.0,1.0
1630679761452,1.0,1.0,1.0,1.0
1630679761518,1.0,1.0,1.0,1.0
1630679761643,1.0,1.0,1.0,1.0
1630679761807,1.0,1.0,1.0,1.0
1630679761964,1.0,1.0,1.0,1.0
1630679762058,1.0,1.0,1.0,1.0
1630679762089,1.0,1.0,1.0,1.0
1630679762151,1.0,1.0,1.0,1.0
1630679762292,2.0,1.0,1.0,2.0
1630679762402,2.0,1.0,1.0,2.0
1630679762448,2.0,1.0,1.0,2.0
1630679762560,2.0,1.0,1.0,2.0
1630679762623,2.0,1.0,1.0,2.0
1630679762763,2.0,1.0,1.0,2.0
1630679762904,2.0,1.0,1.0,2.0
1630679762997,2.0,1.0,1.0,2.0
1630679763060,2.0,1.0,1.0,2.0
1630679763169,2.0,1.0,1.0,2.0
1630679763263,2.0,1.0,1.0,2.0
1630679763326,2.0,1.0,1.0,2.0
1630679763435,2.0,1.0,1.0,2.0
1630679763548,2.0,1.0,1.0,2.0
1630679763688,2.0,1.0,1.0,2.0
1630679763798,1.0,1.0,1.0,1.0
1630679763860,1.0,1.0,1.0,1.0
1630679764032,1.0,1.0,1.0,1.0
1630679764095,1.0,1.0,1.0,1.0
1630679764220,1.0,1.0,1.0,1.0
1630679764251,1.0,1.0,1.0,1.0
1630679764423,1.0,1.0,1.0,1.0
1630679764501,1.0,1.0,1.0,1.0
1630679764598,1.0,1.0,1.0,1.0
1630679764660,1.0,1.0,1.0,1.0
1630679764832,1.0,1.0,1.0,1.0
1630679764910,1.0,1.0,1.0,1.0
1630679765004,1.0,1.0,1.0,1.0
1630679765098,1.0,1.0,1.0,1.0
1630679765176,1.0,1.0,1.0,1.0
1630679765332,1.0,1.0,1.0,1.0
1630679765394,1.0,1.0,1.0,1.0
1630679765519,1.0,1.0,1.0,1.0
1630679765613,1.0,1.0,1.0,1.0
1630679765678,1.0,1.0,1.0,1.0
1630679765771,1.0,1.0,1.0,1.0
1630679765881,1.0,1.0,1.0,1.0
1630679766006,1.0,1.0,1.0,1.0
1630679766115,1.0,1.0,1.0,1.0
1630679766193,1.0,1.0,1.0,1.0
1630679766301,1.0,1.0,1.0,1.0
1630679766393,1.0,1.0,1.0,1.0
1630679766529,1.0,1.0,1.0,1.0
1630679766624,1.0,1.0,1.0,1.0
1630679766735,1.0,1.0,1.0,1.0
1630679766890,1.0,1.0,1.0,1.0
1630679766920,1.0,1.0,1.0,1.0
1630679767076,1.0,1.0,1.0,1.0
1630679767108,1.0,1.0,1.0,1.0
1630679767264,1.0,1.0,1.0,1.0
1630679767330,1.0,1.0,1.0,1.0
1630679767423,1.0,1.0,1.0,1.0
1630679767517,1.0,1.0,1.0,1.0
1630679767595,1.0,1.0,1.0,1.0
1630679767720,1.0,1.0,1.0,1.0
1630679767923,1.0,1.0,1.0,1.0
1630679768001,1.0,1.0,1.0,1.0
1630679768048,1.0,1.0,1.0,1.0
1630679768158,1.0,1.0,1.0,1.0
1630679768205,1.0,1.0,1.0,1.0
1630679768323,1.0,1.0,1.0,1.0
1630679768478,1.0,1.0,1.0,1.0
1630679768649,1.0,1.0,1.0,1.0
1630679768790,1.0,1.0,1.0,1.0
1630679768837,1.0,1.0,1.0,1.0
1630679768852,1.0,1.0,1.0,1.0
1630679768931,1.0,1.0,1.0,1.0
1630679769102,1.0,1.0,1.0,1.0
1630679769181,1.0,1.0,1.0,1.0
1630679769276,1.0,1.0,1.0,1.0
1630679769370,1.0,1.0,1.0,1.0
1630679769432,1.0,1.0,1.0,1.0
1630679769515,2.0,1.0,1.0,2.0
1630679769702,2.0,1.0,1.0,2.0
1630679769780,2.0,1.0,1.0,2.0
1630679769905,2.0,1.0,1.0,2.0
1630679769968,2.0,1.0,1.0,2.0
1630679770077,2.0,1.0,1.0,2.0
1630679770202,2.0,1.0,1.0,2.0
1630679770265,2.0,1.0,1.0,2.0
1630679770374,2.0,1.0,1.0,2.0
1630679770547,2.0,1.0,1.0,2.0
1630679770562,2.0,1.0,1.0,2.0
1630679770705,2.0,1.0,1.0,2.0
1630679770783,2.0,1.0,1.0,2.0
1630679770960,2.0,1.0,1.0,2.0
1630679771038,2.0,1.0,1.0,2.0
1630679771116,2.0,1.0,1.0,2.0
1630679771273,2.0,1.0,1.0,2.0
1630679771304,2.0,1.0,1.0,2.0
1630679771445,2.0,1.0,1.0,2.0
1630679771585,2.0,1.0,1.0,2.0
1630679771681,2.0,1.0,1.0,2.0
1630679771743,2.0,1.0,1.0,2.0
1630679771806,2.0,1.0,1.0,2.0
1630679771868,2.0,1.0,1.0,2.0
1630679771978,2.0,1.0,1.0,2.0
1630679772134,1.0,1.0,1.0,1.0
1630679772212,1.0,1.0,1.0,1.0
1630679772311,1.0,1.0,1.0,1.0
1630679772405,1.0,1.0,1.0,1.0
1630679772545,1.0,1.0,1.0,1.0
1630679772642,1.0,1.0,1.0,1.0
1630679772704,1.0,1.0,1.0,1.0
1630679772892,1.0,1.0,1.0,1.0
1630679772939,1.0,1.0,1.0,1.0
1630679773068,1.0,1.0,1.0,1.0
1630679773100,1.0,1.0,1.0,1.0
1630679773240,1.0,1.0,1.0,1.0
1630679773334,1.0,1.0,1.0,1.0
1630679773475,1.0,1.0,1.0,1.0
1630679773506,1.0,1.0,1.0,1.0
1630679773600,1.0,1.0,1.0,1.0
1630679773774,1.0,1.0,1.0,1.0
1630679773805,1.0,1.0,1.0,1.0
1630679773993,1.0,1.0,1.0,1.0
1630679774102,1.0,1.0,1.0,1.0
1630679774165,1.0,1.0,1.0,1.0
1630679774274,1.0,1.0,1.0,1.0
1630679774337,1.0,1.0,1.0,1.0
1630679774399,1.0,1.0,1.0,1.0
1630679774667,1.0,1.0,1.0,1.0
1630679774714,1.0,1.0,1.0,1.0
1630679774839,1.0,1.0,1.0,1.0
1630679774839,1.0,1.0,1.0,1.0
1630679774933,1.0,1.0,1.0,1.0
1630679775026,1.0,1.0,1.0,1.0
1630679775231,1.0,1.0,1.0,1.0
1630679775387,1.0,1.0,1.0,1.0
1630679775468,1.0,1.0,1.0,1.0
1630679775515,1.0,1.0,1.0,1.0
1630679775530,1.0,1.0,1.0,1.0
1630679775640,1.0,1.0,1.0,1.0
1630679775749,1.0,1.0,1.0,1.0
1630679775905,1.0,1.0,1.0,1.0
1630679775937,1.0,1.0,1.0,1.0
1630679776077,1.0,1.0,1.0,1.0
1630679776140,1.0,1.0,1.0,1.0
1630679776265,1.0,1.0,1.0,1.0
1630679776452,1.0,1.0,1.0,1.0
1630679776577,1.0,1.0,1.0,1.0
1630679776608,1.0,1.0,1.0,1.0
1630679776686,1.0,1.0,1.0,1.0
1630679776765,1.0,1.0,1.0,1.0
1630679776874,1.0,1.0,1.0,1.0
1630679777030,1.0,1.0,1.0,1.0
1630679777139,1.0,1.0,1.0,1.0
1630679777171,1.0,1.0,1.0,1.0
1630679777264,1.0,1.0,1.0,1.0
1630679777374,1.0,1.0,1.0,1.0
1630679777467,1.0,1.0,1.0,1.0
1630679777686,1.0,1.0,1.0,1.0
1630679777718,1.0,1.0,1.0,1.0
1630679777811,1.0,1.0,1.0,1.0
1630679777905,1.0,1.0,1.0,1.0
1630679778014,1.0,1.0,1.0,1.0
1630679778077,1.0,1.0,1.0,1.0
1630679778233,1.0,1.0,1.0,1.0
1630679778311,1.0,1.0,1.0,1.0
1630679778467,1.0,1.0,1.0,1.0
1630679778513,1.0,1.0,1.0,1.0
1630679778579,1.0,1.0,1.0,1.0
1630679778704,1.0,1.0,1.0,1.0
1630679778813,1.0,1.0,1.0,1.0
1630679778907,1.0,1.0,1.0,1.0
1630679779079,1.0,1.0,1.0,1.0
1630679779141,1.0,1.0,1.0,1.0
1630679779172,1.0,1.0,1.0,1.0
1630679779338,1.0,1.0,1.0,1.0
1630679779447,1.0,1.0,1.0,1.0
1630679779510,1.0,1.0,1.0,1.0
1630679779650,1.0,1.0,1.0,1.0
1630679779697,1.0,1.0,1.0,1.0
1630679779901,1.0,1.0,1.0,1.0
1630679779978,1.0,1.0,1.0,1.0
1630679780072,1.0,1.0,1.0,1.0
1630679780150,1.0,1.0,1.0,1.0
1630679780213,1.0,1.0,1.0,1.0
1630679780307,1.0,1.0,1.0,1.0
1630679780510,1.0,1.0,1.0,1.0
1630679780525,1.0,1.0,1.0,1.0
1630679780654,1.0,1.0,1.0,1.0
1630679780763,1.0,1.0,1.0,1.0
1630679780857,1.0,1.0,1.0,1.0
1630679780966,1.0,1.0,1.0,1.0
1630679781013,1.0,1.0,1.0,1.0
1630679781169,1.0,1.0,1.0,1.0
1630679781279,1.0,1.0,1.0,1.0
1630679781357,1.0,1.0,1.0,1.0
1630679781497,1.0,1.0,1.0,1.0
1630679781593,1.0,1.0,1.0,1.0
1630679781624,1.0,1.0,1.0,1.0
1630679781796,1.0,1.0,1.0,1.0
1630679781889,1.0,1.0,1.0,1.0
1630679781952,1.0,1.0,1.0,1.0
1630679782124,1.0,1.0,1.0,1.0
1630679782155,1.0,1.0,1.0,1.0
1630679782296,1.0,1.0,1.0,1.0
1630679782358,1.0,1.0,1.0,1.0
1630679782452,1.0,1.0,1.0,1.0
1630679782593,1.0,1.0,1.0,1.0
1630679782719,1.0,1.0,1.0,1.0
1630679782797,1.0,1.0,1.0,1.0
1630679782828,1.0,1.0,1.0,1.0
1630679782954,1.0,1.0,1.0,1.0
1630679783094,1.0,1.0,1.0,1.0
1630679783219,1.0,1.0,1.0,1.0
1630679783297,1.0,1.0,1.0,1.0
1630679783391,1.0,1.0,1.0,1.0
1630679783457,1.0,1.0,1.0,1.0
1630679783566,1.0,1.0,1.0,1.0
1630679783786,1.0,1.0,1.0,1.0
1630679783864,1.0,1.0,1.0,1.0
1630679783958,1.0,1.0,1.0,1.0
1630679784020,1.0,1.0,1.0,1.0
1630679784098,1.0,1.0,1.0,1.0
1630679784161,1.0,1.0,1.0,1.0
1630679784333,1.0,1.0,1.0,1.0
1630679784395,1.0,1.0,1.0,1.0
1630679784489,1.0,1.0,1.0,1.0
1630679784598,1.0,1.0,1.0,1.0
1630679784661,1.0,1.0,1.0,1.0
1630679784895,1.0,1.0,1.0,1.0
1630679784989,1.0,1.0,1.0,1.0
1630679785067,1.0,1.0,1.0,1.0
1630679785129,1.0,1.0,1.0,1.0
1630679785223,1.0,1.0,1.0,1.0
1630679785317,1.0,1.0,1.0,1.0
1630679785395,1.0,1.0,1.0,1.0
1630679785520,1.0,1.0,1.0,1.0
1630679785629,1.0,1.0,1.0,1.0
1630679785692,1.0,1.0,1.0,1.0
1630679785785,1.0,1.0,1.0,1.0
1630679785926,1.0,1.0,1.0,1.0
1630679785989,1.0,1.0,1.0,1.0
1630679786161,1.0,1.0,1.0,1.0
1630679786255,1.0,1.0,1.0,1.0
1630679786333,1.0,1.0,1.0,1.0
1630679786426,1.0,1.0,1.0,1.0
1630679786520,1.0,1.0,1.0,1.0
1630679786663,1.0,1.0,1.0,1.0
1630679786788,1.0,1.0,1.0,1.0
1630679786882,1.0,1.0,1.0,1.0
1630679786929,1.0,1.0,1.0,1.0
1630679787148,1.0,1.0,1.0,1.0
1630679787148,1.0,1.0,1.0,1.0
1630679787210,1.0,1.0,1.0,1.0
1630679787429,1.0,1.0,1.0,1.0
1630679787476,1.0,1.0,1.0,1.0
1630679787569,1.0,1.0,1.0,1.0
1630679787635,1.0,1.0,1.0,1.0
1630679787745,1.0,1.0,1.0,1.0
1630679787839,1.0,1.0,1.0,1.0
1630679787979,1.0,1.0,1.0,1.0
1630679788073,1.0,1.0,1.0,1.0
1630679788213,1.0,1.0,1.0,1.0
1630679788276,1.0,1.0,1.0,1.0
1630679788370,1.0,1.0,1.0,1.0
1630679788479,1.0,1.0,1.0,1.0
1630679788573,1.0,1.0,1.0,1.0
1630679788670,1.0,1.0,1.0,1.0
1630679788779,1.0,1.0,1.0,1.0
1630679788842,1.0,1.0,1.0,1.0
1630679788951,1.0,1.0,1.0,1.0
1630679789014,1.0,1.0,1.0,1.0
1630679789170,1.0,1.0,1.0,1.0
1630679789311,1.0,1.0,1.0,1.0
1630679789342,1.0,1.0,1.0,1.0
1630679789576,1.0,1.0,1.0,1.0
1630679789689,1.0,1.0,1.0,1.0
1630679789704,1.0,1.0,1.0,1.0
1630679789939,1.0,1.0,1.0,1.0
1630679789939,1.0,1.0,1.0,1.0
1630679789970,1.0,1.0,1.0,1.0
1630679790033,1.0,1.0,1.0,1.0
1630679790204,1.0,1.0,1.0,1.0
1630679790251,1.0,1.0,1.0,1.0
1630679790454,1.0,1.0,1.0,1.0
1630679790501,1.0,1.0,1.0,1.0
1630679790613,1.0,1.0,1.0,1.0
1630679790676,1.0,1.0,1.0,1.0
1630679790769,1.0,1.0,1.0,1.0
1630679790910,1.0,1.0,1.0,1.0
1630679791082,1.0,1.0,1.0,1.0
1630679791113,1.0,1.0,1.0,1.0
1630679791176,1.0,1.0,1.0,1.0
1630679791301,1.0,1.0,1.0,1.0
1630679791457,1.0,1.0,1.0,1.0
1630679791550,1.0,1.0,1.0,1.0
1630679791616,1.0,1.0,1.0,1.0
1630679791709,1.0,1.0,1.0,1.0
1630679791866,1.0,1.0,1.0,1.0
1630679791881,1.0,1.0,1.0,1.0
1630679791990,1.0,1.0,1.0,1.0
1630679792115,1.0,1.0,1.0,1.0
1630679792287,1.0,1.0,1.0,1.0
1630679792350,1.0,1.0,1.0,1.0
1630679792412,1.0,1.0,1.0,1.0
1630679792522,1.0,1.0,1.0,1.0
1630679792696,1.0,1.0,1.0,1.0
1630679792742,1.0,1.0,1.0,1.0
1630679792899,1.0,1.0,1.0,1.0
1630679793040,1.0,1.0,1.0,1.0
1630679793071,1.0,1.0,1.0,1.0
1630679793211,1.0,1.0,1.0,1.0
1630679793242,1.0,1.0,1.0,1.0
1630679793320,1.0,1.0,1.0,1.0
1630679793617,1.0,1.0,1.0,1.0
1630679793617,1.0,1.0,1.0,1.0
1630679793651,1.0,1.0,1.0,1.0
1630679793792,1.0,1.0,1.0,1.0
1630679793823,1.0,1.0,1.0,1.0
1630679793948,1.0,1.0,1.0,1.0
1630679794089,1.0,1.0,1.0,1.0
1630679794120,1.0,1.0,1.0,1.0
1630679794276,1.0,1.0,1.0,1.0
1630679794338,1.0,1.0,1.0,1.0
1630679794401,1.0,1.0,1.0,1.0
1630679794510,1.0,1.0,1.0,1.0
1630679794701,1.0,1.0,1.0,1.0
1630679794810,1.0,1.0,1.0,1.0
1630679794873,1.0,1.0,1.0,1.0
1630679794998,1.0,1.0,1.0,1.0
1630679795029,1.0,1.0,1.0,1.0
1630679795170,1.0,1.0,1.0,1.0
1630679795326,1.0,1.0,1.0,1.0
1630679795373,1.0,1.0,1.0,1.0
1630679795498,1.0,1.0,1.0,1.0
1630679795545,1.0,1.0,1.0,1.0
1630679795670,1.0,1.0,1.0,1.0
1630679795732,1.0,1.0,1.0,1.0
1630679796013,1.0,1.0,1.0,1.0
1630679796029,1.0,1.0,1.0,1.0
1630679796076,1.0,1.0,1.0,1.0
1630679796217,1.0,1.0,1.0,1.0
1630679796263,1.0,1.0,1.0,1.0
1630679796342,1.0,1.0,1.0,1.0
1630679796484,1.0,1.0,1.0,1.0
1630679796624,1.0,1.0,1.0,1.0
1630679796687,1.0,1.0,1.0,1.0
1630679796781,1.0,1.0,1.0,1.0
1630679796859,1.0,1.0,1.0,1.0
1630679796984,1.0,1.0,1.0,1.0
1630679797124,1.0,1.0,1.0,1.0
1630679797187,1.0,1.0,1.0,1.0
1630679797281,1.0,1.0,1.0,1.0
1630679797421,1.0,1.0,1.0,1.0
1630679797452,1.0,1.0,1.0,1.0
1630679797593,1.0,1.0,1.0,1.0
1630679797718,1.0,1.0,1.0,1.0
1630679797812,1.0,1.0,1.0,1.0
1630679797874,1.0,1.0,1.0,1.0
1630679797968,1.0,1.0,1.0,1.0
1630679798109,1.0,1.0,1.0,1.0
1630679798234,1.0,1.0,1.0,1.0
1630679798327,1.0,1.0,1.0,1.0
1630679798437,1.0,1.0,1.0,1.0
1630679798530,1.0,1.0,1.0,1.0
1630679798674,1.0,1.0,1.0,1.0
1630679798752,1.0,1.0,1.0,1.0
1630679798784,1.0,1.0,1.0,1.0
1630679798924,1.0,1.0,1.0,1.0
1630679799018,1.0,1.0,1.0,1.0
1630679799112,1.0,1.0,1.0,1.0
1630679799221,1.0,1.0,1.0,1.0
1630679799346,1.0,1.0,1.0,1.0
1630679799408,1.0,1.0,1.0,1.0
1630679799565,1.0,1.0,1.0,1.0
1630679799647,1.0,1.0,1.0,1.0
1630679799741,1.0,1.0,1.0,1.0
1630679799897,1.0,1.0,1.0,1.0
1630679799928,1.0,1.0,1.0,1.0
1630679800022,1.0,1.0,1.0,1.0
1630679800131,1.0,1.0,1.0,1.0
1630679800272,1.0,1.0,1.0,1.0
1630679800381,1.0,1.0,1.0,1.0
1630679800459,1.0,1.0,1.0,1.0
1630679800584,1.0,1.0,1.0,1.0
1630679800662,1.0,1.0,1.0,1.0
1630679800756,1.0,1.0,1.0,1.0
1630679800897,1.0,1.0,1.0,1.0
1630679801006,1.0,1.0,1.0,1.0
1630679801037,1.0,1.0,1.0,1.0
1630679801178,1.0,1.0,1.0,1.0
1630679801209,1.0,1.0,1.0,1.0
1630679801553,1.0,1.0,1.0,1.0
1630679801584,1.0,1.0,1.0,1.0
1630679801615,1.0,1.0,1.0,1.0
1630679801662,1.0,1.0,1.0,1.0
1630679801818,1.0,1.0,1.0,1.0
1630679801865,1.0,1.0,1.0,1.0
1630679802021,1.0,1.0,1.0,1.0
1630679802084,1.0,1.0,1.0,1.0
1630679802178,1.0,1.0,1.0,1.0
1630679802256,1.0,1.0,1.0,1.0
1630679802334,1.0,1.0,1.0,1.0
1630679802474,1.0,1.0,1.0,1.0
1630679802600,1.0,1.0,1.0,1.0
1630679802693,1.0,1.0,1.0,1.0
1630679802787,1.0,1.0,1.0,1.0
1630679802896,1.0,1.0,1.0,1.0
1630679803052,1.0,1.0,1.0,1.0
1630679803224,1.0,1.0,1.0,1.0
1630679803256,1.0,1.0,1.0,1.0
1630679803287,1.0,1.0,1.0,1.0
1630679803381,1.0,1.0,1.0,1.0
1630679803531,1.0,1.0,1.0,1.0
1630679803586,1.0,1.0,1.0,1.0
1630679803649,1.0,1.0,1.0,1.0
1630679803820,1.0,1.0,1.0,1.0
1630679803945,1.0,1.0,1.0,1.0
1630679803992,1.0,1.0,1.0,1.0
1630679804070,1.0,1.0,1.0,1.0
1630679804242,1.0,1.0,1.0,1.0
1630679804305,1.0,1.0,1.0,1.0
1630679804398,1.0,1.0,1.0,1.0
1630679804573,1.0,1.0,1.0,1.0
1630679804651,1.0,1.0,1.0,1.0
1630679804698,1.0,1.0,1.0,1.0
1630679804870,1.0,1.0,1.0,1.0
1630679804901,1.0,1.0,1.0,1.0
1630679805027,1.0,1.0,1.0,1.0
1630679805105,1.0,1.0,1.0,1.0
1630679805214,1.0,1.0,1.0,1.0
1630679805339,1.0,1.0,1.0,1.0
1630679805401,1.0,1.0,1.0,1.0
1630679805479,1.0,1.0,1.0,1.0
1630679805651,1.0,1.0,1.0,1.0
1630679805745,1.0,1.0,1.0,1.0
1630679805807,1.0,1.0,1.0,1.0
1630679805979,1.0,1.0,1.0,1.0
1630679805995,1.0,1.0,1.0,1.0
1630679806135,1.0,1.0,1.0,1.0
1630679806292,1.0,1.0,1.0,1.0
1630679806385,1.0,1.0,1.0,1.0
1630679806479,1.0,1.0,1.0,1.0
1630679806591,1.0,1.0,1.0,1.0
1630679806622,1.0,1.0,1.0,1.0
1630679806763,1.0,1.0,1.0,1.0
1630679806872,1.0,1.0,1.0,1.0
1630679806966,1.0,1.0,1.0,1.0
1630679807075,1.0,1.0,1.0,1.0
1630679807138,1.0,1.0,1.0,1.0
1630679807263,1.0,1.0,1.0,1.0
1630679807341,1.0,1.0,1.0,1.0
1630679807482,1.0,1.0,1.0,1.0
1630679807638,1.0,1.0,1.0,1.0
1630679807638,1.0,1.0,1.0,1.0
1630679807731,1.0,1.0,1.0,1.0
1630679807857,1.0,1.0,1.0,1.0
1630679807935,1.0,1.0,1.0,1.0
1630679808138,1.0,1.0,1.0,1.0
1630679808200,1.0,1.0,1.0,1.0
1630679808294,1.0,1.0,1.0,1.0
1630679808356,1.0,1.0,1.0,1.0
1630679808450,1.0,1.0,1.0,1.0
1630679808591,1.0,1.0,1.0,1.0
1630679808687,1.0,1.0,1.0,1.0
1630679808828,1.0,1.0,1.0,1.0
1630679808921,1.0,1.0,1.0,1.0
1630679808984,1.0,1.0,1.0,1.0
1630679809062,1.0,1.0,1.0,1.0
1630679809156,1.0,1.0,1.0,1.0
1630679809328,1.0,1.0,1.0,1.0
1630679809390,1.0,1.0,1.0,1.0
1630679809486,1.0,1.0,1.0,1.0
1630679809643,1.0,1.0,1.0,1.0
1630679809674,1.0,1.0,1.0,1.0
1630679809768,1.0,1.0,1.0,1.0
1630679809939,1.0,1.0,1.0,1.0
1630679810033,1.0,1.0,1.0,1.0
1630679810111,1.0,1.0,1.0,1.0
1630679810205,1.0,1.0,1.0,1.0
1630679810267,1.0,1.0,1.0,1.0
1630679810408,1.0,1.0,1.0,1.0
1630679810537,1.0,1.0,1.0,1.0
1630679810678,1.0,1.0,1.0,1.0
1630679810693,1.0,1.0,1.0,1.0
1630679810803,1.0,1.0,1.0,1.0
1630679810881,1.0,1.0,1.0,1.0
1630679811006,1.0,1.0,1.0,1.0
1630679811146,1.0,1.0,1.0,1.0
1630679811209,1.0,1.0,1.0,1.0
1630679811334,1.0,1.0,1.0,1.0
1630679811396,1.0,1.0,1.0,1.0
1630679811540,1.0,1.0,1.0,1.0
1630679811600,1.0,1.0,1.0,1.0
1630679811752,1.0,1.0,1.0,1.0
1630679811849,1.0,1.0,1.0,1.0
1630679811950,1.0,1.0,1.0,1.0
1630679812020,1.0,1.0,1.0,1.0
1630679812149,1.0,1.0,1.0,1.0
1630679812177,1.0,1.0,1.0,1.0
1630679812346,1.0,1.0,1.0,1.0
1630679812440,1.0,1.0,1.0,1.0
1630679812657,1.0,1.0,1.0,1.0
1630679812711,1.0,1.0,1.0,1.0
1630679812743,1.0,1.0,1.0,1.0
1630679812774,1.0,1.0,1.0,1.0
1630679812941,1.0,1.0,1.0,1.0
1630679813094,1.0,1.0,1.0,1.0
1630679813125,1.0,1.0,1.0,1.0
1630679813250,1.0,1.0,1.0,1.0
1630679813360,1.0,1.0,1.0,1.0
1630679813422,1.0,1.0,1.0,1.0
1630679813625,1.0,1.0,1.0,1.0
1630679813735,1.0,1.0,1.0,1.0
1630679813781,1.0,1.0,1.0,1.0
1630679813859,1.0,1.0,1.0,1.0
1630679813922,1.0,1.0,1.0,1.0
1630679814014,1.0,1.0,1.0,1.0
1630679814185,1.0,1.0,1.0,1.0
1630679814279,1.0,1.0,1.0,1.0
1630679814420,1.0,1.0,1.0,1.0
1630679814451,1.0,1.0,1.0,1.0
1630679814545,1.0,1.0,1.0,1.0
1630679814654,1.0,1.0,1.0,1.0
1630679814779,1.0,1.0,1.0,1.0
1630679814935,1.0,1.0,1.0,1.0
1630679814982,1.0,1.0,1.0,1.0
1630679815092,1.0,1.0,1.0,1.0
1630679815185,1.0,1.0,1.0,1.0
1630679815248,1.0,1.0,1.0,1.0
1630679815459,1.0,1.0,1.0,1.0
1630679815490,1.0,1.0,1.0,1.0
1630679815584,1.0,1.0,1.0,1.0
1630679815693,1.0,1.0,1.0,1.0
1630679815756,1.0,1.0,1.0,1.0
1630679815849,1.0,1.0,1.0,1.0
1630679816024,1.0,1.0,1.0,1.0
1630679816087,1.0,1.0,1.0,1.0
1630679816213,1.0,1.0,1.0,1.0
1630679816260,1.0,1.0,1.0,1.0
1630679816400,1.0,1.0,1.0,1.0
1630679816572,1.0,1.0,1.0,1.0
1630679816603,1.0,1.0,1.0,1.0
1630679816775,1.0,1.0,1.0,1.0
1630679816806,1.0,1.0,1.0,1.0
1630679816900,1.0,1.0,1.0,1.0
1630679816978,1.0,1.0,1.0,1.0
1630679817072,1.0,1.0,1.0,1.0
1630679817244,1.0,1.0,1.0,1.0
1630679817307,1.0,1.0,1.0,1.0
1630679817412,1.0,1.0,1.0,1.0
1630679817509,1.0,1.0,1.0,1.0
1630679817603,1.0,1.0,1.0,1.0
1630679817665,1.0,1.0,1.0,1.0
1630679817899,1.0,1.0,1.0,1.0
1630679817946,1.0,1.0,1.0,1.0
1630679818056,1.0,1.0,1.0,1.0
1630679818118,1.0,1.0,1.0,1.0
1630679818196,1.0,1.0,1.0,1.0
1630679818321,1.0,1.0,1.0,1.0
1630679818415,1.0,1.0,1.0,1.0
1630679818587,1.0,1.0,1.0,1.0
1630679818649,1.0,1.0,1.0,1.0
1630679818790,1.0,1.0,1.0,1.0
1630679818821,1.0,1.0,1.0,1.0
1630679818899,1.0,1.0,1.0,1.0
1630679819118,1.0,1.0,1.0,1.0
1630679819165,1.0,1.0,1.0,1.0
1630679819305,1.0,1.0,1.0,1.0
1630679819368,1.0,1.0,1.0,1.0
1630679819477,1.0,1.0,1.0,1.0
1630679819540,1.0,1.0,1.0,1.0
1630679819665,1.0,1.0,1.0,1.0
1630679819774,1.0,1.0,1.0,1.0
1630679819836,1.0,1.0,1.0,1.0
1630679819946,1.0,1.0,1.0,1.0
1630679820071,1.0,1.0,1.0,1.0
1630679820180,1.0,1.0,1.0,1.0
1630679820342,1.0,1.0,1.0,1.0
1630679820373,1.0,1.0,1.0,1.0
1630679820435,1.0,1.0,1.0,1.0
1630679820576,1.0,1.0,1.0,1.0
1630679820670,1.0,1.0,1.0,1.0
1630679820779,1.0,1.0,1.0,1.0
1630679820904,1.0,1.0,1.0,1.0
1630679820998,1.0,1.0,1.0,1.0
1630679821045,1.0,1.0,1.0,1.0
1630679821217,1.0,1.0,1.0,1.0
1630679821263,1.0,1.0,1.0,1.0
1630679821357,1.0,1.0,1.0,1.0
1630679821498,1.0,1.0,1.0,1.0
1630679821607,2.0,1.0,1.0,2.0
1630679821736,2.0,4.0,1.0,2.0
1630679821767,2.0,4.0,1.0,2.0
1630679821861,2.0,4.0,1.0,2.0
1630679821954,2.0,4.0,1.0,2.0
1630679822079,2.0,2.0,4.0,2.0
1630679822220,2.0,2.0,4.0,2.0
1630679822267,2.0,2.0,4.0,2.0
1630679822376,2.0,2.0,2.0,2.0
1630679822535,2.0,4.0,2.0,2.0
1630679822644,2.0,4.0,2.0,2.0
1630679822785,2.0,4.0,2.0,2.0
1630679822894,2.0,4.0,2.0,2.0
1630679822926,2.0,4.0,2.0,2.0
1630679823019,2.0,4.0,1.0,2.0
1630679823129,2.0,2.0,4.0,2.0
1630679823191,2.0,4.0,4.0,2.0
1630679823332,2.0,1.0,4.0,2.0
1630679823507,2.0,4.0,1.0,2.0
1630679823538,2.0,4.0,1.0,2.0
1630679823616,2.0,1.0,1.0,2.0
1630679823710,2.0,4.0,1.0,2.0
1630679823773,2.0,4.0,1.0,2.0
1630679823929,2.0,1.0,1.0,2.0
1630679824007,2.0,4.0,1.0,2.0
1630679824101,2.0,4.0,1.0,2.0
1630679824210,2.0,4.0,1.0,2.0
1630679824304,2.0,4.0,1.0,2.0
1630679824366,2.0,4.0,1.0,2.0
1630679824541,2.0,1.0,1.0,2.0
1630679824634,2.0,1.0,1.0,2.0
1630679824775,2.0,1.0,1.0,2.0
1630679824838,2.0,1.0,1.0,2.0
1630679824931,2.0,1.0,1.0,2.0
1630679825025,2.0,1.0,1.0,2.0
1630679825181,2.0,1.0,1.0,2.0
1630679825290,2.0,1.0,1.0,2.0
1630679825369,2.0,1.0,1.0,2.0
1630679825431,2.0,1.0,1.0,2.0
1630679825528,2.0,1.0,1.0,2.0
1630679825590,2.0,1.0,1.0,2.0
1630679825762,2.0,1.0,1.0,2.0
1630679825856,2.0,1.0,1.0,2.0
1630679825960,2.0,1.0,1.0,2.0
1630679826038,2.0,1.0,1.0,2.0
1630679826132,2.0,1.0,1.0,2.0
1630679826226,2.0,1.0,1.0,2.0
1630679826429,2.0,1.0,1.0,2.0
1630679826522,2.0,1.0,1.0,2.0
1630679826587,2.0,1.0,1.0,2.0
1630679826681,2.0,1.0,1.0,2.0
1630679826806,2.0,1.0,1.0,2.0
1630679826837,2.0,1.0,1.0,2.0
1630679827056,2.0,1.0,1.0,2.0
1630679827118,2.0,1.0,1.0,2.0
1630679827227,2.0,1.0,1.0,2.0
1630679827259,2.0,1.0,1.0,2.0
1630679827353,2.0,1.0,1.0,2.0
1630679827431,2.0,1.0,1.0,2.0
1630679827622,2.0,1.0,1.0,2.0
1630679827700,2.0,1.0,1.0,2.0
1630679827794,2.0,1.0,1.0,2.0
1630679827934,2.0,1.0,1.0,2.0
1630679827981,2.0,1.0,1.0,2.0
1630679828090,2.0,1.0,1.0,2.0
1630679828200,2.0,1.0,1.0,2.0
1630679828262,2.0,1.0,1.0,2.0
1630679828434,2.0,1.0,1.0,2.0
1630679828497,2.0,1.0,1.0,2.0
1630679828590,2.0,1.0,1.0,2.0
1630679828657,2.0,1.0,1.0,2.0
1630679828813,2.0,1.0,1.0,2.0
1630679828907,2.0,1.0,1.0,2.0
1630679829016,2.0,1.0,1.0,2.0
1630679829078,2.0,1.0,1.0,2.0
1630679829172,2.0,1.0,1.0,2.0
1630679829281,2.0,1.0,1.0,2.0
1630679829453,2.0,1.0,1.0,2.0
1630679829531,2.0,1.0,1.0,2.0
1630679829609,2.0,1.0,1.0,2.0
1630679829708,2.0,1.0,1.0,2.0
1630679829817,2.0,1.0,1.0,2.0
1630679829911,2.0,1.0,1.0,2.0
1630679830005,2.0,1.0,1.0,2.0
1630679830114,2.0,1.0,1.0,2.0
1630679830208,2.0,1.0,1.0,2.0
1630679830317,2.0,1.0,1.0,2.0
1630679830380,2.0,1.0,1.0,2.0
1630679830474,2.0,1.0,1.0,2.0
1630679830645,2.0,1.0,1.0,2.0
1630679830708,2.0,1.0,1.0,2.0
1630679830803,2.0,1.0,1.0,2.0
1630679831007,2.0,1.0,1.0,2.0
1630679831007,2.0,1.0,1.0,2.0
1630679831100,2.0,1.0,1.0,2.0
1630679831256,2.0,1.0,1.0,2.0
1630679831350,2.0,1.0,1.0,2.0
1630679831428,2.0,1.0,1.0,2.0
1630679831584,2.0,1.0,1.0,2.0
1630679831600,2.0,1.0,1.0,2.0
1630679831725,2.0,1.0,1.0,2.0
1630679831834,2.0,1.0,1.0,2.0
1630679831959,2.0,1.0,1.0,2.0
1630679832053,2.0,1.0,1.0,2.0
1630679832162,2.0,1.0,1.0,2.0
1630679832256,2.0,1.0,1.0,2.0
1630679832287,2.0,1.0,1.0,2.0
1630679832459,2.0,1.0,1.0,2.0
1630679832559,2.0,1.0,1.0,2.0
1630679832622,2.0,1.0,1.0,2.0
1630679832747,2.0,1.0,1.0,2.0
1630679832840,2.0,1.0,1.0,2.0
1630679832950,2.0,1.0,1.0,2.0
1630679833075,2.0,1.0,1.0,2.0
1630679833169,2.0,1.0,1.0,2.0
1630679833231,1.0,1.0,1.0,1.0
1630679833403,1.0,1.0,1.0,1.0
1630679833450,1.0,1.0,1.0,1.0
1630679833512,1.0,1.0,1.0,1.0
1630679833671,1.0,1.0,1.0,1.0
1630679833781,1.0,1.0,1.0,1.0
1630679833890,1.0,1.0,1.0,1.0
1630679833968,1.0,1.0,1.0,1.0
1630679834046,1.0,1.0,1.0,1.0
1630679834155,1.0,1.0,1.0,1.0
1630679834343,1.0,1.0,1.0,1.0
1630679834359,1.0,1.0,1.0,1.0
1630679834468,1.0,1.0,1.0,1.0
1630679834593,1.0,1.0,1.0,1.0
1630679834765,1.0,1.0,1.0,1.0
1630679834796,1.0,1.0,1.0,1.0
1630679834968,1.0,1.0,1.0,1.0
1630679834983,1.0,1.0,1.0,1.0
1630679835093,1.0,1.0,1.0,1.0
1630679835187,1.0,1.0,1.0,1.0
1630679835327,1.0,1.0,1.0,1.0
1630679835392,1.0,1.0,1.0,1.0
1630679835486,1.0,1.0,1.0,1.0
1630679835688,1.0,1.0,1.0,1.0
1630679835751,1.0,1.0,1.0,1.0
1630679835860,1.0,1.0,1.0,1.0
1630679835935,1.0,1.0,1.0,1.0
1630679835967,1.0,1.0,1.0,1.0
1630679836125,1.0,1.0,1.0,1.0
1630679836186,1.0,1.0,1.0,1.0
1630679836314,1.0,1.0,1.0,1.0
1630679836455,1.0,1.0,1.0,1.0
1630679836499,1.0,1.0,1.0,1.0
1630679836610,1.0,1.0,1.0,1.0
1630679836737,1.0,1.0,1.0,1.0
1630679836830,1.0,1.0,1.0,1.0
1630679836941,1.0,1.0,1.0,1.0
1630679837004,1.0,1.0,1.0,1.0
1630679837097,1.0,1.0,1.0,1.0
1630679837205,1.0,1.0,1.0,1.0
1630679837376,1.0,1.0,1.0,1.0
1630679837453,1.0,1.0,1.0,1.0
1630679837558,1.0,1.0,1.0,1.0
1630679837620,1.0,1.0,1.0,1.0
1630679837729,1.0,1.0,1.0,1.0
1630679837841,1.0,1.0,1.0,1.0
1630679837982,1.0,1.0,1.0,1.0
1630679838170,1.0,1.0,1.0,1.0
1630679838201,1.0,1.0,1.0,1.0
1630679838387,1.0,1.0,1.0,1.0
1630679838560,1.0,1.0,1.0,1.0
1630679838661,1.0,1.0,1.0,1.0
1630679838723,1.0,1.0,1.0,1.0
1630679838723,1.0,1.0,1.0,1.0
1630679838817,1.0,1.0,1.0,1.0
1630679838958,1.0,1.0,1.0,1.0
1630679839061,1.0,1.0,1.0,1.0
1630679839233,1.0,1.0,1.0,1.0
1630679839295,1.0,1.0,1.0,1.0
1630679839451,1.0,1.0,1.0,1.0
1630679839467,1.0,1.0,1.0,1.0
1630679839563,1.0,1.0,1.0,1.0
1630679839626,1.0,1.0,1.0,1.0
1630679839846,1.0,1.0,1.0,1.0
1630679839909,1.0,1.0,1.0,1.0
1630679839939,1.0,1.0,1.0,1.0
1630679840080,1.0,1.0,1.0,1.0
1630679840127,1.0,1.0,1.0,1.0
1630679840329,1.0,1.0,1.0,1.0
1630679840440,1.0,1.0,1.0,1.0
1630679840456,1.0,1.0,1.0,1.0
1630679840630,1.0,1.0,1.0,1.0
1630679840661,1.0,1.0,1.0,1.0
1630679840864,1.0,1.0,1.0,1.0
1630679840896,1.0,1.0,1.0,1.0
1630679841021,1.0,1.0,1.0,1.0
1630679841099,1.0,1.0,1.0,1.0
1630679841224,1.0,1.0,1.0,1.0
1630679841333,1.0,1.0,1.0,1.0
1630679841364,1.0,1.0,1.0,1.0
1630679841442,1.0,1.0,1.0,1.0
1630679841696,1.0,1.0,1.0,1.0
1630679841868,1.0,1.0,1.0,1.0
1630679842028,1.0,1.0,1.0,1.0
1630679842121,1.0,1.0,1.0,1.0
1630679842137,1.0,1.0,1.0,1.0
1630679842168,1.0,1.0,1.0,1.0
1630679842199,1.0,1.0,1.0,1.0
1630679842293,1.0,1.0,1.0,1.0
1630679842403,1.0,1.0,1.0,1.0
1630679842481,1.0,1.0,1.0,1.0
1630679842606,1.0,1.0,1.0,1.0
1630679842656,1.0,1.0,1.0,1.0
1630679842827,1.0,1.0,1.0,1.0
1630679842921,1.0,1.0,1.0,1.0
1630679842999,1.0,1.0,1.0,1.0
1630679843124,1.0,1.0,1.0,1.0
1630679843187,1.0,1.0,1.0,1.0
1630679843296,1.0,1.0,1.0,1.0
1630679843452,1.0,1.0,1.0,1.0
1630679843499,1.0,1.0,1.0,1.0
1630679843657,1.0,1.0,1.0,1.0
1630679843672,1.0,1.0,1.0,1.0
1630679843829,1.0,1.0,1.0,1.0
1630679843876,1.0,1.0,1.0,1.0
1630679844047,1.0,1.0,1.0,1.0
1630679844141,1.0,1.0,1.0,1.0
1630679844235,1.0,1.0,1.0,1.0
1630679844313,1.0,1.0,1.0,1.0
1630679844406,1.0,1.0,1.0,1.0
1630679844554,1.0,1.0,1.0,1.0
1630679844650,1.0,1.0,1.0,1.0
1630679844744,1.0,1.0,1.0,1.0
1630679844854,1.0,1.0,1.0,1.0
1630679844947,1.0,1.0,1.0,1.0
1630679845010,1.0,1.0,1.0,1.0
1630679845119,1.0,1.0,1.0,1.0
1630679845244,1.0,1.0,1.0,1.0
1630679845353,1.0,1.0,1.0,1.0
1630679845449,1.0,1.0,1.0,1.0
1630679845574,1.0,1.0,1.0,1.0
1630679845668,1.0,1.0,1.0,1.0
1630679845731,1.0,1.0,1.0,1.0
1630679845856,1.0,1.0,1.0,1.0
1630679845996,1.0,1.0,1.0,1.0
1630679846027,1.0,1.0,1.0,1.0
1630679846152,1.0,1.0,1.0,1.0
1630679846293,1.0,1.0,1.0,1.0
1630679846340,1.0,1.0,1.0,1.0
1630679846467,1.0,1.0,1.0,1.0
1630679846545,1.0,1.0,1.0,1.0
1630679846670,1.0,1.0,1.0,1.0
1630679846748,1.0,1.0,1.0,1.0
1630679846873,1.0,1.0,1.0,1.0
1630679846920,1.0,1.0,1.0,1.0
1630679847092,1.0,1.0,1.0,1.0
1630679847170,1.0,1.0,1.0,1.0
1630679847279,1.0,1.0,1.0,1.0
1630679847357,1.0,1.0,1.0,1.0
1630679847451,1.0,1.0,1.0,1.0
1630679847547,1.0,1.0,1.0,1.0
1630679847672,1.0,1.0,1.0,1.0
1630679847828,1.0,1.0,1.0,1.0
1630679847922,1.0,1.0,1.0,1.0
1630679848032,1.0,1.0,1.0,1.0
1630679848094,1.0,1.0,1.0,1.0
1630679848156,1.0,1.0,1.0,1.0
1630679848344,1.0,1.0,1.0,1.0
1630679848375,1.0,1.0,1.0,1.0
1630679848469,1.0,1.0,1.0,1.0
1630679848705,1.0,1.0,1.0,1.0
1630679848705,1.0,1.0,1.0,1.0
1630679848784,1.0,1.0,1.0,1.0
1630679848908,1.0,1.0,1.0,1.0
1630679849011,1.0,1.0,1.0,1.0
1630679849152,1.0,1.0,1.0,1.0
1630679849168,1.0,1.0,1.0,1.0
1630679849355,1.0,1.0,1.0,1.0
1630679849371,1.0,1.0,1.0,1.0
1630679849511,1.0,1.0,1.0,1.0
1630679849608,1.0,1.0,1.0,1.0
1630679849764,1.0,1.0,1.0,1.0
1630679849796,1.0,1.0,1.0,1.0
1630679849905,1.0,1.0,1.0,1.0
1630679850030,1.0,1.0,1.0,1.0
1630679850124,1.0,1.0,1.0,1.0
1630679850233,1.0,1.0,1.0,1.0
1630679850342,1.0,1.0,1.0,1.0
1630679850405,1.0,1.0,1.0,1.0
1630679850545,1.0,1.0,1.0,1.0
1630679850577,1.0,1.0,1.0,1.0
1630679850704,1.0,1.0,1.0,1.0
1630679850813,1.0,1.0,1.0,1.0
1630679850907,1.0,1.0,1.0,1.0
1630679851001,1.0,1.0,1.0,1.0
1630679851126,1.0,1.0,1.0,1.0
1630679851251,1.0,1.0,1.0,1.0
1630679851391,1.0,1.0,1.0,1.0
1630679851407,1.0,1.0,1.0,1.0
1630679851516,1.0,1.0,1.0,1.0
1630679851643,1.0,1.0,1.0,1.0
1630679851721,1.0,1.0,1.0,1.0
1630679851846,1.0,1.0,1.0,1.0
1630679851940,1.0,1.0,1.0,1.0
1630679852049,1.0,1.0,1.0,1.0
1630679852143,1.0,1.0,1.0,1.0
1630679852206,1.0,1.0,1.0,1.0
1630679852361,1.0,1.0,1.0,1.0
1630679852439,1.0,1.0,1.0,1.0
1630679852549,1.0,1.0,1.0,1.0
1630679852642,1.0,1.0,1.0,1.0
1630679852767,1.0,1.0,1.0,1.0
1630679852830,1.0,1.0,1.0,1.0
1630679852924,1.0,1.0,1.0,1.0
1630679853033,1.0,1.0,1.0,1.0
1630679853205,1.0,1.0,1.0,1.0
1630679853299,1.0,1.0,1.0,1.0
1630679853361,1.0,1.0,1.0,1.0
1630679853424,1.0,1.0,1.0,1.0
1630679853535,1.0,1.0,1.0,1.0
1630679853629,1.0,1.0,1.0,1.0
1630679853770,1.0,1.0,1.0,1.0
1630679853926,1.0,1.0,1.0,1.0
1630679854004,1.0,1.0,1.0,1.0
1630679854067,1.0,1.0,1.0,1.0
1630679854145,1.0,1.0,1.0,1.0
1630679854254,1.0,1.0,1.0,1.0
1630679854457,1.0,1.0,1.0,1.0
1630679854566,1.0,1.0,1.0,1.0
1630679854598,1.0,1.0,1.0,1.0
1630679854660,1.0,1.0,1.0,1.0
1630679854832,1.0,1.0,1.0,1.0
1630679854863,1.0,1.0,1.0,1.0
1630679854988,1.0,1.0,1.0,1.0
1630679855144,1.0,1.0,1.0,1.0
1630679855176,1.0,1.0,1.0,1.0
1630679855316,1.0,1.0,1.0,1.0
1630679855363,1.0,1.0,1.0,1.0
1630679855441,1.0,1.0,1.0,1.0
1630679855629,1.0,1.0,1.0,1.0
1630679855691,1.0,1.0,1.0,1.0
1630679855816,1.0,1.0,1.0,1.0
1630679855910,1.0,1.0,1.0,1.0
1630679856050,1.0,1.0,1.0,1.0
1630679856082,1.0,1.0,1.0,1.0
1630679856238,1.0,1.0,1.0,1.0
1630679856316,1.0,1.0,1.0,1.0
1630679856394,1.0,1.0,1.0,1.0
1630679856488,2.0,1.0,1.0,2.0
1630679856597,2.0,1.0,1.0,2.0
1630679856725,2.0,1.0,1.0,2.0
1630679856834,2.0,1.0,1.0,2.0
1630679856990,2.0,1.0,1.0,2.0
1630679857069,2.0,1.0,1.0,2.0
1630679857100,2.0,1.0,1.0,2.0
1630679857194,2.0,1.0,1.0,2.0
1630679857303,2.0,1.0,1.0,2.0
1630679857428,2.0,1.0,1.0,2.0
1630679857568,2.0,1.0,1.0,2.0
1630679857600,2.0,1.0,1.0,2.0
1630679857727,2.0,1.0,1.0,2.0
1630679857946,2.0,1.0,1.0,2.0
1630679858164,2.0,1.0,1.0,2.0
1630679858227,2.0,1.0,1.0,2.0
1630679858258,2.0,1.0,1.0,2.0
1630679858305,2.0,1.0,1.0,2.0
1630679858321,2.0,1.0,1.0,2.0
1630679858539,2.0,1.0,1.0,2.0
1630679858586,2.0,1.0,1.0,2.0
1630679858664,2.0,1.0,1.0,2.0
1630679858758,2.0,1.0,1.0,2.0
1630679858899,2.0,1.0,1.0,2.0
1630679859024,2.0,1.0,1.0,2.0
1630679859195,2.0,1.0,1.0,2.0
1630679859305,2.0,1.0,1.0,2.0
1630679859399,2.0,1.0,1.0,2.0
1630679859651,2.0,1.0,1.0,2.0
1630679859792,2.0,1.0,1.0,2.0
1630679859901,2.0,1.0,1.0,2.0
1630679859963,2.0,1.0,1.0,2.0
1630679860057,2.0,1.0,1.0,2.0
1630679860151,2.0,1.0,1.0,2.0
1630679860182,2.0,1.0,1.0,2.0
1630679860213,2.0,1.0,1.0,2.0
1630679860307,2.0,1.0,1.0,2.0
1630679860338,2.0,1.0,1.0,2.0
1630679860385,2.0,1.0,1.0,2.0
1630679860526,2.0,4.0,1.0,2.0
1630679860607,2.0,4.0,1.0,2.0
1630679860685,2.0,4.0,1.0,2.0
1630679860763,2.0,4.0,1.0,2.0
1630679860872,2.0,4.0,4.0,2.0
1630679860966,2.0,4.0,2.0,2.0
1630679861107,2.0,4.0,1.0,2.0
1630679861200,2.0,2.0,1.0,2.0
1630679861294,2.0,4.0,1.0,2.0
1630679861388,2.0,4.0,1.0,2.0
1630679861466,2.0,4.0,1.0,2.0
1630679861575,2.0,1.0,1.0,2.0
1630679861747,2.0,4.0,1.0,2.0
1630679861794,2.0,1.0,1.0,2.0
1630679861903,2.0,1.0,1.0,2.0
1630679862028,2.0,1.0,1.0,2.0
1630679862106,2.0,4.0,1.0,2.0
1630679862184,2.0,1.0,1.0,2.0
1630679862341,2.0,1.0,1.0,2.0
1630679862419,2.0,1.0,1.0,2.0
1630679862653,2.0,1.0,1.0,2.0
1630679862684,2.0,1.0,1.0,2.0
1630679862716,2.0,4.0,1.0,2.0
1630679862809,2.0,4.0,1.0,2.0
1630679862934,2.0,1.0,1.0,2.0
1630679863138,2.0,1.0,1.0,2.0
1630679863153,2.0,1.0,1.0,2.0
1630679863216,2.0,1.0,1.0,2.0
1630679863372,2.0,1.0,1.0,2.0
1630679863387,2.0,1.0,1.0,2.0
1630679863640,2.0,1.0,1.0,2.0
1630679863805,1.0,1.0,1.0,1.0
1630679863821,1.0,1.0,1.0,1.0
1630679864008,1.0,1.0,1.0,1.0
1630679864086,1.0,1.0,1.0,1.0
1630679864223,1.0,1.0,1.0,1.0
1630679864285,1.0,1.0,1.0,1.0
1630679864332,1.0,1.0,1.0,1.0
1630679864488,1.0,1.0,1.0,1.0
1630679864520,1.0,1.0,1.0,1.0
1630679864582,1.0,1.0,1.0,1.0
1630679864645,1.0,1.0,1.0,1.0
1630679864804,1.0,1.0,1.0,1.0
1630679864866,1.0,1.0,1.0,1.0
1630679864991,1.0,1.0,1.0,1.0
1630679865101,1.0,1.0,1.0,1.0
1630679865253,1.0,1.0,1.0,1.0
1630679865365,1.0,1.0,1.0,1.0
1630679865424,1.0,1.0,1.0,1.0
1630679865596,1.0,1.0,1.0,1.0
1630679865609,1.0,1.0,1.0,1.0
1630679865708,1.0,1.0,1.0,1.0
1630679865740,1.0,1.0,1.0,1.0
1630679865906,1.0,1.0,1.0,1.0
1630679865969,1.0,1.0,1.0,1.0
1630679866050,1.0,1.0,1.0,1.0
1630679866139,1.0,1.0,1.0,1.0
1630679866291,1.0,1.0,1.0,1.0
1630679866345,1.0,1.0,1.0,1.0
1630679866423,1.0,1.0,1.0,1.0
1630679866576,1.0,1.0,1.0,1.0
1630679866685,1.0,1.0,1.0,1.0
1630679866825,1.0,1.0,1.0,1.0
1630679866876,1.0,1.0,1.0,1.0
1630679867022,1.0,1.0,1.0,1.0
1630679867050,1.0,1.0,1.0,1.0
1630679867219,1.0,1.0,1.0,1.0
1630679867266,1.0,1.0,1.0,1.0
1630679867404,1.0,1.0,1.0,1.0
1630679867576,1.0,1.0,1.0,1.0
1630679867576,1.0,1.0,1.0,1.0
1630679867744,1.0,1.0,1.0,1.0
1630679867807,1.0,1.0,1.0,1.0
1630679867885,1.0,1.0,1.0,1.0
1630679867977,1.0,1.0,1.0,1.0
1630679868118,1.0,1.0,1.0,1.0
1630679868227,1.0,1.0,1.0,1.0
1630679868352,1.0,1.0,1.0,1.0
1630679868477,1.0,1.0,1.0,1.0
1630679868507,1.0,1.0,1.0,1.0
1630679868636,1.0,1.0,1.0,1.0
1630679868697,1.0,1.0,1.0,1.0
1630679868776,1.0,1.0,1.0,1.0
1630679868948,1.0,1.0,1.0,1.0
1630679869088,1.0,1.0,1.0,1.0
1630679869258,1.0,1.0,1.0,1.0
1630679869258,1.0,1.0,1.0,1.0
1630679869289,1.0,1.0,1.0,1.0
1630679869368,1.0,1.0,1.0,1.0
1630679869477,1.0,1.0,1.0,1.0
1630679869604,1.0,1.0,1.0,1.0
1630679869761,1.0,1.0,1.0,1.0
1630679869855,1.0,1.0,1.0,1.0
1630679869949,1.0,1.0,1.0,1.0
1630679870058,1.0,1.0,1.0,1.0
1630679870152,1.0,1.0,1.0,1.0
1630679870309,1.0,1.0,1.0,1.0
1630679870388,1.0,1.0,1.0,1.0
1630679870419,1.0,1.0,1.0,1.0
1630679870577,1.0,1.0,1.0,1.0
1630679870624,1.0,1.0,1.0,1.0
1630679870744,1.0,1.0,1.0,1.0
1630679870916,1.0,1.0,1.0,1.0
1630679870947,1.0,1.0,1.0,1.0
1630679871088,1.0,1.0,1.0,1.0
1630679871150,1.0,1.0,1.0,1.0
1630679871213,1.0,1.0,1.0,1.0
1630679871372,1.0,1.0,1.0,1.0
1630679871450,1.0,1.0,1.0,1.0
1630679871544,1.0,1.0,1.0,1.0
1630679871685,1.0,1.0,1.0,1.0
1630679871747,1.0,1.0,1.0,1.0
1630679871845,1.0,1.0,1.0,1.0
1630679871923,1.0,1.0,1.0,1.0
1630679872080,1.0,1.0,1.0,1.0
1630679872142,1.0,1.0,1.0,1.0
1630679872237,1.0,1.0,1.0,1.0
1630679872418,1.0,1.0,1.0,1.0
1630679872449,1.0,1.0,1.0,1.0
1630679872561,1.0,1.0,1.0,1.0
1630679872658,1.0,1.0,1.0,1.0
1630679872783,1.0,1.0,1.0,1.0
1630679872845,1.0,1.0,1.0,1.0
1630679872955,1.0,1.0,1.0,1.0
1630679873111,1.0,1.0,1.0,1.0
1630679873142,2.0,1.0,1.0,2.0
1630679873378,1.0,1.0,1.0,1.0
1630679873409,2.0,1.0,1.0,2.0
1630679873519,1.0,1.0,1.0,1.0
1630679873550,1.0,1.0,1.0,1.0
1630679873675,1.0,1.0,1.0,1.0
1630679873754,1.0,1.0,1.0,1.0
1630679873861,1.0,1.0,1.0,1.0
1630679874095,1.0,1.0,1.0,1.0
1630679874096,1.0,1.0,1.0,1.0
1630679874216,1.0,1.0,1.0,1.0
1630679874278,1.0,1.0,1.0,1.0
1630679874374,1.0,1.0,1.0,1.0
1630679874483,1.0,1.0,1.0,1.0
1630679874625,1.0,1.0,1.0,1.0
1630679874748,1.0,1.0,1.0,1.0
1630679874784,1.0,1.0,1.0,1.0
1630679874855,1.0,1.0,1.0,1.0
1630679874998,1.0,1.0,1.0,1.0
1630679875089,1.0,1.0,1.0,1.0
1630679875215,1.0,1.0,1.0,1.0
1630679875275,1.0,1.0,1.0,1.0
1630679875448,1.0,1.0,1.0,1.0
1630679875477,1.0,1.0,1.0,1.0
1630679875603,1.0,1.0,1.0,1.0
1630679875743,1.0,1.0,1.0,1.0
1630679875836,1.0,1.0,1.0,1.0
1630679875914,1.0,1.0,1.0,1.0
1630679876008,1.0,1.0,1.0,1.0
1630679876152,1.0,1.0,1.0,1.0
1630679876180,1.0,1.0,1.0,1.0
1630679876321,1.0,1.0,1.0,1.0
1630679876431,1.0,1.0,1.0,1.0
1630679876527,1.0,1.0,1.0,1.0
1630679876671,1.0,1.0,1.0,1.0
1630679876727,1.0,1.0,1.0,1.0
1630679876790,1.0,1.0,1.0,1.0
1630679876965,1.0,1.0,1.0,1.0
1630679877061,1.0,1.0,1.0,1.0
1630679877111,1.0,1.0,1.0,1.0
1630679877274,1.0,1.0,1.0,1.0
1630679877312,1.0,1.0,1.0,1.0
1630679877405,1.0,1.0,1.0,1.0
1630679877549,1.0,1.0,1.0,1.0
1630679877642,1.0,1.0,1.0,1.0
1630679877768,1.0,1.0,1.0,1.0
1630679877815,1.0,1.0,1.0,1.0
1630679877910,1.0,1.0,1.0,1.0
1630679878017,1.0,1.0,1.0,1.0
1630679878180,1.0,1.0,1.0,1.0
1630679878242,1.0,1.0,1.0,1.0
1630679878334,1.0,1.0,1.0,1.0
1630679878426,1.0,1.0,1.0,1.0
1630679878536,1.0,1.0,1.0,1.0
1630679878646,1.0,1.0,1.0,1.0
1630679878773,1.0,1.0,1.0,1.0
1630679878885,1.0,1.0,1.0,1.0
1630679878949,1.0,1.0,1.0,1.0
1630679879055,1.0,1.0,1.0,1.0
1630679879150,1.0,1.0,1.0,1.0
1630679879213,1.0,1.0,1.0,1.0
1630679879353,1.0,1.0,1.0,1.0
1630679879497,1.0,1.0,1.0,1.0
1630679879560,2.0,1.0,1.0,2.0
1630679879653,2.0,1.0,1.0,2.0
1630679879749,2.0,1.0,1.0,2.0
1630679879844,2.0,1.0,1.0,2.0
1630679880033,2.0,1.0,1.0,2.0
1630679880064,2.0,1.0,1.0,2.0
1630679880172,2.0,1.0,1.0,2.0
1630679880280,2.0,1.0,1.0,2.0
1630679880388,2.0,1.0,1.0,2.0
1630679880423,2.0,1.0,1.0,2.0
1630679880566,2.0,1.0,1.0,2.0
1630679880660,2.0,1.0,1.0,2.0
1630679880799,2.0,1.0,1.0,2.0
1630679880833,2.0,1.0,1.0,2.0
1630679881073,2.0,1.0,1.0,2.0
1630679881119,2.0,1.0,1.0,2.0
1630679881216,2.0,1.0,1.0,2.0
1630679881313,2.0,1.0,1.0,2.0
1630679881406,2.0,1.0,1.0,2.0
1630679881505,2.0,1.0,1.0,2.0
1630679881580,2.0,1.0,1.0,2.0
1630679881646,2.0,1.0,1.0,2.0
1630679881821,2.0,1.0,1.0,2.0
1630679881886,2.0,1.0,1.0,2.0
1630679881982,2.0,1.0,1.0,2.0
1630679882142,2.0,1.0,1.0,2.0
1630679882172,2.0,1.0,1.0,2.0
1630679882316,2.0,1.0,1.0,2.0
1630679882456,2.0,1.0,1.0,2.0
1630679882473,2.0,1.0,1.0,2.0
1630679882602,2.0,1.0,1.0,2.0
1630679882678,2.0,1.0,1.0,2.0
1630679882806,2.0,1.0,1.0,2.0
1630679882918,1.0,1.0,1.0,1.0
1630679883028,1.0,1.0,1.0,1.0
1630679883121,1.0,1.0,1.0,1.0
1630679883218,1.0,1.0,1.0,1.0
1630679883313,1.0,1.0,1.0,1.0
1630679883405,1.0,1.0,1.0,1.0
1630679883486,1.0,1.0,1.0,1.0
1630679883676,1.0,1.0,1.0,1.0
1630679883738,1.0,1.0,1.0,1.0
1630679883865,1.0,1.0,1.0,1.0
1630679883929,1.0,1.0,1.0,1.0
1630679884055,1.0,1.0,1.0,1.0
1630679884153,1.0,1.0,1.0,1.0
1630679884390,1.0,1.0,1.0,1.0
1630679884405,1.0,1.0,1.0,1.0
1630679884437,1.0,1.0,1.0,1.0
1630679884596,1.0,1.0,1.0,1.0
1630679884688,1.0,1.0,1.0,1.0
1630679884736,1.0,1.0,1.0,1.0
1630679884874,1.0,1.0,1.0,1.0
1630679884969,1.0,1.0,1.0,1.0
1630679885098,1.0,1.0,1.0,1.0
1630679885129,1.0,1.0,1.0,1.0
1630679885274,1.0,1.0,1.0,1.0
1630679885289,1.0,1.0,1.0,1.0
1630679885497,1.0,1.0,1.0,1.0
1630679885677,1.0,1.0,1.0,1.0
1630679885678,1.0,1.0,1.0,1.0
1630679885789,1.0,1.0,1.0,1.0
1630679885868,1.0,1.0,1.0,1.0
1630679885993,1.0,1.0,1.0,1.0
1630679886086,1.0,1.0,1.0,1.0
1630679886322,1.0,1.0,1.0,1.0
1630679886335,1.0,1.0,1.0,1.0
1630679886400,1.0,1.0,1.0,1.0
1630679886509,1.0,1.0,1.0,1.0
1630679886540,1.0,1.0,1.0,1.0
1630679886713,1.0,1.0,1.0,1.0
1630679886762,1.0,1.0,1.0,1.0
1630679886851,1.0,1.0,1.0,1.0
1630679887025,1.0,1.0,1.0,1.0
1630679887089,1.0,1.0,1.0,1.0
1630679887202,1.0,1.0,1.0,1.0
1630679887297,1.0,1.0,1.0,1.0
1630679887360,1.0,1.0,1.0,1.0
1630679887535,1.0,1.0,1.0,1.0
1630679887630,1.0,1.0,1.0,1.0
1630679887741,1.0,1.0,1.0,1.0
1630679887868,1.0,1.0,1.0,1.0
1630679887965,1.0,1.0,1.0,1.0
1630679888065,1.0,1.0,1.0,1.0
1630679888080,1.0,1.0,1.0,1.0
1630679888160,1.0,1.0,1.0,1.0
1630679888289,1.0,1.0,1.0,1.0
1630679888465,1.0,1.0,1.0,1.0
1630679888565,1.0,1.0,1.0,1.0
1630679888630,1.0,1.0,1.0,1.0
1630679888726,1.0,1.0,1.0,1.0
1630679888840,1.0,1.0,1.0,1.0
1630679889073,1.0,1.0,1.0,1.0
1630679889215,1.0,1.0,1.0,1.0
1630679889376,1.0,1.0,1.0,1.0
1630679889409,1.0,1.0,1.0,1.0
1630679889504,1.0,1.0,1.0,1.0
1630679889565,1.0,1.0,1.0,1.0
1630679889596,1.0,1.0,1.0,1.0
1630679889649,1.0,1.0,1.0,1.0
1630679889745,1.0,1.0,1.0,1.0
1630679889963,1.0,1.0,1.0,1.0
1630679890077,1.0,1.0,1.0,1.0
1630679890108,1.0,1.0,1.0,1.0
1630679896172,4.0,4.0,4.0,4.0
1630679896265,4.0,4.0,4.0,4.0
1630679896360,4.0,4.0,4.0,4.0
1630679896440,4.0,4.0,4.0,4.0
1630679896552,4.0,4.0,4.0,4.0
1630679896707,4.0,4.0,4.0,4.0
1630679896757,4.0,4.0,4.0,4.0
1630679896886,4.0,4.0,4.0,4.0
1630679896981,4.0,4.0,4.0,4.0
1630679897046,4.0,4.0,4.0,4.0
1630679897141,4.0,4.0,4.0,4.0
1630679897286,4.0,4.0,4.0,4.0
1630679897396,4.0,4.0,4.0,4.0
1630679897473,4.0,4.0,4.0,4.0
1630679897580,4.0,4.0,4.0,4.0
1630679897688,4.0,4.0,4.0,4.0
1630679897753,4.0,4.0,4.0,4.0
1630679897913,4.0,4.0,4.0,4.0
1630679898009,4.0,4.0,4.0,4.0
1630679898073,2.0,1.0,1.0,2.0
1630679898184,2.0,1.0,1.0,2.0
1630679898264,2.0,1.0,1.0,2.0
1630679898371,2.0,1.0,1.0,2.0
1630679898510,2.0,1.0,1.0,2.0
1630679898608,2.0,1.0,1.0,2.0
1630679898664,2.0,1.0,1.0,2.0
1630679898794,2.0,1.0,1.0,2.0
1630679898905,2.0,1.0,1.0,2.0
1630679898953,2.0,1.0,1.0,2.0
1630679899125,2.0,1.0,1.0,2.0
1630679899233,2.0,1.0,1.0,2.0
1630679899295,2.0,1.0,1.0,2.0
1630679899393,2.0,1.0,1.0,2.0
1630679899501,2.0,1.0,1.0,2.0
1630679899602,2.0,1.0,1.0,2.0
1630679899725,2.0,1.0,1.0,2.0
1630679899821,2.0,1.0,1.0,2.0
1630679899932,2.0,1.0,1.0,2.0
1630679900024,2.0,1.0,1.0,2.0
1630679900132,2.0,1.0,1.0,2.0
1630679900193,2.0,1.0,1.0,2.0
1630679900333,2.0,1.0,1.0,2.0
1630679900473,2.0,1.0,1.0,2.0
1630679900535,2.0,1.0,1.0,2.0
1630679900600,2.0,1.0,1.0,2.0
1630679900729,2.0,1.0,1.0,2.0
1630679900793,2.0,1.0,1.0,2.0
1630679900937,2.0,1.0,1.0,2.0
1630679901037,2.0,1.0,1.0,2.0
1630679901181,2.0,1.0,1.0,2.0
1630679901245,2.0,1.0,1.0,2.0
1630679901329,2.0,1.0,1.0,2.0
1630679901425,2.0,4.0,4.0,2.0
1630679901566,4.0,4.0,4.0,4.0
1630679901647,4.0,4.0,4.0,4.0
1630679901766,4.0,4.0,4.0,2.0
1630679901880,2.0,4.0,2.0,2.0
1630679901929,2.0,2.0,2.0,2.0
1630679902026,2.0,2.0,1.0,2.0
1630679902169,2.0,1.0,1.0,2.0
1630679902265,2.0,1.0,1.0,2.0
1630679902361,2.0,2.0,1.0,2.0
1630679902430,2.0,4.0,1.0,2.0
1630679902550,2.0,4.0,1.0,2.0
1630679902645,2.0,4.0,1.0,2.0
1630679902787,2.0,1.0,1.0,2.0
1630679902874,2.0,4.0,1.0,2.0
1630679902985,2.0,4.0,1.0,2.0
1630679903064,2.0,2.0,1.0,2.0
1630679903141,2.0,2.0,1.0,2.0
1630679903237,2.0,2.0,1.0,2.0
1630679903381,2.0,2.0,1.0,2.0
1630679903473,2.0,2.0,1.0,2.0
1630679903584,2.0,1.0,1.0,2.0
1630679903692,2.0,1.0,1.0,2.0
1630679903756,2.0,1.0,1.0,2.0
1630679903880,2.0,1.0,1.0,2.0
1630679904009,2.0,1.0,1.0,2.0
1630679904105,2.0,1.0,1.0,2.0
1630679904218,2.0,1.0,1.0,2.0
1630679904281,2.0,1.0,1.0,2.0
1630679904394,2.0,1.0,1.0,2.0
1630679904473,1.0,1.0,1.0,1.0
1630679904596,1.0,1.0,1.0,1.0
1630679904706,1.0,1.0,1.0,1.0
1630679904801,1.0,1.0,1.0,1.0
1630679904896,1.0,1.0,1.0,1.0
1630679904966,1.0,1.0,1.0,1.0
1630679905085,1.0,1.0,1.0,1.0
1630679905212,1.0,1.0,1.0,1.0
1630679905326,1.0,1.0,1.0,1.0
1630679905390,1.0,1.0,1.0,1.0
1630679905485,1.0,1.0,1.0,1.0
1630679905578,1.0,1.0,1.0,1.0
1630679905689,1.0,1.0,1.0,1.0
1630679905815,1.0,1.0,1.0,1.0
1630679905913,1.0,1.0,1.0,1.0
1630679906055,1.0,1.0,1.0,1.0
1630679906121,1.0,1.0,1.0,1.0
1630679906185,1.0,1.0,1.0,1.0
1630679906298,1.0,1.0,1.0,1.0
1630679906408,1.0,1.0,1.0,1.0
1630679906505,1.0,1.0,1.0,1.0
1630679906633,1.0,1.0,1.0,1.0
1630679906695,1.0,1.0,1.0,1.0
1630679906809,1.0,1.0,1.0,1.0
1630679906889,1.0,1.0,1.0,1.0
1630679907033,1.0,1.0,1.0,1.0
1630679907144,1.0,1.0,1.0,1.0
1630679907221,1.0,1.0,1.0,1.0
1630679907334,1.0,1.0,1.0,1.0
1630679907433,1.0,1.0,1.0,1.0
1630679907496,1.0,1.0,1.0,1.0
1630679907624,1.0,1.0,1.0,1.0
1630679907732,1.0,1.0,1.0,1.0
1630679907824,1.0,1.0,1.0,1.0
1630679907947,1.0,1.0,1.0,1.0
1630679908013,1.0,1.0,1.0,1.0
1630679908108,1.0,1.0,1.0,1.0
1630679908285,1.0,1.0,1.0,1.0
1630679908348,1.0,1.0,1.0,1.0
1630679908473,1.0,1.0,1.0,1.0
1630679908535,1.0,1.0,1.0,1.0
1630679908628,1.0,1.0,1.0,1.0
1630679908720,1.0,1.0,1.0,1.0
1630679908881,1.0,1.0,1.0,1.0
1630679908953,1.0,1.0,1.0,1.0
1630679909065,1.0,1.0,1.0,1.0
1630679909145,1.0,1.0,1.0,1.0
1630679909254,1.0,1.0,1.0,1.0
1630679909353,1.0,1.0,1.0,1.0
1630679909480,1.0,1.0,1.0,1.0
1630679909594,1.0,1.0,1.0,1.0
1630679909688,1.0,1.0,1.0,1.0
1630679909781,1.0,1.0,1.0,1.0
1630679909873,1.0,1.0,1.0,1.0
1630679909935,1.0,1.0,1.0,1.0
1630679910094,1.0,1.0,1.0,1.0
1630679910171,1.0,1.0,1.0,1.0
1630679910269,1.0,1.0,1.0,1.0
1630679910374,1.0,1.0,1.0,1.0
1630679910467,1.0,1.0,1.0,1.0
1630679910593,1.0,1.0,1.0,1.0
1630679910706,1.0,1.0,1.0,1.0
1630679910797,1.0,1.0,1.0,1.0
1630679910910,1.0,1.0,1.0,1.0
1630679910972,1.0,1.0,1.0,1.0
1630679911080,1.0,1.0,1.0,1.0
1630679911157,1.0,1.0,1.0,1.0
1630679911283,1.0,1.0,1.0,1.0
1630679911405,1.0,1.0,1.0,1.0
1630679911483,1.0,1.0,1.0,1.0
1630679911592,1.0,1.0,1.0,1.0
1630679911702,1.0,1.0,1.0,1.0
1630679911766,1.0,1.0,1.0,1.0
1630679911941,1.0,1.0,1.0,1.0
1630679912003,1.0,1.0,1.0,1.0
1630679912145,1.0,1.0,1.0,1.0
1630679912193,1.0,1.0,1.0,1.0
1630679912304,1.0,1.0,1.0,1.0
1630679912412,1.0,1.0,1.0,1.0
1630679912526,1.0,1.0,1.0,1.0
1630679912606,1.0,1.0,1.0,1.0
1630679912734,1.0,1.0,1.0,1.0
1630679912797,1.0,1.0,1.0,1.0
1630679912909,1.0,1.0,1.0,1.0
1630679913006,1.0,1.0,1.0,1.0
1630679913132,1.0,1.0,1.0,1.0
1630679913239,1.0,1.0,1.0,1.0
1630679913337,1.0,1.0,1.0,1.0
1630679913416,1.0,1.0,1.0,1.0
1630679913517,1.0,1.0,1.0,1.0
1630679913612,1.0,1.0,1.0,1.0
1630679913753,1.0,1.0,1.0,1.0
1630679913845,1.0,1.0,1.0,1.0
1630679913925,1.0,1.0,1.0,1.0
1630679914036,1.0,1.0,1.0,1.0
1630679914113,1.0,1.0,1.0,1.0
1630679914193,1.0,1.0,1.0,1.0
1630679914368,1.0,1.0,1.0,1.0
1630679914431,1.0,1.0,1.0,1.0
1630679914541,1.0,1.0,1.0,1.0
1630679914653,1.0,1.0,1.0,1.0
1630679914733,1.0,1.0,1.0,1.0
1630679914845,1.0,1.0,1.0,1.0
1630679914968,1.0,1.0,1.0,1.0
1630679915077,1.0,1.0,1.0,1.0
1630679915141,1.0,1.0,1.0,1.0
1630679915221,1.0,1.0,1.0,1.0
1630679915365,1.0,1.0,1.0,1.0
1630679915412,1.0,1.0,1.0,1.0
1630679915569,1.0,1.0,1.0,1.0
1630679915666,1.0,1.0,1.0,1.0
1630679915761,1.0,1.0,1.0,1.0
1630679915885,1.0,1.0,1.0,1.0
1630679915932,1.0,1.0,1.0,1.0
1630679916067,1.0,1.0,1.0,1.0
1630679916169,1.0,1.0,1.0,1.0
1630679916308,1.0,1.0,1.0,1.0
1630679916373,1.0,1.0,1.0,1.0
1630679916469,1.0,1.0,1.0,1.0
1630679916581,1.0,1.0,1.0,1.0
1630679916644,1.0,1.0,1.0,1.0
1630679916785,1.0,1.0,1.0,1.0
1630679916895,1.0,1.0,1.0,1.0
1630679916993,1.0,1.0,1.0,1.0
1630679917057,1.0,1.0,1.0,1.0
1630679917181,1.0,1.0,1.0,1.0
1630679917261,1.0,1.0,1.0,1.0
1630679917415,1.0,1.0,1.0,1.0
1630679917496,1.0,1.0,1.0,1.0
1630679917578,1.0,1.0,1.0,1.0
1630679917670,1.0,1.0,1.0,1.0
1630679917766,1.0,1.0,1.0,1.0
1630679917861,1.0,1.0,1.0,1.0
1630679918004,1.0,1.0,1.0,1.0
1630679918109,1.0,1.0,1.0,1.0
1630679918203,1.0,1.0,1.0,1.0
1630679918308,1.0,1.0,1.0,1.0
1630679918405,1.0,1.0,1.0,1.0
1630679918468,1.0,1.0,1.0,1.0
1630679918646,1.0,1.0,1.0,1.0
1630679918700,1.0,1.0,1.0,1.0
1630679918836,1.0,1.0,1.0,1.0
1630679918898,1.0,1.0,1.0,1.0
1630679919006,1.0,1.0,1.0,1.0
1630679919101,1.0,1.0,1.0,1.0
1630679919286,1.0,1.0,1.0,1.0
1630679919301,1.0,1.0,1.0,1.0
1630679919398,1.0,1.0,1.0,1.0
1630679919508,1.0,1.0,1.0,1.0
1630679919603,1.0,1.0,1.0,1.0
1630679919710,1.0,1.0,1.0,1.0
1630679919883,1.0,1.0,1.0,1.0
1630679919941,1.0,1.0,1.0,1.0
1630679920045,1.0,1.0,1.0,1.0
1630679920141,1.0,1.0,1.0,1.0
1630679920206,1.0,1.0,1.0,1.0
1630679920348,1.0,1.0,1.0,1.0
1630679920452,1.0,1.0,1.0,1.0
1630679920549,1.0,1.0,1.0,1.0
1630679920629,1.0,1.0,1.0,1.0
1630679920734,1.0,1.0,1.0,1.0
1630679920828,1.0,1.0,1.0,1.0
1630679920909,1.0,1.0,1.0,1.0
1630679921067,1.0,1.0,1.0,1.0
1630679921141,1.0,1.0,1.0,1.0
1630679921269,1.0,1.0,1.0,1.0
1630679921332,1.0,1.0,1.0,1.0
1630679921428,1.0,1.0,1.0,1.0
1630679921525,1.0,1.0,1.0,1.0
1630679921684,1.0,1.0,1.0,1.0
1630679921777,1.0,1.0,1.0,1.0
1630679921867,1.0,1.0,1.0,1.0
1630679921926,1.0,1.0,1.0,1.0
1630679922038,1.0,1.0,1.0,1.0
1630679922147,1.0,1.0,1.0,1.0
1630679922307,1.0,1.0,1.0,1.0
1630679922366,1.0,1.0,1.0,1.0
1630679922477,1.0,1.0,1.0,1.0
1630679922572,1.0,1.0,1.0,1.0
1630679922683,1.0,1.0,1.0,1.0
1630679922727,1.0,1.0,1.0,1.0
1630679922901,1.0,1.0,1.0,1.0
1630679922966,1.0,1.0,1.0,1.0
1630679923062,1.0,1.0,1.0,1.0
1630679923173,1.0,1.0,1.0,1.0
1630679923267,1.0,1.0,1.0,1.0
1630679923388,1.0,1.0,1.0,1.0
1630679923501,1.0,1.0,1.0,1.0
1630679923612,1.0,1.0,1.0,1.0
1630679923661,1.0,1.0,1.0,1.0
1630679923789,1.0,1.0,1.0,1.0
1630679923852,1.0,1.0,1.0,1.0
1630679923957,1.0,1.0,1.0,1.0
1630679924116,1.0,1.0,1.0,1.0
1630679924206,1.0,1.0,1.0,1.0
1630679924323,1.0,1.0,1.0,1.0
1630679924382,1.0,1.0,1.0,1.0
1630679924510,1.0,1.0,1.0,1.0
1630679924573,1.0,1.0,1.0,1.0
1630679924726,1.0,1.0,1.0,1.0
1630679924821,1.0,1.0,1.0,1.0
1630679924886,1.0,1.0,1.0,1.0
1630679924981,1.0,1.0,1.0,1.0
1630679925085,1.0,1.0,1.0,1.0
1630679925212,1.0,1.0,1.0,1.0
1630679925307,1.0,1.0,1.0,1.0
1630679925422,1.0,1.0,1.0,1.0
1630679925517,1.0,1.0,1.0,1.0
1630679925615,1.0,1.0,1.0,1.0
1630679925677,1.0,1.0,1.0,1.0
1630679925820,1.0,1.0,1.0,1.0
1630679925926,1.0,1.0,1.0,1.0
1630679926021,1.0,1.0,1.0,1.0
1630679926133,1.0,1.0,1.0,1.0
1630679926214,1.0,1.0,1.0,1.0
1630679926324,1.0,1.0,1.0,1.0
1630679926413,1.0,1.0,1.0,1.0
1630679926526,1.0,1.0,1.0,1.0
1630679926637,1.0,1.0,1.0,1.0
1630679926733,1.0,1.0,1.0,1.0
1630679926797,1.0,1.0,1.0,1.0
1630679926879,1.0,1.0,1.0,1.0
1630679927005,1.0,1.0,1.0,1.0
1630679927147,1.0,1.0,1.0,1.0
1630679927254,1.0,1.0,1.0,1.0
1630679927349,1.0,1.0,1.0,1.0
1630679927428,1.0,1.0,1.0,1.0
1630679927517,1.0,1.0,1.0,1.0
1630679927613,1.0,1.0,1.0,1.0
1630679927781,1.0,1.0,1.0,1.0
1630679927861,1.0,1.0,1.0,1.0
1630679927965,1.0,1.0,1.0,1.0
1630679928045,1.0,1.0,1.0,1.0
1630679928165,1.0,1.0,1.0,1.0
1630679928212,1.0,1.0,1.0,1.0
1630679928366,1.0,1.0,1.0,1.0
1630679928478,1.0,1.0,1.0,1.0
1630679928605,1.0,1.0,1.0,1.0
1630679928700,1.0,1.0,1.0,1.0
1630679928716,1.0,1.0,1.0,1.0
1630679928838,1.0,1.0,1.0,1.0
1630679928966,1.0,1.0,1.0,1.0
1630679929117,1.0,1.0,1.0,1.0
1630679929165,1.0,1.0,1.0,1.0
1630679929260,1.0,1.0,1.0,1.0
1630679929381,1.0,1.0,1.0,1.0
1630679929446,1.0,1.0,1.0,1.0
1630679929588,1.0,1.0,1.0,1.0
1630679929686,1.0,1.0,1.0,1.0
1630679929797,1.0,1.0,1.0,1.0
1630679929862,1.0,1.0,1.0,1.0
1630679929959,1.0,1.0,1.0,1.0
1630679930067,1.0,1.0,1.0,1.0
1630679930212,1.0,1.0,1.0,1.0
1630679930294,1.0,1.0,1.0,1.0
1630679930406,1.0,1.0,1.0,1.0
1630679930485,1.0,1.0,1.0,1.0
1630679930547,1.0,1.0,1.0,1.0
1630679930693,1.0,1.0,1.0,1.0
1630679930821,1.0,1.0,1.0,1.0
1630679930884,1.0,1.0,1.0,1.0
1630679930974,1.0,1.0,1.0,1.0
1630679931101,1.0,1.0,1.0,1.0
1630679931165,1.0,1.0,1.0,1.0
1630679931268,1.0,1.0,1.0,1.0
1630679931428,1.0,1.0,1.0,1.0
1630679931526,1.0,1.0,1.0,1.0
1630679931588,1.0,1.0,1.0,1.0
1630679931686,1.0,1.0,1.0,1.0
1630679931782,1.0,1.0,1.0,1.0
1630679931926,1.0,1.0,1.0,1.0
1630679932055,1.0,1.0,1.0,1.0
1630679932132,1.0,1.0,1.0,1.0
1630679932198,1.0,1.0,1.0,1.0
1630679932341,1.0,1.0,1.0,1.0
1630679932372,1.0,1.0,1.0,1.0
1630679932493,1.0,1.0,1.0,1.0
1630679932652,1.0,1.0,1.0,1.0
1630679932765,1.0,1.0,1.0,1.0
1630679932811,1.0,1.0,1.0,1.0
1630679932980,1.0,1.0,1.0,1.0
1630679933027,1.0,1.0,1.0,1.0
1630679933101,1.0,1.0,1.0,1.0
1630679933277,1.0,1.0,1.0,1.0
1630679933326,1.0,1.0,1.0,1.0
1630679933469,1.0,1.0,1.0,1.0
1630679933547,1.0,1.0,1.0,1.0
1630679933605,1.0,1.0,1.0,1.0
1630679933726,1.0,1.0,1.0,1.0
1630679933840,1.0,1.0,1.0,1.0
1630679933933,1.0,1.0,1.0,1.0
1630679934029,1.0,1.0,1.0,1.0
1630679934141,1.0,1.0,1.0,1.0
1630679934246,1.0,1.0,1.0,1.0
1630679934342,1.0,1.0,1.0,1.0
1630679934486,1.0,1.0,1.0,1.0
1630679934566,1.0,1.0,1.0,1.0
1630679934646,1.0,1.0,1.0,1.0
1630679934742,1.0,1.0,1.0,1.0
1630679934840,1.0,1.0,1.0,1.0
1630679934932,1.0,1.0,1.0,1.0
1630679935063,1.0,1.0,1.0,1.0
1630679935148,1.0,1.0,1.0,1.0
1630679935246,1.0,1.0,1.0,1.0
1630679935342,1.0,1.0,1.0,1.0
1630679935454,1.0,1.0,1.0,1.0
1630679935565,1.0,1.0,1.0,1.0
1630679935685,1.0,1.0,1.0,1.0
1630679935764,1.0,1.0,1.0,1.0
1630679935852,1.0,1.0,1.0,1.0
1630679935947,1.0,1.0,1.0,1.0
1630679936061,1.0,1.0,1.0,1.0
1630679936176,1.0,1.0,1.0,1.0
1630679936286,1.0,1.0,1.0,1.0
1630679936381,1.0,1.0,1.0,1.0
1630679936477,1.0,1.0,1.0,1.0
1630679936558,1.0,1.0,1.0,1.0
1630679936669,1.0,1.0,1.0,1.0
1630679936766,1.0,1.0,1.0,1.0
1630679936926,1.0,1.0,1.0,1.0
1630679936987,1.0,1.0,1.0,1.0
1630679937100,1.0,1.0,1.0,1.0
1630679937205,1.0,1.0,1.0,1.0
1630679937267,1.0,1.0,1.0,1.0
1630679937365,1.0,1.0,1.0,1.0
1630679937501,1.0,1.0,1.0,1.0
1630679937613,1.0,1.0,1.0,1.0
1630679937692,1.0,1.0,1.0,1.0
1630679937774,1.0,1.0,1.0,1.0
1630679937883,1.0,1.0,1.0,1.0
1630679937989,1.0,1.0,1.0,1.0
1630679938132,1.0,1.0,1.0,1.0
1630679938199,1.0,1.0,1.0,1.0
1630679938307,1.0,1.0,1.0,1.0
1630679938421,1.0,1.0,1.0,1.0
1630679938501,1.0,1.0,1.0,1.0
1630679938581,1.0,1.0,1.0,1.0
1630679938726,1.0,1.0,1.0,1.0
1630679938822,1.0,1.0,1.0,1.0
1630679938901,1.0,1.0,1.0,1.0
1630679939022,1.0,1.0,1.0,1.0
1630679939118,1.0,1.0,1.0,1.0
1630679939212,1.0,1.0,1.0,1.0
1630679939317,1.0,1.0,1.0,1.0
1630679939414,1.0,1.0,1.0,1.0
1630679939525,1.0,1.0,1.0,1.0
1630679939605,1.0,1.0,1.0,1.0
1630679939698,1.0,1.0,1.0,1.0
1630679939805,1.0,1.0,1.0,1.0
1630679939941,1.0,1.0,1.0,1.0
1630679940037,1.0,1.0,1.0,1.0
1630679940118,1.0,1.0,1.0,1.0
1630679940229,1.0,1.0,1.0,1.0
1630679940326,1.0,1.0,1.0,1.0
1630679940422,1.0,1.0,1.0,1.0
1630679940565,1.0,1.0,1.0,1.0
1630679940646,1.0,1.0,1.0,1.0
1630679940757,1.0,1.0,1.0,1.0
1630679940837,1.0,1.0,1.0,1.0
1630679940966,1.0,1.0,1.0,1.0
1630679941046,1.0,1.0,1.0,1.0
1630679941205,1.0,1.0,1.0,1.0
1630679941286,1.0,1.0,1.0,1.0
1630679941332,1.0,1.0,1.0,1.0
1630679941428,1.0,1.0,1.0,1.0
1630679941525,1.0,1.0,1.0,1.0
1630679941619,1.0,1.0,1.0,1.0
1630679941790,1.0,1.0,1.0,1.0
1630679941886,1.0,1.0,1.0,1.0
1630679941948,1.0,1.0,1.0,1.0
1630679942045,1.0,1.0,1.0,1.0
1630679942156,1.0,1.0,1.0,1.0
1630679942260,1.0,1.0,1.0,1.0
1630679942397,1.0,1.0,1.0,1.0
1630679942476,1.0,1.0,1.0,1.0
1630679942566,1.0,1.0,1.0,1.0
1630679942661,1.0,1.0,1.0,1.0
1630679942756,1.0,1.0,1.0,1.0
1630679942860,1.0,1.0,1.0,1.0
1630679942997,1.0,1.0,1.0,1.0
1630679943061,1.0,1.0,1.0,1.0
1630679943174,1.0,1.0,1.0,1.0
1630679943254,1.0,1.0,1.0,1.0
1630679943382,1.0,1.0,1.0,1.0
1630679943462,1.0,1.0,1.0,1.0
1630679943587,1.0,1.0,1.0,1.0
1630679943702,1.0,1.0,1.0,1.0
1630679943797,1.0,1.0,1.0,1.0
1630679943893,1.0,1.0,1.0,1.0
1630679943989,1.0,1.0,1.0,1.0
1630679944054,1.0,1.0,1.0,1.0
1630679944215,1.0,1.0,1.0,1.0
1630679944316,1.0,1.0,1.0,1.0
1630679944405,1.0,1.0,1.0,1.0
1630679944501,1.0,1.0,1.0,1.0
1630679944566,1.0,1.0,1.0,1.0
1630679944661,1.0,1.0,1.0,1.0
1630679944836,1.0,1.0,1.0,1.0
1630679944900,1.0,1.0,1.0,1.0
1630679945005,1.0,1.0,1.0,1.0
1630679945099,1.0,1.0,1.0,1.0
1630679945205,1.0,1.0,1.0,1.0
1630679945267,1.0,1.0,1.0,1.0
1630679945437,1.0,1.0,1.0,1.0
1630679945517,1.0,1.0,1.0,1.0
1630679945627,1.0,1.0,1.0,1.0
1630679945679,1.0,1.0,1.0,1.0
1630679945822,1.0,1.0,1.0,1.0
1630679945886,1.0,1.0,1.0,1.0
1630679946028,1.0,1.0,1.0,1.0
1630679946125,1.0,1.0,1.0,1.0
1630679946221,1.0,1.0,1.0,1.0
1630679946314,1.0,1.0,1.0,1.0
1630679946420,1.0,1.0,1.0,1.0
1630679946526,1.0,1.0,1.0,1.0
1630679946637,1.0,1.0,1.0,1.0
1630679946733,1.0,1.0,1.0,1.0
1630679946813,1.0,1.0,1.0,1.0
1630679946925,1.0,1.0,1.0,1.0
1630679947046,1.0,1.0,1.0,1.0
1630679947126,1.0,1.0,1.0,1.0
1630679947237,1.0,1.0,1.0,1.0
1630679947366,1.0,1.0,1.0,1.0
1630679947461,1.0,1.0,1.0,1.0
1630679947541,1.0,1.0,1.0,1.0
1630679947629,1.0,1.0,1.0,1.0
1630679947725,1.0,1.0,1.0,1.0
1630679947845,1.0,1.0,1.0,1.0
1630679947966,1.0,1.0,1.0,1.0
1630679948094,1.0,1.0,1.0,1.0
1630679948157,1.0,1.0,1.0,1.0
1630679948222,1.0,1.0,1.0,1.0
1630679948331,1.0,1.0,1.0,1.0
1630679948461,1.0,1.0,1.0,1.0
1630679948560,1.0,1.0,1.0,1.0
1630679948685,1.0,1.0,1.0,1.0
1630679948780,1.0,1.0,1.0,1.0
1630679948852,1.0,1.0,1.0,1.0
1630679948948,1.0,1.0,1.0,1.0
1630679949077,1.0,1.0,1.0,1.0
1630679949172,1.0,1.0,1.0,1.0
1630679949268,1.0,1.0,1.0,1.0
1630679949372,1.0,1.0,1.0,1.0
1630679949469,1.0,1.0,1.0,1.0
1630679949565,1.0,1.0,1.0,1.0
1630679949707,1.0,1.0,1.0,1.0
1630679949771,1.0,1.0,1.0,1.0
1630679949876,1.0,1.0,1.0,1.0
1630679949981,1.0,1.0,1.0,1.0
1630679950062,1.0,1.0,1.0,1.0
1630679950158,1.0,1.0,1.0,1.0
1630679950317,1.0,1.0,1.0,1.0
1630679950381,1.0,1.0,1.0,1.0
1630679950477,1.0,1.0,1.0,1.0
1630679950603,1.0,1.0,1.0,1.0
1630679950693,1.0,1.0,1.0,1.0
1630679950806,1.0,1.0,1.0,1.0
1630679950885,1.0,1.0,1.0,1.0
1630679951006,1.0,1.0,1.0,1.0
1630679951085,1.0,1.0,1.0,1.0
1630679951197,1.0,1.0,1.0,1.0
1630679951292,1.0,1.0,1.0,1.0
1630679951390,1.0,1.0,1.0,1.0
1630679951517,1.0,1.0,1.0,1.0
1630679951613,1.0,1.0,1.0,1.0
1630679951692,1.0,1.0,1.0,1.0
1630679951818,1.0,1.0,1.0,1.0
1630679951892,1.0,1.0,1.0,1.0
1630679951988,1.0,1.0,1.0,1.0
1630679952132,1.0,1.0,1.0,1.0
1630679952216,1.0,1.0,1.0,1.0
1630679952325,1.0,1.0,1.0,1.0
1630679952436,1.0,1.0,1.0,1.0
1630679952525,1.0,1.0,1.0,1.0
1630679952606,1.0,1.0,1.0,1.0
1630679952732,1.0,1.0,1.0,1.0
1630679952828,1.0,1.0,1.0,1.0
1630679952941,1.0,1.0,1.0,1.0
1630679953037,1.0,1.0,1.0,1.0
1630679953133,1.0,1.0,1.0,1.0
1630679953197,1.0,1.0,1.0,1.0
1630679953341,1.0,1.0,1.0,1.0
1630679953452,1.0,1.0,1.0,1.0
1630679953565,1.0,1.0,1.0,1.0
1630679953646,1.0,1.0,1.0,1.0
1630679953741,1.0,1.0,1.0,1.0
1630679953846,1.0,1.0,1.0,1.0
1630679953941,1.0,1.0,1.0,1.0
1630679954083,1.0,1.0,1.0,1.0
1630679954126,1.0,1.0,1.0,1.0
1630679954237,1.0,1.0,1.0,1.0
1630679954349,1.0,1.0,1.0,1.0
1630679954430,1.0,1.0,1.0,1.0
1630679954557,1.0,1.0,1.0,1.0
1630679954654,1.0,1.0,1.0,1.0
1630679954765,1.0,1.0,1.0,1.0
1630679954843,1.0,1.0,1.0,1.0
1630679954948,1.0,1.0,1.0,1.0
1630679955046,1.0,1.0,1.0,1.0
1630679955172,1.0,1.0,1.0,1.0
1630679955268,1.0,1.0,1.0,1.0
1630679955366,1.0,1.0,1.0,1.0
1630679955445,1.0,1.0,1.0,1.0
1630679955572,1.0,1.0,1.0,1.0
1630679955646,1.0,1.0,1.0,1.0
1630679955789,1.0,1.0,1.0,1.0
1630679955886,1.0,1.0,1.0,1.0
1630679955999,1.0,1.0,1.0,1.0
1630679956045,1.0,1.0,1.0,1.0
1630679956157,1.0,1.0,1.0,1.0
1630679956252,1.0,1.0,1.0,1.0
1630679956398,1.0,1.0,1.0,1.0
1630679956478,1.0,1.0,1.0,1.0
1630679956573,1.0,1.0,1.0,1.0
1630679956686,1.0,1.0,1.0,1.0
1630679956765,1.0,1.0,1.0,1.0
1630679956886,1.0,1.0,1.0,1.0
1630679956999,1.0,1.0,1.0,1.0
1630679957123,1.0,1.0,1.0,1.0
1630679957181,1.0,1.0,1.0,1.0
1630679957277,1.0,1.0,1.0,1.0
1630679957387,1.0,1.0,1.0,1.0
1630679957501,1.0,1.0,1.0,1.0
1630679957627,1.0,1.0,1.0,1.0
1630679957684,1.0,1.0,1.0,1.0
1630679957842,1.0,1.0,1.0,1.0
1630679957886,1.0,1.0,1.0,1.0
1630679958028,1.0,1.0,1.0,1.0
1630679958080,1.0,1.0,1.0,1.0
1630679958221,1.0,1.0,1.0,1.0
1630679958317,1.0,1.0,1.0,1.0
1630679958427,1.0,1.0,1.0,1.0
1630679958494,1.0,1.0,1.0,1.0
1630679958606,1.0,1.0,1.0,1.0
1630679958701,1.0,1.0,1.0,1.0
1630679958828,1.0,1.0,1.0,1.0
1630679958916,1.0,1.0,1.0,1.0
1630679959005,1.0,1.0,1.0,1.0
1630679959101,1.0,1.0,1.0,1.0
1630679959198,1.0,1.0,1.0,1.0
1630679959342,1.0,1.0,1.0,1.0
1630679959422,1.0,1.0,1.0,1.0
1630679959534,1.0,1.0,1.0,1.0
1630679959646,1.0,1.0,1.0,1.0
1630679959741,1.0,1.0,1.0,1.0
1630679959805,1.0,1.0,1.0,1.0
1630679959899,1.0,1.0,1.0,1.0
1630679960062,1.0,1.0,1.0,1.0
1630679960158,1.0,1.0,1.0,1.0
1630679960222,1.0,1.0,1.0,1.0
1630679960333,1.0,1.0,1.0,1.0
1630679960445,1.0,1.0,1.0,1.0
1630679960525,1.0,1.0,1.0,1.0
1630679960637,1.0,1.0,1.0,1.0
1630679960766,1.0,1.0,1.0,1.0
1630679960829,1.0,1.0,1.0,1.0
1630679960941,1.0,1.0,1.0,1.0
1630679961046,1.0,1.0,1.0,1.0
1630679961142,1.0,1.0,1.0,1.0
1630679961285,1.0,1.0,1.0,1.0
1630679961381,1.0,1.0,1.0,1.0
1630679961445,1.0,1.0,1.0,1.0
1630679961541,1.0,1.0,1.0,1.0
1630679961676,1.0,1.0,1.0,1.0
1630679961723,1.0,1.0,1.0,1.0
1630679961876,1.0,1.0,1.0,1.0
1630679961982,1.0,1.0,1.0,1.0
1630679962079,1.0,1.0,1.0,1.0
1630679962158,1.0,1.0,1.0,1.0
1630679962254,1.0,1.0,1.0,1.0
1630679962365,1.0,1.0,1.0,1.0
1630679962509,1.0,1.0,1.0,1.0
1630679962572,1.0,1.0,1.0,1.0
1630679962669,1.0,1.0,1.0,1.0
1630679962782,1.0,1.0,1.0,1.0
1630679962846,1.0,1.0,1.0,1.0
1630679962957,1.0,1.0,1.0,1.0
1630679963086,1.0,1.0,1.0,1.0
1630679963200,1.0,1.0,1.0,1.0
1630679963263,1.0,1.0,1.0,1.0
1630679963372,1.0,1.0,1.0,1.0
1630679963477,1.0,1.0,1.0,1.0
1630679963572,1.0,1.0,1.0,1.0
1630679963717,1.0,1.0,1.0,1.0
1630679963815,1.0,1.0,1.0,1.0
1630679963908,1.0,1.0,1.0,1.0
1630679964012,1.0,1.0,1.0,1.0
1630679964086,1.0,1.0,1.0,1.0
1630679964166,1.0,1.0,1.0,1.0
1630679964307,1.0,1.0,1.0,1.0
1630679964406,1.0,1.0,1.0,1.0
1630679964486,1.0,1.0,1.0,1.0
1630679964581,1.0,1.0,1.0,1.0
1630679964693,1.0,1.0,1.0,1.0
1630679964805,1.0,1.0,1.0,1.0
1630679964926,1.0,1.0,1.0,1.0
1630679965052,1.0,1.0,1.0,1.0
1630679965126,1.0,1.0,1.0,1.0
1630679965221,1.0,1.0,1.0,1.0
1630679965317,1.0,1.0,1.0,1.0
1630679965397,1.0,1.0,1.0,1.0
1630679965525,1.0,1.0,1.0,1.0
1630679965621,1.0,1.0,1.0,1.0
1630679965766,1.0,1.0,1.0,1.0
1630679965814,1.0,1.0,1.0,1.0
1630679965942,1.0,1.0,1.0,1.0
1630679966006,1.0,1.0,1.0,1.0
1630679966117,1.0,1.0,1.0,1.0
1630679966259,1.0,1.0,1.0,1.0
1630679966319,1.0,1.0,1.0,1.0
1630679966412,1.0,1.0,1.0,1.0
1630679966517,1.0,1.0,1.0,1.0
1630679966598,1.0,1.0,1.0,1.0
1630679966757,1.0,1.0,1.0,1.0
1630679966855,1.0,1.0,1.0,1.0
1630679966947,1.0,1.0,1.0,1.0
1630679967038,1.0,1.0,1.0,1.0
1630679967150,1.0,1.0,1.0,1.0
1630679967230,1.0,1.0,1.0,1.0
1630679967358,1.0,1.0,1.0,1.0
1630679967453,1.0,1.0,1.0,1.0
1630679967547,1.0,1.0,1.0,1.0
1630679967661,1.0,1.0,1.0,1.0
1630679967757,1.0,1.0,1.0,1.0
1630679967822,1.0,1.0,1.0,1.0
1630679968012,1.0,1.0,1.0,1.0
1630679968058,1.0,1.0,1.0,1.0
1630679968150,1.0,1.0,1.0,1.0
1630679968261,1.0,1.0,1.0,1.0
1630679968356,1.0,1.0,1.0,1.0
1630679968462,1.0,1.0,1.0,1.0
1630679968588,1.0,1.0,1.0,1.0
1630679968677,1.0,1.0,1.0,1.0
1630679968774,1.0,1.0,1.0,1.0
1630679968861,1.0,1.0,1.0,1.0
1630679968965,1.0,1.0,1.0,1.0
1630679969061,1.0,1.0,1.0,1.0
1630679969172,1.0,1.0,1.0,1.0
1630679969276,1.0,1.0,1.0,1.0
1630679969366,1.0,1.0,1.0,1.0
1630679969524,1.0,1.0,1.0,1.0
1630679969571,1.0,1.0,1.0,1.0
1630679969646,1.0,1.0,1.0,1.0
1630679969806,1.0,1.0,1.0,1.0
1630679969932,1.0,1.0,1.0,1.0
1630679969984,1.0,1.0,1.0,1.0
1630679970077,1.0,1.0,1.0,1.0
1630679970188,1.0,1.0,1.0,1.0
1630679970301,1.0,1.0,1.0,1.0
1630679970396,1.0,1.0,1.0,1.0
1630679970501,1.0,1.0,1.0,1.0
1630679970614,1.0,1.0,1.0,1.0
1630679970707,1.0,1.0,1.0,1.0
1630679970766,1.0,1.0,1.0,1.0
1630679970909,1.0,1.0,1.0,1.0
1630679971020,1.0,1.0,1.0,1.0
1630679971118,1.0,1.0,1.0,1.0
1630679971181,1.0,1.0,1.0,1.0
1630679971307,1.0,1.0,1.0,1.0
1630679971404,1.0,1.0,1.0,1.0
1630679971477,1.0,1.0,1.0,1.0
1630679971621,1.0,1.0,1.0,1.0
1630679971702,1.0,1.0,1.0,1.0
1630679971845,1.0,1.0,1.0,1.0
1630679971907,1.0,1.0,1.0,1.0
1630679972005,1.0,1.0,1.0,1.0
1630679972101,1.0,1.0,1.0,1.0
1630679972246,1.0,1.0,1.0,1.0
1630679972326,1.0,1.0,1.0,1.0
1630679972438,1.0,1.0,1.0,1.0
1630679972548,1.0,1.0,1.0,1.0
1630679972596,1.0,1.0,1.0,1.0
1630679972686,1.0,1.0,1.0,1.0
1630679972845,1.0,1.0,1.0,1.0
1630679972957,1.0,1.0,1.0,1.0
1630679973021,1.0,1.0,1.0,1.0
1630679973120,1.0,1.0,1.0,1.0
1630679973229,1.0,1.0,1.0,1.0
1630679973311,1.0,1.0,1.0,1.0
1630679973484,1.0,1.0,1.0,1.0
1630679973574,1.0,1.0,1.0,1.0
1630679973638,1.0,1.0,1.0,1.0
1630679973781,1.0,1.0,1.0,1.0
1630679973828,1.0,1.0,1.0,1.0
1630679973948,1.0,1.0,1.0,1.0
1630679974078,1.0,1.0,1.0,1.0
1630679974187,1.0,1.0,1.0,1.0
1630679974239,1.0,1.0,1.0,1.0
1630679974333,1.0,1.0,1.0,1.0
1630679974461,1.0,1.0,1.0,1.0
1630679974539,1.0,1.0,1.0,1.0
1630679974678,1.0,1.0,1.0,1.0
1630679974772,1.0,1.0,1.0,1.0
1630679974870,1.0,1.0,1.0,1.0
1630679974948,1.0,1.0,1.0,1.0
1630679975045,1.0,1.0,1.0,1.0
1630679975188,1.0,1.0,1.0,1.0
1630679975307,1.0,1.0,1.0,1.0
1630679975376,1.0,1.0,1.0,1.0
1630679975454,2.0,1.0,1.0,2.0
1630679975550,1.0,1.0,1.0,1.0
1630679975660,1.0,1.0,1.0,1.0
1630679975798,1.0,1.0,1.0,1.0
1630679975925,1.0,1.0,1.0,1.0
1630679975987,1.0,1.0,1.0,1.0
1630679976085,1.0,1.0,1.0,1.0
1630679976196,1.0,1.0,1.0,1.0
1630679976285,1.0,1.0,1.0,1.0
1630679976347,1.0,1.0,1.0,1.0
1630679976517,1.0,1.0,1.0,1.0
1630679976597,1.0,1.0,1.0,1.0
1630679976709,1.0,1.0,1.0,1.0
1630679976779,1.0,1.0,1.0,1.0
1630679976869,1.0,1.0,1.0,1.0
1630679976981,1.0,1.0,1.0,1.0
1630679977108,1.0,1.0,1.0,1.0
1630679977205,1.0,1.0,1.0,1.0
1630679977317,1.0,1.0,1.0,1.0
1630679977398,1.0,1.0,1.0,1.0
1630679977476,1.0,1.0,1.0,1.0
1630679977646,1.0,1.0,1.0,1.0
1630679977726,1.0,1.0,1.0,1.0
1630679977805,1.0,1.0,1.0,1.0
1630679977901,1.0,1.0,1.0,1.0
1630679977997,1.0,1.0,1.0,1.0
1630679978109,1.0,1.0,1.0,1.0
1630679978205,1.0,1.0,1.0,1.0
1630679978332,1.0,1.0,1.0,1.0
1630679978444,1.0,1.0,1.0,1.0
1630679978548,2.0,1.0,1.0,2.0
1630679978612,2.0,1.0,1.0,2.0
1630679978708,1.0,1.0,1.0,1.0
1630679978805,1.0,1.0,1.0,1.0
1630679978933,1.0,1.0,1.0,1.0
1630679979046,1.0,1.0,1.0,1.0
1630679979141,1.0,1.0,1.0,1.0
1630679979238,1.0,1.0,1.0,1.0
1630679979317,1.0,1.0,1.0,1.0
1630679979412,1.0,1.0,1.0,1.0
1630679979552,1.0,1.0,1.0,1.0
1630679979679,1.0,1.0,1.0,1.0
1630679979743,1.0,1.0,1.0,1.0
1630679979837,1.0,1.0,1.0,1.0
1630679979932,1.0,1.0,1.0,1.0
1630679980028,1.0,1.0,1.0,1.0
1630679980158,1.0,1.0,1.0,1.0
1630679980254,1.0,1.0,1.0,1.0
1630679980350,1.0,1.0,1.0,1.0
1630679980462,1.0,1.0,1.0,1.0
1630679980525,1.0,1.0,1.0,1.0
1630679980605,1.0,1.0,1.0,1.0
1630679980781,1.0,1.0,1.0,1.0
1630679980861,1.0,1.0,1.0,1.0
1630679980926,1.0,1.0,1.0,1.0
1630679981054,1.0,1.0,1.0,1.0
1630679981148,1.0,1.0,1.0,1.0
1630679981213,1.0,1.0,1.0,1.0
1630679981389,1.0,1.0,1.0,1.0
1630679981502,1.0,1.0,1.0,1.0
1630679981584,1.0,1.0,1.0,1.0
1630679981661,1.0,1.0,1.0,1.0
1630679981756,1.0,1.0,1.0,1.0
1630679981846,1.0,1.0,1.0,1.0
1630679982021,1.0,1.0,1.0,1.0
1630679982085,1.0,1.0,1.0,1.0
1630679982196,1.0,1.0,1.0,1.0
1630679982285,1.0,1.0,1.0,1.0
1630679982347,1.0,1.0,1.0,1.0
1630679982453,1.0,1.0,1.0,1.0
1630679982582,1.0,1.0,1.0,1.0
1630679982692,1.0,1.0,1.0,1.0
1630679982790,1.0,1.0,1.0,1.0
1630679982902,1.0,1.0,1.0,1.0
1630679982981,1.0,1.0,1.0,1.0
1630679983049,1.0,1.0,1.0,1.0
1630679983205,1.0,1.0,1.0,1.0
1630679983285,1.0,1.0,1.0,1.0
1630679983381,1.0,1.0,1.0,1.0
1630679983498,1.0,1.0,1.0,1.0
1630679983589,1.0,1.0,1.0,1.0
1630679983701,1.0,1.0,1.0,1.0
1630679983812,1.0,1.0,1.0,1.0
1630679983932,1.0,1.0,1.0,1.0
1630679983997,1.0,1.0,1.0,1.0
1630679984092,1.0,1.0,1.0,1.0
1630679984222,1.0,1.0,1.0,1.0
1630679984285,1.0,1.0,1.0,1.0
1630679984461,1.0,1.0,1.0,1.0
1630679984517,1.0,1.0,1.0,1.0
1630679984629,1.0,1.0,1.0,1.0
1630679984693,1.0,1.0,1.0,1.0
1630679984787,1.0,1.0,1.0,1.0
1630679984886,1.0,1.0,1.0,1.0
1630679985028,1.0,1.0,1.0,1.0
1630679985126,1.0,1.0,1.0,1.0
1630679985222,1.0,1.0,1.0,1.0
1630679985317,1.0,1.0,1.0,1.0
1630679985430,1.0,1.0,1.0,1.0
1630679985499,1.0,1.0,1.0,1.0
1630679985685,1.0,1.0,1.0,1.0
1630679985724,1.0,1.0,1.0,1.0
1630679985827,1.0,1.0,1.0,1.0
1630679985917,1.0,1.0,1.0,1.0
1630679986028,1.0,1.0,1.0,1.0
1630679986158,1.0,1.0,1.0,1.0
1630679986252,1.0,1.0,1.0,1.0
1630679986365,1.0,1.0,1.0,1.0
1630679986445,1.0,1.0,1.0,1.0
1630679986526,1.0,1.0,1.0,1.0
1630679986636,1.0,1.0,1.0,1.0
1630679986719,1.0,1.0,1.0,1.0
1630679986861,1.0,1.0,1.0,1.0
1630679986957,1.0,1.0,1.0,1.0
1630679987037,1.0,1.0,1.0,1.0
1630679987148,1.0,1.0,1.0,1.0
1630679987246,1.0,1.0,1.0,1.0
1630679987342,1.0,1.0,1.0,1.0
1630679987486,1.0,1.0,1.0,1.0
1630679987582,1.0,1.0,1.0,1.0
1630679987661,1.0,1.0,1.0,1.0
1630679987741,1.0,1.0,1.0,1.0
1630679987838,1.0,1.0,1.0,1.0
1630679987948,1.0,1.0,1.0,1.0
1630679988061,1.0,1.0,1.0,1.0
1630679988165,1.0,1.0,1.0,1.0
1630679988276,1.0,1.0,1.0,1.0
1630679988380,1.0,1.0,1.0,1.0
1630679988443,1.0,1.0,1.0,1.0
1630679988550,1.0,1.0,1.0,1.0
1630679988708,1.0,1.0,1.0,1.0
1630679988781,1.0,1.0,1.0,1.0
1630679988886,1.0,1.0,1.0,1.0
1630679988981,1.0,1.0,1.0,1.0
1630679989062,1.0,1.0,1.0,1.0
1630679989188,1.0,1.0,1.0,1.0
1630679989301,1.0,1.0,1.0,1.0
1630679989397,1.0,1.0,1.0,1.0
1630679989462,1.0,1.0,1.0,1.0
1630679989618,1.0,1.0,1.0,1.0
1630679989679,1.0,1.0,1.0,1.0
1630679989789,1.0,1.0,1.0,1.0
1630679989925,1.0,1.0,1.0,1.0
1630679990018,1.0,1.0,1.0,1.0
1630679990107,1.0,1.0,1.0,1.0
1630679990207,1.0,1.0,1.0,1.0
1630679990301,1.0,1.0,1.0,1.0
1630679990381,1.0,1.0,1.0,1.0
1630679990542,1.0,1.0,1.0,1.0
1630679990605,1.0,1.0,1.0,1.0
1630679990699,1.0,1.0,1.0,1.0
1630679990805,1.0,1.0,1.0,1.0
1630679990926,1.0,1.0,1.0,1.0
1630679990972,1.0,1.0,1.0,1.0
1630679991147,1.0,1.0,1.0,1.0
1630679991231,1.0,1.0,1.0,1.0
1630679991341,1.0,1.0,1.0,1.0
1630679991406,1.0,1.0,1.0,1.0
1630679991501,1.0,1.0,1.0,1.0
1630679991599,1.0,1.0,1.0,1.0
1630679991739,1.0,1.0,1.0,1.0
1630679991827,1.0,1.0,1.0,1.0
1630679991918,1.0,1.0,1.0,1.0
1630679991996,1.0,1.0,1.0,1.0
1630679992117,1.0,1.0,1.0,1.0
1630679992197,1.0,1.0,1.0,1.0
1630679992341,1.0,1.0,1.0,1.0
1630679992437,1.0,1.0,1.0,1.0
1630679992533,1.0,1.0,1.0,1.0
1630679992645,1.0,1.0,1.0,1.0
1630679992741,1.0,1.0,1.0,1.0
1630679992821,1.0,1.0,1.0,1.0
1630679992981,1.0,1.0,1.0,1.0
1630679993046,1.0,1.0,1.0,1.0
1630679993142,1.0,1.0,1.0,1.0
1630679993238,1.0,1.0,1.0,1.0
1630679993348,1.0,1.0,1.0,1.0
1630679993414,1.0,1.0,1.0,1.0
1630679993572,1.0,1.0,1.0,1.0
1630679993674,1.0,1.0,1.0,1.0
1630679993736,1.0,1.0,1.0,1.0
1630679993860,1.0,1.0,1.0,1.0
1630679993965,1.0,1.0,1.0,1.0
1630679994012,1.0,1.0,1.0,1.0
1630679994193,1.0,1.0,1.0,1.0
1630679994256,1.0,1.0,1.0,1.0
1630679994397,1.0,1.0,1.0,1.0
1630679994446,1.0,1.0,1.0,1.0
1630679994559,1.0,1.0,1.0,1.0
1630679994667,1.0,1.0,1.0,1.0
1630679994816,1.0,1.0,1.0,1.0
1630679994858,1.0,1.0,1.0,1.0
1630679995006,1.0,1.0,1.0,1.0
1630679995054,1.0,1.0,1.0,1.0
1630679995167,1.0,1.0,1.0,1.0
1630679995246,1.0,1.0,1.0,1.0
1630679995407,1.0,1.0,1.0,1.0
1630679995486,1.0,1.0,1.0,1.0
1630679995581,1.0,1.0,1.0,1.0
1630679995662,1.0,1.0,1.0,1.0
1630679995757,1.0,1.0,1.0,1.0
1630679995852,1.0,1.0,1.0,1.0
1630679995996,1.0,1.0,1.0,1.0
1630679996086,1.0,1.0,1.0,1.0
1630679996197,1.0,1.0,1.0,1.0
1630679996308,1.0,1.0,1.0,1.0
1630679996388,1.0,1.0,1.0,1.0
1630679996486,1.0,1.0,1.0,1.0
1630679996612,1.0,1.0,1.0,1.0
1630679996726,1.0,1.0,1.0,1.0
1630679996806,1.0,1.0,1.0,1.0
1630679996902,1.0,1.0,1.0,1.0
1630679996980,1.0,1.0,1.0,1.0
1630679997094,1.0,1.0,1.0,1.0
1630679997245,1.0,1.0,1.0,1.0
1630679997325,1.0,1.0,1.0,1.0
1630679997437,1.0,1.0,1.0,1.0
1630679997485,1.0,1.0,1.0,1.0
1630679997597,1.0,1.0,1.0,1.0
1630679997707,1.0,1.0,1.0,1.0
1630679997828,1.0,1.0,1.0,1.0
1630679997895,1.0,1.0,1.0,1.0
1630679998006,1.0,1.0,1.0,1.0
1630679998117,1.0,1.0,1.0,1.0
1630679998245,1.0,1.0,1.0,1.0
1630679998341,1.0,1.0,1.0,1.0
1630679998437,1.0,1.0,1.0,1.0
1630679998532,1.0,1.0,1.0,1.0
1630679998646,1.0,1.0,1.0,1.0
1630679998741,1.0,1.0,1.0,1.0
1630679998821,1.0,1.0,1.0,1.0
1630679998901,1.0,1.0,1.0,1.0
1630679999046,1.0,1.0,1.0,1.0
1630679999141,1.0,1.0,1.0,1.0
1630679999237,1.0,1.0,1.0,1.0
1630679999348,1.0,1.0,1.0,1.0
1630679999414,1.0,1.0,1.0,1.0
1630679999507,1.0,1.0,1.0,1.0
1630679999681,1.0,1.0,1.0,1.0
1630679999726,1.0,1.0,1.0,1.0
1630679999852,1.0,1.0,1.0,1.0
1630679999948,1.0,1.0,1.0,1.0
1630680000045,1.0,1.0,1.0,1.0
1630680000126,1.0,1.0,1.0,1.0
1630680000254,1.0,1.0,1.0,1.0
1630680000347,1.0,1.0,1.0,1.0
1630680000467,1.0,1.0,1.0,1.0
1630680000550,1.0,1.0,1.0,1.0
1630680000646,1.0,1.0,1.0,1.0
1630680000757,1.0,1.0,1.0,1.0
1630680000902,1.0,1.0,1.0,1.0
1630680000981,1.0,1.0,1.0,1.0
1630680001061,1.0,1.0,1.0,1.0
1630680001158,1.0,1.0,1.0,1.0
1630680001252,1.0,1.0,1.0,1.0
1630680001365,1.0,1.0,1.0,1.0
1630680001498,1.0,1.0,1.0,1.0
1630680001606,1.0,1.0,1.0,1.0
1630680001667,1.0,1.0,1.0,1.0
1630680001766,1.0,1.0,1.0,1.0
1630680001862,1.0,1.0,1.0,1.0
1630680001956,1.0,1.0,1.0,1.0
1630680002125,1.0,1.0,1.0,1.0
1630680002221,1.0,1.0,1.0,1.0
1630680002286,1.0,1.0,1.0,1.0
1630680002397,1.0,1.0,1.0,1.0
1630680002496,1.0,1.0,1.0,1.0
1630680002558,1.0,1.0,1.0,1.0
1630680002686,1.0,1.0,1.0,1.0
1630680002828,1.0,1.0,1.0,1.0
1630680002877,1.0,1.0,1.0,1.0
1630680003007,1.0,1.0,1.0,1.0
1630680003101,1.0,1.0,1.0,1.0
1630680003148,1.0,1.0,1.0,1.0
1630680003310,1.0,1.0,1.0,1.0
1630680003406,1.0,1.0,1.0,1.0
1630680003501,1.0,1.0,1.0,1.0
1630680003597,1.0,1.0,1.0,1.0
1630680003708,1.0,1.0,1.0,1.0
1630680003782,1.0,1.0,1.0,1.0
1630680003908,1.0,1.0,1.0,1.0
1630680003996,1.0,1.0,1.0,1.0
1630680004107,1.0,1.0,1.0,1.0
1630680004197,1.0,1.0,1.0,1.0
1630680004307,1.0,1.0,1.0,1.0
1630680004372,1.0,1.0,1.0,1.0
1630680004540,1.0,1.0,1.0,1.0
1630680004645,1.0,1.0,1.0,1.0
1630680004741,1.0,1.0,1.0,1.0
1630680004805,1.0,1.0,1.0,1.0
1630680004885,1.0,1.0,1.0,1.0
1630680004981,1.0,1.0,1.0,1.0
1630680005160,1.0,1.0,1.0,1.0
1630680005224,1.0,1.0,1.0,1.0
1630680005316,1.0,1.0,1.0,1.0
1630680005422,1.0,1.0,1.0,1.0
1630680005532,1.0,1.0,1.0,1.0
1630680005629,1.0,1.0,1.0,1.0
1630680005758,1.0,1.0,1.0,1.0
1630680005822,1.0,1.0,1.0,1.0
1630680005948,1.0,1.0,1.0,1.0
1630680006027,1.0,1.0,1.0,1.0
1630680006125,1.0,1.0,1.0,1.0
1630680006221,1.0,1.0,1.0,1.0
1630680006366,1.0,1.0,1.0,1.0
1630680006492,1.0,1.0,1.0,1.0
1630680006598,1.0,1.0,1.0,1.0
1630680006646,1.0,1.0,1.0,1.0
1630680006757,1.0,1.0,1.0,1.0
1630680006852,1.0,1.0,1.0,1.0
1630680006998,1.0,1.0,1.0,1.0
1630680007061,1.0,1.0,1.0,1.0
1630680007190,1.0,1.0,1.0,1.0
1630680007285,1.0,1.0,1.0,1.0
1630680007347,1.0,1.0,1.0,1.0
1630680007438,1.0,1.0,1.0,1.0
1630680007566,1.0,1.0,1.0,1.0
1630680007661,1.0,1.0,1.0,1.0
1630680007788,1.0,1.0,1.0,1.0
1630680007876,1.0,1.0,1.0,1.0
1630680007966,1.0,1.0,1.0,1.0
1630680008028,1.0,1.0,1.0,1.0
1630680008214,1.0,1.0,1.0,1.0
1630680008276,1.0,1.0,1.0,1.0
1630680008381,1.0,1.0,1.0,1.0
1630680008478,1.0,1.0,1.0,1.0
1630680008587,1.0,1.0,1.0,1.0
1630680008666,1.0,1.0,1.0,1.0
1630680008805,1.0,1.0,1.0,1.0
1630680008901,1.0,1.0,1.0,1.0
1630680008965,1.0,1.0,1.0,1.0
1630680009085,1.0,1.0,1.0,1.0
1630680009166,1.0,1.0,1.0,1.0
1630680009277,1.0,1.0,1.0,1.0
1630680009389,1.0,1.0,1.0,1.0
1630680009501,1.0,1.0,1.0,1.0
1630680009598,1.0,1.0,1.0,1.0
1630680009741,1.0,1.0,1.0,1.0
1630680009772,1.0,1.0,1.0,1.0
1630680009886,1.0,1.0,1.0,1.0
1630680010013,1.0,1.0,1.0,1.0
1630680010109,1.0,1.0,1.0,1.0
1630680010206,1.0,1.0,1.0,1.0
1630680010317,1.0,1.0,1.0,1.0
1630680010398,1.0,1.0,1.0,1.0
1630680010478,1.0,1.0,1.0,1.0
1630680010638,1.0,1.0,1.0,1.0
1630680010732,1.0,1.0,1.0,1.0
1630680010806,1.0,1.0,1.0,1.0
1630680010918,1.0,1.0,1.0,1.0
1630680011013,1.0,1.0,1.0,1.0
1630680011078,1.0,1.0,1.0,1.0
1630680011237,1.0,1.0,1.0,1.0
1630680011335,1.0,1.0,1.0,1.0
1630680011405,1.0,1.0,1.0,1.0
1630680011526,1.0,1.0,1.0,1.0
1630680011606,1.0,1.0,1.0,1.0
1630680011702,1.0,1.0,1.0,1.0
1630680011846,1.0,1.0,1.0,1.0
1630680011942,1.0,1.0,1.0,1.0
1630680012021,1.0,1.0,1.0,1.0
1630680012117,1.0,1.0,1.0,1.0
1630680012228,1.0,1.0,1.0,1.0
1630680012325,1.0,1.0,1.0,1.0
1630680012446,1.0,1.0,1.0,1.0
1630680012559,1.0,1.0,1.0,1.0
1630680012668,1.0,1.0,1.0,1.0
1630680012732,1.0,1.0,1.0,1.0
1630680012843,1.0,1.0,1.0,1.0
1630680012917,1.0,1.0,1.0,1.0
1630680013077,1.0,1.0,1.0,1.0
1630680013157,1.0,1.0,1.0,1.0
1630680013237,1.0,1.0,1.0,1.0
1630680013333,1.0,1.0,1.0,1.0
1630680013445,1.0,1.0,1.0,1.0
1630680013541,1.0,1.0,1.0,1.0
1630680013678,1.0,1.0,1.0,1.0
1630680013773,1.0,1.0,1.0,1.0
1630680013867,1.0,1.0,1.0,1.0
1630680013941,1.0,1.0,1.0,1.0
1630680014045,1.0,1.0,1.0,1.0
1630680014123,1.0,1.0,1.0,1.0
1630680014277,1.0,1.0,1.0,1.0
1630680014372,1.0,1.0,1.0,1.0
1630680014468,1.0,1.0,1.0,1.0
1630680014578,1.0,1.0,1.0,1.0
1630680014670,1.0,1.0,1.0,1.0
1630680014765,1.0,1.0,1.0,1.0
1630680014909,1.0,1.0,1.0,1.0
1630680014972,1.0,1.0,1.0,1.0
1630680015112,1.0,1.0,1.0,1.0
1630680015199,1.0,1.0,1.0,1.0
1630680015246,1.0,1.0,1.0,1.0
1630680015357,1.0,1.0,1.0,1.0
1630680015485,1.0,1.0,1.0,1.0
1630680015584,1.0,1.0,1.0,1.0
1630680015692,1.0,1.0,1.0,1.0
1630680015789,1.0,1.0,1.0,1.0
1630680015858,1.0,1.0,1.0,1.0
1630680015948,1.0,1.0,1.0,1.0
1630680016126,1.0,1.0,1.0,1.0
1630680016206,1.0,1.0,1.0,1.0
1630680016302,1.0,1.0,1.0,1.0
1630680016382,1.0,1.0,1.0,1.0
1630680016493,1.0,1.0,1.0,1.0
1630680016606,1.0,1.0,1.0,1.0
1630680016717,1.0,1.0,1.0,1.0
1630680016798,1.0,1.0,1.0,1.0
1630680016909,1.0,1.0,1.0,1.0
1630680017006,1.0,1.0,1.0,1.0
1630680017067,1.0,1.0,1.0,1.0
1630680017222,1.0,1.0,1.0,1.0
1630680017334,1.0,1.0,1.0,1.0
1630680017401,1.0,1.0,1.0,1.0
1630680017541,1.0,1.0,1.0,1.0
1630680017606,1.0,1.0,1.0,1.0
1630680017703,1.0,1.0,1.0,1.0
1630680017813,1.0,1.0,1.0,1.0
1630680017938,1.0,1.0,1.0,1.0
1630680018027,1.0,1.0,1.0,1.0
1630680018147,1.0,1.0,1.0,1.0
1630680018197,1.0,1.0,1.0,1.0
1630680018308,1.0,1.0,1.0,1.0
1630680018388,1.0,1.0,1.0,1.0
1630680018566,1.0,1.0,1.0,1.0
1630680018646,1.0,1.0,1.0,1.0
1630680018726,1.0,1.0,1.0,1.0
1630680018868,1.0,1.0,1.0,1.0
1630680018934,1.0,1.0,1.0,1.0
1630680018998,1.0,1.0,1.0,1.0
1630680019166,1.0,1.0,1.0,1.0
1630680019246,1.0,1.0,1.0,1.0
1630680019342,1.0,1.0,1.0,1.0
1630680019437,1.0,1.0,1.0,1.0
1630680019582,1.0,1.0,1.0,1.0
1630680019607,1.0,1.0,1.0,1.0
1630680019766,1.0,1.0,1.0,1.0
1630680019862,1.0,1.0,1.0,1.0
1630680019972,1.0,1.0,1.0,1.0
1630680020066,1.0,1.0,1.0,1.0
1630680020148,1.0,1.0,1.0,1.0
1630680020227,1.0,1.0,1.0,1.0
1630680020372,1.0,1.0,1.0,1.0
1630680020467,1.0,1.0,1.0,1.0
1630680020565,1.0,1.0,1.0,1.0
1630680020662,1.0,1.0,1.0,1.0
1630680020766,1.0,1.0,1.0,1.0
1630680020828,1.0,1.0,1.0,1.0
1630680021006,1.0,1.0,1.0,1.0
1630680021086,1.0,1.0,1.0,1.0
1630680021149,1.0,1.0,1.0,1.0
1630680021246,1.0,1.0,1.0,1.0
1630680021357,1.0,1.0,1.0,1.0
1630680021452,1.0,1.0,1.0,1.0
1630680021566,1.0,1.0,1.0,1.0
1630680021696,1.0,1.0,1.0,1.0
1630680021806,1.0,1.0,1.0,1.0
1630680021902,1.0,1.0,1.0,1.0
1630680021981,1.0,1.0,1.0,1.0
1630680022085,1.0,1.0,1.0,1.0
1630680022212,1.0,1.0,1.0,1.0
1630680022308,1.0,1.0,1.0,1.0
1630680022406,1.0,1.0,1.0,1.0
1630680022486,1.0,1.0,1.0,1.0
1630680022629,1.0,1.0,1.0,1.0
1630680022647,1.0,1.0,1.0,1.0
1630680022806,1.0,1.0,1.0,1.0
1630680022916,1.0,1.0,1.0,1.0
1630680023038,1.0,1.0,1.0,1.0
1630680023068,1.0,1.0,1.0,1.0
1630680023197,1.0,1.0,1.0,1.0
1630680023326,1.0,1.0,1.0,1.0
1630680023421,1.0,1.0,1.0,1.0
1630680023519,1.0,1.0,1.0,1.0
1630680023628,1.0,1.0,1.0,1.0
1630680023692,1.0,1.0,1.0,1.0
1630680023772,1.0,1.0,1.0,1.0
1630680023886,1.0,1.0,1.0,1.0
1630680024045,1.0,1.0,1.0,1.0
1630680024092,1.0,1.0,1.0,1.0
1630680024227,1.0,1.0,1.0,1.0
1630680024317,1.0,1.0,1.0,1.0
1630680024428,1.0,1.0,1.0,1.0
1630680024517,1.0,1.0,1.0,1.0
1630680024646,1.0,1.0,1.0,1.0
1630680024742,1.0,1.0,1.0,1.0
1630680024839,1.0,1.0,1.0,1.0
1630680024950,1.0,1.0,1.0,1.0
1630680025012,1.0,1.0,1.0,1.0
1630680025108,1.0,1.0,1.0,1.0
1630680025286,1.0,1.0,1.0,1.0
1630680025332,1.0,1.0,1.0,1.0
1630680025446,1.0,1.0,1.0,1.0
1630680025557,1.0,1.0,1.0,1.0
1630680025621,1.0,1.0,1.0,1.0
1630680025701,1.0,1.0,1.0,1.0
1630680025862,1.0,1.0,1.0,1.0
1630680025956,1.0,1.0,1.0,1.0
1630680026046,1.0,1.0,1.0,1.0
1630680026126,1.0,1.0,1.0,1.0
1630680026252,1.0,1.0,1.0,1.0
1630680026332,1.0,1.0,1.0,1.0
1630680026493,1.0,1.0,1.0,1.0
1630680026557,1.0,1.0,1.0,1.0
1630680026700,1.0,1.0,1.0,1.0
1630680026765,1.0,1.0,1.0,1.0
1630680026837,1.0,1.0,1.0,1.0
1630680026949,1.0,1.0,1.0,1.0
1630680027085,1.0,1.0,1.0,1.0
1630680027181,1.0,1.0,1.0,1.0
1630680027277,1.0,1.0,1.0,1.0
1630680027357,1.0,1.0,1.0,1.0
1630680027468,1.0,1.0,1.0,1.0
1630680027550,1.0,1.0,1.0,1.0
1630680027692,1.0,1.0,1.0,1.0
1630680027797,1.0,1.0,1.0,1.0
1630680027847,1.0,1.0,1.0,1.0
1630680027956,1.0,1.0,1.0,1.0
1630680028046,1.0,1.0,1.0,1.0
1630680028172,1.0,1.0,1.0,1.0
1630680028268,1.0,1.0,1.0,1.0
1630680028412,1.0,1.0,1.0,1.0
1630680028476,1.0,1.0,1.0,1.0
1630680028566,1.0,1.0,1.0,1.0
1630680028677,1.0,1.0,1.0,1.0
1630680028772,1.0,1.0,1.0,1.0
1630680028932,1.0,1.0,1.0,1.0
1630680028998,1.0,1.0,1.0,1.0
1630680029077,1.0,1.0,1.0,1.0
1630680029189,1.0,1.0,1.0,1.0
1630680029286,1.0,1.0,1.0,1.0
1630680029382,1.0,1.0,1.0,1.0
1630680029508,1.0,1.0,1.0,1.0
1630680029589,1.0,1.0,1.0,1.0
1630680029716,1.0,1.0,1.0,1.0
1630680029805,1.0,1.0,1.0,1.0
1630680029885,1.0,1.0,1.0,1.0
1630680029997,1.0,1.0,1.0,1.0
1630680030126,1.0,1.0,1.0,1.0
1630680030221,1.0,1.0,1.0,1.0
1630680030326,1.0,1.0,1.0,1.0
1630680030388,1.0,1.0,1.0,1.0
1630680030492,1.0,1.0,1.0,1.0
1630680030627,1.0,1.0,1.0,1.0
1630680030725,1.0,1.0,1.0,1.0
1630680030806,1.0,1.0,1.0,1.0
1630680030917,1.0,1.0,1.0,1.0
1630680031028,1.0,1.0,1.0,1.0
1630680031126,1.0,1.0,1.0,1.0
1630680031188,1.0,1.0,1.0,1.0
1630680031332,1.0,1.0,1.0,1.0
1630680031452,1.0,1.0,1.0,1.0
1630680031526,1.0,1.0,1.0,1.0
1630680031621,1.0,1.0,1.0,1.0
1630680031717,1.0,1.0,1.0,1.0
1630680031814,1.0,1.0,1.0,1.0
1630680031966,1.0,1.0,1.0,1.0
1630680032013,1.0,1.0,1.0,1.0
1630680032140,1.0,1.0,1.0,1.0
1630680032246,1.0,1.0,1.0,1.0
1630680032357,1.0,1.0,1.0,1.0
1630680032408,1.0,1.0,1.0,1.0
1630680032548,1.0,1.0,1.0,1.0
1630680032661,1.0,1.0,1.0,1.0
1630680032741,1.0,1.0,1.0,1.0
1630680032837,1.0,1.0,1.0,1.0
1630680032918,1.0,1.0,1.0,1.0
1630680033045,1.0,1.0,1.0,1.0
1630680033173,1.0,1.0,1.0,1.0
1630680033268,1.0,1.0,1.0,1.0
1630680033366,1.0,1.0,1.0,1.0
1630680033446,1.0,1.0,1.0,1.0
1630680033542,1.0,1.0,1.0,1.0
1630680033637,1.0,1.0,1.0,1.0
1630680033798,1.0,1.0,1.0,1.0
1630680033846,1.0,1.0,1.0,1.0
1630680033941,1.0,1.0,1.0,1.0
1630680034053,1.0,1.0,1.0,1.0
1630680034165,1.0,1.0,1.0,1.0
1630680034261,1.0,1.0,1.0,1.0
1630680034381,1.0,1.0,1.0,1.0
1630680034492,1.0,1.0,1.0,1.0
1630680034582,1.0,1.0,1.0,1.0
1630680034692,1.0,1.0,1.0,1.0
1630680034758,1.0,1.0,1.0,1.0
1630680034851,1.0,1.0,1.0,1.0
1630680034982,1.0,1.0,1.0,1.0
1630680035092,1.0,1.0,1.0,1.0
1630680035205,1.0,1.0,1.0,1.0
1630680035286,1.0,1.0,1.0,1.0
1630680035365,1.0,1.0,1.0,1.0
1630680035492,1.0,1.0,1.0,1.0
1630680035621,1.0,1.0,1.0,1.0
1630680035701,1.0,1.0,1.0,1.0
1630680035781,1.0,1.0,1.0,1.0
1630680035892,1.0,1.0,1.0,1.0
1630680036005,1.0,1.0,1.0,1.0
1630680036101,1.0,1.0,1.0,1.0
1630680036230,1.0,1.0,1.0,1.0
1630680036326,1.0,1.0,1.0,1.0
1630680036405,1.0,1.0,1.0,1.0
1630680036485,1.0,1.0,1.0,1.0
1630680036581,1.0,1.0,1.0,1.0
1630680036692,1.0,1.0,1.0,1.0
1630680036822,1.0,1.0,1.0,1.0
1630680036901,1.0,1.0,1.0,1.0
1630680036999,1.0,1.0,1.0,1.0
1630680037110,1.0,1.0,1.0,1.0
1630680037205,1.0,1.0,1.0,1.0
1630680037300,1.0,1.0,1.0,1.0
1630680037446,1.0,1.0,1.0,1.0
1630680037541,1.0,1.0,1.0,1.0
1630680037606,1.0,1.0,1.0,1.0
1630680037701,1.0,1.0,1.0,1.0
1630680037797,1.0,1.0,1.0,1.0
1630680037907,1.0,1.0,1.0,1.0
1630680038036,1.0,1.0,1.0,1.0
1630680038142,1.0,1.0,1.0,1.0
1630680038237,1.0,1.0,1.0,1.0
1630680038348,1.0,1.0,1.0,1.0
1630680038421,1.0,1.0,1.0,1.0
1630680038526,1.0,1.0,1.0,1.0
1630680038637,1.0,1.0,1.0,1.0
1630680038749,1.0,1.0,1.0,1.0
1630680038878,1.0,1.0,1.0,1.0
1630680038942,1.0,1.0,1.0,1.0
1630680039069,1.0,1.0,1.0,1.0
1630680039101,1.0,1.0,1.0,1.0
1630680039278,1.0,1.0,1.0,1.0
1630680039374,1.0,1.0,1.0,1.0
1630680039485,1.0,1.0,1.0,1.0
1630680039565,1.0,1.0,1.0,1.0
1630680039677,1.0,1.0,1.0,1.0
1630680039742,1.0,1.0,1.0,1.0
1630680039852,1.0,1.0,1.0,1.0
1630680039982,1.0,1.0,1.0,1.0
1630680040061,1.0,1.0,1.0,1.0
1630680040158,1.0,1.0,1.0,1.0
1630680040253,1.0,1.0,1.0,1.0
1630680040365,1.0,1.0,1.0,1.0
1630680040485,1.0,1.0,1.0,1.0
1630680040597,1.0,1.0,1.0,1.0
1630680040663,1.0,1.0,1.0,1.0
1630680040759,1.0,1.0,1.0,1.0
1630680040867,1.0,1.0,1.0,1.0
1630680040966,1.0,1.0,1.0,1.0
1630680041095,1.0,1.0,1.0,1.0
1630680041237,1.0,1.0,1.0,1.0
1630680041301,1.0,1.0,1.0,1.0
1630680041365,1.0,1.0,1.0,1.0
1630680041460,1.0,1.0,1.0,1.0
1630680041598,1.0,1.0,1.0,1.0
1630680041695,1.0,1.0,1.0,1.0
1630680041788,1.0,1.0,1.0,1.0
1630680041893,1.0,1.0,1.0,1.0
1630680041987,1.0,1.0,1.0,1.0
1630680042085,1.0,1.0,1.0,1.0
1630680042147,1.0,1.0,1.0,1.0
1630680042326,1.0,1.0,1.0,1.0
1630680042387,1.0,1.0,1.0,1.0
1630680042500,1.0,1.0,1.0,1.0
1630680042582,1.0,1.0,1.0,1.0
1630680042692,1.0,1.0,1.0,1.0
1630680042772,1.0,1.0,1.0,1.0
1630680042908,1.0,1.0,1.0,1.0
1630680043027,1.0,1.0,1.0,1.0
1630680043147,1.0,1.0,1.0,1.0
1630680043215,1.0,1.0,1.0,1.0
1630680043307,1.0,1.0,1.0,1.0
1630680043372,1.0,1.0,1.0,1.0
1630680043532,1.0,1.0,1.0,1.0
1630680043599,1.0,1.0,1.0,1.0
1630680043726,1.0,1.0,1.0,1.0
1630680043821,1.0,1.0,1.0,1.0
1630680043926,1.0,1.0,1.0,1.0
1630680043987,1.0,1.0,1.0,1.0
1630680044108,1.0,1.0,1.0,1.0
1630680044206,1.0,1.0,1.0,1.0
1630680044349,1.0,1.0,1.0,1.0
1630680044446,1.0,1.0,1.0,1.0
1630680044508,1.0,1.0,1.0,1.0
1630680044621,1.0,1.0,1.0,1.0
1630680044717,1.0,1.0,1.0,1.0
1630680044862,1.0,1.0,1.0,1.0
1630680044942,1.0,1.0,1.0,1.0
1630680045052,1.0,1.0,1.0,1.0
1630680045121,1.0,1.0,1.0,1.0
1630680045227,1.0,1.0,1.0,1.0
1630680045366,1.0,1.0,1.0,1.0
1630680045461,1.0,1.0,1.0,1.0
1630680045525,1.0,1.0,1.0,1.0
1630680045622,1.0,1.0,1.0,1.0
1630680045716,1.0,1.0,1.0,1.0
1630680045822,1.0,1.0,1.0,1.0
1630680045949,2.0,1.0,1.0,2.0
1630680046062,2.0,1.0,1.0,2.0
1630680046157,2.0,1.0,1.0,2.0
1630680046253,2.0,1.0,1.0,2.0
1630680046317,2.0,1.0,1.0,2.0
1630680046433,2.0,1.0,1.0,2.0
1630680046607,2.0,1.0,1.0,2.0
1630680046653,2.0,1.0,1.0,2.0
1630680046766,2.0,1.0,1.0,2.0
1630680046862,2.0,1.0,1.0,2.0
1630680046957,2.0,1.0,1.0,2.0
1630680047022,2.0,4.0,1.0,2.0
1630680047181,4.0,4.0,4.0,4.0
1630680047292,4.0,4.0,4.0,4.0
1630680047359,4.0,4.0,4.0,4.0
1630680047501,4.0,4.0,4.0,4.0
1630680047565,4.0,4.0,4.0,4.0
1630680047652,4.0,4.0,4.0,4.0
1630680047790,4.0,4.0,4.0,4.0
1630680047900,4.0,4.0,4.0,4.0
1630680047977,4.0,2.0,2.0,4.0
1630680048086,2.0,2.0,2.0,2.0
1630680048225,2.0,2.0,4.0,2.0
1630680048256,2.0,2.0,4.0,2.0
1630680048411,2.0,4.0,4.0,2.0
1630680048516,4.0,4.0,4.0,2.0
1630680048592,4.0,4.0,4.0,4.0
1630680048686,4.0,4.0,4.0,4.0
1630680048781,4.0,4.0,4.0,4.0
1630680048881,4.0,4.0,4.0,4.0
1630680049006,4.0,4.0,4.0,4.0
1630680049117,4.0,4.0,4.0,4.0
1630680049184,4.0,4.0,2.0,4.0
1630680049294,2.0,4.0,2.0,2.0
1630680049390,2.0,4.0,2.0,2.0
1630680049485,2.0,2.0,1.0,2.0
1630680049630,2.0,2.0,1.0,2.0
1630680049726,2.0,4.0,4.0,2.0
1630680049787,2.0,4.0,1.0,2.0
1630680049898,2.0,1.0,1.0,2.0
1630680049998,2.0,4.0,1.0,2.0
1630680050094,2.0,1.0,1.0,2.0
1630680050222,2.0,1.0,1.0,2.0
1630680050331,2.0,1.0,1.0,2.0
1630680050431,2.0,1.0,1.0,2.0
1630680050495,2.0,1.0,1.0,2.0
1630680050618,2.0,1.0,1.0,2.0
1630680050693,2.0,1.0,1.0,2.0
1630680050846,2.0,1.0,1.0,2.0
1630680050926,2.0,1.0,1.0,2.0
1630680051036,2.0,1.0,1.0,2.0
1630680051156,2.0,1.0,1.0,2.0
1630680051245,2.0,1.0,1.0,2.0
1630680051293,2.0,1.0,1.0,2.0
1630680051510,2.0,1.0,1.0,2.0
1630680051525,2.0,1.0,1.0,2.0
1630680051652,2.0,1.0,1.0,2.0
1630680051757,2.0,1.0,1.0,2.0
1630680051853,2.0,1.0,1.0,2.0
1630680051917,1.0,1.0,1.0,1.0
1630680052079,1.0,1.0,1.0,1.0
1630680052126,1.0,1.0,1.0,1.0
1630680052253,1.0,1.0,1.0,1.0
1630680052317,1.0,1.0,1.0,1.0
1630680052427,1.0,1.0,1.0,1.0
1630680052518,1.0,1.0,1.0,1.0
1630680052662,1.0,1.0,1.0,1.0
1630680052758,1.0,1.0,1.0,1.0
1630680052867,1.0,1.0,1.0,1.0
1630680052957,1.0,1.0,1.0,1.0
1630680053038,1.0,1.0,1.0,1.0
1630680053117,1.0,1.0,1.0,1.0
1630680053292,1.0,1.0,1.0,1.0
1630680053372,1.0,1.0,1.0,1.0
1630680053483,1.0,1.0,1.0,1.0
1630680053576,1.0,1.0,1.0,1.0
1630680053652,1.0,1.0,1.0,1.0
1630680053758,1.0,1.0,1.0,1.0
1630680053901,1.0,1.0,1.0,1.0
1630680053998,1.0,1.0,1.0,1.0
1630680054093,1.0,1.0,1.0,1.0
1630680054205,1.0,1.0,1.0,1.0
1630680054252,1.0,1.0,1.0,1.0
1630680054341,1.0,1.0,1.0,1.0
1630680054526,1.0,1.0,1.0,1.0
1630680054573,1.0,1.0,1.0,1.0
1630680054685,1.0,1.0,1.0,1.0
1630680054757,1.0,1.0,1.0,1.0
1630680054886,1.0,1.0,1.0,1.0
1630680054965,1.0,1.0,1.0,1.0
1630680055107,1.0,1.0,1.0,1.0
1630680055213,1.0,1.0,1.0,1.0
1630680055307,1.0,1.0,1.0,1.0
1630680055382,1.0,1.0,1.0,1.0
1630680055477,2.0,1.0,1.0,2.0
1630680055575,2.0,1.0,1.0,2.0
1630680055725,2.0,1.0,1.0,2.0
1630680055818,2.0,1.0,1.0,2.0
1630680055892,2.0,1.0,1.0,2.0
1630680055987,2.0,1.0,1.0,2.0
1630680056077,2.0,1.0,4.0,2.0
1630680056173,2.0,1.0,2.0,2.0
1630680056348,2.0,1.0,2.0,2.0
1630680056413,2.0,1.0,4.0,2.0
1630680056507,2.0,1.0,4.0,2.0
1630680056605,2.0,1.0,1.0,2.0
1630680056701,2.0,1.0,4.0,2.0
1630680056765,2.0,1.0,1.0,2.0
1630680056965,2.0,1.0,1.0,2.0
1630680057028,2.0,1.0,1.0,2.0
1630680057126,2.0,1.0,1.0,2.0
1630680057237,2.0,1.0,1.0,2.0
1630680057285,2.0,1.0,1.0,2.0
1630680057398,1.0,1.0,1.0,1.0
1630680057541,1.0,1.0,1.0,1.0
1630680057638,1.0,1.0,1.0,1.0
1630680057721,1.0,1.0,1.0,1.0
1630680057828,1.0,1.0,1.0,1.0
1630680057941,1.0,1.0,1.0,1.0
1630680058003,1.0,1.0,1.0,1.0
1630680058172,1.0,1.0,1.0,1.0
1630680058261,1.0,1.0,1.0,1.0
1630680058326,1.0,1.0,1.0,1.0
1630680058436,1.0,1.0,1.0,1.0
1630680058526,1.0,1.0,1.0,1.0
1630680058621,1.0,1.0,1.0,1.0
1630680058748,1.0,1.0,1.0,1.0
1630680058846,1.0,1.0,1.0,1.0
1630680058941,1.0,1.0,1.0,1.0
1630680059039,1.0,1.0,1.0,1.0
1630680059166,1.0,1.0,1.0,1.0
1630680059229,1.0,1.0,1.0,1.0
1630680059359,1.0,1.0,1.0,1.0
1630680059483,1.0,1.0,1.0,1.0
1630680059557,1.0,1.0,1.0,1.0
1630680059668,1.0,1.0,1.0,1.0
1630680059765,1.0,1.0,1.0,1.0
1630680059861,1.0,1.0,1.0,1.0
1630680059986,1.0,1.0,1.0,1.0
1630680060052,1.0,1.0,1.0,1.0
1630680060165,1.0,1.0,1.0,1.0
1630680060261,1.0,1.0,1.0,1.0
1630680060359,1.0,1.0,1.0,1.0
1630680060470,1.0,1.0,1.0,1.0
1630680060582,1.0,1.0,1.0,1.0
1630680060694,1.0,1.0,1.0,1.0
1630680060805,1.0,1.0,1.0,1.0
1630680060867,1.0,1.0,1.0,1.0
1630680060972,1.0,1.0,1.0,1.0
1630680061092,1.0,1.0,1.0,1.0
1630680061198,1.0,1.0,1.0,1.0
1630680061294,1.0,1.0,1.0,1.0
1630680061405,1.0,1.0,1.0,1.0
1630680061468,1.0,1.0,1.0,1.0
1630680061577,1.0,1.0,1.0,1.0
1630680061668,1.0,1.0,1.0,1.0
1630680061813,1.0,1.0,1.0,1.0
1630680061892,1.0,1.0,1.0,1.0
1630680061981,1.0,1.0,1.0,1.0
1630680062093,1.0,1.0,1.0,1.0
1630680062158,1.0,1.0,1.0,1.0
1630680062268,1.0,1.0,1.0,1.0
1630680062413,1.0,1.0,1.0,1.0
1630680062508,1.0,1.0,1.0,1.0
1630680062637,1.0,1.0,1.0,1.0
1630680062686,1.0,1.0,1.0,1.0
1630680062817,1.0,1.0,1.0,1.0
1630680062897,1.0,1.0,1.0,1.0
1630680063054,1.0,1.0,1.0,1.0
1630680063102,1.0,1.0,1.0,1.0
1630680063214,1.0,1.0,1.0,1.0
1630680063313,1.0,1.0,1.0,1.0
1630680063406,1.0,1.0,1.0,1.0
1630680063534,1.0,1.0,1.0,1.0
1630680063627,1.0,1.0,1.0,1.0
1630680063757,1.0,1.0,1.0,1.0
1630680063852,1.0,1.0,1.0,1.0
1630680063899,1.0,1.0,1.0,1.0
1630680064003,1.0,1.0,1.0,1.0
1630680064109,1.0,1.0,1.0,1.0
1630680064261,1.0,1.0,1.0,1.0
1630680064323,1.0,1.0,1.0,1.0
1630680064428,1.0,1.0,1.0,1.0
1630680064541,1.0,1.0,1.0,1.0
1630680064654,1.0,1.0,1.0,1.0
1630680064735,1.0,1.0,1.0,1.0
1630680064861,1.0,1.0,1.0,1.0
1630680064939,1.0,1.0,1.0,1.0
1630680065043,1.0,1.0,1.0,1.0
1630680065147,1.0,1.0,1.0,1.0
1630680065246,1.0,1.0,1.0,1.0
1630680065357,1.0,1.0,1.0,1.0
1630680065486,1.0,1.0,1.0,1.0
1630680065548,1.0,1.0,1.0,1.0
1630680065645,1.0,1.0,1.0,1.0
1630680065741,1.0,1.0,1.0,1.0
1630680065853,1.0,1.0,1.0,1.0
1630680065950,1.0,1.0,1.0,1.0
1630680066077,1.0,1.0,1.0,1.0
1630680066172,1.0,1.0,1.0,1.0
1630680066246,1.0,1.0,1.0,1.0
1630680066374,1.0,1.0,1.0,1.0
1630680066422,1.0,1.0,1.0,1.0
1630680066525,1.0,1.0,1.0,1.0
1630680066683,1.0,1.0,1.0,1.0
1630680066805,1.0,1.0,1.0,1.0
1630680066868,1.0,1.0,1.0,1.0
1630680066966,1.0,1.0,1.0,1.0
1630680067061,1.0,1.0,1.0,1.0
1630680067158,1.0,1.0,1.0,1.0
1630680067298,1.0,1.0,1.0,1.0
1630680067390,1.0,1.0,1.0,1.0
1630680067501,1.0,1.0,1.0,1.0
1630680067596,1.0,1.0,1.0,1.0
1630680067685,1.0,1.0,1.0,1.0
1630680067747,1.0,1.0,1.0,1.0
1630680067902,1.0,1.0,1.0,1.0
1630680068030,1.0,1.0,1.0,1.0
1630680068078,1.0,1.0,1.0,1.0
1630680068172,1.0,1.0,1.0,1.0
1630680068261,1.0,1.0,1.0,1.0
1630680068372,1.0,1.0,1.0,1.0
1630680068526,1.0,1.0,1.0,1.0
1630680068639,1.0,1.0,1.0,1.0
1630680068685,1.0,1.0,1.0,1.0
1630680068798,1.0,1.0,1.0,1.0
1630680068893,1.0,1.0,1.0,1.0
1630680068957,1.0,1.0,1.0,1.0
1630680069098,1.0,1.0,1.0,1.0
1630680069206,1.0,1.0,1.0,1.0
1630680069285,1.0,1.0,1.0,1.0
1630680069406,2.0,1.0,1.0,2.0
1630680069536,2.0,1.0,1.0,2.0
1630680069611,2.0,1.0,1.0,2.0
1630680069716,1.0,1.0,1.0,1.0
1630680069821,1.0,1.0,1.0,1.0
1630680069901,1.0,1.0,1.0,1.0
1630680070012,1.0,1.0,1.0,1.0
1630680070118,1.0,1.0,1.0,1.0
1630680070181,1.0,1.0,1.0,1.0
1630680070333,1.0,1.0,1.0,1.0
1630680070446,1.0,1.0,1.0,1.0
1630680070541,1.0,1.0,1.0,1.0
1630680070604,1.0,1.0,1.0,1.0
1630680070708,1.0,1.0,1.0,1.0
1630680070814,1.0,1.0,1.0,1.0
1630680070941,1.0,1.0,1.0,1.0
1630680071046,1.0,1.0,1.0,1.0
1630680071141,1.0,1.0,1.0,1.0
1630680071205,1.0,1.0,1.0,1.0
1630680071326,1.0,1.0,1.0,1.0
1630680071437,1.0,1.0,1.0,1.0
1630680071565,1.0,1.0,1.0,1.0
1630680071660,1.0,1.0,1.0,1.0
1630680071766,1.0,1.0,1.0,1.0
1630680071830,1.0,1.0,1.0,1.0
1630680071925,1.0,1.0,1.0,1.0
1630680072005,1.0,1.0,1.0,1.0
1630680072182,1.0,1.0,1.0,1.0
1630680072245,1.0,1.0,1.0,1.0
1630680072374,1.0,1.0,1.0,1.0
1630680072484,1.0,1.0,1.0,1.0
1630680072542,1.0,1.0,1.0,1.0
1630680072652,1.0,1.0,1.0,1.0
1630680072796,1.0,1.0,1.0,1.0
1630680072859,1.0,1.0,1.0,1.0
1630680072947,1.0,1.0,1.0,1.0
1630680073038,1.0,1.0,1.0,1.0
1630680073147,1.0,1.0,1.0,1.0
1630680073253,1.0,1.0,1.0,1.0
1630680073400,1.0,1.0,1.0,1.0
1630680073463,1.0,1.0,1.0,1.0
1630680073605,1.0,1.0,1.0,1.0
1630680073667,1.0,1.0,1.0,1.0
1630680073760,1.0,1.0,1.0,1.0
1630680073869,1.0,1.0,1.0,1.0
1630680073997,1.0,1.0,1.0,1.0
1630680074080,1.0,1.0,1.0,1.0
1630680074190,1.0,1.0,1.0,1.0
1630680074285,1.0,1.0,1.0,1.0
1630680074381,1.0,1.0,1.0,1.0
1630680074477,1.0,1.0,1.0,1.0
1630680074621,1.0,1.0,1.0,1.0
1630680074717,1.0,1.0,1.0,1.0
1630680074766,1.0,1.0,1.0,1.0
1630680074877,1.0,1.0,1.0,1.0
1630680075021,1.0,1.0,1.0,1.0
1630680075054,1.0,1.0,1.0,1.0
1630680075197,1.0,1.0,1.0,1.0
1630680075309,1.0,1.0,1.0,1.0
1630680075419,1.0,1.0,1.0,1.0
1630680075525,1.0,1.0,1.0,1.0
1630680075572,1.0,1.0,1.0,1.0
1630680075677,1.0,1.0,1.0,1.0
1630680075821,1.0,1.0,1.0,1.0
1630680075917,1.0,1.0,1.0,1.0
1630680076013,1.0,1.0,1.0,1.0
1630680076109,1.0,1.0,1.0,1.0
1630680076252,1.0,1.0,1.0,1.0
1630680076300,1.0,1.0,1.0,1.0
1630680076445,1.0,1.0,1.0,1.0
1630680076541,1.0,1.0,1.0,1.0
1630680076637,1.0,1.0,1.0,1.0
1630680076701,1.0,1.0,1.0,1.0
1630680076846,1.0,1.0,1.0,1.0
1630680076925,1.0,1.0,1.0,1.0
1630680077046,1.0,1.0,1.0,1.0
1630680077141,1.0,1.0,1.0,1.0
1630680077238,1.0,1.0,1.0,1.0
1630680077317,1.0,1.0,1.0,1.0
1630680077412,1.0,1.0,1.0,1.0
1630680077526,1.0,1.0,1.0,1.0
1630680077637,1.0,1.0,1.0,1.0
1630680077732,1.0,1.0,1.0,1.0
1630680077837,1.0,1.0,1.0,1.0
1630680077949,1.0,1.0,1.0,1.0
1630680078046,1.0,1.0,1.0,1.0
1630680078108,1.0,1.0,1.0,1.0
1630680078236,1.0,1.0,1.0,1.0
1630680078340,1.0,1.0,1.0,1.0
1630680078445,1.0,1.0,1.0,1.0
1630680078541,1.0,1.0,1.0,1.0
1630680078636,1.0,1.0,1.0,1.0
1630680078725,1.0,1.0,1.0,1.0
1630680078869,1.0,1.0,1.0,1.0
1630680078965,1.0,1.0,1.0,1.0
1630680079043,1.0,1.0,1.0,1.0
1630680079148,1.0,1.0,1.0,1.0
1630680079246,1.0,1.0,1.0,1.0
1630680079357,1.0,1.0,1.0,1.0
1630680079484,1.0,1.0,1.0,1.0
1630680079556,1.0,1.0,1.0,1.0
1630680079662,1.0,1.0,1.0,1.0
1630680079806,1.0,1.0,1.0,1.0
1630680079868,1.0,1.0,1.0,1.0
1630680079966,1.0,1.0,1.0,1.0
1630680080092,1.0,1.0,1.0,1.0
1630680080237,1.0,1.0,1.0,1.0
1630680080301,1.0,1.0,1.0,1.0
1630680080365,1.0,1.0,1.0,1.0
1630680080462,1.0,1.0,1.0,1.0
1630680080565,1.0,1.0,1.0,1.0
1630680080709,1.0,1.0,1.0,1.0
1630680080788,1.0,1.0,1.0,1.0
1630680080885,1.0,1.0,1.0,1.0
1630680080963,1.0,1.0,1.0,1.0
1630680081098,1.0,1.0,1.0,1.0
1630680081156,1.0,1.0,1.0,1.0
1630680081295,1.0,1.0,1.0,1.0
1630680081393,1.0,1.0,1.0,1.0
1630680081501,1.0,1.0,1.0,1.0
1630680081601,1.0,1.0,1.0,1.0
1630680081693,1.0,1.0,1.0,1.0
1630680081757,1.0,1.0,1.0,1.0
1630680081917,1.0,1.0,1.0,1.0
1630680081982,1.0,1.0,1.0,1.0
1630680082140,1.0,1.0,1.0,1.0
1630680082203,1.0,1.0,1.0,1.0
1630680082294,1.0,1.0,1.0,1.0
1630680082388,1.0,1.0,1.0,1.0
1630680082526,1.0,1.0,1.0,1.0
1630680082622,1.0,1.0,1.0,1.0
1630680082720,1.0,1.0,1.0,1.0
1630680082813,1.0,1.0,1.0,1.0
1630680082910,1.0,1.0,1.0,1.0
1630680083006,1.0,1.0,1.0,1.0
1630680083133,1.0,1.0,1.0,1.0
1630680083212,1.0,1.0,1.0,1.0
1630680083341,1.0,1.0,1.0,1.0
1630680083406,1.0,1.0,1.0,1.0
1630680083501,1.0,1.0,1.0,1.0
1630680083614,1.0,1.0,1.0,1.0
1630680083741,1.0,1.0,1.0,1.0
1630680083837,1.0,1.0,1.0,1.0
1630680083949,1.0,1.0,1.0,1.0
1630680084046,1.0,1.0,1.0,1.0
1630680084126,1.0,1.0,1.0,1.0
1630680084206,1.0,1.0,1.0,1.0
1630680084381,1.0,1.0,1.0,1.0
1630680084445,1.0,1.0,1.0,1.0
1630680084566,1.0,1.0,1.0,1.0
1630680084645,1.0,1.0,1.0,1.0
1630680084708,1.0,1.0,1.0,1.0
1630680084846,1.0,1.0,1.0,1.0
1630680084987,1.0,1.0,1.0,1.0
1630680085044,1.0,1.0,1.0,1.0
1630680085165,1.0,1.0,1.0,1.0
1630680085246,1.0,1.0,1.0,1.0
1630680085358,1.0,1.0,1.0,1.0
1630680085439,1.0,1.0,1.0,1.0
1630680085581,1.0,1.0,1.0,1.0
1630680085695,1.0,1.0,1.0,1.0
1630680085760,1.0,1.0,1.0,1.0
1630680085853,1.0,1.0,1.0,1.0
1630680085948,1.0,1.0,1.0,1.0
1630680086053,1.0,1.0,1.0,1.0
1630680086181,1.0,1.0,1.0,1.0
1630680086261,1.0,1.0,1.0,1.0
1630680086357,1.0,1.0,1.0,1.0
1630680086452,1.0,1.0,1.0,1.0
1630680086557,1.0,1.0,1.0,1.0
1630680086654,1.0,1.0,1.0,1.0
1630680086796,1.0,1.0,1.0,1.0
1630680086901,1.0,1.0,1.0,1.0
1630680086965,1.0,1.0,1.0,1.0
1630680087062,1.0,1.0,1.0,1.0
1630680087156,1.0,1.0,1.0,1.0
1630680087262,1.0,1.0,1.0,1.0
1630680087390,1.0,1.0,1.0,1.0
1630680087484,1.0,1.0,1.0,1.0
1630680087605,1.0,1.0,1.0,1.0
1630680087685,1.0,1.0,1.0,1.0
1630680087805,1.0,1.0,1.0,1.0
1630680087870,1.0,1.0,1.0,1.0
1630680088012,1.0,1.0,1.0,1.0
1630680088108,1.0,1.0,1.0,1.0
1630680088221,1.0,1.0,1.0,1.0
1630680088268,1.0,1.0,1.0,1.0
1630680088378,1.0,1.0,1.0,1.0
1630680088470,1.0,1.0,1.0,1.0
1630680088622,1.0,1.0,1.0,1.0
1630680088750,1.0,1.0,1.0,1.0
1630680088812,1.0,1.0,1.0,1.0
1630680088926,1.0,1.0,1.0,1.0
1630680089020,1.0,1.0,1.0,1.0
1630680089098,1.0,1.0,1.0,1.0
1630680089237,1.0,1.0,1.0,1.0
1630680089332,1.0,1.0,1.0,1.0
1630680089462,1.0,1.0,1.0,1.0
1630680089493,1.0,1.0,1.0,1.0
1630680089589,1.0,1.0,1.0,1.0
1630680089701,1.0,1.0,1.0,1.0
1630680089830,1.0,1.0,1.0,1.0
1630680089925,1.0,1.0,1.0,1.0
1630680090046,1.0,1.0,1.0,1.0
1630680090126,1.0,1.0,1.0,1.0
1630680090206,1.0,1.0,1.0,1.0
1630680090301,1.0,1.0,1.0,1.0
1630680090455,1.0,1.0,1.0,1.0
1630680090548,1.0,1.0,1.0,1.0
1630680090645,1.0,1.0,1.0,1.0
1630680090708,1.0,1.0,1.0,1.0
1630680090820,1.0,1.0,1.0,1.0
1630680090926,1.0,1.0,1.0,1.0
1630680091037,1.0,1.0,1.0,1.0
1630680091148,1.0,1.0,1.0,1.0
1630680091246,1.0,1.0,1.0,1.0
1630680091341,1.0,1.0,1.0,1.0
1630680091436,1.0,1.0,1.0,1.0
1630680091541,1.0,1.0,1.0,1.0
1630680091669,1.0,1.0,1.0,1.0
1630680091763,1.0,1.0,1.0,1.0
1630680091868,1.0,1.0,1.0,1.0
1630680091958,1.0,1.0,1.0,1.0
1630680092037,1.0,1.0,1.0,1.0
1630680092117,1.0,1.0,1.0,1.0
1630680092246,1.0,1.0,1.0,1.0
1630680092388,1.0,1.0,1.0,1.0
1630680092469,1.0,1.0,1.0,1.0
1630680092565,1.0,1.0,1.0,1.0
1630680092645,1.0,1.0,1.0,1.0
1630680092766,1.0,1.0,1.0,1.0
1630680092882,1.0,1.0,1.0,1.0
1630680092989,1.0,1.0,1.0,1.0
1630680093099,1.0,1.0,1.0,1.0
1630680093157,1.0,1.0,1.0,1.0
1630680093253,1.0,1.0,1.0,1.0
1630680093365,1.0,1.0,1.0,1.0
1630680093501,1.0,1.0,1.0,1.0
1630680093596,1.0,1.0,1.0,1.0
1630680093701,1.0,1.0,1.0,1.0
1630680093805,1.0,1.0,1.0,1.0
1630680093868,1.0,1.0,1.0,1.0
1630680093964,1.0,1.0,1.0,1.0
1630680094116,1.0,1.0,1.0,1.0
1630680094205,1.0,1.0,1.0,1.0
1630680094283,1.0,1.0,1.0,1.0
1630680094372,1.0,1.0,1.0,1.0
1630680094476,2.0,1.0,1.0,2.0
1630680094581,2.0,1.0,1.0,2.0
1630680094692,2.0,1.0,1.0,2.0
1630680094813,2.0,1.0,1.0,2.0
1630680094881,2.0,1.0,1.0,2.0
1630680095005,2.0,1.0,1.0,2.0
1630680095068,2.0,1.0,1.0,2.0
1630680095181,2.0,1.0,1.0,2.0
1630680095326,2.0,1.0,1.0,2.0
1630680095421,2.0,1.0,1.0,2.0
1630680095486,2.0,1.0,1.0,2.0
1630680095629,2.0,1.0,1.0,2.0
1630680095693,2.0,1.0,1.0,2.0
1630680095806,2.0,1.0,1.0,2.0
1630680095918,2.0,4.0,1.0,2.0
1630680096029,2.0,4.0,1.0,2.0
1630680096132,2.0,2.0,1.0,2.0
1630680096214,2.0,1.0,1.0,2.0
1630680096307,2.0,1.0,1.0,2.0
1630680096374,2.0,1.0,1.0,2.0
1630680096549,2.0,1.0,1.0,2.0
1630680096646,2.0,1.0,1.0,2.0
1630680096710,2.0,1.0,1.0,2.0
1630680096840,2.0,1.0,1.0,2.0
1630680096901,2.0,1.0,1.0,2.0
1630680097036,2.0,1.0,1.0,2.0
1630680097156,2.0,1.0,1.0,2.0
1630680097246,2.0,1.0,1.0,2.0
1630680097387,2.0,1.0,1.0,2.0
1630680097445,2.0,1.0,1.0,2.0
1630680097507,2.0,1.0,1.0,2.0
1630680097616,2.0,1.0,1.0,2.0
1630680097756,2.0,1.0,1.0,2.0
1630680097845,2.0,1.0,1.0,2.0
1630680097966,2.0,1.0,1.0,2.0
1630680098045,2.0,1.0,1.0,2.0
1630680098166,2.0,1.0,1.0,2.0
1630680098212,2.0,1.0,1.0,2.0
1630680098387,2.0,1.0,1.0,2.0
1630680098467,2.0,1.0,1.0,2.0
1630680098573,2.0,1.0,1.0,2.0
1630680098621,2.0,1.0,1.0,2.0
1630680098742,2.0,1.0,1.0,2.0
1630680098840,2.0,1.0,1.0,2.0
1630680098981,2.0,1.0,1.0,2.0
1630680099092,2.0,1.0,1.0,2.0
1630680099188,2.0,1.0,1.0,2.0
1630680099237,2.0,1.0,1.0,2.0
1630680099382,2.0,1.0,1.0,2.0
1630680099446,2.0,1.0,1.0,2.0
1630680099621,2.0,1.0,1.0,2.0
1630680099667,2.0,1.0,1.0,2.0
1630680099781,2.0,1.0,1.0,2.0
1630680099876,2.0,1.0,1.0,2.0
1630680099965,2.0,1.0,1.0,2.0
1630680100061,2.0,1.0,1.0,2.0
1630680100188,2.0,1.0,1.0,2.0
1630680100286,2.0,1.0,1.0,2.0
1630680100428,2.0,1.0,1.0,2.0
1630680100463,2.0,1.0,1.0,2.0
1630680100558,2.0,1.0,1.0,2.0
1630680100722,2.0,1.0,1.0,2.0
1630680100830,2.0,1.0,1.0,2.0
1630680100925,2.0,1.0,1.0,2.0
1630680100997,2.0,1.0,1.0,2.0
1630680101125,2.0,1.0,1.0,2.0
1630680101187,2.0,1.0,1.0,2.0
1630680101293,2.0,1.0,1.0,2.0
1630680101421,2.0,1.0,1.0,2.0
1630680101486,2.0,1.0,1.0,2.0
1630680101598,2.0,1.0,1.0,2.0
1630680101693,2.0,1.0,1.0,2.0
1630680101796,2.0,1.0,1.0,2.0
1630680101904,2.0,1.0,1.0,2.0
1630680102047,2.0,1.0,1.0,2.0
1630680102126,2.0,1.0,1.0,2.0
1630680102221,2.0,1.0,1.0,2.0
1630680102301,2.0,1.0,1.0,2.0
1630680102404,2.0,1.0,1.0,2.0
1630680102493,2.0,1.0,1.0,2.0
1630680102651,2.0,1.0,1.0,2.0
1630680102725,1.0,1.0,1.0,1.0
1630680102821,1.0,1.0,1.0,1.0
1630680102932,1.0,1.0,1.0,1.0
1630680102997,1.0,1.0,1.0,1.0
1630680103092,1.0,1.0,1.0,1.0
1630680103237,1.0,1.0,1.0,1.0
1630680103333,1.0,1.0,1.0,1.0
1630680103429,1.0,1.0,1.0,1.0
1630680103535,1.0,1.0,1.0,1.0
1630680103629,1.0,1.0,1.0,1.0
1630680103706,1.0,1.0,1.0,1.0
1630680103844,1.0,1.0,1.0,1.0
1630680103924,1.0,1.0,1.0,1.0
1630680104029,1.0,1.0,1.0,1.0
1630680104123,1.0,1.0,1.0,1.0
1630680104228,1.0,1.0,1.0,1.0
1630680104323,1.0,1.0,1.0,1.0
1630680104468,1.0,1.0,1.0,1.0
1630680104545,1.0,1.0,1.0,1.0
1630680104641,1.0,1.0,1.0,1.0
1630680104749,1.0,1.0,1.0,1.0
1630680104827,1.0,1.0,1.0,1.0
1630680104918,2.0,1.0,1.0,2.0
1630680105061,2.0,1.0,1.0,2.0
1630680105157,2.0,1.0,1.0,2.0
1630680105307,2.0,1.0,1.0,2.0
1630680105377,2.0,1.0,1.0,2.0
1630680105459,2.0,1.0,1.0,2.0
1630680105521,2.0,1.0,1.0,2.0
1630680105661,2.0,1.0,1.0,2.0
1630680105789,2.0,1.0,1.0,2.0
1630680105862,2.0,1.0,1.0,2.0
1630680105958,2.0,1.0,1.0,2.0
1630680106056,2.0,1.0,1.0,2.0
1630680106117,2.0,1.0,1.0,2.0
1630680106289,2.0,1.0,1.0,2.0
1630680106385,2.0,1.0,1.0,2.0
1630680106473,2.0,1.0,1.0,2.0
1630680106550,2.0,1.0,1.0,2.0
1630680106661,2.0,1.0,1.0,2.0
1630680106754,2.0,1.0,1.0,2.0
1630680106911,2.0,1.0,1.0,2.0
1630680106989,2.0,1.0,1.0,2.0
1630680107083,2.0,1.0,1.0,2.0
1630680107173,2.0,1.0,1.0,2.0
1630680107266,2.0,1.0,1.0,2.0
1630680107377,1.0,1.0,1.0,1.0
1630680107487,1.0,1.0,1.0,1.0
1630680107611,1.0,1.0,1.0,1.0
1630680107690,1.0,1.0,1.0,1.0
1630680107785,1.0,1.0,1.0,1.0
1630680107880,1.0,1.0,1.0,1.0
1630680107973,1.0,1.0,1.0,1.0
1630680108100,1.0,1.0,1.0,1.0
1630680108212,1.0,1.0,1.0,1.0
1630680108302,1.0,1.0,1.0,1.0
1630680108399,1.0,1.0,1.0,1.0
1630680108490,1.0,1.0,1.0,1.0
1630680108585,1.0,1.0,1.0,1.0
1630680108724,1.0,1.0,1.0,1.0
1630680108816,1.0,1.0,1.0,1.0
1630680108894,1.0,1.0,1.0,1.0
1630680108987,1.0,1.0,1.0,1.0
1630680109096,1.0,1.0,1.0,1.0
1630680109205,1.0,1.0,1.0,1.0
1630680109335,1.0,1.0,1.0,1.0
1630680109425,1.0,1.0,1.0,1.0
1630680109566,1.0,1.0,1.0,1.0
1630680109609,1.0,1.0,1.0,1.0
1630680109701,1.0,1.0,1.0,1.0
1630680109808,1.0,1.0,1.0,1.0
1630680109932,1.0,1.0,1.0,1.0
1630680110025,1.0,1.0,1.0,1.0
1630680110120,1.0,1.0,1.0,1.0
1630680110229,1.0,1.0,1.0,1.0
1630680110320,1.0,1.0,1.0,1.0
1630680110429,1.0,1.0,1.0,1.0
1630680110590,1.0,1.0,1.0,1.0
1630680110677,1.0,1.0,1.0,1.0
1630680110759,1.0,1.0,1.0,1.0
1630680110818,1.0,1.0,1.0,1.0
1630680110928,1.0,1.0,1.0,1.0
1630680111021,1.0,1.0,1.0,1.0
1630680111194,1.0,1.0,1.0,1.0
1630680111258,1.0,4.0,4.0,1.0
1630680111355,1.0,4.0,4.0,1.0
1630680111450,4.0,4.0,4.0,4.0
1630680111543,4.0,4.0,4.0,4.0
1630680111625,4.0,4.0,4.0,4.0
1630680111761,4.0,4.0,4.0,4.0
1630680111869,4.0,4.0,4.0,4.0
1630680111977,4.0,4.0,4.0,4.0
1630680112040,4.0,4.0,4.0,4.0
1630680112121,4.0,4.0,4.0,4.0
1630680112260,4.0,4.0,4.0,4.0
1630680112383,4.0,4.0,4.0,4.0
1630680112461,4.0,4.0,4.0,4.0
1630680112556,4.0,4.0,4.0,4.0
1630680112649,2.0,2.0,2.0,2.0
1630680112792,1.0,1.0,1.0,1.0
1630680112855,2.0,1.0,1.0,2.0
1630680112979,2.0,1.0,1.0,2.0
1630680113086,2.0,1.0,1.0,2.0
1630680113226,2.0,1.0,1.0,2.0
1630680113319,2.0,1.0,1.0,2.0
1630680113352,2.0,1.0,1.0,2.0
1630680113491,2.0,1.0,1.0,2.0
1630680113567,2.0,1.0,1.0,2.0
1630680113691,2.0,1.0,1.0,2.0
1630680113785,2.0,1.0,1.0,2.0
1630680113892,2.0,1.0,1.0,2.0
1630680113953,2.0,1.0,1.0,2.0
1630680114045,2.0,1.0,1.0,2.0
1630680114221,2.0,1.0,1.0,2.0
1630680114275,2.0,1.0,1.0,2.0
1630680114375,2.0,1.0,1.0,2.0
1630680114506,2.0,1.0,1.0,2.0
1630680114584,2.0,1.0,1.0,2.0
1630680114663,2.0,1.0,1.0,2.0
1630680114816,2.0,1.0,1.0,2.0
1630680114925,2.0,1.0,1.0,2.0
1630680115003,2.0,1.0,1.0,2.0
1630680115103,2.0,1.0,1.0,2.0
1630680115189,2.0,1.0,1.0,2.0
1630680115304,2.0,1.0,1.0,2.0
1630680115421,2.0,1.0,1.0,2.0
1630680115529,2.0,1.0,1.0,2.0
1630680115621,2.0,1.0,1.0,2.0
1630680115717,2.0,1.0,1.0,2.0
1630680115796,2.0,1.0,1.0,2.0
1630680115886,2.0,1.0,1.0,2.0
1630680116028,2.0,1.0,1.0,2.0
1630680116133,2.0,1.0,1.0,2.0
1630680116230,2.0,1.0,1.0,2.0
1630680116326,2.0,1.0,1.0,2.0
1630680116444,2.0,1.0,1.0,2.0
1630680116531,1.0,1.0,1.0,1.0
1630680116636,1.0,1.0,1.0,1.0
1630680116756,1.0,1.0,1.0,1.0
1630680116821,1.0,1.0,1.0,1.0
1630680116966,1.0,1.0,1.0,1.0
1630680117040,1.0,1.0,1.0,1.0
1630680117116,1.0,1.0,1.0,1.0
1630680117241,1.0,1.0,1.0,1.0
1630680117348,1.0,1.0,1.0,1.0
1630680117441,1.0,1.0,1.0,1.0
1630680117538,1.0,1.0,1.0,1.0
1630680117646,1.0,1.0,1.0,1.0
1630680117702,1.0,1.0,1.0,1.0
1630680117868,1.0,1.0,1.0,1.0
1630680117982,1.0,1.0,1.0,1.0
1630680118043,1.0,1.0,1.0,1.0
1630680118136,1.0,1.0,1.0,1.0
1630680118243,1.0,1.0,1.0,1.0
1630680118356,1.0,1.0,1.0,1.0
1630680118479,1.0,1.0,1.0,1.0
1630680118574,1.0,1.0,1.0,1.0
1630680118669,1.0,1.0,1.0,1.0
1630680118744,1.0,1.0,1.0,1.0
1630680118841,1.0,1.0,1.0,1.0
1630680118934,1.0,1.0,1.0,1.0
1630680119072,1.0,1.0,1.0,1.0
1630680119181,1.0,1.0,1.0,1.0
1630680119275,1.0,1.0,1.0,1.0
1630680119337,1.0,1.0,1.0,1.0
1630680119474,1.0,1.0,1.0,1.0
1630680119550,1.0,1.0,1.0,1.0
1630680119707,1.0,1.0,1.0,1.0
1630680119770,1.0,1.0,1.0,1.0
1630680119879,1.0,1.0,1.0,1.0
1630680119972,1.0,1.0,1.0,1.0
1630680120068,1.0,1.0,1.0,1.0
1630680120180,1.0,1.0,1.0,1.0
1630680120311,1.0,1.0,1.0,1.0
1630680120373,1.0,1.0,1.0,1.0
1630680120512,1.0,1.0,1.0,1.0
1630680120583,1.0,1.0,1.0,1.0
1630680120669,1.0,1.0,1.0,1.0
1630680120806,1.0,1.0,1.0,1.0
1630680120912,1.0,1.0,1.0,1.0
1630680121023,1.0,1.0,1.0,1.0
1630680121101,1.0,1.0,1.0,1.0
1630680121213,1.0,1.0,1.0,1.0
1630680121273,1.0,1.0,1.0,1.0
1630680121396,1.0,1.0,1.0,1.0
1630680121549,1.0,1.0,1.0,1.0
1630680121621,1.0,1.0,1.0,1.0
1630680121726,1.0,1.0,1.0,1.0
1630680121806,1.0,1.0,1.0,1.0
1630680121868,1.0,1.0,1.0,1.0
1630680122007,1.0,1.0,1.0,1.0
1630680122135,1.0,1.0,1.0,1.0
1630680122212,1.0,1.0,1.0,1.0
1630680122310,1.0,1.0,1.0,1.0
1630680122420,1.0,1.0,1.0,1.0
1630680122526,1.0,1.0,1.0,1.0
1630680122620,1.0,1.0,1.0,1.0
1630680122743,1.0,1.0,1.0,1.0
1630680122823,1.0,1.0,1.0,1.0
1630680122932,1.0,1.0,1.0,1.0
1630680123028,1.0,1.0,1.0,1.0
1630680123101,1.0,1.0,1.0,1.0
1630680123227,1.0,1.0,1.0,1.0
1630680123359,1.0,1.0,1.0,1.0
1630680123422,1.0,1.0,1.0,1.0
1630680123530,1.0,1.0,1.0,1.0
1630680123623,1.0,1.0,1.0,1.0
1630680123733,1.0,1.0,1.0,1.0
1630680123827,1.0,1.0,1.0,1.0
1630680123966,1.0,1.0,1.0,1.0
1630680124046,1.0,1.0,1.0,1.0
1630680124147,1.0,1.0,1.0,1.0
1630680124247,1.0,1.0,1.0,1.0
1630680124345,1.0,1.0,1.0,1.0
1630680124407,1.0,1.0,1.0,1.0
1630680124565,1.0,1.0,1.0,1.0
1630680124658,1.0,1.0,1.0,1.0
1630680124758,1.0,1.0,1.0,1.0
1630680124853,1.0,1.0,1.0,1.0
1630680124930,1.0,1.0,1.0,1.0
1630680125029,1.0,1.0,1.0,1.0
1630680125170,1.0,1.0,1.0,1.0
1630680125247,1.0,1.0,1.0,1.0
1630680125378,1.0,1.0,1.0,1.0
1630680125471,1.0,1.0,1.0,1.0
1630680125580,1.0,1.0,1.0,1.0
1630680125672,1.0,1.0,1.0,1.0
1630680125773,1.0,1.0,1.0,1.0
1630680125868,1.0,1.0,1.0,1.0
1630680125977,1.0,1.0,1.0,1.0
1630680126070,1.0,1.0,1.0,1.0
1630680126186,1.0,1.0,1.0,1.0
1630680126239,1.0,1.0,1.0,1.0
1630680126384,1.0,1.0,1.0,1.0
1630680126474,1.0,1.0,1.0,1.0
1630680126618,1.0,1.0,1.0,1.0
1630680126695,1.0,1.0,1.0,1.0
1630680126769,1.0,1.0,1.0,1.0
1630680126886,1.0,1.0,1.0,1.0
1630680127014,1.0,1.0,1.0,1.0
1630680127101,1.0,1.0,1.0,1.0
1630680127181,1.0,1.0,1.0,1.0
1630680127292,1.0,1.0,1.0,1.0
1630680127372,1.0,1.0,1.0,1.0
1630680127468,1.0,1.0,1.0,1.0
1630680127612,1.0,1.0,1.0,1.0
1630680127738,1.0,1.0,1.0,1.0
1630680127800,1.0,1.0,1.0,1.0
1630680127894,1.0,1.0,1.0,1.0
1630680127989,1.0,1.0,1.0,1.0
1630680128100,1.0,1.0,1.0,1.0
1630680128229,1.0,1.0,1.0,1.0
1630680128317,1.0,1.0,1.0,1.0
1630680128428,1.0,1.0,1.0,1.0
1630680128495,1.0,1.0,1.0,1.0
1630680128590,1.0,1.0,1.0,1.0
1630680128697,1.0,1.0,1.0,1.0
1630680128822,1.0,1.0,1.0,1.0
1630680128932,1.0,1.0,1.0,1.0
1630680129039,1.0,1.0,1.0,1.0
1630680129133,1.0,1.0,1.0,1.0
1630680129209,1.0,1.0,1.0,1.0
1630680129336,1.0,1.0,1.0,1.0
1630680129502,1.0,1.0,1.0,1.0
1630680129548,1.0,1.0,1.0,1.0
1630680129646,1.0,1.0,1.0,1.0
1630680129708,1.0,1.0,1.0,1.0
1630680129806,1.0,1.0,1.0,1.0
1630680129948,1.0,1.0,1.0,1.0
1630680130046,1.0,1.0,1.0,1.0
1630680130139,1.0,1.0,1.0,1.0
1630680130251,1.0,1.0,1.0,1.0
1630680130353,1.0,1.0,1.0,1.0
1630680130414,1.0,1.0,1.0,1.0
1630680130524,1.0,1.0,1.0,1.0
1630680130685,1.0,1.0,1.0,1.0
1630680130748,1.0,1.0,1.0,1.0
1630680130839,1.0,1.0,1.0,1.0
1630680130962,1.0,1.0,1.0,1.0
1630680131046,1.0,1.0,1.0,1.0
1630680131146,1.0,1.0,1.0,1.0
1630680131270,1.0,1.0,1.0,1.0
1630680131364,1.0,1.0,1.0,1.0
1630680131457,1.0,1.0,1.0,1.0
1630680131559,1.0,1.0,1.0,1.0
1630680131638,1.0,1.0,1.0,1.0
1630680131717,1.0,1.0,1.0,1.0
1630680131910,1.0,1.0,1.0,1.0
1630680131944,1.0,1.0,1.0,1.0
1630680132077,1.0,1.0,1.0,1.0
1630680132165,1.0,1.0,1.0,1.0
1630680132261,1.0,1.0,1.0,1.0
1630680132360,1.0,1.0,1.0,1.0
1630680132501,1.0,1.0,1.0,1.0
1630680132598,1.0,1.0,1.0,1.0
1630680132662,1.0,1.0,1.0,1.0
1630680132772,1.0,1.0,1.0,1.0
1630680132862,1.0,1.0,1.0,1.0
1630680132958,1.0,1.0,1.0,1.0
1630680133096,1.0,1.0,1.0,1.0
1630680133206,1.0,1.0,1.0,1.0
1630680133296,1.0,1.0,1.0,1.0
1630680133404,1.0,1.0,1.0,1.0
1630680133461,1.0,1.0,1.0,1.0
1630680133613,1.0,1.0,1.0,1.0
1630680133733,1.0,1.0,1.0,1.0
1630680133846,1.0,1.0,1.0,1.0
1630680133877,1.0,1.0,1.0,1.0
1630680133972,1.0,1.0,1.0,1.0
1630680134085,1.0,1.0,1.0,1.0
1630680134175,1.0,1.0,1.0,1.0
1630680134312,1.0,1.0,1.0,1.0
1630680134439,1.0,1.0,1.0,1.0
1630680134502,1.0,1.0,1.0,1.0
1630680134621,1.0,1.0,1.0,1.0
1630680134673,1.0,1.0,1.0,1.0
1630680134806,1.0,1.0,1.0,1.0
1630680134917,1.0,1.0,1.0,1.0
1630680135027,1.0,1.0,1.0,1.0
1630680135109,1.0,1.0,1.0,1.0
1630680135187,1.0,1.0,1.0,1.0
1630680135307,1.0,1.0,1.0,1.0
1630680135396,1.0,1.0,1.0,1.0
1630680135516,1.0,1.0,1.0,1.0
1630680135629,1.0,1.0,1.0,1.0
1630680135733,1.0,1.0,1.0,1.0
1630680135828,1.0,1.0,1.0,1.0
1630680135926,1.0,1.0,1.0,1.0
1630680135988,1.0,1.0,1.0,1.0
1630680136149,1.0,1.0,1.0,1.0
1630680136226,1.0,1.0,1.0,1.0
1630680136336,1.0,1.0,1.0,1.0
1630680136446,1.0,1.0,1.0,1.0
1630680136509,1.0,1.0,1.0,1.0
1630680136602,1.0,1.0,1.0,1.0
1630680136778,1.0,1.0,1.0,1.0
1630680136843,1.0,1.0,1.0,1.0
1630680136933,1.0,1.0,1.0,1.0
1630680137043,1.0,1.0,1.0,1.0
1630680137148,1.0,1.0,1.0,1.0
1630680137248,1.0,1.0,1.0,1.0
1630680137342,1.0,1.0,1.0,1.0
1630680137434,1.0,1.0,1.0,1.0
1630680137554,1.0,1.0,1.0,1.0
1630680137639,1.0,1.0,1.0,1.0
1630680137782,1.0,1.0,1.0,1.0
1630680137842,1.0,1.0,1.0,1.0
1630680137970,1.0,1.0,1.0,1.0
1630680138085,1.0,1.0,1.0,1.0
1630680138158,1.0,1.0,1.0,1.0
1630680138269,1.0,1.0,1.0,1.0
1630680138344,1.0,1.0,1.0,1.0
1630680138444,1.0,1.0,1.0,1.0
1630680138571,1.0,1.0,1.0,1.0
1630680138681,1.0,1.0,1.0,1.0
1630680138756,1.0,1.0,1.0,1.0
1630680138858,1.0,1.0,1.0,1.0
1630680138948,1.0,1.0,1.0,1.0
1630680139062,1.0,1.0,1.0,1.0
1630680139186,1.0,1.0,1.0,1.0
1630680139294,1.0,1.0,1.0,1.0
1630680139387,1.0,1.0,1.0,1.0
1630680139450,1.0,1.0,1.0,1.0
1630680139571,1.0,1.0,1.0,1.0
1630680139675,1.0,1.0,1.0,1.0
1630680139807,1.0,1.0,1.0,1.0
1630680139902,1.0,1.0,1.0,1.0
1630680140001,1.0,1.0,1.0,1.0
1630680140095,1.0,1.0,1.0,1.0
1630680140187,1.0,1.0,1.0,1.0
1630680140297,1.0,1.0,1.0,1.0
1630680140391,1.0,1.0,1.0,1.0
1630680140510,1.0,1.0,1.0,1.0
1630680140603,1.0,1.0,1.0,1.0
1630680140667,1.0,1.0,1.0,1.0
1630680140787,1.0,1.0,1.0,1.0
1630680140899,1.0,1.0,1.0,1.0
1630680141027,1.0,1.0,1.0,1.0
1630680141091,1.0,1.0,1.0,1.0
1630680141210,1.0,1.0,1.0,1.0
1630680141304,1.0,1.0,1.0,1.0
1630680141382,1.0,1.0,1.0,1.0
1630680141493,1.0,1.0,1.0,1.0
1630680141620,1.0,1.0,1.0,1.0
1630680141718,1.0,1.0,1.0,1.0
1630680141828,1.0,1.0,1.0,1.0
1630680141923,1.0,1.0,1.0,1.0
1630680141988,1.0,1.0,1.0,1.0
1630680142103,1.0,1.0,1.0,1.0
1630680142226,1.0,1.0,1.0,1.0
1630680142330,1.0,1.0,1.0,1.0
1630680142428,1.0,1.0,1.0,1.0
1630680142522,1.0,1.0,1.0,1.0
1630680142595,1.0,1.0,1.0,1.0
1630680142690,1.0,1.0,1.0,1.0
1630680142852,1.0,1.0,1.0,1.0
1630680142951,1.0,1.0,1.0,1.0
1630680143044,1.0,1.0,1.0,1.0
1630680143148,1.0,1.0,1.0,1.0
1630680143210,1.0,1.0,1.0,1.0
1630680143306,1.0,1.0,1.0,1.0
1630680143474,1.0,1.0,1.0,1.0
1630680143537,1.0,1.0,1.0,1.0
1630680143646,1.0,1.0,1.0,1.0
1630680143744,1.0,1.0,1.0,1.0
1630680143849,1.0,1.0,1.0,1.0
1630680143956,1.0,1.0,1.0,1.0
1630680144069,1.0,1.0,1.0,1.0
1630680144172,1.0,1.0,1.0,1.0
1630680144250,1.0,1.0,1.0,1.0
1630680144358,1.0,1.0,1.0,1.0
1630680144424,1.0,1.0,1.0,1.0
1630680144548,1.0,1.0,1.0,1.0
1630680144679,1.0,1.0,1.0,1.0
1630680144757,1.0,1.0,1.0,1.0
1630680144866,1.0,1.0,1.0,1.0
1630680144958,1.0,1.0,1.0,1.0
1630680145069,1.0,1.0,1.0,1.0
1630680145132,1.0,1.0,1.0,1.0
1630680145290,1.0,1.0,1.0,1.0
1630680145395,1.0,1.0,1.0,1.0
1630680145509,1.0,1.0,1.0,1.0
1630680145588,1.0,1.0,1.0,1.0
1630680145651,1.0,1.0,1.0,1.0
1630680145804,1.0,1.0,1.0,1.0
1630680145900,1.0,1.0,1.0,1.0
1630680145990,1.0,1.0,1.0,1.0
1630680146100,1.0,1.0,1.0,1.0
1630680146210,1.0,1.0,1.0,1.0
1630680146292,1.0,1.0,1.0,1.0
1630680146369,1.0,1.0,1.0,1.0
1630680146516,1.0,1.0,1.0,1.0
1630680146599,1.0,1.0,1.0,1.0
1630680146693,1.0,1.0,1.0,1.0
1630680146804,1.0,1.0,1.0,1.0
1630680146900,1.0,1.0,1.0,1.0
1630680146964,1.0,1.0,1.0,1.0
1630680147108,1.0,1.0,1.0,1.0
1630680147228,1.0,1.0,1.0,1.0
1630680147291,1.0,1.0,1.0,1.0
1630680147388,1.0,1.0,1.0,1.0
1630680147499,1.0,1.0,1.0,1.0
1630680147588,1.0,1.0,1.0,1.0
1630680147749,1.0,1.0,1.0,1.0
1630680147811,1.0,1.0,1.0,1.0
1630680147909,1.0,1.0,1.0,1.0
1630680148004,1.0,1.0,1.0,1.0
1630680148099,1.0,1.0,1.0,1.0
1630680148182,1.0,1.0,1.0,1.0
1630680148340,1.0,1.0,1.0,1.0
1630680148434,1.0,1.0,1.0,1.0
1630680148510,1.0,1.0,1.0,1.0
1630680148618,1.0,1.0,1.0,1.0
1630680148713,1.0,1.0,1.0,1.0
1630680148806,1.0,1.0,1.0,1.0
1630680148934,1.0,1.0,1.0,1.0
1630680149045,1.0,1.0,1.0,1.0
1630680149137,1.0,1.0,1.0,1.0
1630680149232,1.0,1.0,1.0,1.0
1630680149311,1.0,1.0,1.0,1.0
1630680149388,1.0,1.0,1.0,1.0
1630680149562,1.0,1.0,1.0,1.0
1630680149623,1.0,1.0,1.0,1.0
1630680149719,1.0,1.0,1.0,1.0
1630680149828,1.0,1.0,1.0,1.0
1630680149905,1.0,1.0,1.0,1.0
1630680150015,1.0,1.0,1.0,1.0
1630680150173,1.0,1.0,1.0,1.0
1630680150240,1.0,1.0,1.0,1.0
1630680150345,1.0,1.0,1.0,1.0
1630680150438,1.0,1.0,1.0,1.0
1630680150547,1.0,1.0,1.0,1.0
1630680150639,1.0,1.0,1.0,1.0
1630680150778,1.0,1.0,1.0,1.0
1630680150839,1.0,1.0,1.0,1.0
1630680150935,1.0,1.0,1.0,1.0
1630680151044,1.0,1.0,1.0,1.0
1630680151137,1.0,1.0,1.0,1.0
1630680151248,1.0,1.0,1.0,1.0
1630680151372,1.0,1.0,1.0,1.0
1630680151480,1.0,1.0,1.0,1.0
1630680151570,1.0,1.0,1.0,1.0
1630680151634,1.0,1.0,1.0,1.0
1630680151745,1.0,1.0,1.0,1.0
1630680151837,1.0,1.0,1.0,1.0
1630680151993,1.0,1.0,1.0,1.0
1630680152084,1.0,1.0,1.0,1.0
1630680152204,1.0,1.0,1.0,1.0
1630680152258,1.0,1.0,1.0,1.0
1630680152353,1.0,1.0,1.0,1.0
1630680152462,1.0,1.0,1.0,1.0
1630680152589,1.0,1.0,1.0,1.0
1630680152685,1.0,1.0,1.0,1.0
1630680152790,1.0,1.0,1.0,1.0
1630680152884,1.0,1.0,1.0,1.0
1630680152963,1.0,1.0,1.0,1.0
1630680153091,1.0,1.0,1.0,1.0
1630680153197,1.0,1.0,1.0,1.0
1630680153291,1.0,1.0,1.0,1.0
1630680153372,1.0,1.0,1.0,1.0
1630680153463,1.0,1.0,1.0,1.0
1630680153589,1.0,1.0,1.0,1.0
1630680153685,1.0,1.0,1.0,1.0
1630680153826,1.0,1.0,1.0,1.0
1630680153919,1.0,1.0,1.0,1.0
1630680153997,1.0,1.0,1.0,1.0
1630680154090,1.0,1.0,1.0,1.0
1630680154202,1.0,1.0,1.0,1.0
1630680154265,1.0,1.0,1.0,1.0
1630680154419,1.0,1.0,1.0,1.0
1630680154527,1.0,1.0,1.0,1.0
1630680154591,1.0,1.0,1.0,1.0
1630680154704,1.0,1.0,1.0,1.0
1630680154800,1.0,1.0,1.0,1.0
1630680154912,1.0,1.0,1.0,1.0
1630680155044,1.0,1.0,1.0,1.0
1630680155138,1.0,1.0,1.0,1.0
1630680155212,1.0,1.0,1.0,1.0
1630680155306,1.0,1.0,1.0,1.0
1630680155400,1.0,1.0,1.0,1.0
1630680155509,1.0,1.0,1.0,1.0
1630680155636,1.0,1.0,1.0,1.0
1630680155729,1.0,1.0,1.0,1.0
1630680155837,1.0,1.0,1.0,1.0
1630680155928,2.0,1.0,1.0,2.0
1630680156023,2.0,1.0,1.0,2.0
1630680156084,2.0,1.0,1.0,2.0
1630680156255,2.0,1.0,1.0,2.0
1630680156359,2.0,1.0,1.0,2.0
1630680156453,2.0,1.0,1.0,2.0
1630680156531,2.0,1.0,1.0,2.0
1630680156628,2.0,1.0,1.0,2.0
1630680156722,2.0,1.0,1.0,2.0
1630680156863,2.0,1.0,1.0,2.0
1630680156956,2.0,1.0,1.0,2.0
1630680157050,1.0,1.0,1.0,1.0
1630680157144,1.0,1.0,1.0,1.0
1630680157238,1.0,1.0,1.0,1.0
1630680157347,1.0,1.0,1.0,1.0
1630680157487,1.0,1.0,1.0,1.0
1630680157581,1.0,1.0,1.0,1.0
1630680157657,1.0,1.0,1.0,1.0
1630680157752,1.0,1.0,1.0,1.0
1630680157888,1.0,1.0,1.0,1.0
1630680157935,1.0,1.0,1.0,1.0
1630680158107,1.0,1.0,1.0,1.0
1630680158201,1.0,1.0,1.0,1.0
1630680158279,1.0,1.0,1.0,1.0
1630680158373,1.0,1.0,1.0,1.0
1630680158486,1.0,1.0,1.0,1.0
1630680158548,1.0,1.0,1.0,1.0
1630680158673,1.0,1.0,1.0,1.0
1630680158783,1.0,1.0,1.0,1.0
1630680158876,1.0,1.0,1.0,1.0
1630680158970,1.0,1.0,1.0,1.0
1630680159064,1.0,1.0,1.0,1.0
1630680159173,1.0,1.0,1.0,1.0
1630680159298,1.0,1.0,1.0,1.0
1630680159408,1.0,1.0,1.0,1.0
1630680159489,1.0,1.0,1.0,1.0
1630680159599,1.0,1.0,1.0,1.0
1630680159694,1.0,1.0,1.0,1.0
1630680159772,1.0,1.0,1.0,1.0
1630680159912,1.0,1.0,1.0,1.0
1630680160006,1.0,1.0,1.0,1.0
1630680160102,1.0,1.0,1.0,1.0
1630680160195,1.0,1.0,1.0,1.0
1630680160289,1.0,1.0,1.0,1.0
1630680160383,1.0,1.0,1.0,1.0
1630680160523,1.0,1.0,1.0,1.0
1630680160588,2.0,1.0,1.0,2.0
1630680160729,2.0,1.0,1.0,2.0
1630680160777,2.0,1.0,1.0,2.0
1630680160870,2.0,1.0,1.0,2.0
1630680160978,2.0,1.0,1.0,2.0
1630680161134,2.0,1.0,1.0,2.0
1630680161212,2.0,1.0,1.0,2.0
1630680161322,2.0,1.0,1.0,2.0
1630680161400,2.0,1.0,1.0,2.0
1630680161498,2.0,1.0,1.0,2.0
1630680161596,2.0,1.0,1.0,2.0
1630680161736,2.0,1.0,1.0,2.0
1630680161846,1.0,1.0,1.0,1.0
1630680161940,1.0,1.0,1.0,1.0
1630680162065,1.0,1.0,1.0,1.0
1630680162096,1.0,1.0,1.0,1.0
1630680162221,1.0,1.0,1.0,1.0
1630680162361,1.0,1.0,1.0,1.0
1630680162497,1.0,1.0,1.0,1.0
1630680162530,1.0,1.0,1.0,1.0
1630680162643,1.0,1.0,1.0,1.0
1630680162737,1.0,1.0,1.0,1.0
1630680162815,1.0,1.0,1.0,1.0
1630680162955,1.0,1.0,1.0,1.0
1630680163065,1.0,1.0,1.0,1.0
1630680163127,1.0,1.0,1.0,1.0
1630680163236,1.0,1.0,1.0,1.0
1630680163315,1.0,1.0,1.0,1.0
1630680163455,1.0,1.0,1.0,1.0
1630680163584,1.0,1.0,1.0,1.0
1630680163677,1.0,1.0,1.0,1.0
1630680163740,1.0,1.0,1.0,1.0
1630680163848,1.0,1.0,1.0,1.0
1630680163951,1.0,1.0,1.0,1.0
1630680164048,1.0,1.0,1.0,1.0
1630680164180,1.0,1.0,1.0,1.0
1630680164273,1.0,1.0,1.0,1.0
1630680164366,1.0,1.0,1.0,1.0
1630680164459,1.0,1.0,1.0,1.0
1630680164553,2.0,1.0,1.0,2.0
1630680164663,2.0,1.0,1.0,2.0
1630680164789,2.0,1.0,1.0,2.0
1630680164881,2.0,1.0,1.0,2.0
1630680164961,2.0,1.0,1.0,2.0
1630680165056,2.0,1.0,1.0,2.0
1630680165150,2.0,1.0,1.0,2.0
1630680165258,2.0,1.0,1.0,2.0
1630680165386,2.0,1.0,1.0,2.0
1630680165494,2.0,1.0,1.0,2.0
1630680165589,2.0,1.0,1.0,2.0
1630680165717,1.0,1.0,1.0,1.0
1630680165795,1.0,1.0,1.0,1.0
1630680165888,1.0,1.0,1.0,1.0
1630680165985,1.0,1.0,1.0,1.0
1630680166094,1.0,1.0,1.0,1.0
1630680166189,1.0,1.0,1.0,1.0
1630680166285,1.0,1.0,1.0,1.0
1630680166395,1.0,1.0,1.0,1.0
1630680166459,1.0,1.0,1.0,1.0
1630680166582,1.0,1.0,1.0,1.0
1630680166722,1.0,1.0,1.0,1.0
1630680166784,1.0,1.0,1.0,1.0
1630680166893,1.0,1.0,1.0,1.0
1630680166985,1.0,1.0,1.0,1.0
1630680167093,1.0,1.0,1.0,1.0
1630680167220,1.0,1.0,1.0,1.0
1630680167313,1.0,1.0,1.0,1.0
1630680167390,1.0,1.0,1.0,1.0
1630680167483,1.0,1.0,1.0,1.0
1630680167623,1.0,1.0,1.0,1.0
1630680167685,1.0,1.0,1.0,1.0
1630680167827,1.0,1.0,1.0,1.0
1630680167920,1.0,1.0,1.0,1.0
1630680168029,1.0,1.0,1.0,1.0
1630680168092,1.0,1.0,1.0,1.0
1630680168217,1.0,1.0,1.0,1.0
1630680168310,1.0,1.0,1.0,1.0
1630680168437,1.0,1.0,1.0,1.0
1630680168535,1.0,1.0,1.0,1.0
1630680168673,1.0,1.0,1.0,1.0
1630680168704,1.0,1.0,1.0,1.0
1630680168813,1.0,1.0,1.0,1.0
1630680168905,1.0,1.0,1.0,1.0
1630680169081,1.0,1.0,1.0,1.0
1630680169141,1.0,1.0,1.0,1.0
1630680169234,1.0,1.0,1.0,1.0
1630680169343,1.0,1.0,1.0,1.0
1630680169422,1.0,1.0,1.0,1.0
1630680169515,2.0,1.0,1.0,2.0
1630680169655,2.0,1.0,1.0,2.0
1630680169762,2.0,1.0,1.0,2.0
1630680169857,2.0,1.0,1.0,2.0
1630680169918,2.0,1.0,1.0,2.0
1630680170061,2.0,1.0,1.0,2.0
1630680170121,2.0,1.0,1.0,2.0
1630680170262,2.0,1.0,1.0,2.0
1630680170355,2.0,1.0,1.0,2.0
1630680170497,2.0,1.0,1.0,2.0
1630680170557,2.0,1.0,1.0,2.0
1630680170617,2.0,1.0,1.0,2.0
1630680170726,2.0,1.0,1.0,2.0
1630680170884,2.0,1.0,1.0,2.0
1630680170996,2.0,1.0,1.0,2.0
1630680171058,2.0,1.0,1.0,2.0
1630680171155,2.0,1.0,1.0,2.0
1630680171260,2.0,1.0,1.0,2.0
1630680171354,1.0,1.0,1.0,1.0
1630680171483,1.0,1.0,1.0,1.0
1630680171559,1.0,1.0,1.0,1.0
1630680171685,1.0,1.0,1.0,1.0
1630680171779,1.0,1.0,1.0,1.0
1630680171843,1.0,1.0,1.0,1.0
1630680171936,1.0,1.0,1.0,1.0
1630680172107,1.0,1.0,1.0,1.0
1630680172168,1.0,1.0,1.0,1.0
1630680172275,1.0,1.0,1.0,1.0
1630680172370,1.0,1.0,1.0,1.0
1630680172469,1.0,1.0,1.0,1.0
1630680172572,1.0,1.0,1.0,1.0
1630680172698,1.0,1.0,1.0,1.0
1630680172810,1.0,1.0,1.0,1.0
1630680172873,1.0,1.0,1.0,1.0
1630680172968,1.0,1.0,1.0,1.0
1630680173076,1.0,1.0,1.0,1.0
1630680173171,1.0,1.0,1.0,1.0
1630680173284,1.0,1.0,1.0,1.0
1630680173426,1.0,1.0,1.0,1.0
1630680173491,1.0,1.0,1.0,1.0
1630680173584,1.0,1.0,1.0,1.0
1630680173693,1.0,1.0,1.0,1.0
1630680173785,1.0,1.0,1.0,1.0
1630680173929,1.0,1.0,1.0,1.0
1630680174021,1.0,1.0,1.0,1.0
1630680174128,1.0,1.0,1.0,1.0
1630680174221,1.0,1.0,1.0,1.0
1630680174284,1.0,1.0,1.0,1.0
1630680174395,1.0,1.0,1.0,1.0
1630680174521,1.0,1.0,1.0,1.0
1630680174615,1.0,1.0,1.0,1.0
1630680174724,1.0,1.0,1.0,1.0
1630680174824,1.0,1.0,1.0,1.0
1630680174887,1.0,1.0,1.0,1.0
1630680174996,1.0,1.0,1.0,1.0
1630680175121,1.0,1.0,1.0,1.0
1630680175230,1.0,1.0,1.0,1.0
1630680175339,1.0,1.0,1.0,1.0
1630680175434,1.0,1.0,1.0,1.0
1630680175535,1.0,1.0,1.0,1.0
1630680175591,1.0,1.0,1.0,1.0
1630680175764,1.0,1.0,1.0,1.0
1630680175858,1.0,1.0,1.0,1.0
1630680175919,1.0,1.0,1.0,1.0
1630680176029,1.0,1.0,1.0,1.0
1630680176123,1.0,1.0,1.0,1.0
1630680176217,1.0,1.0,1.0,1.0
1630680176357,1.0,1.0,1.0,1.0
1630680176451,1.0,1.0,1.0,1.0
1630680176560,1.0,1.0,1.0,1.0
1630680176622,1.0,1.0,1.0,1.0
1630680176729,1.0,1.0,1.0,1.0
1630680176808,1.0,1.0,1.0,1.0
1630680176978,1.0,1.0,1.0,1.0
1630680177071,1.0,1.0,1.0,1.0
1630680177135,1.0,1.0,1.0,1.0
1630680177242,1.0,1.0,1.0,1.0
1630680177339,1.0,1.0,1.0,1.0
1630680177445,1.0,1.0,1.0,1.0
1630680177571,1.0,1.0,1.0,1.0
1630680177679,1.0,1.0,1.0,1.0
1630680177772,1.0,1.0,1.0,1.0
1630680177837,1.0,1.0,1.0,1.0
1630680177950,1.0,1.0,1.0,1.0
1630680178037,1.0,1.0,1.0,1.0
1630680178176,1.0,1.0,1.0,1.0
1630680178256,1.0,1.0,1.0,1.0
1630680178383,1.0,1.0,1.0,1.0
1630680178505,1.0,1.0,1.0,1.0
1630680178600,1.0,1.0,1.0,1.0
1630680178646,1.0,1.0,1.0,1.0
1630680178786,1.0,1.0,1.0,1.0
1630680178894,1.0,1.0,1.0,1.0
1630680178988,1.0,1.0,1.0,1.0
1630680179048,2.0,1.0,1.0,2.0
1630680179173,2.0,1.0,1.0,2.0
1630680179268,2.0,1.0,1.0,2.0
1630680179408,2.0,1.0,1.0,2.0
1630680179504,2.0,1.0,1.0,2.0
1630680179597,2.0,1.0,1.0,2.0
1630680179676,2.0,1.0,1.0,2.0
1630680179772,2.0,1.0,1.0,2.0
1630680179897,2.0,1.0,1.0,2.0
1630680180021,2.0,1.0,1.0,2.0
1630680180085,2.0,1.0,1.0,2.0
1630680180193,2.0,1.0,1.0,2.0
1630680180290,2.0,1.0,1.0,2.0
1630680180394,2.0,1.0,1.0,2.0
1630680180490,2.0,1.0,1.0,2.0
1630680180617,2.0,1.0,1.0,2.0
1630680180726,2.0,1.0,1.0,2.0
1630680180820,2.0,1.0,1.0,2.0
1630680180883,1.0,1.0,1.0,1.0
1630680180990,1.0,1.0,1.0,1.0
1630680181084,1.0,1.0,1.0,1.0
1630680181262,1.0,1.0,1.0,1.0
1630680181318,1.0,1.0,1.0,1.0
1630680181428,1.0,1.0,1.0,1.0
1630680181521,1.0,1.0,1.0,1.0
1630680181584,1.0,1.0,1.0,1.0
1630680181692,1.0,1.0,1.0,1.0
1630680181848,1.0,1.0,1.0,1.0
1630680181924,1.0,1.0,1.0,1.0
1630680182018,1.0,1.0,1.0,1.0
1630680182127,1.0,1.0,1.0,1.0
1630680182220,1.0,1.0,1.0,1.0
1630680182329,1.0,1.0,1.0,1.0
1630680182455,1.0,1.0,1.0,1.0
1630680182562,1.0,1.0,1.0,1.0
1630680182656,1.0,1.0,1.0,1.0
1630680182719,1.0,1.0,1.0,1.0
1630680182828,1.0,1.0,1.0,1.0
1630680182923,1.0,1.0,1.0,1.0
1630680183092,1.0,1.0,1.0,1.0
1630680183153,1.0,1.0,1.0,1.0
1630680183262,1.0,1.0,1.0,1.0
1630680183357,1.0,1.0,1.0,1.0
1630680183420,1.0,1.0,1.0,1.0
1630680183517,1.0,1.0,1.0,1.0
1630680183688,1.0,1.0,1.0,1.0
1630680183784,1.0,1.0,1.0,1.0
1630680183861,1.0,1.0,1.0,1.0
1630680183953,1.0,1.0,1.0,1.0
1630680184062,1.0,1.0,1.0,1.0
1630680184153,1.0,1.0,1.0,1.0
1630680184291,1.0,1.0,1.0,1.0
1630680184355,1.0,1.0,1.0,1.0
1630680184450,1.0,1.0,1.0,1.0
1630680184558,1.0,1.0,1.0,1.0
1630680184654,1.0,1.0,1.0,1.0
1630680184749,1.0,1.0,1.0,1.0
1630680184891,1.0,1.0,1.0,1.0
1630680184986,1.0,1.0,1.0,1.0
1630680185049,1.0,1.0,1.0,1.0
1630680185191,1.0,1.0,1.0,1.0
1630680185253,1.0,1.0,1.0,1.0
1630680185348,1.0,1.0,1.0,1.0
1630680185490,1.0,1.0,1.0,1.0
1630680185583,1.0,1.0,1.0,1.0
1630680185691,1.0,1.0,1.0,1.0
1630680185785,1.0,1.0,1.0,1.0
1630680185894,1.0,1.0,1.0,1.0
1630680185957,1.0,1.0,1.0,1.0
1630680186115,1.0,1.0,1.0,1.0
1630680186226,1.0,1.0,1.0,1.0
1630680186288,1.0,1.0,1.0,1.0
1630680186394,1.0,1.0,1.0,1.0
1630680186521,1.0,1.0,1.0,1.0
1630680186552,1.0,1.0,1.0,1.0
1630680186722,1.0,1.0,1.0,1.0
1630680186817,1.0,1.0,1.0,1.0
1630680186894,1.0,1.0,1.0,1.0
1630680186988,1.0,1.0,1.0,1.0
1630680187082,2.0,1.0,1.0,2.0
1630680187224,1.0,1.0,1.0,1.0
1630680187317,1.0,1.0,1.0,1.0
1630680187428,1.0,1.0,1.0,1.0
1630680187521,1.0,1.0,1.0,1.0
1630680187614,1.0,1.0,1.0,1.0
1630680187690,1.0,1.0,1.0,1.0
1630680187785,1.0,1.0,1.0,1.0
1630680187924,1.0,1.0,1.0,1.0
1630680188018,1.0,1.0,1.0,1.0
1630680188162,1.0,1.0,1.0,1.0
1630680188225,1.0,1.0,1.0,1.0
1630680188316,1.0,1.0,1.0,1.0
1630680188392,1.0,1.0,1.0,1.0
1630680188548,1.0,1.0,1.0,1.0
1630680188658,1.0,1.0,1.0,1.0
1630680188721,1.0,1.0,1.0,1.0
1630680188816,1.0,1.0,1.0,1.0
1630680188924,1.0,1.0,1.0,1.0
1630680189020,1.0,1.0,1.0,1.0
1630680189158,1.0,1.0,1.0,1.0
1630680189255,1.0,1.0,1.0,1.0
1630680189364,1.0,1.0,1.0,1.0
1630680189422,1.0,1.0,1.0,1.0
1630680189516,1.0,1.0,1.0,1.0
1630680189625,1.0,1.0,1.0,1.0
1630680189752,1.0,1.0,1.0,1.0
1630680189858,1.0,1.0,1.0,1.0
1630680189955,1.0,1.0,1.0,1.0
1630680190048,1.0,1.0,1.0,1.0
1630680190157,1.0,1.0,1.0,1.0
1630680190220,1.0,1.0,1.0,1.0
1630680190392,1.0,1.0,1.0,1.0
1630680190455,1.0,1.0,1.0,1.0
1630680190550,1.0,1.0,1.0,1.0
1630680190662,1.0,1.0,1.0,1.0
1630680190755,1.0,1.0,1.0,1.0
1630680190851,1.0,1.0,1.0,1.0
1630680190990,1.0,1.0,1.0,1.0
1630680191054,1.0,1.0,1.0,1.0
1630680191181,1.0,1.0,1.0,1.0
1630680191261,1.0,1.0,1.0,1.0
1630680191354,1.0,1.0,1.0,1.0
1630680191465,1.0,1.0,1.0,1.0
1630680191617,1.0,1.0,1.0,1.0
1630680191695,1.0,1.0,1.0,1.0
1630680191788,1.0,1.0,1.0,1.0
1630680191850,1.0,1.0,1.0,1.0
1630680191960,1.0,1.0,1.0,1.0
1630680192055,1.0,1.0,1.0,1.0
1630680192193,1.0,1.0,1.0,1.0
1630680192287,1.0,1.0,1.0,1.0
1630680192396,1.0,1.0,1.0,1.0
1630680192520,1.0,1.0,1.0,1.0
1630680192552,1.0,1.0,1.0,1.0
1630680192692,1.0,1.0,1.0,1.0
1630680192819,1.0,1.0,1.0,1.0
1630680192929,1.0,1.0,1.0,1.0
1630680192988,1.0,1.0,1.0,1.0
1630680193082,1.0,1.0,1.0,1.0
1630680193224,1.0,1.0,1.0,1.0
1630680193287,1.0,1.0,1.0,1.0
1630680193415,1.0,1.0,1.0,1.0
1630680193522,1.0,1.0,1.0,1.0
1630680193616,2.0,1.0,1.0,2.0
1630680193727,2.0,1.0,1.0,2.0
1630680193788,2.0,1.0,1.0,2.0
1630680193895,2.0,1.0,1.0,2.0
1630680194018,2.0,1.0,1.0,2.0
1630680194126,2.0,1.0,1.0,2.0
1630680194221,2.0,1.0,1.0,2.0
1630680194327,2.0,1.0,1.0,2.0
1630680194390,2.0,1.0,1.0,2.0
1630680194517,2.0,1.0,1.0,2.0
1630680194627,2.0,1.0,1.0,2.0
1630680194720,2.0,1.0,1.0,2.0
1630680194815,1.0,1.0,1.0,1.0
1630680194924,1.0,1.0,1.0,1.0
1630680195018,1.0,1.0,1.0,1.0
1630680195095,1.0,1.0,1.0,1.0
1630680195267,1.0,1.0,1.0,1.0
1630680195377,1.0,1.0,1.0,1.0
1630680195439,1.0,1.0,1.0,1.0
1630680195545,1.0,1.0,1.0,1.0
1630680195637,1.0,1.0,1.0,1.0
1630680195734,1.0,1.0,1.0,1.0
1630680195840,1.0,1.0,1.0,1.0
1630680195938,1.0,1.0,1.0,1.0
1630680196043,1.0,1.0,1.0,1.0
1630680196138,1.0,1.0,1.0,1.0
1630680196234,1.0,1.0,1.0,1.0
1630680196312,1.0,1.0,1.0,1.0
1630680196454,1.0,1.0,1.0,1.0
1630680196549,1.0,1.0,1.0,1.0
1630680196660,1.0,1.0,1.0,1.0
1630680196754,1.0,1.0,1.0,1.0
1630680196850,1.0,1.0,1.0,1.0
1630680196925,1.0,1.0,1.0,1.0
1630680197049,1.0,1.0,1.0,1.0
1630680197173,1.0,1.0,1.0,1.0
1630680197270,1.0,1.0,1.0,1.0
1630680197344,1.0,1.0,1.0,1.0
1630680197469,1.0,1.0,1.0,1.0
1630680197531,1.0,1.0,1.0,1.0
1630680197673,1.0,1.0,1.0,1.0
1630680197784,1.0,1.0,1.0,1.0
1630680197872,1.0,1.0,1.0,1.0
1630680197967,1.0,1.0,1.0,1.0
1630680198077,1.0,1.0,1.0,1.0
1630680198140,1.0,1.0,1.0,1.0
1630680198302,1.0,1.0,1.0,1.0
1630680198393,1.0,1.0,1.0,1.0
1630680198485,1.0,1.0,1.0,1.0
1630680198548,1.0,1.0,1.0,1.0
1630680198674,1.0,1.0,1.0,1.0
1630680198768,1.0,1.0,1.0,1.0
1630680198942,1.0,1.0,1.0,1.0
1630680198974,1.0,1.0,1.0,1.0
1630680199113,1.0,1.0,1.0,1.0
1630680199176,1.0,1.0,1.0,1.0
1630680199270,1.0,1.0,1.0,1.0
1630680199378,1.0,1.0,1.0,1.0
1630680199503,1.0,1.0,1.0,1.0
1630680199611,1.0,1.0,1.0,1.0
1630680199705,1.0,1.0,1.0,1.0
1630680199803,1.0,1.0,1.0,1.0
1630680199877,1.0,1.0,1.0,1.0
1630680199971,1.0,1.0,1.0,1.0
1630680200113,1.0,1.0,1.0,1.0
1630680200246,1.0,1.0,1.0,1.0
1630680200314,1.0,1.0,1.0,1.0
1630680200421,1.0,1.0,1.0,1.0
1630680200467,1.0,1.0,1.0,1.0
1630680200616,1.0,1.0,1.0,1.0
1630680200753,1.0,1.0,1.0,1.0
1630680200813,1.0,1.0,1.0,1.0
1630680200949,1.0,1.0,1.0,1.0
1630680201013,1.0,1.0,1.0,1.0
1630680201113,1.0,1.0,1.0,1.0
1630680201214,1.0,1.0,1.0,1.0
1630680201346,1.0,1.0,1.0,1.0
1630680201448,1.0,1.0,1.0,1.0
1630680201546,1.0,1.0,1.0,1.0
1630680201674,1.0,1.0,1.0,1.0
1630680201705,1.0,1.0,1.0,1.0
1630680201811,1.0,1.0,1.0,1.0
1630680201954,1.0,1.0,1.0,1.0
1630680202065,1.0,1.0,1.0,1.0
1630680202155,1.0,1.0,1.0,1.0
1630680202218,1.0,1.0,1.0,1.0
1630680202328,1.0,1.0,1.0,1.0
1630680202421,1.0,1.0,1.0,1.0
1630680202562,1.0,1.0,1.0,1.0
1630680202665,1.0,1.0,1.0,1.0
1630680202730,1.0,1.0,1.0,1.0
1630680202864,1.0,1.0,1.0,1.0
1630680202963,1.0,1.0,1.0,1.0
1630680203015,1.0,1.0,1.0,1.0
1630680203187,1.0,1.0,1.0,1.0
1630680203267,1.0,1.0,1.0,1.0
1630680203359,1.0,1.0,1.0,1.0
1630680203451,1.0,1.0,1.0,1.0
1630680203546,1.0,1.0,1.0,1.0
1630680203639,1.0,1.0,1.0,1.0
1630680203780,1.0,1.0,1.0,1.0
1630680203874,1.0,1.0,1.0,1.0
1630680203970,1.0,1.0,1.0,1.0
1630680204075,1.0,1.0,1.0,1.0
1630680204137,1.0,1.0,1.0,1.0
1630680204262,1.0,1.0,1.0,1.0
1630680204388,2.0,1.0,1.0,2.0
1630680204496,2.0,1.0,1.0,2.0
1630680204562,2.0,1.0,1.0,2.0
1630680204653,2.0,1.0,1.0,2.0
1630680204764,2.0,1.0,1.0,2.0
1630680204857,2.0,1.0,1.0,2.0
1630680204998,2.0,1.0,1.0,2.0
1630680205092,2.0,1.0,1.0,2.0
1630680205185,2.0,1.0,1.0,2.0
1630680205310,2.0,1.0,1.0,2.0
1630680205373,2.0,1.0,1.0,2.0
1630680205467,2.0,1.0,1.0,2.0
1630680205611,2.0,1.0,1.0,2.0
1630680205704,2.0,1.0,1.0,2.0
1630680205798,2.0,1.0,1.0,2.0
1630680205907,2.0,1.0,1.0,2.0
1630680205986,2.0,1.0,1.0,2.0
1630680206064,2.0,1.0,1.0,2.0
1630680206235,2.0,1.0,1.0,2.0
1630680206313,2.0,1.0,1.0,2.0
1630680206408,2.0,1.0,1.0,2.0
1630680206501,2.0,1.0,1.0,2.0
1630680206611,2.0,1.0,1.0,2.0
1630680206704,2.0,1.0,1.0,2.0
1630680206829,2.0,1.0,1.0,2.0
1630680206954,2.0,1.0,1.0,2.0
1630680207032,1.0,1.0,1.0,1.0
1630680207095,1.0,1.0,1.0,1.0
1630680207204,1.0,1.0,1.0,1.0
1630680207313,1.0,1.0,1.0,1.0
1630680207438,1.0,1.0,1.0,1.0
1630680207532,1.0,1.0,1.0,1.0
1630680207641,1.0,1.0,1.0,1.0
1630680207751,1.0,1.0,1.0,1.0
1630680207844,1.0,1.0,1.0,1.0
1630680207907,1.0,1.0,1.0,1.0
1630680208079,1.0,1.0,1.0,1.0
1630680208141,1.0,1.0,1.0,1.0
1630680208235,1.0,1.0,1.0,1.0
1630680208329,1.0,1.0,1.0,1.0
1630680208438,1.0,1.0,1.0,1.0
1630680208532,1.0,1.0,1.0,1.0
1630680208672,1.0,1.0,1.0,1.0
1630680208735,1.0,1.0,1.0,1.0
1630680208844,1.0,1.0,1.0,1.0
1630680208938,1.0,1.0,1.0,1.0
1630680209047,1.0,1.0,1.0,1.0
1630680209141,1.0,1.0,1.0,1.0
1630680209266,1.0,1.0,1.0,1.0
1630680209360,1.0,1.0,1.0,1.0
1630680209438,1.0,1.0,1.0,1.0
1630680209547,1.0,1.0,1.0,1.0
1630680209645,1.0,1.0,1.0,1.0
1630680209739,2.0,1.0,1.0,2.0
1630680209864,2.0,1.0,1.0,2.0
1630680209973,2.0,1.0,1.0,2.0
1630680210067,2.0,1.0,1.0,2.0
1630680210176,2.0,1.0,1.0,2.0
1630680210239,2.0,1.0,1.0,2.0
1630680210363,2.0,1.0,1.0,2.0
1630680210497,2.0,1.0,1.0,2.0
1630680210561,2.0,1.0,1.0,2.0
1630680210672,1.0,1.0,1.0,1.0
1630680210776,1.0,1.0,1.0,1.0
1630680210870,1.0,1.0,1.0,1.0
1630680210961,1.0,1.0,1.0,1.0
1630680211090,1.0,1.0,1.0,1.0
1630680211180,1.0,1.0,1.0,1.0
1630680211288,1.0,1.0,1.0,1.0
1630680211352,1.0,1.0,1.0,1.0
1630680211460,1.0,1.0,1.0,1.0
1630680211554,1.0,1.0,1.0,1.0
1630680211692,1.0,1.0,1.0,1.0
1630680211786,1.0,1.0,1.0,1.0
1630680211895,1.0,1.0,1.0,1.0
1630680211986,1.0,1.0,1.0,1.0
1630680212063,1.0,1.0,1.0,1.0
1630680212156,1.0,1.0,1.0,1.0
1630680212314,1.0,1.0,1.0,1.0
1630680212391,1.0,1.0,1.0,1.0
1630680212499,1.0,1.0,1.0,1.0
1630680212580,1.0,1.0,1.0,1.0
1630680212671,1.0,1.0,1.0,1.0
1630680212765,1.0,1.0,1.0,1.0
1630680212935,1.0,1.0,1.0,1.0
1630680213031,1.0,1.0,1.0,1.0
1630680213123,1.0,1.0,1.0,1.0
1630680213220,1.0,1.0,1.0,1.0
1630680213308,1.0,1.0,1.0,1.0
1630680213389,1.0,1.0,1.0,1.0
1630680213516,1.0,1.0,1.0,1.0
1630680213623,1.0,1.0,1.0,1.0
1630680213717,1.0,1.0,1.0,1.0
1630680213824,1.0,1.0,1.0,1.0
1630680213888,1.0,1.0,1.0,1.0
1630680213979,1.0,1.0,1.0,1.0
1630680214137,1.0,1.0,1.0,1.0
1630680214244,1.0,1.0,1.0,1.0
1630680214306,1.0,1.0,1.0,1.0
1630680214401,1.0,1.0,1.0,1.0
1630680214511,1.0,1.0,1.0,1.0
1630680214604,1.0,1.0,1.0,1.0
1630680214745,1.0,1.0,1.0,1.0
1630680214838,1.0,1.0,1.0,1.0
1630680214932,1.0,1.0,1.0,1.0
1630680215041,1.0,1.0,1.0,1.0
1630680215133,1.0,1.0,1.0,1.0
1630680215212,1.0,1.0,1.0,1.0
1630680215393,1.0,1.0,1.0,1.0
1630680215462,1.0,1.0,1.0,1.0
1630680215591,1.0,1.0,1.0,1.0
1630680215628,1.0,1.0,1.0,1.0
1630680215723,1.0,1.0,1.0,1.0
1630680215823,1.0,1.0,1.0,1.0
1630680215966,1.0,1.0,1.0,1.0
1630680216058,1.0,1.0,1.0,1.0
1630680216157,1.0,1.0,1.0,1.0
1630680216250,1.0,1.0,1.0,1.0
1630680216363,1.0,1.0,1.0,1.0
1630680216428,1.0,1.0,1.0,1.0
1630680216565,1.0,1.0,1.0,1.0
1630680216658,1.0,1.0,1.0,1.0
1630680216766,1.0,1.0,1.0,1.0
1630680216864,1.0,1.0,1.0,1.0
1630680216972,1.0,1.0,1.0,1.0
1630680217053,1.0,1.0,1.0,1.0
1630680217188,1.0,1.0,1.0,1.0
1630680217268,1.0,1.0,1.0,1.0
1630680217365,1.0,1.0,1.0,1.0
1630680217475,1.0,1.0,1.0,1.0
1630680217567,1.0,1.0,1.0,1.0
1630680217643,1.0,1.0,1.0,1.0
1630680217813,1.0,1.0,1.0,1.0
1630680217876,1.0,1.0,1.0,1.0
1630680217970,1.0,1.0,1.0,1.0
1630680218077,1.0,1.0,1.0,1.0
1630680218170,1.0,1.0,1.0,1.0
1630680218267,1.0,1.0,1.0,1.0
1630680218405,1.0,1.0,1.0,1.0
1630680218468,1.0,1.0,1.0,1.0
1630680218605,1.0,1.0,1.0,1.0
1630680218687,1.0,1.0,1.0,1.0
1630680218762,1.0,1.0,1.0,1.0
1630680218874,1.0,1.0,1.0,1.0
1630680219075,1.0,1.0,1.0,1.0
1630680219090,1.0,1.0,1.0,1.0
1630680219194,1.0,1.0,1.0,1.0
1630680219283,1.0,1.0,1.0,1.0
1630680219364,1.0,1.0,1.0,1.0
1630680219474,1.0,1.0,1.0,1.0
1630680219615,1.0,1.0,1.0,1.0
1630680219724,1.0,1.0,1.0,1.0
1630680219819,1.0,1.0,1.0,1.0
1630680219947,1.0,1.0,1.0,1.0
1630680219988,1.0,1.0,1.0,1.0
1630680220117,1.0,1.0,1.0,1.0
1630680220245,1.0,1.0,1.0,1.0
1630680220345,1.0,1.0,1.0,1.0
1630680220421,1.0,1.0,1.0,1.0
1630680220514,1.0,1.0,1.0,1.0
1630680220592,1.0,1.0,1.0,1.0
1630680220717,1.0,1.0,1.0,1.0
1630680220842,1.0,1.0,1.0,1.0
1630680220937,1.0,1.0,1.0,1.0
1630680221034,1.0,1.0,1.0,1.0
1630680221108,1.0,1.0,1.0,1.0
1630680221202,1.0,1.0,1.0,1.0
1630680221297,1.0,1.0,1.0,1.0
1630680221435,1.0,1.0,1.0,1.0
1630680221545,1.0,1.0,1.0,1.0
1630680221638,1.0,1.0,1.0,1.0
1630680221763,1.0,1.0,1.0,1.0
1630680221809,1.0,1.0,1.0,1.0
1630680221903,1.0,1.0,1.0,1.0
1630680222059,1.0,1.0,1.0,1.0
1630680222151,1.0,1.0,1.0,1.0
1630680222262,1.0,1.0,1.0,1.0
1630680222354,1.0,1.0,1.0,1.0
1630680222417,1.0,1.0,1.0,1.0
1630680222528,1.0,1.0,1.0,1.0
1630680222662,1.0,1.0,1.0,1.0
1630680222756,1.0,1.0,1.0,1.0
1630680222862,1.0,1.0,1.0,1.0
1630680222987,1.0,1.0,1.0,1.0
1630680223019,1.0,1.0,1.0,1.0
1630680223128,1.0,1.0,1.0,1.0
1630680223284,1.0,1.0,1.0,1.0
1630680223440,1.0,1.0,1.0,1.0
1630680223472,1.0,1.0,1.0,1.0
1630680223568,1.0,1.0,1.0,1.0
1630680223645,1.0,1.0,1.0,1.0
1630680223753,1.0,1.0,1.0,1.0
1630680223894,1.0,1.0,1.0,1.0
1630680223987,1.0,1.0,1.0,1.0
1630680224051,1.0,1.0,1.0,1.0
1630680224165,1.0,1.0,1.0,1.0
1630680224255,1.0,1.0,1.0,1.0
1630680224351,1.0,1.0,1.0,1.0
1630680224489,1.0,1.0,1.0,1.0
1630680224596,1.0,1.0,1.0,1.0
1630680224689,1.0,1.0,1.0,1.0
1630680224784,1.0,1.0,1.0,1.0
1630680224848,1.0,1.0,1.0,1.0
1630680224956,1.0,1.0,1.0,1.0
1630680225080,1.0,1.0,1.0,1.0
1630680225189,1.0,1.0,1.0,1.0
1630680225294,1.0,1.0,1.0,1.0
1630680225392,1.0,1.0,1.0,1.0
1630680225488,1.0,1.0,1.0,1.0
1630680225563,1.0,1.0,1.0,1.0
1630680225721,1.0,1.0,1.0,1.0
1630680225830,1.0,1.0,1.0,1.0
1630680225906,1.0,1.0,1.0,1.0
1630680225986,1.0,1.0,1.0,1.0
1630680226094,1.0,1.0,1.0,1.0
1630680226187,1.0,1.0,1.0,1.0
1630680226312,1.0,1.0,1.0,1.0
1630680226406,1.0,1.0,1.0,1.0
1630680226515,1.0,1.0,1.0,1.0
1630680226625,1.0,1.0,1.0,1.0
1630680226718,1.0,1.0,1.0,1.0
1630680226766,1.0,1.0,1.0,1.0
1630680226955,1.0,1.0,1.0,1.0
1630680227049,1.0,1.0,1.0,1.0
1630680227111,1.0,1.0,1.0,1.0
1630680227206,1.0,1.0,1.0,1.0
1630680227298,1.0,1.0,1.0,1.0
1630680227398,1.0,1.0,1.0,1.0
1630680227539,1.0,1.0,1.0,1.0
1630680227616,1.0,1.0,1.0,1.0
1630680227724,1.0,1.0,1.0,1.0
1630680227833,1.0,1.0,1.0,1.0
1630680227957,1.0,1.0,1.0,1.0
1630680228018,1.0,1.0,1.0,1.0
1630680228189,1.0,1.0,1.0,1.0
1630680228220,1.0,1.0,1.0,1.0
1630680228360,1.0,1.0,1.0,1.0
1630680228423,1.0,1.0,1.0,1.0
1630680228518,1.0,1.0,1.0,1.0
1630680228628,1.0,1.0,1.0,1.0
1630680228754,1.0,1.0,1.0,1.0
1630680228862,1.0,1.0,1.0,1.0
1630680228956,1.0,1.0,1.0,1.0
1630680229017,1.0,1.0,1.0,1.0
1630680229158,1.0,1.0,1.0,1.0
1630680229226,1.0,1.0,1.0,1.0
1630680229351,1.0,1.0,1.0,1.0
1630680229463,1.0,1.0,1.0,1.0
1630680229549,1.0,1.0,1.0,1.0
1630680229657,1.0,1.0,1.0,1.0
1630680229737,1.0,1.0,1.0,1.0
1630680229847,1.0,1.0,1.0,1.0
1630680230002,1.0,1.0,1.0,1.0
1630680230065,1.0,1.0,1.0,1.0
1630680230156,1.0,1.0,1.0,1.0
1630680230267,1.0,1.0,1.0,1.0
1630680230357,1.0,1.0,1.0,1.0
1630680230452,1.0,1.0,1.0,1.0
1630680230595,1.0,1.0,1.0,1.0
1630680230693,1.0,1.0,1.0,1.0
1630680230787,1.0,1.0,1.0,1.0
1630680230877,1.0,1.0,1.0,1.0
1630680230971,1.0,1.0,1.0,1.0
1630680231080,1.0,1.0,1.0,1.0
1630680231205,1.0,1.0,1.0,1.0
1630680231284,1.0,1.0,1.0,1.0
1630680231393,1.0,1.0,1.0,1.0
1630680231518,1.0,1.0,1.0,1.0
1630680231599,1.0,1.0,1.0,1.0
1630680231681,1.0,1.0,1.0,1.0
1630680231814,1.0,1.0,1.0,1.0
1630680231921,1.0,1.0,1.0,1.0
1630680231979,1.0,1.0,1.0,1.0
1630680232081,1.0,1.0,1.0,1.0
1630680232172,1.0,1.0,1.0,1.0
1630680232280,1.0,1.0,1.0,1.0
1630680232405,1.0,1.0,1.0,1.0
1630680232499,1.0,1.0,1.0,1.0
1630680232614,1.0,1.0,1.0,1.0
1630680232714,1.0,1.0,1.0,1.0
1630680232784,1.0,1.0,1.0,1.0
1630680232881,1.0,1.0,1.0,1.0
1630680233049,1.0,1.0,1.0,1.0
1630680233108,1.0,1.0,1.0,1.0
1630680233186,1.0,1.0,1.0,1.0
1630680233310,1.0,1.0,1.0,1.0
1630680233411,1.0,1.0,1.0,1.0
1630680233475,1.0,1.0,1.0,1.0
1630680233623,1.0,1.0,1.0,1.0
1630680233718,1.0,1.0,1.0,1.0
1630680233828,1.0,1.0,1.0,1.0
1630680233922,1.0,1.0,1.0,1.0
1630680234017,1.0,1.0,1.0,1.0
1630680234111,1.0,1.0,1.0,1.0
1630680234235,1.0,1.0,1.0,1.0
1630680234345,1.0,1.0,1.0,1.0
1630680234440,1.0,1.0,1.0,1.0
1630680234535,1.0,1.0,1.0,1.0
1630680234613,1.0,1.0,1.0,1.0
1630680234706,1.0,1.0,1.0,1.0
1630680234861,1.0,1.0,1.0,1.0
1630680234954,1.0,1.0,1.0,1.0
1630680235031,1.0,1.0,1.0,1.0
1630680235125,1.0,1.0,1.0,1.0
1630680235230,1.0,1.0,1.0,1.0
1630680235324,1.0,1.0,1.0,1.0
1630680235500,1.0,1.0,1.0,1.0
1630680235561,1.0,1.0,1.0,1.0
1630680235638,1.0,1.0,1.0,1.0
1630680235730,1.0,1.0,1.0,1.0
1630680235823,1.0,1.0,1.0,1.0
1630680235917,1.0,1.0,1.0,1.0
1630680236057,1.0,1.0,1.0,1.0
1630680236182,1.0,1.0,1.0,1.0
1630680236260,1.0,1.0,1.0,1.0
1630680236363,1.0,1.0,1.0,1.0
1630680236457,1.0,1.0,1.0,1.0
1630680236517,1.0,1.0,1.0,1.0
1630680236660,1.0,1.0,1.0,1.0
1630680236799,1.0,1.0,1.0,1.0
1630680236894,1.0,1.0,1.0,1.0
1630680236957,1.0,1.0,1.0,1.0
1630680237064,1.0,1.0,1.0,1.0
1630680237158,1.0,1.0,1.0,1.0
1630680237287,1.0,1.0,1.0,1.0
1630680237376,1.0,1.0,1.0,1.0
1630680237456,1.0,1.0,1.0,1.0
1630680237564,1.0,1.0,1.0,1.0
1630680237658,1.0,1.0,1.0,1.0
1630680237767,1.0,1.0,1.0,1.0
1630680237889,1.0,1.0,1.0,1.0
1630680237999,1.0,1.0,1.0,1.0
1630680238092,1.0,1.0,1.0,1.0
1630680238170,1.0,1.0,1.0,1.0
1630680238280,1.0,1.0,1.0,1.0
1630680238358,1.0,1.0,1.0,1.0
1630680238531,1.0,1.0,1.0,1.0
1630680238609,1.0,1.0,1.0,1.0
1630680238703,1.0,1.0,1.0,1.0
1630680238812,1.0,1.0,1.0,1.0
1630680238891,1.0,1.0,1.0,1.0
1630680238984,1.0,1.0,1.0,1.0
1630680239125,1.0,1.0,1.0,1.0
1630680239218,1.0,1.0,1.0,1.0
1630680239312,1.0,1.0,1.0,1.0
1630680239437,1.0,1.0,1.0,1.0
1630680239484,1.0,1.0,1.0,1.0
1630680239611,1.0,1.0,1.0,1.0
1630680239704,1.0,1.0,1.0,1.0
1630680239814,1.0,1.0,1.0,1.0
1630680239930,1.0,1.0,1.0,1.0
1630680240015,1.0,1.0,1.0,1.0
1630680240157,1.0,1.0,1.0,1.0
1630680240204,1.0,1.0,1.0,1.0
1630680240345,1.0,1.0,1.0,1.0
1630680240441,1.0,1.0,1.0,1.0
1630680240548,1.0,1.0,1.0,1.0
1630680240625,1.0,1.0,1.0,1.0
1630680240721,1.0,1.0,1.0,1.0
1630680240814,1.0,1.0,1.0,1.0
1630680240942,1.0,1.0,1.0,1.0
1630680241036,1.0,1.0,1.0,1.0
1630680241145,1.0,1.0,1.0,1.0
1630680241239,1.0,1.0,1.0,1.0
1630680241301,1.0,1.0,1.0,1.0
1630680241410,1.0,1.0,1.0,1.0
1630680241571,1.0,1.0,1.0,1.0
1630680241676,1.0,1.0,1.0,1.0
1630680241754,1.0,1.0,1.0,1.0
1630680241831,1.0,1.0,1.0,1.0
1630680241928,1.0,1.0,1.0,1.0
1630680242020,1.0,1.0,1.0,1.0
1630680242160,1.0,1.0,1.0,1.0
1630680242255,1.0,1.0,1.0,1.0
1630680242361,1.0,1.0,1.0,1.0
1630680242455,1.0,1.0,1.0,1.0
1630680242517,1.0,1.0,1.0,1.0
1630680242630,1.0,1.0,1.0,1.0
1630680242755,1.0,1.0,1.0,1.0
1630680242865,1.0,1.0,1.0,1.0
1630680242961,1.0,1.0,1.0,1.0
1630680243066,1.0,1.0,1.0,1.0
1630680243175,1.0,1.0,1.0,1.0
1630680243228,1.0,1.0,1.0,1.0
1630680243384,1.0,1.0,1.0,1.0
1630680243493,2.0,1.0,1.0,2.0
1630680243586,2.0,1.0,1.0,2.0
1630680243663,1.0,1.0,1.0,1.0
1630680243772,1.0,1.0,1.0,1.0
1630680243864,1.0,1.0,1.0,1.0
1630680243988,1.0,1.0,1.0,1.0
1630680244094,1.0,1.0,1.0,1.0
1630680244192,1.0,1.0,1.0,1.0
1630680244285,1.0,1.0,1.0,1.0
1630680244363,1.0,1.0,1.0,1.0
1630680244489,1.0,1.0,1.0,1.0
1630680244594,1.0,1.0,1.0,1.0
1630680244713,1.0,1.0,1.0,1.0
1630680244791,1.0,1.0,1.0,1.0
1630680244901,1.0,1.0,1.0,1.0
1630680244994,1.0,1.0,1.0,1.0
1630680245072,1.0,1.0,1.0,1.0
1630680245197,1.0,1.0,1.0,1.0
1630680245291,1.0,1.0,1.0,1.0
1630680245400,1.0,1.0,1.0,1.0
1630680245504,1.0,1.0,1.0,1.0
1630680245599,1.0,1.0,1.0,1.0
1630680245705,1.0,1.0,1.0,1.0
1630680245836,1.0,1.0,1.0,1.0
1630680245900,1.0,1.0,1.0,1.0
1630680245995,1.0,1.0,1.0,1.0
1630680246111,1.0,1.0,1.0,1.0
1630680246202,1.0,1.0,1.0,1.0
1630680246278,1.0,1.0,1.0,1.0
1630680246453,1.0,1.0,1.0,1.0
1630680246526,1.0,1.0,1.0,1.0
1630680246604,1.0,1.0,1.0,1.0
1630680246713,1.0,1.0,1.0,1.0
1630680246810,1.0,1.0,1.0,1.0
1630680246904,1.0,1.0,1.0,1.0
1630680247044,1.0,1.0,1.0,1.0
1630680247138,1.0,1.0,1.0,1.0
1630680247247,1.0,1.0,1.0,1.0
1630680247307,1.0,1.0,1.0,1.0
1630680247415,1.0,1.0,1.0,1.0
1630680247546,1.0,1.0,1.0,1.0
1630680247671,1.0,1.0,1.0,1.0
1630680247749,1.0,1.0,1.0,1.0
1630680247876,1.0,1.0,1.0,1.0
1630680247955,1.0,1.0,1.0,1.0
1630680248017,1.0,1.0,1.0,1.0
1630680248126,1.0,1.0,1.0,1.0
1630680248281,1.0,1.0,1.0,1.0
1630680248391,1.0,1.0,1.0,1.0
1630680248453,1.0,1.0,1.0,1.0
1630680248547,1.0,1.0,1.0,1.0
1630680248656,1.0,1.0,1.0,1.0
1630680248750,1.0,1.0,1.0,1.0
1630680248875,1.0,1.0,1.0,1.0
1630680248953,1.0,1.0,1.0,1.0
1630680249047,1.0,1.0,1.0,1.0
1630680249156,1.0,1.0,1.0,1.0
1630680249234,1.0,1.0,1.0,1.0
1630680249344,1.0,1.0,1.0,1.0
1630680249484,1.0,1.0,1.0,1.0
1630680249578,1.0,1.0,1.0,1.0
1630680249672,1.0,1.0,1.0,1.0
1630680249781,1.0,1.0,1.0,1.0
1630680249859,1.0,1.0,1.0,1.0
1630680249953,1.0,1.0,1.0,1.0
1630680250125,1.0,1.0,1.0,1.0
1630680250187,1.0,1.0,1.0,1.0
1630680250281,1.0,1.0,1.0,1.0
1630680250375,1.0,1.0,1.0,1.0
1630680250443,1.0,1.0,1.0,1.0
1630680250537,1.0,1.0,1.0,1.0
1630680250710,1.0,1.0,1.0,1.0
1630680250789,1.0,1.0,1.0,1.0
1630680250882,1.0,1.0,1.0,1.0
1630680250976,1.0,1.0,1.0,1.0
1630680251085,1.0,1.0,1.0,1.0
1630680251163,1.0,1.0,1.0,1.0
1630680251304,1.0,1.0,1.0,1.0
1630680251414,1.0,1.0,1.0,1.0
1630680251477,1.0,1.0,1.0,1.0
1630680251571,1.0,1.0,1.0,1.0
1630680251728,1.0,1.0,1.0,1.0
1630680251790,1.0,1.0,1.0,1.0
1630680251915,1.0,1.0,1.0,1.0
1630680252024,1.0,1.0,1.0,1.0
1630680252118,1.0,1.0,1.0,1.0
1630680252212,1.0,1.0,1.0,1.0
1630680252321,1.0,1.0,1.0,1.0
1630680252383,1.0,1.0,1.0,1.0
1630680252512,1.0,1.0,1.0,1.0
1630680252621,1.0,1.0,1.0,1.0
1630680252715,1.0,1.0,1.0,1.0
1630680252809,1.0,1.0,1.0,1.0
1630680252903,1.0,1.0,1.0,1.0
1630680252996,1.0,1.0,1.0,1.0
1630680253137,1.0,1.0,1.0,1.0
1630680253215,1.0,1.0,1.0,1.0
1630680253309,1.0,1.0,1.0,1.0
1630680253418,1.0,1.0,1.0,1.0
1630680253515,1.0,1.0,1.0,1.0
1630680253624,1.0,1.0,1.0,1.0
1630680253749,1.0,1.0,1.0,1.0
1630680253858,1.0,1.0,1.0,1.0
1630680253952,1.0,1.0,1.0,1.0
1630680254015,1.0,1.0,1.0,1.0
1630680254155,1.0,1.0,1.0,1.0
1630680254218,1.0,1.0,1.0,1.0
1630680254358,1.0,1.0,1.0,1.0
1630680254463,1.0,1.0,1.0,1.0
1630680254526,2.0,1.0,1.0,2.0
1630680254638,2.0,1.0,1.0,2.0
1630680254747,2.0,1.0,1.0,2.0
1630680254841,2.0,1.0,1.0,2.0
1630680254951,2.0,1.0,1.0,2.0
1630680255060,1.0,1.0,1.0,1.0
1630680255154,1.0,1.0,1.0,1.0
1630680255247,1.0,1.0,1.0,1.0
1630680255341,1.0,1.0,1.0,1.0
1630680255450,1.0,1.0,1.0,1.0
1630680255591,1.0,1.0,1.0,1.0
1630680255653,1.0,1.0,1.0,1.0
1630680255747,1.0,1.0,1.0,1.0
1630680255841,1.0,1.0,1.0,1.0
1630680255950,1.0,1.0,1.0,1.0
1630680256059,1.0,1.0,1.0,1.0
1630680256200,1.0,1.0,1.0,1.0
1630680256309,1.0,1.0,1.0,1.0
1630680256403,1.0,1.0,1.0,1.0
1630680256466,1.0,1.0,1.0,1.0
1630680256625,1.0,1.0,1.0,1.0
1630680256687,1.0,1.0,1.0,1.0
1630680256781,1.0,1.0,1.0,1.0
1630680256906,1.0,1.0,1.0,1.0
1630680256984,1.0,1.0,1.0,1.0
1630680257093,1.0,1.0,1.0,1.0
1630680257156,1.0,1.0,1.0,1.0
1630680257281,1.0,1.0,1.0,1.0
1630680257406,1.0,1.0,1.0,1.0
1630680257484,1.0,1.0,1.0,1.0
1630680257577,1.0,1.0,1.0,1.0
1630680257674,1.0,1.0,1.0,1.0
1630680257768,1.0,1.0,1.0,1.0
1630680257861,1.0,1.0,1.0,1.0
1630680258002,1.0,1.0,1.0,1.0
1630680258111,1.0,1.0,1.0,1.0
1630680258189,1.0,1.0,1.0,1.0
1630680258299,1.0,1.0,1.0,1.0
1630680258361,1.0,1.0,1.0,1.0
1630680258503,1.0,1.0,1.0,1.0
1630680258644,1.0,1.0,1.0,1.0
1630680258691,1.0,1.0,1.0,1.0
1630680258800,1.0,1.0,1.0,1.0
1630680258909,1.0,1.0,1.0,1.0
1630680259003,1.0,1.0,1.0,1.0
1630680259112,1.0,1.0,1.0,1.0
1630680259222,1.0,1.0,1.0,1.0
1630680259331,1.0,1.0,1.0,1.0
1630680259425,1.0,1.0,1.0,1.0
1630680259521,1.0,1.0,1.0,1.0
1630680259615,1.0,1.0,1.0,1.0
1630680259708,1.0,1.0,1.0,1.0
1630680259833,1.0,1.0,1.0,1.0
1630680259927,1.0,1.0,1.0,1.0
1630680260021,1.0,1.0,1.0,1.0
1630680260130,1.0,1.0,1.0,1.0
1630680260240,1.0,1.0,1.0,1.0
1630680260286,1.0,1.0,1.0,1.0
1630680260443,1.0,1.0,1.0,1.0
1630680260552,1.0,1.0,1.0,1.0
1630680260614,1.0,1.0,1.0,1.0
1630680260739,1.0,1.0,1.0,1.0
1630680260833,1.0,1.0,1.0,1.0
1630680260943,1.0,1.0,1.0,1.0
1630680261067,1.0,1.0,1.0,1.0
1630680261161,1.0,1.0,1.0,1.0
1630680261224,1.0,1.0,1.0,1.0
1630680261317,1.0,1.0,1.0,1.0
1630680261442,1.0,1.0,1.0,1.0
1630680261505,1.0,1.0,1.0,1.0
1630680261680,1.0,1.0,1.0,1.0
1630680261758,1.0,1.0,1.0,1.0
1630680261867,1.0,1.0,1.0,1.0
1630680261976,1.0,1.0,1.0,1.0
1630680262039,1.0,1.0,1.0,1.0
1630680262133,1.0,1.0,1.0,1.0
1630680262258,1.0,1.0,1.0,1.0
1630680262367,1.0,1.0,1.0,1.0
1630680262476,1.0,1.0,1.0,1.0
1630680262572,1.0,1.0,1.0,1.0
1630680262651,1.0,1.0,1.0,1.0
1630680262729,1.0,1.0,1.0,1.0
1630680262869,1.0,1.0,1.0,1.0
1630680263010,1.0,1.0,1.0,1.0
1630680263072,1.0,1.0,1.0,1.0
1630680263166,1.0,1.0,1.0,1.0
1630680263260,2.0,1.0,1.0,2.0
1630680263369,2.0,1.0,1.0,2.0
1630680263494,2.0,1.0,1.0,2.0
1630680263607,2.0,1.0,1.0,2.0
1630680263700,1.0,1.0,1.0,1.0
1630680263779,1.0,1.0,1.0,1.0
1630680263872,1.0,1.0,1.0,1.0
1630680263966,1.0,1.0,1.0,1.0
1630680264107,1.0,1.0,1.0,1.0
1630680264200,1.0,1.0,1.0,1.0
1630680264294,1.0,1.0,1.0,1.0
1630680264419,1.0,1.0,1.0,1.0
1630680264481,1.0,1.0,1.0,1.0
1630680264594,1.0,1.0,1.0,1.0
1630680264719,1.0,1.0,1.0,1.0
1630680264828,1.0,1.0,1.0,1.0
1630680264953,1.0,1.0,1.0,1.0
1630680264984,1.0,1.0,1.0,1.0
1630680265093,1.0,1.0,1.0,1.0
1630680265187,1.0,1.0,1.0,1.0
1630680265359,1.0,1.0,1.0,1.0
1630680265406,1.0,1.0,1.0,1.0
1630680265531,1.0,1.0,1.0,1.0
1630680265612,1.0,1.0,1.0,1.0
1630680265690,1.0,1.0,1.0,1.0
1630680265784,1.0,1.0,1.0,1.0
1630680265940,1.0,1.0,1.0,1.0
1630680266018,1.0,1.0,1.0,1.0
1630680266127,1.0,1.0,1.0,1.0
1630680266221,1.0,1.0,1.0,1.0
1630680266315,1.0,1.0,1.0,1.0
1630680266424,1.0,1.0,1.0,1.0
1630680266549,1.0,1.0,1.0,1.0
1630680266612,1.0,1.0,1.0,1.0
1630680266754,1.0,1.0,1.0,1.0
1630680266848,1.0,1.0,1.0,1.0
1630680266926,1.0,1.0,1.0,1.0
1630680267020,1.0,1.0,1.0,1.0
1630680267145,1.0,1.0,1.0,1.0
1630680267254,1.0,1.0,1.0,1.0
1630680267348,1.0,1.0,1.0,1.0
1630680267441,1.0,1.0,1.0,1.0
1630680267520,1.0,1.0,1.0,1.0
1630680267598,1.0,1.0,1.0,1.0
1630680267772,1.0,1.0,1.0,1.0
1630680267866,1.0,1.0,1.0,1.0
1630680267928,1.0,1.0,1.0,1.0
1630680268038,1.0,1.0,1.0,1.0
1630680268147,1.0,1.0,1.0,1.0
1630680268225,1.0,1.0,1.0,1.0
1630680268366,1.0,1.0,1.0,1.0
1630680268475,1.0,1.0,1.0,1.0
1630680268569,1.0,1.0,1.0,1.0
1630680268682,1.0,1.0,1.0,1.0
1630680268745,1.0,1.0,1.0,1.0
1630680268838,1.0,1.0,1.0,1.0
1630680269010,1.0,1.0,1.0,1.0
1630680269073,1.0,1.0,1.0,1.0
1630680269167,1.0,1.0,1.0,1.0
1630680269276,1.0,1.0,1.0,1.0
1630680269370,1.0,1.0,1.0,1.0
1630680269448,1.0,1.0,1.0,1.0
1630680269604,1.0,1.0,1.0,1.0
1630680269698,1.0,1.0,1.0,1.0
1630680269760,1.0,1.0,1.0,1.0
1630680269870,1.0,1.0,1.0,1.0
1630680269963,1.0,1.0,1.0,1.0
1630680270041,1.0,1.0,1.0,1.0
1630680270198,1.0,1.0,1.0,1.0
1630680270307,1.0,1.0,1.0,1.0
1630680270370,1.0,1.0,1.0,1.0
1630680270479,1.0,1.0,1.0,1.0
1630680270604,1.0,1.0,1.0,1.0
1630680270666,1.0,1.0,1.0,1.0
1630680270791,1.0,1.0,1.0,1.0
1630680270901,1.0,1.0,1.0,1.0
1630680271010,1.0,1.0,1.0,1.0
1630680271072,1.0,1.0,1.0,1.0
1630680271182,1.0,1.0,1.0,1.0
1630680271307,1.0,1.0,1.0,1.0
1630680271416,1.0,1.0,1.0,1.0
1630680271510,1.0,1.0,1.0,1.0
1630680271606,1.0,1.0,1.0,1.0
1630680271700,1.0,1.0,1.0,1.0
1630680271809,1.0,1.0,1.0,1.0
1630680271871,1.0,1.0,1.0,1.0
1630680272027,1.0,1.0,1.0,1.0
1630680272137,1.0,1.0,1.0,1.0
1630680272246,1.0,1.0,1.0,1.0
1630680272293,1.0,1.0,1.0,1.0
1630680272434,1.0,1.0,1.0,1.0
1630680272512,1.0,1.0,1.0,1.0
1630680272639,1.0,1.0,1.0,1.0
1630680272748,1.0,1.0,1.0,1.0
1630680272873,1.0,1.0,1.0,1.0
1630680272952,1.0,1.0,1.0,1.0
1630680273030,1.0,1.0,1.0,1.0
1630680273107,1.0,1.0,1.0,1.0
1630680273232,1.0,1.0,1.0,1.0
1630680273342,1.0,1.0,1.0,1.0
1630680273482,1.0,1.0,1.0,1.0
1630680273529,1.0,1.0,1.0,1.0
1630680273623,1.0,1.0,1.0,1.0
1630680273719,1.0,1.0,1.0,1.0
1630680273876,1.0,1.0,1.0,1.0
1630680273938,1.0,1.0,1.0,1.0
1630680274063,1.0,1.0,1.0,1.0
1630680274125,1.0,1.0,1.0,1.0
1630680274235,1.0,1.0,1.0,1.0
1630680274344,1.0,1.0,1.0,1.0
1630680274469,1.0,1.0,1.0,1.0
1630680274532,1.0,1.0,1.0,1.0
1630680274657,1.0,1.0,1.0,1.0
1630680274750,1.0,1.0,1.0,1.0
1630680274828,1.0,1.0,1.0,1.0
1630680274938,1.0,1.0,1.0,1.0
1630680275094,1.0,1.0,1.0,1.0
1630680275157,1.0,1.0,1.0,1.0
1630680275250,1.0,1.0,1.0,1.0
1630680275344,1.0,1.0,1.0,1.0
1630680275456,1.0,1.0,1.0,1.0
1630680275565,1.0,1.0,1.0,1.0
1630680275674,1.0,1.0,1.0,1.0
1630680275768,1.0,1.0,1.0,1.0
1630680275878,1.0,1.0,1.0,1.0
1630680275971,1.0,1.0,1.0,1.0
1630680276034,1.0,1.0,1.0,1.0
1630680276174,1.0,1.0,1.0,1.0
1630680276299,1.0,1.0,1.0,1.0
1630680276377,1.0,1.0,1.0,1.0
1630680276474,1.0,1.0,1.0,1.0
1630680276552,1.0,1.0,1.0,1.0
1630680276677,1.0,1.0,1.0,1.0
1630680276755,1.0,1.0,1.0,1.0
1630680276911,1.0,1.0,1.0,1.0
1630680276974,1.0,1.0,1.0,1.0
1630680277099,1.0,1.0,1.0,1.0
1630680277193,1.0,1.0,1.0,1.0
1630680277318,1.0,1.0,1.0,1.0
1630680277411,1.0,1.0,1.0,1.0
1630680277488,1.0,1.0,1.0,1.0
1630680277616,1.0,1.0,1.0,1.0
1630680277695,1.0,1.0,1.0,1.0
1630680277788,1.0,1.0,1.0,1.0
1630680277882,1.0,1.0,1.0,1.0
1630680277991,1.0,1.0,1.0,1.0
1630680278101,1.0,1.0,1.0,1.0
1630680278210,1.0,1.0,1.0,1.0
1630680278304,1.0,1.0,1.0,1.0
1630680278413,1.0,1.0,1.0,1.0
1630680278510,1.0,1.0,1.0,1.0
1630680278574,1.0,1.0,1.0,1.0
1630680278714,1.0,1.0,1.0,1.0
1630680278808,1.0,1.0,1.0,1.0
1630680278902,1.0,1.0,1.0,1.0
1630680279011,1.0,1.0,1.0,1.0
1630680279089,1.0,1.0,1.0,1.0
1630680279199,1.0,1.0,1.0,1.0
1630680279324,1.0,1.0,1.0,1.0
1630680279417,1.0,1.0,1.0,1.0
1630680279515,1.0,1.0,1.0,1.0
1630680279625,1.0,1.0,1.0,1.0
1630680279718,1.0,1.0,1.0,1.0
1630680279781,1.0,1.0,1.0,1.0
1630680279953,1.0,1.0,1.0,1.0
1630680280046,1.0,1.0,1.0,1.0
1630680280124,1.0,1.0,1.0,1.0
1630680280234,1.0,1.0,1.0,1.0
1630680280359,1.0,1.0,1.0,1.0
1630680280453,1.0,1.0,1.0,1.0
1630680280564,1.0,1.0,1.0,1.0
1630680280643,1.0,1.0,1.0,1.0
1630680280752,1.0,1.0,1.0,1.0
1630680280846,1.0,1.0,1.0,1.0
1630680280955,1.0,1.0,1.0,1.0
1630680281017,1.0,1.0,1.0,1.0
1630680281142,1.0,1.0,1.0,1.0
1630680281252,1.0,1.0,1.0,1.0
1630680281361,1.0,1.0,1.0,1.0
1630680281455,1.0,1.0,1.0,1.0
1630680281533,1.0,1.0,1.0,1.0
1630680281627,1.0,1.0,1.0,1.0
1630680281783,1.0,1.0,1.0,1.0
1630680281877,1.0,1.0,1.0,1.0
1630680281955,1.0,1.0,1.0,1.0
1630680282080,1.0,1.0,1.0,1.0
1630680282158,1.0,1.0,1.0,1.0
1630680282236,1.0,1.0,1.0,1.0
1630680282376,1.0,1.0,1.0,1.0
1630680282486,1.0,1.0,1.0,1.0
1630680282580,1.0,1.0,1.0,1.0
1630680282673,1.0,1.0,1.0,1.0
1630680282783,1.0,1.0,1.0,1.0
1630680282845,1.0,1.0,1.0,1.0
1630680282986,1.0,1.0,1.0,1.0
1630680283064,1.0,1.0,1.0,1.0
1630680283173,1.0,1.0,1.0,1.0
1630680283267,1.0,1.0,1.0,1.0
1630680283361,1.0,1.0,1.0,1.0
1630680283470,1.0,1.0,1.0,1.0
1630680283595,1.0,1.0,1.0,1.0
1630680283704,1.0,1.0,1.0,1.0
1630680283782,1.0,1.0,1.0,1.0
1630680283876,1.0,1.0,1.0,1.0
1630680283970,1.0,1.0,1.0,1.0
1630680284064,1.0,1.0,1.0,1.0
1630680284220,1.0,1.0,1.0,1.0
1630680284282,1.0,1.0,1.0,1.0
1630680284410,1.0,1.0,1.0,1.0
1630680284503,1.0,1.0,1.0,1.0
1630680284581,1.0,1.0,1.0,1.0
1630680284660,1.0,1.0,1.0,1.0
1630680284847,1.0,1.0,1.0,1.0
1630680284909,1.0,1.0,1.0,1.0
1630680285003,1.0,1.0,1.0,1.0
1630680285097,1.0,1.0,1.0,1.0
1630680285207,1.0,1.0,1.0,1.0
1630680285316,1.0,1.0,1.0,1.0
1630680285474,1.0,1.0,1.0,1.0
1630680285537,1.0,1.0,1.0,1.0
1630680285599,1.0,1.0,1.0,1.0
1630680285709,1.0,1.0,1.0,1.0
1630680285818,1.0,1.0,1.0,1.0
1630680285896,1.0,1.0,1.0,1.0
1630680286036,1.0,1.0,1.0,1.0
1630680286147,1.0,1.0,1.0,1.0
1630680286243,1.0,1.0,1.0,1.0
1630680286342,1.0,1.0,1.0,1.0
1630680286404,1.0,1.0,1.0,1.0
1630680286514,1.0,1.0,1.0,1.0
1630680286639,1.0,1.0,1.0,1.0
1630680286779,1.0,1.0,1.0,1.0
1630680286842,1.0,1.0,1.0,1.0
1630680286944,1.0,1.0,1.0,1.0
1630680287038,1.0,1.0,1.0,1.0
1630680287116,1.0,1.0,1.0,1.0
1630680287240,1.0,1.0,1.0,1.0
1630680287348,1.0,1.0,1.0,1.0
1630680287458,1.0,1.0,1.0,1.0
1630680287560,1.0,1.0,1.0,1.0
1630680287623,1.0,1.0,1.0,1.0
1630680287716,1.0,1.0,1.0,1.0
1630680287841,1.0,1.0,1.0,1.0
1630680287950,1.0,1.0,1.0,1.0
1630680288059,1.0,1.0,1.0,1.0
1630680288153,1.0,1.0,1.0,1.0
1630680288246,1.0,1.0,1.0,1.0
1630680288354,1.0,1.0,1.0,1.0
1630680288478,1.0,1.0,1.0,1.0
1630680288586,1.0,1.0,1.0,1.0
1630680288681,1.0,1.0,1.0,1.0
1630680288745,1.0,1.0,1.0,1.0
1630680288875,1.0,1.0,1.0,1.0
1630680288953,1.0,1.0,1.0,1.0
1630680289109,1.0,1.0,1.0,1.0
1630680289187,1.0,1.0,1.0,1.0
1630680289295,1.0,1.0,1.0,1.0
1630680289389,1.0,1.0,1.0,1.0
1630680289499,1.0,1.0,1.0,1.0
1630680289549,1.0,1.0,1.0,1.0
1630680289685,1.0,1.0,1.0,1.0
1630680289793,1.0,1.0,1.0,1.0
1630680289886,1.0,1.0,1.0,1.0
1630680289980,1.0,1.0,1.0,1.0
1630680290089,1.0,1.0,1.0,1.0
1630680290152,1.0,1.0,1.0,1.0
1630680290292,1.0,1.0,1.0,1.0
1630680290386,1.0,1.0,1.0,1.0
1630680290494,1.0,1.0,1.0,1.0
1630680290588,1.0,1.0,1.0,1.0
1630680290697,1.0,1.0,1.0,1.0
1630680290791,1.0,1.0,1.0,1.0
1630680290931,1.0,1.0,1.0,1.0
1630680291025,1.0,1.0,1.0,1.0
1630680291088,1.0,1.0,1.0,1.0
1630680291197,1.0,1.0,1.0,1.0
1630680291291,1.0,1.0,1.0,1.0
1630680291384,1.0,1.0,1.0,1.0
1630680291525,1.0,1.0,1.0,1.0
1630680291618,1.0,1.0,1.0,1.0
1630680291731,1.0,1.0,1.0,1.0
1630680291794,1.0,1.0,1.0,1.0
1630680291888,1.0,1.0,1.0,1.0
1630680291997,1.0,1.0,1.0,1.0
1630680292122,1.0,1.0,1.0,1.0
1630680292231,1.0,1.0,1.0,1.0
1630680292327,1.0,1.0,1.0,1.0
1630680292420,1.0,1.0,1.0,1.0
1630680292514,1.0,1.0,1.0,1.0
1630680292608,1.0,1.0,1.0,1.0
1630680292736,1.0,1.0,1.0,1.0
1630680292829,1.0,1.0,1.0,1.0
1630680292939,1.0,1.0,1.0,1.0
1630680293017,1.0,1.0,1.0,1.0
1630680293110,1.0,1.0,1.0,1.0
1630680293251,1.0,1.0,1.0,1.0
1630680293360,1.0,1.0,1.0,1.0
1630680293439,1.0,1.0,1.0,1.0
1630680293517,1.0,1.0,1.0,1.0
1630680293673,1.0,1.0,1.0,1.0
1630680293753,1.0,1.0,1.0,1.0
1630680293847,1.0,1.0,1.0,1.0
1630680293972,1.0,1.0,1.0,1.0
1630680294034,1.0,1.0,1.0,1.0
1630680294128,1.0,1.0,1.0,1.0
1630680294236,1.0,1.0,1.0,1.0
1630680294346,1.0,1.0,1.0,1.0
1630680294424,1.0,1.0,1.0,1.0
1630680294598,1.0,1.0,1.0,1.0
1630680294660,1.0,1.0,1.0,1.0
1630680294754,1.0,1.0,1.0,1.0
1630680294848,1.0,1.0,1.0,1.0
1630680294957,1.0,1.0,1.0,1.0
1630680295042,1.0,1.0,1.0,1.0
1630680295186,1.0,1.0,1.0,1.0
1630680295278,1.0,1.0,1.0,1.0
1630680295382,1.0,1.0,1.0,1.0
1630680295477,1.0,1.0,1.0,1.0
1630680295547,1.0,1.0,1.0,1.0
1630680295640,1.0,1.0,1.0,1.0
1630680295797,1.0,1.0,1.0,1.0
1630680295858,1.0,1.0,1.0,1.0
1630680295967,1.0,1.0,1.0,1.0
1630680296108,1.0,1.0,1.0,1.0
1630680296168,1.0,1.0,1.0,1.0
1630680296228,1.0,1.0,1.0,1.0
1630680296395,1.0,1.0,1.0,1.0
1630680296493,1.0,1.0,1.0,1.0
1630680296586,1.0,1.0,1.0,1.0
1630680296681,1.0,1.0,1.0,1.0
1630680296805,1.0,1.0,1.0,1.0
1630680296913,1.0,1.0,1.0,1.0
1630680297006,1.0,1.0,1.0,1.0
1630680297098,1.0,1.0,1.0,1.0
1630680297240,1.0,1.0,1.0,1.0
1630680297271,1.0,1.0,1.0,1.0
1630680297381,1.0,1.0,1.0,1.0
1630680297460,1.0,1.0,1.0,1.0
1630680297602,1.0,1.0,1.0,1.0
1630680297695,1.0,1.0,1.0,1.0
1630680297789,1.0,1.0,1.0,1.0
1630680297882,1.0,1.0,1.0,1.0
1630680297977,1.0,1.0,1.0,1.0
1630680298070,1.0,1.0,1.0,1.0
1630680298215,1.0,1.0,1.0,1.0
1630680298311,1.0,1.0,1.0,1.0
1630680298420,1.0,1.0,1.0,1.0
1630680298479,1.0,1.0,1.0,1.0
1630680298588,1.0,1.0,1.0,1.0
1630680298682,1.0,1.0,1.0,1.0
1630680298811,1.0,1.0,1.0,1.0
1630680298921,1.0,1.0,1.0,1.0
1630680299029,1.0,1.0,1.0,1.0
1630680299123,1.0,1.0,1.0,1.0
1630680299213,1.0,1.0,1.0,1.0
1630680299292,2.0,1.0,1.0,2.0
1630680299447,2.0,1.0,1.0,2.0
1630680299555,2.0,1.0,1.0,2.0
1630680299611,2.0,1.0,1.0,2.0
1630680299724,2.0,1.0,1.0,2.0
1630680299818,2.0,1.0,1.0,2.0
1630680299912,2.0,1.0,1.0,2.0
1630680300068,2.0,1.0,1.0,2.0
1630680300158,1.0,1.0,1.0,1.0
1630680300245,1.0,1.0,1.0,1.0
1630680300338,1.0,1.0,1.0,1.0
1630680300416,1.0,1.0,1.0,1.0
1630680300526,1.0,1.0,1.0,1.0
1630680300651,1.0,1.0,1.0,1.0
1630680300760,1.0,1.0,1.0,1.0
1630680300854,1.0,1.0,1.0,1.0
1630680300963,1.0,1.0,1.0,1.0
1630680301041,1.0,1.0,1.0,1.0
1630680301135,1.0,1.0,1.0,1.0
1630680301291,1.0,1.0,1.0,1.0
1630680301354,1.0,1.0,1.0,1.0
1630680301463,1.0,1.0,1.0,1.0
1630680301559,1.0,1.0,1.0,1.0
1630680301653,1.0,1.0,1.0,1.0
1630680301763,1.0,1.0,1.0,1.0
1630680301890,1.0,1.0,1.0,1.0
1630680301953,1.0,1.0,1.0,1.0
1630680302078,1.0,1.0,1.0,1.0
1630680302172,1.0,1.0,1.0,1.0
1630680302234,1.0,1.0,1.0,1.0
1630680302343,1.0,1.0,1.0,1.0
1630680302500,1.0,1.0,1.0,1.0
1630680302581,1.0,1.0,1.0,1.0
1630680302675,1.0,1.0,1.0,1.0
1630680302815,1.0,1.0,1.0,1.0
1630680302878,1.0,1.0,1.0,1.0
1630680302987,1.0,1.0,1.0,1.0
1630680303112,1.0,1.0,1.0,1.0
1630680303214,1.0,1.0,1.0,1.0
1630680303308,1.0,1.0,1.0,1.0
1630680303386,1.0,1.0,1.0,1.0
1630680303464,1.0,1.0,1.0,1.0
1630680303576,1.0,1.0,1.0,1.0
1630680303702,1.0,1.0,1.0,1.0
1630680303795,1.0,1.0,1.0,1.0
1630680303904,1.0,1.0,1.0,1.0
1630680303966,1.0,1.0,1.0,1.0
1630680304076,1.0,1.0,1.0,1.0
1630680304170,1.0,1.0,1.0,1.0
1630680304341,1.0,1.0,1.0,1.0
1630680304388,1.0,1.0,1.0,1.0
1630680304498,1.0,1.0,1.0,1.0
1630680304622,1.0,1.0,1.0,1.0
1630680304687,1.0,1.0,1.0,1.0
1630680304828,1.0,1.0,1.0,1.0
1630680304921,1.0,1.0,1.0,1.0
1630680305015,1.0,1.0,1.0,1.0
1630680305156,1.0,1.0,1.0,1.0
1630680305234,1.0,1.0,1.0,1.0
1630680305327,1.0,1.0,1.0,1.0
1630680305390,1.0,1.0,1.0,1.0
1630680305546,1.0,1.0,1.0,1.0
1630680305642,1.0,1.0,1.0,1.0
1630680305736,1.0,1.0,1.0,1.0
1630680305845,1.0,1.0,1.0,1.0
1630680305942,1.0,1.0,1.0,1.0
1630680306020,1.0,1.0,1.0,1.0
1630680306145,1.0,1.0,1.0,1.0
1630680306239,1.0,1.0,1.0,1.0
1630680306348,1.0,1.0,1.0,1.0
1630680306442,1.0,1.0,1.0,1.0
1630680306504,1.0,1.0,1.0,1.0
1630680306614,1.0,1.0,1.0,1.0
1630680306773,1.0,1.0,1.0,1.0
1630680306882,1.0,1.0,1.0,1.0
1630680306944,1.0,1.0,1.0,1.0
1630680307038,1.0,1.0,1.0,1.0
1630680307132,1.0,1.0,1.0,1.0
1630680307241,1.0,1.0,1.0,1.0
1630680307382,1.0,1.0,1.0,1.0
1630680307476,1.0,1.0,1.0,1.0
1630680307585,1.0,1.0,1.0,1.0
1630680307647,1.0,1.0,1.0,1.0
1630680307741,1.0,1.0,1.0,1.0
1630680307850,1.0,1.0,1.0,1.0
1630680307975,1.0,1.0,1.0,1.0
1630680308069,1.0,1.0,1.0,1.0
1630680308147,1.0,1.0,1.0,1.0
1630680308273,1.0,1.0,1.0,1.0
1630680308366,1.0,1.0,1.0,1.0
1630680308444,1.0,1.0,1.0,1.0
1630680308603,1.0,1.0,1.0,1.0
1630680308697,1.0,1.0,1.0,1.0
1630680308790,1.0,1.0,1.0,1.0
1630680308868,1.0,1.0,1.0,1.0
1630680308962,1.0,1.0,1.0,1.0
1630680309087,1.0,1.0,1.0,1.0
1630680309196,1.0,1.0,1.0,1.0
1630680309290,1.0,1.0,1.0,1.0
1630680309400,1.0,1.0,1.0,1.0
1630680309478,1.0,1.0,1.0,1.0
1630680309574,1.0,1.0,1.0,1.0
1630680309683,1.0,1.0,1.0,1.0
1630680309808,1.0,1.0,1.0,1.0
1630680309902,1.0,1.0,1.0,1.0
1630680310011,1.0,1.0,1.0,1.0
1630680310120,1.0,1.0,1.0,1.0
1630680310179,1.0,1.0,1.0,1.0
1630680310273,1.0,1.0,1.0,1.0
1630680310413,1.0,1.0,1.0,1.0
1630680310508,1.0,1.0,1.0,1.0
1630680310606,1.0,1.0,1.0,1.0
1630680310718,1.0,1.0,1.0,1.0
1630680310764,1.0,1.0,1.0,1.0
1630680310904,1.0,1.0,1.0,1.0
1630680311028,1.0,1.0,1.0,1.0
1630680311116,1.0,1.0,1.0,1.0
1630680311202,1.0,1.0,1.0,1.0
1630680311295,1.0,1.0,1.0,1.0
1630680311405,1.0,1.0,1.0,1.0
1630680311514,1.0,1.0,1.0,1.0
1630680311628,1.0,1.0,1.0,1.0
1630680311738,1.0,1.0,1.0,1.0
1630680311831,1.0,1.0,1.0,1.0
1630680311894,1.0,1.0,1.0,1.0
1630680312041,1.0,1.0,1.0,1.0
1630680312114,1.0,1.0,1.0,1.0
1630680312255,1.0,1.0,1.0,1.0
1630680312333,1.0,1.0,1.0,1.0
1630680312442,1.0,1.0,1.0,1.0
1630680312537,1.0,1.0,1.0,1.0
1630680312616,1.0,1.0,1.0,1.0
1630680312707,1.0,1.0,1.0,1.0
1630680312877,1.0,1.0,1.0,1.0
1630680312955,1.0,1.0,1.0,1.0
1630680313034,1.0,1.0,1.0,1.0
1630680313116,1.0,1.0,1.0,1.0
1630680313226,1.0,1.0,1.0,1.0
1630680313366,1.0,1.0,1.0,1.0
1630680313444,1.0,1.0,1.0,1.0
1630680313554,1.0,1.0,1.0,1.0
1630680313698,1.0,1.0,1.0,1.0
1630680313760,1.0,1.0,1.0,1.0
1630680313854,1.0,1.0,1.0,1.0
1630680313947,1.0,1.0,1.0,1.0
1630680314119,1.0,1.0,1.0,1.0
1630680314182,1.0,1.0,1.0,1.0
1630680314276,1.0,1.0,1.0,1.0
1630680314385,1.0,1.0,1.0,1.0
1630680314447,1.0,1.0,1.0,1.0
1630680314557,1.0,1.0,1.0,1.0
1630680314700,1.0,1.0,1.0,1.0
1630680314794,1.0,1.0,1.0,1.0
1630680314856,1.0,1.0,1.0,1.0
1630680314966,1.0,1.0,1.0,1.0
1630680315062,1.0,1.0,1.0,1.0
1630680315156,1.0,1.0,1.0,1.0
1630680315281,1.0,1.0,1.0,1.0
1630680315406,1.0,1.0,1.0,1.0
1630680315468,1.0,1.0,1.0,1.0
1630680315562,1.0,1.0,1.0,1.0
1630680315690,1.0,1.0,1.0,1.0
1630680315767,1.0,1.0,1.0,1.0
1630680315924,1.0,1.0,1.0,1.0
1630680316013,1.0,1.0,1.0,1.0
1630680316107,1.0,1.0,1.0,1.0
1630680316169,1.0,1.0,1.0,1.0
1630680316278,1.0,1.0,1.0,1.0
1630680316356,1.0,1.0,1.0,1.0
1630680316531,1.0,1.0,1.0,1.0
1630680316625,1.0,1.0,1.0,1.0
1630680316703,1.0,1.0,1.0,1.0
1630680316797,1.0,1.0,1.0,1.0
1630680316891,1.0,1.0,1.0,1.0
1630680316984,1.0,1.0,1.0,1.0
1630680317125,1.0,1.0,1.0,1.0
1630680317234,1.0,1.0,1.0,1.0
1630680317359,1.0,1.0,1.0,1.0
1630680317391,1.0,1.0,1.0,1.0
1630680317531,1.0,1.0,1.0,1.0
1630680317594,1.0,1.0,1.0,1.0
1630680317719,1.0,1.0,1.0,1.0
1630680317812,1.0,1.0,1.0,1.0
1630680317937,1.0,1.0,1.0,1.0
1630680318031,1.0,1.0,1.0,1.0
1630680318140,1.0,1.0,1.0,1.0
1630680318219,1.0,1.0,1.0,1.0
1630680318328,1.0,1.0,1.0,1.0
1630680318422,2.0,1.0,1.0,2.0
1630680318531,2.0,1.0,1.0,2.0
1630680318625,2.0,1.0,1.0,2.0
1630680318734,2.0,1.0,1.0,2.0
1630680318828,1.0,1.0,1.0,1.0
1630680318968,1.0,1.0,1.0,1.0
1630680319031,1.0,1.0,1.0,1.0
1630680319160,1.0,1.0,1.0,1.0
1630680319254,1.0,1.0,1.0,1.0
1630680319316,1.0,1.0,1.0,1.0
1630680319425,1.0,1.0,1.0,1.0
1630680319566,1.0,1.0,1.0,1.0
1630680319628,1.0,1.0,1.0,1.0
1630680319738,1.0,1.0,1.0,1.0
1630680319847,1.0,1.0,1.0,1.0
1630680319941,1.0,1.0,1.0,1.0
1630680320050,1.0,1.0,1.0,1.0
1630680320175,1.0,1.0,1.0,1.0
1630680320253,1.0,1.0,1.0,1.0
1630680320362,1.0,1.0,1.0,1.0
1630680320472,1.0,1.0,1.0,1.0
1630680320550,1.0,1.0,1.0,1.0
1630680320631,1.0,1.0,1.0,1.0
1630680320771,1.0,1.0,1.0,1.0
1630680320881,1.0,1.0,1.0,1.0
1630680320959,1.0,1.0,1.0,1.0
1630680321052,1.0,1.0,1.0,1.0
1630680321162,1.0,1.0,1.0,1.0
1630680321271,1.0,1.0,1.0,1.0
1630680321380,1.0,1.0,1.0,1.0
1630680321490,1.0,1.0,1.0,1.0
1630680321552,1.0,1.0,1.0,1.0
1630680321693,1.0,1.0,1.0,1.0
1630680321755,1.0,1.0,1.0,1.0
1630680321849,1.0,1.0,1.0,1.0
1630680322005,1.0,1.0,1.0,1.0
1630680322130,1.0,1.0,1.0,1.0
1630680322240,1.0,1.0,1.0,1.0
1630680322286,1.0,1.0,1.0,1.0
1630680322365,1.0,1.0,1.0,1.0
1630680322462,1.0,1.0,1.0,1.0
1630680322602,1.0,1.0,1.0,1.0
1630680322680,1.0,1.0,1.0,1.0
1630680322805,1.0,1.0,1.0,1.0
1630680322899,1.0,1.0,1.0,1.0
1630680322993,1.0,1.0,1.0,1.0
1630680323055,1.0,1.0,1.0,1.0
1630680323190,1.0,1.0,1.0,1.0
1630680323315,1.0,1.0,1.0,1.0
1630680323393,1.0,1.0,1.0,1.0
1630680323503,1.0,1.0,1.0,1.0
1630680323597,1.0,1.0,1.0,1.0
1630680323690,1.0,1.0,1.0,1.0
1630680323831,1.0,1.0,1.0,1.0
1630680323925,1.0,1.0,1.0,1.0
1630680324018,1.0,1.0,1.0,1.0
1630680324112,1.0,1.0,1.0,1.0
1630680324206,1.0,1.0,1.0,1.0
1630680324284,1.0,1.0,1.0,1.0
1630680324440,1.0,1.0,1.0,1.0
1630680324553,1.0,1.0,1.0,1.0
1630680324616,1.0,1.0,1.0,1.0
1630680324725,1.0,1.0,1.0,1.0
1630680324803,1.0,1.0,1.0,1.0
1630680324913,1.0,1.0,1.0,1.0
1630680325038,1.0,1.0,1.0,1.0
1630680325116,1.0,1.0,1.0,1.0
1630680325225,1.0,1.0,1.0,1.0
1630680325363,1.0,1.0,1.0,1.0
1630680325409,1.0,1.0,1.0,1.0
1630680325517,1.0,1.0,1.0,1.0
1630680325660,2.0,1.0,1.0,2.0
1630680325782,2.0,1.0,1.0,2.0
1630680325830,2.0,1.0,1.0,2.0
1630680325938,2.0,1.0,1.0,2.0
1630680326033,2.0,1.0,1.0,2.0
1630680326109,1.0,1.0,1.0,1.0
1630680326266,1.0,1.0,1.0,1.0
1630680326343,1.0,1.0,1.0,1.0
1630680326451,1.0,1.0,1.0,1.0
1630680326516,1.0,1.0,1.0,1.0
1630680326625,1.0,1.0,1.0,1.0
1630680326720,1.0,1.0,1.0,1.0
1630680326868,1.0,1.0,1.0,1.0
1630680326954,1.0,1.0,1.0,1.0
1630680327050,1.0,1.0,1.0,1.0
1630680327147,1.0,1.0,1.0,1.0
1630680327241,1.0,1.0,1.0,1.0
1630680327334,1.0,1.0,1.0,1.0
1630680327463,1.0,1.0,1.0,1.0
1630680327572,1.0,1.0,1.0,1.0
1630680327681,1.0,1.0,1.0,1.0
1630680327790,1.0,1.0,1.0,1.0
1630680327884,1.0,1.0,1.0,1.0
1630680327947,1.0,1.0,1.0,1.0
1630680328091,1.0,1.0,1.0,1.0
1630680328166,1.0,1.0,1.0,1.0
1630680328293,1.0,1.0,1.0,1.0
1630680328377,1.0,1.0,1.0,1.0
1630680328470,1.0,1.0,1.0,1.0
1630680328564,1.0,1.0,1.0,1.0
1630680328705,1.0,1.0,1.0,1.0
1630680328783,1.0,1.0,1.0,1.0
1630680328908,1.0,1.0,1.0,1.0
1630680328970,1.0,1.0,1.0,1.0
1630680329080,1.0,1.0,1.0,1.0
1630680329189,1.0,1.0,1.0,1.0
1630680329298,1.0,1.0,1.0,1.0
1630680329423,1.0,1.0,1.0,1.0
1630680329502,1.0,1.0,1.0,1.0
1630680329611,1.0,1.0,1.0,1.0
1630680329697,1.0,1.0,1.0,1.0
1630680329775,1.0,1.0,1.0,1.0
1630680329900,1.0,1.0,1.0,1.0
1630680330025,1.0,1.0,1.0,1.0
1630680330125,1.0,1.0,1.0,1.0
1630680330202,1.0,1.0,1.0,1.0
1630680330310,1.0,1.0,1.0,1.0
1630680330388,1.0,1.0,1.0,1.0
1630680330560,1.0,1.0,1.0,1.0
1630680330638,1.0,1.0,1.0,1.0
1630680330716,1.0,1.0,1.0,1.0
1630680330825,1.0,1.0,1.0,1.0
1630680330919,1.0,1.0,1.0,1.0
1630680330997,1.0,1.0,1.0,1.0
1630680331157,1.0,1.0,1.0,1.0
1630680331235,1.0,1.0,1.0,1.0
1630680331313,1.0,1.0,1.0,1.0
1630680331438,1.0,1.0,1.0,1.0
1630680331487,1.0,1.0,1.0,1.0
1630680331628,1.0,1.0,1.0,1.0
1630680331768,1.0,1.0,1.0,1.0
1630680331831,1.0,1.0,1.0,1.0
1630680331933,1.0,1.0,1.0,1.0
1630680332011,1.0,1.0,1.0,1.0
1630680332105,1.0,1.0,1.0,1.0
1630680332214,1.0,1.0,1.0,1.0
1630680332354,1.0,1.0,1.0,1.0
1630680332448,1.0,1.0,1.0,1.0
1630680332514,1.0,1.0,1.0,1.0
1630680332654,1.0,1.0,1.0,1.0
1630680332717,1.0,1.0,1.0,1.0
1630680332826,1.0,1.0,1.0,1.0
1630680332951,1.0,1.0,1.0,1.0
1630680333060,1.0,1.0,1.0,1.0
1630680333170,1.0,1.0,1.0,1.0
1630680333232,1.0,1.0,1.0,1.0
1630680333373,1.0,1.0,1.0,1.0
1630680333420,2.0,1.0,1.0,2.0
1630680333564,2.0,1.0,1.0,2.0
1630680333658,2.0,1.0,1.0,2.0
1630680333752,2.0,1.0,1.0,2.0
1630680333877,2.0,1.0,1.0,2.0
1630680333939,2.0,1.0,1.0,2.0
1630680334033,2.0,1.0,1.0,2.0
1630680334177,2.0,1.0,1.0,2.0
1630680334287,2.0,1.0,1.0,2.0
1630680334381,2.0,1.0,1.0,2.0
1630680334490,2.0,1.0,1.0,2.0
1630680334568,2.0,1.0,1.0,2.0
1630680334649,2.0,1.0,1.0,2.0
1630680334790,2.0,1.0,1.0,2.0
1630680334914,1.0,1.0,1.0,1.0
1630680334977,1.0,1.0,1.0,1.0
1630680335087,1.0,1.0,1.0,1.0
1630680335180,1.0,1.0,1.0,1.0
1630680335274,1.0,1.0,1.0,1.0
1630680335399,1.0,1.0,1.0,1.0
1630680335508,1.0,1.0,1.0,1.0
1630680335586,1.0,1.0,1.0,1.0
1630680335683,1.0,1.0,1.0,1.0
1630680335777,1.0,1.0,1.0,1.0
1630680335870,1.0,1.0,1.0,1.0
1630680336042,1.0,1.0,1.0,1.0
1630680336120,1.0,1.0,1.0,1.0
1630680336198,1.0,1.0,1.0,1.0
1630680336292,1.0,1.0,1.0,1.0
1630680336386,1.0,1.0,1.0,1.0
1630680336495,1.0,1.0,1.0,1.0
1630680336638,1.0,1.0,1.0,1.0
1630680336717,1.0,1.0,1.0,1.0
1630680336826,1.0,1.0,1.0,1.0
1630680336904,1.0,1.0,1.0,1.0
1630680337029,1.0,1.0,1.0,1.0
1630680337092,1.0,1.0,1.0,1.0
1630680337232,1.0,1.0,1.0,1.0
1630680337326,1.0,1.0,1.0,1.0
1630680337420,1.0,1.0,1.0,1.0
1630680337529,1.0,1.0,1.0,1.0
1630680337638,1.0,1.0,1.0,1.0
1630680337685,1.0,1.0,1.0,1.0
1630680337826,1.0,1.0,1.0,1.0
1630680337935,1.0,1.0,1.0,1.0
1630680338029,1.0,1.0,1.0,1.0
1630680338138,1.0,1.0,1.0,1.0
1630680338216,1.0,1.0,1.0,1.0
1630680338310,1.0,1.0,1.0,1.0
1630680338450,1.0,1.0,1.0,1.0
1630680338546,1.0,1.0,1.0,1.0
1630680338656,1.0,1.0,1.0,1.0
1630680338750,1.0,1.0,1.0,1.0
1630680338890,1.0,1.0,1.0,1.0
1630680338921,1.0,1.0,1.0,1.0
1630680339062,1.0,1.0,1.0,1.0
1630680339140,1.0,1.0,1.0,1.0
1630680339249,1.0,1.0,1.0,1.0
1630680339343,1.0,1.0,1.0,1.0
1630680339452,1.0,1.0,1.0,1.0
1630680339549,1.0,1.0,1.0,1.0
1630680339674,1.0,1.0,1.0,1.0
1630680339784,1.0,1.0,1.0,1.0
1630680339877,1.0,1.0,1.0,1.0
1630680339971,1.0,1.0,1.0,1.0
1630680340034,1.0,1.0,1.0,1.0
1630680340127,1.0,1.0,1.0,1.0
1630680340291,1.0,1.0,1.0,1.0
1630680340360,1.0,1.0,1.0,1.0
1630680340454,1.0,1.0,1.0,1.0
1630680340547,1.0,1.0,1.0,1.0
1630680340657,1.0,1.0,1.0,1.0
1630680340769,1.0,1.0,1.0,1.0
1630680340909,1.0,1.0,1.0,1.0
1630680340984,1.0,1.0,1.0,1.0
1630680341046,1.0,1.0,1.0,1.0
1630680341156,1.0,1.0,1.0,1.0
1630680341251,1.0,1.0,1.0,1.0
1630680341357,1.0,1.0,1.0,1.0
1630680341488,1.0,1.0,1.0,1.0
1630680341576,1.0,1.0,1.0,1.0
1630680341679,1.0,1.0,1.0,1.0
1630680341793,1.0,1.0,1.0,1.0
1630680341871,1.0,1.0,1.0,1.0
1630680341965,1.0,1.0,1.0,1.0
1630680342114,1.0,1.0,1.0,1.0
1630680342208,1.0,1.0,1.0,1.0
1630680342270,1.0,1.0,1.0,1.0
1630680342411,1.0,1.0,1.0,1.0
1630680342489,1.0,1.0,1.0,1.0
1630680342582,1.0,1.0,1.0,1.0
1630680342708,1.0,1.0,1.0,1.0
1630680342816,1.0,1.0,1.0,1.0
1630680342907,1.0,1.0,1.0,1.0
1630680343012,1.0,1.0,1.0,1.0
1630680343074,1.0,1.0,1.0,1.0
1630680343199,1.0,1.0,1.0,1.0
1630680343340,1.0,1.0,1.0,1.0
1630680343414,1.0,1.0,1.0,1.0
1630680343507,1.0,1.0,1.0,1.0
1630680343617,1.0,1.0,1.0,1.0
1630680343710,1.0,1.0,1.0,1.0
1630680343789,1.0,1.0,1.0,1.0
1630680343930,1.0,1.0,1.0,1.0
1630680344058,1.0,1.0,1.0,1.0
1630680344136,1.0,1.0,1.0,1.0
1630680344230,1.0,1.0,1.0,1.0
1630680344324,1.0,1.0,1.0,1.0
1630680344419,1.0,1.0,1.0,1.0
1630680344561,1.0,1.0,1.0,1.0
1630680344655,1.0,1.0,1.0,1.0
1630680344717,1.0,1.0,1.0,1.0
1630680344827,1.0,1.0,1.0,1.0
1630680344936,1.0,1.0,1.0,1.0
1630680344998,1.0,1.0,1.0,1.0
1630680345155,1.0,1.0,1.0,1.0
1630680345261,1.0,1.0,1.0,1.0
1630680345324,1.0,1.0,1.0,1.0
1630680345433,1.0,1.0,1.0,1.0
1630680345515,1.0,1.0,1.0,1.0
1630680345609,1.0,1.0,1.0,1.0
1630680345734,1.0,1.0,1.0,1.0
1630680345874,1.0,1.0,1.0,1.0
1630680345968,1.0,1.0,1.0,1.0
1630680346046,1.0,1.0,1.0,1.0
1630680346181,1.0,1.0,1.0,1.0
1630680346259,1.0,1.0,1.0,1.0
1630680346397,1.0,1.0,1.0,1.0
1630680346459,1.0,1.0,1.0,1.0
1630680346603,1.0,1.0,1.0,1.0
1630680346650,1.0,1.0,1.0,1.0
1630680346759,1.0,1.0,1.0,1.0
1630680346900,1.0,1.0,1.0,1.0
1630680346978,1.0,1.0,1.0,1.0
1630680347088,1.0,1.0,1.0,1.0
1630680347166,1.0,1.0,1.0,1.0
1630680347259,1.0,1.0,1.0,1.0
1630680347368,1.0,1.0,1.0,1.0
1630680347447,1.0,1.0,1.0,1.0
1630680347575,1.0,1.0,1.0,1.0
1630680347669,1.0,1.0,1.0,1.0
1630680347778,1.0,1.0,1.0,1.0
1630680347887,1.0,1.0,1.0,1.0
1630680347981,1.0,1.0,1.0,1.0
1630680348075,1.0,1.0,1.0,1.0
1630680348200,1.0,1.0,1.0,1.0
1630680348278,1.0,1.0,1.0,1.0
1630680348387,1.0,1.0,1.0,1.0
1630680348481,1.0,1.0,1.0,1.0
1630680348574,1.0,1.0,1.0,1.0
1630680348672,1.0,1.0,1.0,1.0
1630680348797,1.0,1.0,1.0,1.0
1630680348907,1.0,1.0,1.0,1.0
1630680349000,1.0,1.0,1.0,1.0
1630680349078,1.0,1.0,1.0,1.0
1630680349187,1.0,1.0,1.0,1.0
1630680349265,1.0,1.0,1.0,1.0
1630680349424,1.0,1.0,1.0,1.0
1630680349502,1.0,1.0,1.0,1.0
1630680349627,1.0,1.0,1.0,1.0
1630680349689,1.0,1.0,1.0,1.0
1630680349799,1.0,1.0,1.0,1.0
1630680349893,1.0,1.0,1.0,1.0
1630680350033,1.0,1.0,1.0,1.0
1630680350158,1.0,1.0,1.0,1.0
1630680350221,1.0,1.0,1.0,1.0
1630680350330,1.0,1.0,1.0,1.0
1630680350392,1.0,1.0,1.0,1.0
1630680350521,1.0,1.0,1.0,1.0
1630680350614,1.0,1.0,1.0,1.0
1630680350724,1.0,1.0,1.0,1.0
1630680350817,2.0,1.0,1.0,2.0
1630680350911,2.0,1.0,1.0,2.0
1630680351005,2.0,1.0,1.0,2.0
1630680351114,2.0,1.0,1.0,2.0
1630680351239,2.0,1.0,1.0,2.0
1630680351348,2.0,1.0,1.0,2.0
1630680351442,2.0,1.0,1.0,2.0
1630680351555,2.0,1.0,1.0,2.0
1630680351617,2.0,1.0,1.0,2.0
1630680351742,2.0,1.0,1.0,2.0
1630680351882,2.0,1.0,1.0,2.0
1630680351945,1.0,1.0,1.0,1.0
1630680352039,1.0,1.0,1.0,1.0
1630680352132,1.0,1.0,1.0,1.0
1630680352242,1.0,1.0,1.0,1.0
1630680352351,1.0,1.0,1.0,1.0
1630680352476,1.0,1.0,1.0,1.0
1630680352572,1.0,1.0,1.0,1.0
1630680352650,1.0,1.0,1.0,1.0
1630680352744,1.0,1.0,1.0,1.0
1630680352837,1.0,1.0,1.0,1.0
1630680352947,1.0,1.0,1.0,1.0
1630680353072,1.0,1.0,1.0,1.0
1630680353166,1.0,1.0,1.0,1.0
1630680353243,1.0,1.0,1.0,1.0
1630680353384,1.0,1.0,1.0,1.0
1630680353447,1.0,1.0,1.0,1.0
1630680353525,1.0,1.0,1.0,1.0
1630680353683,1.0,1.0,1.0,1.0
1630680353777,1.0,1.0,1.0,1.0
1630680353871,1.0,1.0,1.0,1.0
1630680353977,1.0,1.0,1.0,1.0
1630680354071,1.0,1.0,1.0,1.0
1630680354133,1.0,1.0,1.0,1.0
1630680354305,1.0,1.0,1.0,1.0
1630680354414,1.0,1.0,1.0,1.0
1630680354477,1.0,1.0,1.0,1.0
1630680354571,1.0,1.0,1.0,1.0
1630680354667,1.0,1.0,1.0,1.0
1630680354776,1.0,1.0,1.0,1.0
1630680354917,1.0,1.0,1.0,1.0
1630680355011,1.0,1.0,1.0,1.0
1630680355104,1.0,1.0,1.0,1.0
1630680355198,1.0,1.0,1.0,1.0
1630680355276,1.0,1.0,1.0,1.0
1630680355370,1.0,1.0,1.0,1.0
1630680355509,1.0,1.0,1.0,1.0
1630680355618,1.0,1.0,1.0,1.0
1630680355699,1.0,1.0,1.0,1.0
1630680355777,1.0,1.0,1.0,1.0
1630680355871,1.0,1.0,1.0,1.0
1630680355980,1.0,1.0,1.0,1.0
1630680356105,1.0,1.0,1.0,1.0
1630680356214,1.0,1.0,1.0,1.0
1630680356308,1.0,1.0,1.0,1.0
1630680356419,1.0,1.0,1.0,1.0
1630680356513,1.0,1.0,1.0,1.0
1630680356576,1.0,1.0,1.0,1.0
1630680356747,1.0,1.0,1.0,1.0
1630680356810,1.0,1.0,1.0,1.0
1630680356919,1.0,1.0,1.0,1.0
1630680356997,1.0,1.0,1.0,1.0
1630680357091,1.0,1.0,1.0,1.0
1630680357216,1.0,1.0,1.0,1.0
1630680357321,1.0,1.0,1.0,1.0
1630680357437,1.0,1.0,1.0,1.0
1630680357522,1.0,1.0,1.0,1.0
1630680357630,1.0,1.0,1.0,1.0
1630680357722,1.0,1.0,1.0,1.0
1630680357799,1.0,1.0,1.0,1.0
1630680357959,1.0,1.0,1.0,1.0
1630680358018,1.0,1.0,1.0,1.0
1630680358129,1.0,1.0,1.0,1.0
1630680358218,1.0,1.0,1.0,1.0
1630680358310,1.0,1.0,1.0,1.0
1630680358420,1.0,1.0,1.0,1.0
1630680358530,1.0,1.0,1.0,1.0
1630680358640,1.0,1.0,1.0,1.0
1630680358733,1.0,1.0,1.0,1.0
1630680358827,1.0,1.0,1.0,1.0
1630680358937,1.0,1.0,1.0,1.0
1630680359079,1.0,1.0,1.0,1.0
1630680359172,1.0,1.0,1.0,1.0
1630680359266,1.0,1.0,1.0,1.0
1630680359376,1.0,1.0,1.0,1.0
1630680359464,1.0,1.0,1.0,1.0
1630680359542,1.0,1.0,1.0,1.0
1630680359651,1.0,1.0,1.0,1.0
1630680359777,1.0,1.0,1.0,1.0
1630680359878,1.0,1.0,1.0,1.0
1630680359972,1.0,1.0,1.0,1.0
1630680360065,1.0,1.0,1.0,1.0
1630680360128,1.0,1.0,1.0,1.0
1630680360222,1.0,1.0,1.0,1.0
1630680360394,1.0,1.0,1.0,1.0
1630680360487,1.0,1.0,1.0,1.0
1630680360593,2.0,1.0,1.0,2.0
1630680360687,2.0,1.0,1.0,2.0
1630680360734,1.0,1.0,1.0,1.0
1630680360835,1.0,1.0,1.0,1.0
1630680361009,1.0,1.0,1.0,1.0
1630680361071,1.0,1.0,1.0,1.0
1630680361211,1.0,1.0,1.0,1.0
1630680361273,1.0,1.0,1.0,1.0
1630680361364,1.0,1.0,1.0,1.0
1630680361459,1.0,1.0,1.0,1.0
1630680361618,1.0,1.0,1.0,1.0
1630680361680,1.0,1.0,1.0,1.0
1630680361805,1.0,1.0,1.0,1.0
1630680361884,1.0,1.0,1.0,1.0
1630680361976,1.0,1.0,1.0,1.0
1630680362070,1.0,1.0,1.0,1.0
1630680362213,1.0,1.0,1.0,1.0
1630680362308,1.0,1.0,1.0,1.0
1630680362401,1.0,1.0,1.0,1.0
1630680362479,1.0,1.0,1.0,1.0
1630680362590,1.0,1.0,1.0,1.0
1630680362668,1.0,1.0,1.0,1.0
1630680362824,1.0,1.0,1.0,1.0
1630680362986,1.0,1.0,1.0,1.0
1630680362997,1.0,1.0,1.0,1.0
1630680363092,1.0,1.0,1.0,1.0
1630680363184,1.0,1.0,1.0,1.0
1630680363274,1.0,1.0,1.0,1.0
1630680363434,1.0,1.0,1.0,1.0
1630680363529,1.0,1.0,1.0,1.0
1630680363610,1.0,1.0,1.0,1.0
1630680363704,1.0,1.0,1.0,1.0
1630680363797,1.0,1.0,1.0,1.0
1630680363907,1.0,1.0,1.0,1.0
1630680364044,1.0,1.0,1.0,1.0
1630680364143,1.0,1.0,1.0,1.0
1630680364221,1.0,1.0,1.0,1.0
1630680364338,1.0,1.0,1.0,1.0
1630680364438,2.0,1.0,1.0,2.0
1630680364486,1.0,1.0,1.0,1.0
1630680364661,1.0,1.0,1.0,1.0
1630680364771,1.0,1.0,1.0,1.0
1630680364817,1.0,1.0,1.0,1.0
1630680364925,1.0,1.0,1.0,1.0
1630680365020,1.0,1.0,1.0,1.0
1630680365116,1.0,1.0,1.0,1.0
1630680365258,1.0,1.0,1.0,1.0
1630680365353,1.0,1.0,1.0,1.0
1630680365454,1.0,1.0,1.0,1.0
1630680365525,1.0,1.0,1.0,1.0
1630680365619,1.0,1.0,1.0,1.0
1630680365714,1.0,1.0,1.0,1.0
1630680365887,1.0,1.0,1.0,1.0
1630680365949,1.0,1.0,1.0,1.0
1630680366043,1.0,1.0,1.0,1.0
1630680366143,1.0,1.0,1.0,1.0
1630680366244,1.0,1.0,1.0,1.0
1630680366337,1.0,1.0,1.0,1.0
1630680366478,1.0,1.0,1.0,1.0
1630680366556,1.0,1.0,1.0,1.0
1630680366652,1.0,1.0,1.0,1.0
1630680366761,1.0,1.0,1.0,1.0
1630680366856,1.0,1.0,1.0,1.0
1630680366950,1.0,1.0,1.0,1.0
1630680367110,1.0,1.0,1.0,1.0
1630680367173,1.0,1.0,1.0,1.0
1630680367267,1.0,1.0,1.0,1.0
1630680367376,1.0,1.0,1.0,1.0
1630680367438,1.0,1.0,1.0,1.0
1630680367563,1.0,1.0,1.0,1.0
1630680367680,1.0,1.0,1.0,1.0
1630680367773,1.0,1.0,1.0,1.0
1630680367883,1.0,1.0,1.0,1.0
1630680367961,1.0,1.0,1.0,1.0
1630680368086,1.0,1.0,1.0,1.0
1630680368164,1.0,1.0,1.0,1.0
1630680368309,1.0,1.0,1.0,1.0
1630680368404,1.0,1.0,1.0,1.0
1630680368513,1.0,1.0,1.0,1.0
1630680368575,1.0,1.0,1.0,1.0
1630680368669,1.0,1.0,1.0,1.0
1630680368763,1.0,1.0,1.0,1.0
1630680368935,1.0,1.0,1.0,1.0
1630680368997,1.0,1.0,1.0,1.0
1630680369091,1.0,1.0,1.0,1.0
1630680369200,1.0,1.0,1.0,1.0
1630680369297,1.0,1.0,1.0,1.0
1630680369391,1.0,1.0,1.0,1.0
1630680369516,1.0,1.0,1.0,1.0
1630680369625,1.0,1.0,1.0,1.0
1630680369719,1.0,1.0,1.0,1.0
1630680369828,1.0,1.0,1.0,1.0
1630680369906,1.0,1.0,1.0,1.0
1630680370000,1.0,1.0,1.0,1.0
1630680370125,1.0,1.0,1.0,1.0
1630680370266,1.0,1.0,1.0,1.0
1630680370328,1.0,1.0,1.0,1.0
1630680370432,1.0,1.0,1.0,1.0
1630680370529,1.0,1.0,1.0,1.0
1630680370592,1.0,1.0,1.0,1.0
1630680370760,1.0,1.0,1.0,1.0
1630680370853,1.0,1.0,1.0,1.0
1630680370994,1.0,1.0,1.0,1.0
1630680371025,1.0,1.0,1.0,1.0
1630680371150,1.0,1.0,1.0,1.0
1630680371228,1.0,1.0,1.0,1.0
1630680371369,1.0,1.0,1.0,1.0
1630680371494,1.0,1.0,1.0,1.0
1630680371525,1.0,1.0,1.0,1.0
1630680371619,1.0,1.0,1.0,1.0
1630680371760,1.0,1.0,1.0,1.0
1630680371853,1.0,1.0,1.0,1.0
1630680371963,1.0,1.0,1.0,1.0
1630680372072,1.0,1.0,1.0,1.0
1630680372166,1.0,1.0,1.0,1.0
1630680372260,1.0,1.0,1.0,1.0
1630680372338,1.0,1.0,1.0,1.0
1630680372431,1.0,1.0,1.0,1.0
1630680372556,1.0,1.0,1.0,1.0
1630680372669,1.0,1.0,1.0,1.0
1630680372762,1.0,1.0,1.0,1.0
1630680372872,1.0,1.0,1.0,1.0
1630680372966,1.0,1.0,1.0,1.0
1630680373028,1.0,1.0,1.0,1.0
1630680373169,1.0,1.0,1.0,1.0
1630680373294,1.0,1.0,1.0,1.0
1630680373356,1.0,1.0,1.0,1.0
1630680373465,1.0,1.0,1.0,1.0
1630680373559,1.0,1.0,1.0,1.0
1630680373653,1.0,1.0,1.0,1.0
1630680373793,1.0,1.0,1.0,1.0
1630680373903,1.0,1.0,1.0,1.0
1630680373996,1.0,1.0,1.0,1.0
1630680374059,1.0,1.0,1.0,1.0
1630680374168,1.0,1.0,1.0,1.0
1630680374262,1.0,1.0,1.0,1.0
1630680374387,1.0,1.0,1.0,1.0
1630680374496,1.0,1.0,1.0,1.0
1630680374590,1.0,1.0,1.0,1.0
1630680374668,1.0,1.0,1.0,1.0
1630680374793,1.0,1.0,1.0,1.0
1630680374871,1.0,1.0,1.0,1.0
1630680375043,1.0,1.0,1.0,1.0
1630680375106,1.0,1.0,1.0,1.0
1630680375215,1.0,1.0,1.0,1.0
1630680375309,1.0,1.0,1.0,1.0
1630680375371,1.0,1.0,1.0,1.0
1630680375480,1.0,1.0,1.0,1.0
1630680375652,1.0,1.0,1.0,1.0
1630680375762,1.0,1.0,1.0,1.0
1630680375793,1.0,1.0,1.0,1.0
1630680375887,1.0,1.0,1.0,1.0
1630680375996,1.0,1.0,1.0,1.0
1630680376090,1.0,1.0,1.0,1.0
1630680376231,1.0,1.0,1.0,1.0
1630680376309,1.0,1.0,1.0,1.0
1630680376449,1.0,1.0,1.0,1.0
1630680376515,1.0,1.0,1.0,1.0
1630680376609,1.0,1.0,1.0,1.0
1630680376718,1.0,1.0,1.0,1.0
1630680376843,1.0,1.0,1.0,1.0
1630680376905,1.0,1.0,1.0,1.0
1630680377015,1.0,1.0,1.0,1.0
1630680377108,1.0,1.0,1.0,1.0
1630680377186,1.0,1.0,1.0,1.0
1630680377296,1.0,1.0,1.0,1.0
1630680377468,1.0,1.0,1.0,1.0
1630680377532,1.0,1.0,1.0,1.0
1630680377627,1.0,1.0,1.0,1.0
1630680377736,1.0,1.0,1.0,1.0
1630680377830,1.0,1.0,1.0,1.0
1630680377924,1.0,1.0,1.0,1.0
1630680378033,1.0,1.0,1.0,1.0
1630680378142,1.0,1.0,1.0,1.0
1630680378243,1.0,1.0,1.0,1.0
1630680378352,1.0,1.0,1.0,1.0
1630680378415,1.0,1.0,1.0,1.0
1630680378540,1.0,1.0,1.0,1.0
1630680378684,1.0,1.0,1.0,1.0
1630680378746,1.0,1.0,1.0,1.0
1630680378871,1.0,1.0,1.0,1.0
1630680378949,1.0,1.0,1.0,1.0
1630680379043,1.0,1.0,1.0,1.0
1630680379137,2.0,1.0,1.0,2.0
1630680379293,2.0,1.0,1.0,2.0
1630680379387,2.0,1.0,1.0,2.0
1630680379465,2.0,1.0,1.0,2.0
1630680379607,2.0,1.0,1.0,2.0
1630680379654,2.0,1.0,1.0,2.0
1630680379764,2.0,1.0,1.0,2.0
1630680379904,2.0,1.0,1.0,2.0
1630680379998,2.0,1.0,1.0,2.0
1630680380091,2.0,1.0,1.0,2.0
1630680380170,2.0,1.0,1.0,2.0
1630680380263,2.0,1.0,1.0,2.0
1630680380373,2.0,1.0,1.0,2.0
1630680380498,2.0,1.0,1.0,2.0
1630680380607,2.0,1.0,1.0,2.0
1630680380672,2.0,1.0,1.0,2.0
1630680380797,1.0,1.0,1.0,1.0
1630680380859,1.0,1.0,1.0,1.0
1630680380953,1.0,1.0,1.0,1.0
1630680381093,1.0,1.0,1.0,1.0
1630680381203,1.0,1.0,1.0,1.0
1630680381343,1.0,1.0,1.0,1.0
1630680381375,1.0,1.0,1.0,1.0
1630680381484,1.0,1.0,1.0,1.0
1630680381578,1.0,1.0,1.0,1.0
1630680381703,1.0,1.0,1.0,1.0
1630680381812,1.0,1.0,1.0,1.0
1630680381921,1.0,1.0,1.0,1.0
1630680382015,1.0,1.0,1.0,1.0
1630680382124,1.0,1.0,1.0,1.0
1630680382218,1.0,1.0,1.0,1.0
1630680382312,1.0,1.0,1.0,1.0
1630680382420,1.0,1.0,1.0,1.0
1630680382502,1.0,1.0,1.0,1.0
1630680382611,1.0,1.0,1.0,1.0
1630680382705,1.0,1.0,1.0,1.0
1630680382783,1.0,1.0,1.0,1.0
1630680382924,1.0,1.0,1.0,1.0
1630680383048,1.0,1.0,1.0,1.0
1630680383111,1.0,1.0,1.0,1.0
1630680383220,1.0,1.0,1.0,1.0
1630680383314,1.0,1.0,1.0,1.0
1630680383408,1.0,1.0,1.0,1.0
1630680383548,1.0,1.0,1.0,1.0
1630680383642,1.0,1.0,1.0,1.0
1630680383736,1.0,1.0,1.0,1.0
1630680383830,1.0,1.0,1.0,1.0
1630680383923,1.0,1.0,1.0,1.0
1630680383986,1.0,1.0,1.0,1.0
1630680384158,1.0,1.0,1.0,1.0
1630680384236,1.0,1.0,1.0,1.0
1630680384329,1.0,1.0,1.0,1.0
1630680384439,1.0,1.0,1.0,1.0
1630680384534,1.0,1.0,1.0,1.0
1630680384628,1.0,1.0,1.0,1.0
1630680384753,1.0,1.0,1.0,1.0
1630680384862,1.0,1.0,1.0,1.0
1630680384956,1.0,1.0,1.0,1.0
1630680385034,1.0,1.0,1.0,1.0
1630680385128,1.0,1.0,1.0,1.0
1630680385222,1.0,1.0,1.0,1.0
1630680385362,1.0,1.0,1.0,1.0
1630680385456,1.0,1.0,1.0,1.0
1630680385552,1.0,1.0,1.0,1.0
1630680385662,1.0,1.0,1.0,1.0
1630680385771,1.0,1.0,1.0,1.0
1630680385834,1.0,1.0,1.0,1.0
1630680385974,1.0,1.0,1.0,1.0
1630680386068,1.0,1.0,1.0,1.0
1630680386162,1.0,1.0,1.0,1.0
1630680386271,1.0,1.0,1.0,1.0
1630680386365,1.0,1.0,1.0,1.0
1630680386459,1.0,1.0,1.0,1.0
1630680386586,1.0,1.0,1.0,1.0
1630680386664,1.0,1.0,1.0,1.0
1630680386789,1.0,1.0,1.0,1.0
1630680386883,1.0,1.0,1.0,1.0
1630680386945,1.0,1.0,1.0,1.0
1630680387070,1.0,1.0,1.0,1.0
1630680387195,1.0,1.0,1.0,1.0
1630680387289,1.0,1.0,1.0,1.0
1630680387398,1.0,1.0,1.0,1.0
1630680387461,1.0,1.0,1.0,1.0
1630680387586,1.0,1.0,1.0,1.0
1630680387698,1.0,1.0,1.0,1.0
1630680387823,1.0,1.0,1.0,1.0
1630680387885,1.0,1.0,1.0,1.0
1630680387997,1.0,1.0,1.0,1.0
1630680388121,1.0,1.0,1.0,1.0
1630680388184,1.0,1.0,1.0,1.0
1630680388278,1.0,1.0,1.0,1.0
1630680388402,1.0,1.0,1.0,1.0
1630680388496,1.0,1.0,1.0,1.0
1630680388606,1.0,1.0,1.0,1.0
1630680388701,1.0,1.0,1.0,1.0
1630680388795,1.0,1.0,1.0,1.0
1630680388889,1.0,1.0,1.0,1.0
1630680389029,1.0,1.0,1.0,1.0
1630680389139,2.0,1.0,1.0,2.0
1630680389185,2.0,1.0,1.0,2.0
1630680389295,1.0,1.0,1.0,1.0
1630680389404,1.0,1.0,1.0,1.0
1630680389498,1.0,1.0,1.0,1.0
1630680389656,1.0,1.0,1.0,1.0
1630680389719,1.0,1.0,1.0,1.0
1630680389844,1.0,1.0,1.0,1.0
1630680389906,1.0,1.0,1.0,1.0
1630680390000,1.0,1.0,1.0,1.0
1630680390094,1.0,1.0,1.0,1.0
1630680390250,1.0,1.0,1.0,1.0
1630680390328,1.0,1.0,1.0,1.0
1630680390437,1.0,1.0,1.0,1.0
1630680390531,1.0,1.0,1.0,1.0
1630680390609,1.0,1.0,1.0,1.0
1630680390706,1.0,1.0,1.0,1.0
1630680390846,1.0,1.0,1.0,1.0
1630680390940,1.0,1.0,1.0,1.0
1630680391081,1.0,1.0,1.0,1.0
1630680391128,1.0,1.0,1.0,1.0
1630680391221,1.0,1.0,1.0,1.0
1630680391331,1.0,1.0,1.0,1.0
1630680391471,1.0,1.0,1.0,1.0
1630680391565,1.0,1.0,1.0,1.0
1630680391659,1.0,1.0,1.0,1.0
1630680391755,1.0,1.0,1.0,1.0
1630680391833,1.0,1.0,1.0,1.0
1630680391973,1.0,1.0,1.0,1.0
1630680392067,1.0,1.0,1.0,1.0
1630680392161,1.0,1.0,1.0,1.0
1630680392254,1.0,1.0,1.0,1.0
1630680392364,1.0,1.0,1.0,1.0
1630680392458,1.0,1.0,1.0,1.0
1630680392520,1.0,1.0,1.0,1.0
1630680392661,1.0,1.0,1.0,1.0
1630680392770,1.0,1.0,1.0,1.0
1630680392886,1.0,1.0,1.0,1.0
1630680392959,1.0,1.0,1.0,1.0
1630680393037,1.0,1.0,1.0,1.0
1630680393161,1.0,1.0,1.0,1.0
1630680393286,1.0,1.0,1.0,1.0
1630680393384,1.0,1.0,1.0,1.0
1630680393459,1.0,1.0,1.0,1.0
1630680393569,1.0,1.0,1.0,1.0
1630680393679,1.0,1.0,1.0,1.0
1630680393741,1.0,1.0,1.0,1.0
1630680393897,1.0,1.0,1.0,1.0
1630680393973,1.0,1.0,1.0,1.0
1630680394067,1.0,1.0,1.0,1.0
1630680394175,1.0,1.0,1.0,1.0
1630680394279,1.0,1.0,1.0,1.0
1630680394373,1.0,1.0,1.0,1.0
1630680394498,1.0,1.0,1.0,1.0
1630680394576,1.0,1.0,1.0,1.0
1630680394701,1.0,1.0,1.0,1.0
1630680394779,1.0,1.0,1.0,1.0
1630680394878,1.0,1.0,1.0,1.0
1630680394972,1.0,1.0,1.0,1.0
1630680395113,1.0,1.0,1.0,1.0
1630680395206,1.0,1.0,1.0,1.0
1630680395314,1.0,1.0,1.0,1.0
1630680395423,1.0,1.0,1.0,1.0
1630680395498,1.0,1.0,1.0,1.0
1630680395592,1.0,1.0,1.0,1.0
1630680395716,1.0,1.0,1.0,1.0
1630680395826,1.0,1.0,1.0,1.0
1630680395935,1.0,1.0,1.0,1.0
1630680396000,1.0,1.0,1.0,1.0
1630680396094,1.0,1.0,1.0,1.0
1630680396188,1.0,1.0,1.0,1.0
1630680396360,1.0,1.0,1.0,1.0
1630680396407,1.0,1.0,1.0,1.0
1630680396520,1.0,1.0,1.0,1.0
1630680396614,1.0,1.0,1.0,1.0
1630680396708,1.0,1.0,1.0,1.0
1630680396817,1.0,1.0,1.0,1.0
1630680396942,1.0,1.0,1.0,1.0
1630680397051,1.0,1.0,1.0,1.0
1630680397147,1.0,1.0,1.0,1.0
1630680397225,1.0,1.0,1.0,1.0
1630680397319,1.0,1.0,1.0,1.0
1630680397413,1.0,1.0,1.0,1.0
1630680397553,1.0,1.0,1.0,1.0
1630680397647,1.0,1.0,1.0,1.0
1630680397756,1.0,1.0,1.0,1.0
1630680397850,1.0,1.0,1.0,1.0
1630680397912,1.0,1.0,1.0,1.0
1630680398022,1.0,1.0,1.0,1.0
1630680398146,1.0,1.0,1.0,1.0
1630680398240,1.0,1.0,1.0,1.0
1630680398350,1.0,1.0,1.0,1.0
1630680398444,1.0,1.0,1.0,1.0
1630680398537,1.0,1.0,1.0,1.0
1630680398631,1.0,1.0,1.0,1.0
1630680398782,1.0,1.0,1.0,1.0
1630680398844,1.0,1.0,1.0,1.0
1630680398953,1.0,1.0,1.0,1.0
1630680399079,1.0,1.0,1.0,1.0
1630680399157,1.0,1.0,1.0,1.0
1630680399251,1.0,1.0,1.0,1.0
1630680399408,1.0,1.0,1.0,1.0
1630680399486,1.0,1.0,1.0,1.0
1630680399548,1.0,1.0,1.0,1.0
1630680399660,1.0,1.0,1.0,1.0
1630680399738,1.0,1.0,1.0,1.0
1630680399848,1.0,1.0,1.0,1.0
1630680400004,1.0,1.0,1.0,1.0
1630680400098,1.0,1.0,1.0,1.0
1630680400160,1.0,1.0,1.0,1.0
1630680400254,1.0,1.0,1.0,1.0
1630680400363,1.0,1.0,1.0,1.0
1630680400457,1.0,1.0,1.0,1.0
1630680400585,1.0,1.0,1.0,1.0
1630680400694,1.0,1.0,1.0,1.0
1630680400788,1.0,1.0,1.0,1.0
1630680400898,1.0,1.0,1.0,1.0
1630680400960,1.0,1.0,1.0,1.0
1630680401085,1.0,1.0,1.0,1.0
1630680401214,1.0,1.0,1.0,1.0
1630680401307,1.0,1.0,1.0,1.0
1630680401401,1.0,1.0,1.0,1.0
1630680401494,1.0,1.0,1.0,1.0
1630680401592,1.0,1.0,1.0,1.0
1630680401654,1.0,1.0,1.0,1.0
1630680401842,1.0,1.0,1.0,1.0
1630680401920,1.0,1.0,1.0,1.0
1630680401998,1.0,1.0,1.0,1.0
1630680402076,1.0,1.0,1.0,1.0
1630680402217,1.0,1.0,1.0,1.0
1630680402280,1.0,1.0,1.0,1.0
1630680402404,1.0,1.0,1.0,1.0
1630680402514,1.0,1.0,1.0,1.0
1630680402625,1.0,1.0,1.0,1.0
1630680402719,1.0,1.0,1.0,1.0
1630680402813,1.0,1.0,1.0,1.0
1630680402875,1.0,1.0,1.0,1.0
1630680403047,1.0,1.0,1.0,1.0
1630680403125,1.0,1.0,1.0,1.0
1630680403203,1.0,1.0,1.0,1.0
1630680403312,1.0,1.0,1.0,1.0
1630680403437,1.0,1.0,1.0,1.0
1630680403515,1.0,1.0,1.0,1.0
1630680403675,1.0,1.0,1.0,1.0
1630680403753,1.0,1.0,1.0,1.0
1630680403831,1.0,1.0,1.0,1.0
1630680403956,1.0,1.0,1.0,1.0
1630680404034,1.0,1.0,1.0,1.0
1630680404143,1.0,1.0,1.0,1.0
1630680404253,1.0,1.0,1.0,1.0
1630680404346,1.0,1.0,1.0,1.0
1630680404440,2.0,1.0,1.0,2.0
1630680404534,2.0,1.0,1.0,2.0
1630680404628,2.0,1.0,1.0,2.0
1630680404737,2.0,1.0,1.0,2.0
1630680404862,2.0,1.0,1.0,2.0
1630680404956,2.0,1.0,1.0,2.0
1630680405065,2.0,1.0,1.0,2.0
1630680405174,2.0,1.0,1.0,2.0
1630680405221,2.0,1.0,1.0,2.0
1630680405331,2.0,1.0,1.0,2.0
1630680405457,2.0,1.0,1.0,2.0
1630680405567,2.0,1.0,1.0,2.0
1630680405676,2.0,1.0,1.0,2.0
1630680405770,2.0,1.0,1.0,2.0
1630680405832,1.0,1.0,1.0,1.0
1630680405957,1.0,1.0,1.0,1.0
1630680406091,1.0,1.0,1.0,1.0
1630680406169,1.0,1.0,1.0,1.0
1630680406263,1.0,1.0,1.0,1.0
1630680406373,1.0,1.0,1.0,1.0
1630680406470,1.0,1.0,1.0,1.0
1630680406564,1.0,1.0,1.0,1.0
1630680406689,1.0,1.0,1.0,1.0
1630680406798,1.0,1.0,1.0,1.0
1630680406876,1.0,1.0,1.0,1.0
1630680407001,1.0,1.0,1.0,1.0
1630680407063,1.0,1.0,1.0,1.0
1630680407157,1.0,1.0,1.0,1.0
1630680407345,1.0,1.0,1.0,1.0
1630680407407,1.0,1.0,1.0,1.0
1630680407503,1.0,1.0,1.0,1.0
1630680407597,1.0,1.0,1.0,1.0
1630680407675,1.0,1.0,1.0,1.0
1630680407753,1.0,1.0,1.0,1.0
1630680407940,1.0,1.0,1.0,1.0
1630680408034,1.0,1.0,1.0,1.0
1630680408097,1.0,1.0,1.0,1.0
1630680408190,1.0,1.0,1.0,1.0
1630680408300,1.0,1.0,1.0,1.0
1630680408362,1.0,1.0,1.0,1.0
1630680408536,1.0,1.0,1.0,1.0
1630680408630,1.0,1.0,1.0,1.0
1630680408708,1.0,1.0,1.0,1.0
1630680408786,1.0,1.0,1.0,1.0
1630680408911,1.0,1.0,1.0,1.0
1630680408974,1.0,1.0,1.0,1.0
1630680409114,1.0,1.0,1.0,1.0
1630680409224,1.0,1.0,1.0,1.0
1630680409317,1.0,1.0,1.0,1.0
1630680409411,1.0,1.0,1.0,1.0
1630680409520,1.0,1.0,1.0,1.0
1630680409585,1.0,1.0,1.0,1.0
1630680409741,1.0,1.0,1.0,1.0
1630680409850,1.0,1.0,1.0,1.0
1630680409929,1.0,1.0,1.0,1.0
1630680410007,1.0,1.0,1.0,1.0
1630680410116,1.0,1.0,1.0,1.0
1630680410225,1.0,1.0,1.0,1.0
1630680410350,1.0,1.0,1.0,1.0
1630680410460,1.0,1.0,1.0,1.0
1630680410553,1.0,1.0,1.0,1.0
1630680410618,1.0,1.0,1.0,1.0
1630680410743,1.0,1.0,1.0,1.0
1630680410821,1.0,1.0,1.0,1.0
1630680410962,1.0,1.0,1.0,1.0
1630680411056,1.0,1.0,1.0,1.0
1630680411149,1.0,1.0,1.0,1.0
1630680411243,1.0,1.0,1.0,1.0
1630680411353,1.0,1.0,1.0,1.0
1630680411462,1.0,1.0,1.0,1.0
1630680411571,1.0,1.0,1.0,1.0
1630680411681,1.0,1.0,1.0,1.0
1630680411759,1.0,1.0,1.0,1.0
1630680411884,1.0,1.0,1.0,1.0
1630680411993,1.0,1.0,1.0,1.0
1630680412040,1.0,1.0,1.0,1.0
1630680412180,1.0,1.0,1.0,1.0
1630680412290,1.0,1.0,1.0,1.0
1630680412384,1.0,1.0,1.0,1.0
1630680412449,1.0,1.0,1.0,1.0
1630680412558,1.0,1.0,1.0,1.0
1630680412637,1.0,1.0,1.0,1.0
1630680412777,1.0,1.0,1.0,1.0
1630680412886,1.0,1.0,1.0,1.0
1630680412980,1.0,1.0,1.0,1.0
1630680413043,1.0,1.0,1.0,1.0
1630680413168,1.0,1.0,1.0,1.0
1630680413261,1.0,1.0,1.0,1.0
1630680413386,1.0,1.0,1.0,1.0
1630680413498,1.0,1.0,1.0,1.0
1630680413592,1.0,1.0,1.0,1.0
1630680413670,1.0,1.0,1.0,1.0
1630680413780,1.0,1.0,1.0,1.0
1630680413858,1.0,1.0,1.0,1.0
1630680414014,1.0,1.0,1.0,1.0
1630680414092,1.0,1.0,1.0,1.0
1630680414170,1.0,1.0,1.0,1.0
1630680414279,1.0,1.0,1.0,1.0
1630680414373,1.0,1.0,1.0,1.0
1630680414482,1.0,1.0,1.0,1.0
1630680414625,1.0,1.0,1.0,1.0
1630680414719,1.0,1.0,1.0,1.0
1630680414813,1.0,1.0,1.0,1.0
1630680414875,1.0,1.0,1.0,1.0
1630680414985,2.0,1.0,1.0,2.0
1630680415094,2.0,1.0,1.0,2.0
1630680415219,1.0,1.0,1.0,1.0
1630680415344,1.0,1.0,1.0,1.0
1630680415438,1.0,1.0,1.0,1.0
1630680415500,1.0,1.0,1.0,1.0
1630680415596,1.0,1.0,1.0,1.0
1630680415705,1.0,1.0,1.0,1.0
1630680415846,1.0,1.0,1.0,1.0
1630680415924,1.0,1.0,1.0,1.0
1630680416033,1.0,1.0,1.0,1.0
1630680416143,1.0,1.0,1.0,1.0
1630680416205,1.0,1.0,1.0,1.0
1630680416330,1.0,1.0,1.0,1.0
1630680416455,1.0,1.0,1.0,1.0
1630680416550,1.0,1.0,1.0,1.0
1630680416614,1.0,1.0,1.0,1.0
1630680416708,1.0,1.0,1.0,1.0
1630680416817,1.0,1.0,1.0,1.0
1630680416942,1.0,1.0,1.0,1.0
1630680417067,1.0,1.0,1.0,1.0
1630680417130,1.0,1.0,1.0,1.0
1630680417239,1.0,1.0,1.0,1.0
1630680417333,1.0,1.0,1.0,1.0
1630680417426,1.0,1.0,1.0,1.0
1630680417520,1.0,1.0,1.0,1.0
1630680417649,1.0,1.0,1.0,1.0
1630680417758,1.0,1.0,1.0,1.0
1630680417852,1.0,1.0,1.0,1.0
1630680417945,1.0,1.0,1.0,1.0
1630680418039,1.0,1.0,1.0,1.0
1630680418133,1.0,1.0,1.0,1.0
1630680418258,1.0,1.0,1.0,1.0
1630680418383,1.0,1.0,1.0,1.0
1630680418461,1.0,1.0,1.0,1.0
1630680418555,1.0,1.0,1.0,1.0
1630680418650,1.0,1.0,1.0,1.0
1630680418744,1.0,1.0,1.0,1.0
1630680418885,1.0,1.0,1.0,1.0
1630680418994,1.0,1.0,1.0,1.0
1630680419072,1.0,1.0,1.0,1.0
1630680419150,1.0,1.0,1.0,1.0
1630680419260,1.0,1.0,1.0,1.0
1630680419338,1.0,1.0,1.0,1.0
1630680419478,1.0,1.0,1.0,1.0
1630680419572,1.0,1.0,1.0,1.0
1630680419653,1.0,1.0,1.0,1.0
1630680419762,1.0,1.0,1.0,1.0
1630680419856,1.0,1.0,1.0,1.0
1630680420013,1.0,1.0,1.0,1.0
1630680420138,1.0,1.0,1.0,1.0
1630680420200,1.0,1.0,1.0,1.0
1630680420294,1.0,1.0,1.0,1.0
1630680420404,1.0,1.0,1.0,1.0
1630680420497,1.0,1.0,1.0,1.0
1630680420607,1.0,1.0,1.0,1.0
1630680420703,1.0,1.0,1.0,1.0
1630680420812,1.0,1.0,1.0,1.0
1630680420890,1.0,1.0,1.0,1.0
1630680420999,1.0,1.0,1.0,1.0
1630680421093,1.0,1.0,1.0,1.0
1630680421171,1.0,1.0,1.0,1.0
1630680421343,1.0,1.0,1.0,1.0
1630680421406,1.0,1.0,1.0,1.0
1630680421499,1.0,1.0,1.0,1.0
1630680421609,1.0,1.0,1.0,1.0
1630680421702,1.0,1.0,1.0,1.0
1630680421796,1.0,1.0,1.0,1.0
1630680421921,1.0,1.0,1.0,1.0
1630680422015,1.0,1.0,1.0,1.0
1630680422124,1.0,1.0,1.0,1.0
1630680422202,1.0,1.0,1.0,1.0
1630680422296,1.0,1.0,1.0,1.0
1630680422405,1.0,1.0,1.0,1.0
1630680422562,1.0,1.0,1.0,1.0
1630680422624,1.0,1.0,1.0,1.0
1630680422735,1.0,1.0,1.0,1.0
1630680422815,1.0,1.0,1.0,1.0
1630680422924,1.0,1.0,1.0,1.0
1630680423018,1.0,1.0,1.0,1.0
1630680423174,1.0,1.0,1.0,1.0
1630680423268,1.0,1.0,1.0,1.0
1630680423346,1.0,1.0,1.0,1.0
1630680423471,1.0,1.0,1.0,1.0
1630680423521,1.0,1.0,1.0,1.0
1630680423630,1.0,1.0,1.0,1.0
1630680423755,1.0,1.0,1.0,1.0
1630680423864,1.0,1.0,1.0,1.0
1630680423958,1.0,1.0,1.0,1.0
1630680424067,1.0,1.0,1.0,1.0
1630680424130,1.0,1.0,1.0,1.0
1630680424239,1.0,1.0,1.0,1.0
1630680424364,1.0,1.0,1.0,1.0
1630680424458,1.0,1.0,1.0,1.0
1630680424570,1.0,1.0,1.0,1.0
1630680424664,1.0,1.0,1.0,1.0
1630680424757,1.0,1.0,1.0,1.0
1630680424836,1.0,1.0,1.0,1.0
1630680424961,1.0,1.0,1.0,1.0
1630680425070,1.0,1.0,1.0,1.0
1630680425164,1.0,1.0,1.0,1.0
1630680425257,1.0,1.0,1.0,1.0
1630680425351,1.0,1.0,1.0,1.0
1630680425461,1.0,1.0,1.0,1.0
1630680425591,1.0,1.0,1.0,1.0
1630680425687,1.0,1.0,1.0,1.0
1630680425766,1.0,1.0,1.0,1.0
1630680425858,1.0,1.0,1.0,1.0
1630680425952,1.0,1.0,1.0,1.0
1630680426062,1.0,1.0,1.0,1.0
1630680426188,1.0,1.0,1.0,1.0
1630680426293,1.0,1.0,1.0,1.0
1630680426388,1.0,1.0,1.0,1.0
1630680426448,1.0,1.0,1.0,1.0
1630680426558,1.0,1.0,1.0,1.0
1630680426653,1.0,1.0,1.0,1.0
1630680426776,1.0,1.0,1.0,1.0
1630680426901,1.0,1.0,1.0,1.0
1630680426995,1.0,1.0,1.0,1.0
1630680427074,1.0,1.0,1.0,1.0
1630680427175,1.0,1.0,1.0,1.0
1630680427284,1.0,1.0,1.0,1.0
1630680427409,1.0,1.0,1.0,1.0
1630680427503,1.0,1.0,1.0,1.0
1630680427612,1.0,1.0,1.0,1.0
1630680427709,1.0,1.0,1.0,1.0
1630680427787,1.0,1.0,1.0,1.0
1630680427880,1.0,1.0,1.0,1.0
1630680428005,1.0,1.0,1.0,1.0
1630680428115,1.0,1.0,1.0,1.0
1630680428240,1.0,1.0,1.0,1.0
1630680428318,1.0,1.0,1.0,1.0
1630680428380,1.0,1.0,1.0,1.0
1630680428521,1.0,1.0,1.0,1.0
1630680428677,1.0,1.0,1.0,1.0
1630680428708,1.0,1.0,1.0,1.0
1630680428818,1.0,1.0,1.0,1.0
1630680428911,1.0,1.0,1.0,1.0
1630680429005,1.0,1.0,1.0,1.0
1630680429114,1.0,1.0,1.0,1.0
1630680429239,1.0,1.0,1.0,1.0
1630680429333,1.0,1.0,1.0,1.0
1630680429411,1.0,1.0,1.0,1.0
1630680429508,1.0,1.0,1.0,1.0
1630680429602,1.0,1.0,1.0,1.0
1630680429711,1.0,1.0,1.0,1.0
1630680429852,1.0,1.0,1.0,1.0
1630680429945,1.0,1.0,1.0,1.0
1630680430055,1.0,1.0,1.0,1.0
1630680430144,1.0,1.0,1.0,1.0
1630680430254,1.0,1.0,1.0,1.0
1630680430316,1.0,1.0,1.0,1.0
1630680430472,1.0,1.0,1.0,1.0
1630680430537,1.0,1.0,1.0,1.0
1630680430647,1.0,1.0,1.0,1.0
1630680430740,1.0,1.0,1.0,1.0
1630680430850,1.0,1.0,1.0,1.0
1630680430912,1.0,1.0,1.0,1.0
1630680431084,1.0,1.0,1.0,1.0
1630680431178,1.0,1.0,1.0,1.0
1630680431256,1.0,1.0,1.0,1.0
1630680431350,1.0,1.0,1.0,1.0
1630680431448,1.0,1.0,1.0,1.0
1630680431549,1.0,1.0,1.0,1.0
1630680431674,1.0,1.0,1.0,1.0
1630680431783,1.0,1.0,1.0,1.0
1630680431877,1.0,1.0,1.0,1.0
1630680431971,1.0,1.0,1.0,1.0
1630680432080,1.0,1.0,1.0,1.0
1630680432143,1.0,1.0,1.0,1.0
1630680432314,1.0,1.0,1.0,1.0
1630680432377,1.0,1.0,1.0,1.0
1630680432502,1.0,1.0,1.0,1.0
1630680432583,1.0,1.0,1.0,1.0
1630680432677,1.0,1.0,1.0,1.0
1630680432755,1.0,1.0,1.0,1.0
1630680432880,1.0,1.0,1.0,1.0
1630680432974,1.0,1.0,1.0,1.0
1630680433083,1.0,1.0,1.0,1.0
1630680433208,1.0,1.0,1.0,1.0
1630680433271,1.0,1.0,1.0,1.0
1630680433349,1.0,1.0,1.0,1.0
1630680433521,1.0,1.0,1.0,1.0
1630680433599,1.0,1.0,1.0,1.0
1630680433679,1.0,1.0,1.0,1.0
1630680433789,1.0,1.0,1.0,1.0
1630680433882,1.0,1.0,1.0,1.0
1630680433976,1.0,1.0,1.0,1.0
1630680434117,1.0,1.0,1.0,1.0
1630680434211,1.0,1.0,1.0,1.0
1630680434321,1.0,1.0,1.0,1.0
1630680434383,1.0,1.0,1.0,1.0
1630680434524,1.0,1.0,1.0,1.0
1630680434587,1.0,1.0,1.0,1.0
1630680434742,1.0,1.0,1.0,1.0
1630680434805,1.0,1.0,1.0,1.0
1630680434914,1.0,1.0,1.0,1.0
1630680435008,1.0,1.0,1.0,1.0
1630680435102,1.0,1.0,1.0,1.0
1630680435180,1.0,1.0,1.0,1.0
1630680435352,1.0,1.0,1.0,1.0
1630680435445,1.0,1.0,1.0,1.0
1630680435508,1.0,1.0,1.0,1.0
1630680435617,1.0,1.0,1.0,1.0
1630680435716,1.0,1.0,1.0,1.0
1630680435810,1.0,1.0,1.0,1.0
1630680435935,1.0,1.0,1.0,1.0
1630680436044,1.0,1.0,1.0,1.0
1630680436138,1.0,1.0,1.0,1.0
1630680436216,1.0,1.0,1.0,1.0
1630680436325,1.0,1.0,1.0,1.0
1630680436403,1.0,1.0,1.0,1.0
1630680436575,1.0,1.0,1.0,1.0
1630680436669,1.0,1.0,1.0,1.0
1630680436750,2.0,1.0,1.0,2.0
1630680436828,2.0,1.0,1.0,2.0
1630680436937,2.0,1.0,1.0,2.0
1630680437015,2.0,1.0,1.0,2.0
1630680437172,2.0,1.0,1.0,2.0
1630680437265,2.0,1.0,1.0,2.0
1630680437359,2.0,1.0,1.0,2.0
1630680437437,2.0,1.0,1.0,2.0
1630680437531,2.0,1.0,1.0,2.0
1630680437625,2.0,1.0,1.0,2.0
1630680437767,2.0,1.0,1.0,2.0
1630680437861,2.0,1.0,1.0,2.0
1630680437970,2.0,1.0,1.0,2.0
1630680438033,2.0,1.0,1.0,2.0
1630680438142,2.0,1.0,1.0,2.0
1630680438236,1.0,1.0,1.0,1.0
1630680438408,1.0,1.0,1.0,1.0
1630680438470,1.0,1.0,1.0,1.0
1630680438580,1.0,1.0,1.0,1.0
1630680438658,1.0,1.0,1.0,1.0
1630680438767,1.0,1.0,1.0,1.0
1630680438861,1.0,1.0,1.0,1.0
1630680438986,1.0,1.0,1.0,1.0
1630680439080,1.0,1.0,1.0,1.0
1630680439173,1.0,1.0,1.0,1.0
1630680439251,1.0,1.0,1.0,1.0
1630680439345,1.0,1.0,1.0,1.0
1630680439455,1.0,1.0,1.0,1.0
1630680439595,1.0,1.0,1.0,1.0
1630680439689,1.0,1.0,1.0,1.0
1630680439783,1.0,1.0,1.0,1.0
1630680439876,1.0,1.0,1.0,1.0
1630680439986,1.0,1.0,1.0,1.0
1630680440064,1.0,1.0,1.0,1.0
1630680440220,1.0,1.0,1.0,1.0
1630680440329,1.0,1.0,1.0,1.0
1630680440376,1.0,1.0,1.0,1.0
1630680440501,1.0,1.0,1.0,1.0
1630680440564,1.0,1.0,1.0,1.0
1630680440673,1.0,1.0,1.0,1.0
1630680440798,1.0,1.0,1.0,1.0
1630680440892,1.0,1.0,1.0,1.0
1630680441001,1.0,1.0,1.0,1.0
1630680441095,1.0,1.0,1.0,1.0
1630680441179,1.0,1.0,1.0,1.0
1630680441288,1.0,1.0,1.0,1.0
1630680441429,1.0,1.0,1.0,1.0
1630680441507,1.0,1.0,1.0,1.0
1630680441619,1.0,1.0,1.0,1.0
1630680441697,1.0,1.0,1.0,1.0
1630680441807,1.0,1.0,1.0,1.0
1630680441900,1.0,1.0,1.0,1.0
1630680442025,1.0,1.0,1.0,1.0
1630680442119,1.0,1.0,1.0,1.0
1630680442197,1.0,1.0,1.0,1.0
1630680442306,1.0,1.0,1.0,1.0
1630680442434,1.0,1.0,1.0,1.0
1630680442528,1.0,1.0,1.0,1.0
1630680442637,1.0,1.0,1.0,1.0
1630680442747,1.0,1.0,1.0,1.0
1630680442825,1.0,1.0,1.0,1.0
1630680442934,1.0,1.0,1.0,1.0
1630680442997,1.0,1.0,1.0,1.0
1630680443106,1.0,1.0,1.0,1.0
1630680443278,1.0,1.0,1.0,1.0
1630680443340,1.0,1.0,1.0,1.0
1630680443437,1.0,1.0,1.0,1.0
1630680443546,1.0,1.0,1.0,1.0
1630680443640,1.0,1.0,1.0,1.0
1630680443718,1.0,1.0,1.0,1.0
1630680443859,1.0,1.0,1.0,1.0
1630680443968,1.0,1.0,1.0,1.0
1630680444046,1.0,1.0,1.0,1.0
1630680444140,1.0,1.0,1.0,1.0
1630680444249,1.0,1.0,1.0,1.0
1630680444327,1.0,1.0,1.0,1.0
1630680444468,1.0,1.0,1.0,1.0
1630680444578,1.0,1.0,1.0,1.0
1630680444655,1.0,1.0,1.0,1.0
1630680444796,1.0,1.0,1.0,1.0
1630680444890,1.0,1.0,1.0,1.0
1630680444921,1.0,1.0,1.0,1.0
1630680445062,1.0,1.0,1.0,1.0
1630680445202,1.0,1.0,1.0,1.0
1630680445265,1.0,1.0,1.0,1.0
1630680445343,1.0,1.0,1.0,1.0
1630680445453,1.0,1.0,1.0,1.0
1630680445562,1.0,1.0,1.0,1.0
1630680445687,1.0,1.0,1.0,1.0
1630680445811,1.0,1.0,1.0,1.0
1630680445874,1.0,1.0,1.0,1.0
1630680445983,1.0,1.0,1.0,1.0
1630680446046,1.0,1.0,1.0,1.0
1630680446155,1.0,1.0,1.0,1.0
1630680446296,1.0,1.0,1.0,1.0
1630680446390,1.0,1.0,1.0,1.0
1630680446483,1.0,1.0,1.0,1.0
1630680446595,1.0,1.0,1.0,1.0
1630680446690,1.0,1.0,1.0,1.0
1630680446753,1.0,1.0,1.0,1.0
1630680446893,1.0,1.0,1.0,1.0
1630680447003,1.0,1.0,1.0,1.0
1630680447097,1.0,1.0,1.0,1.0
1630680447175,1.0,1.0,1.0,1.0
1630680447268,1.0,1.0,1.0,1.0
1630680447378,1.0,1.0,1.0,1.0
1630680447505,1.0,1.0,1.0,1.0
1630680447614,1.0,1.0,1.0,1.0
1630680447692,1.0,1.0,1.0,1.0
1630680447802,1.0,1.0,1.0,1.0
1630680447880,1.0,1.0,1.0,1.0
1630680447989,1.0,1.0,1.0,1.0
1630680448145,1.0,1.0,1.0,1.0
1630680448239,1.0,1.0,1.0,1.0
1630680448301,1.0,1.0,1.0,1.0
1630680448413,1.0,1.0,1.0,1.0
1630680448507,1.0,1.0,1.0,1.0
1630680448601,1.0,1.0,1.0,1.0
1630680448757,1.0,1.0,1.0,1.0
1630680448851,1.0,1.0,1.0,1.0
1630680448929,1.0,1.0,1.0,1.0
1630680449007,1.0,1.0,1.0,1.0
1630680449101,1.0,1.0,1.0,1.0
1630680449229,1.0,1.0,1.0,1.0
1630680449352,1.0,1.0,1.0,1.0
1630680449441,1.0,1.0,1.0,1.0
1630680449533,1.0,1.0,1.0,1.0
1630680449624,1.0,1.0,1.0,1.0
1630680449703,1.0,1.0,1.0,1.0
1630680449795,1.0,1.0,1.0,1.0
1630680449967,1.0,1.0,1.0,1.0
1630680450029,1.0,1.0,1.0,1.0
1630680450124,1.0,1.0,1.0,1.0
1630680450217,1.0,1.0,1.0,1.0
1630680450323,1.0,1.0,1.0,1.0
1630680450447,1.0,1.0,1.0,1.0
1630680450544,1.0,1.0,1.0,1.0
1630680450653,1.0,1.0,1.0,1.0
1630680450747,1.0,1.0,1.0,1.0
1630680450841,1.0,1.0,1.0,1.0
1630680450934,1.0,1.0,1.0,1.0
1630680451047,1.0,1.0,1.0,1.0
1630680451188,1.0,1.0,1.0,1.0
1630680451297,1.0,1.0,1.0,1.0
1630680451361,1.0,1.0,1.0,1.0
1630680451446,1.0,1.0,1.0,1.0
1630680451556,1.0,1.0,1.0,1.0
1630680451654,1.0,1.0,1.0,1.0
1630680451780,1.0,1.0,1.0,1.0
1630680451921,1.0,1.0,1.0,1.0
1630680451952,1.0,1.0,1.0,1.0
1630680452048,1.0,1.0,1.0,1.0
1630680452141,1.0,1.0,1.0,1.0
1630680452266,1.0,1.0,1.0,1.0
1630680452376,1.0,1.0,1.0,1.0
1630680452454,1.0,1.0,1.0,1.0
1630680452599,1.0,1.0,1.0,1.0
1630680452724,1.0,1.0,1.0,1.0
1630680452755,1.0,1.0,1.0,1.0
1630680452833,1.0,1.0,1.0,1.0
1630680453005,1.0,1.0,1.0,1.0
1630680453145,1.0,1.0,1.0,1.0
1630680453208,1.0,1.0,1.0,1.0
1630680453302,1.0,1.0,1.0,1.0
1630680453395,1.0,1.0,1.0,1.0
1630680453473,1.0,1.0,1.0,1.0
1630680453600,1.0,1.0,1.0,1.0
1630680453709,1.0,1.0,1.0,1.0
1630680453803,1.0,1.0,1.0,1.0
1630680453912,1.0,1.0,1.0,1.0
1630680453995,1.0,1.0,1.0,1.0
1630680454088,1.0,1.0,1.0,1.0
1630680454229,1.0,1.0,1.0,1.0
1630680454354,1.0,1.0,1.0,1.0
1630680454417,1.0,1.0,1.0,1.0
1630680454526,1.0,1.0,1.0,1.0
1630680454604,1.0,1.0,1.0,1.0
1630680454715,1.0,1.0,1.0,1.0
1630680454841,1.0,1.0,1.0,1.0
1630680454934,1.0,1.0,1.0,1.0
1630680455012,1.0,1.0,1.0,1.0
1630680455090,1.0,1.0,1.0,1.0
1630680455241,1.0,1.0,1.0,1.0
1630680455304,1.0,1.0,1.0,1.0
1630680455445,1.0,1.0,1.0,1.0
1630680455538,1.0,1.0,1.0,1.0
1630680455681,1.0,1.0,1.0,1.0
1630680455697,1.0,1.0,1.0,1.0
1630680455838,1.0,1.0,1.0,1.0
1630680455916,1.0,1.0,1.0,1.0
1630680456041,1.0,1.0,1.0,1.0
1630680456134,1.0,1.0,1.0,1.0
1630680456212,1.0,1.0,1.0,1.0
1630680456322,1.0,1.0,1.0,1.0
1630680456431,1.0,1.0,1.0,1.0
1630680456541,1.0,1.0,1.0,1.0
1630680456681,1.0,1.0,1.0,1.0
1630680456759,1.0,1.0,1.0,1.0
1630680456869,1.0,1.0,1.0,1.0
1630680456947,1.0,1.0,1.0,1.0
1630680457041,1.0,1.0,1.0,1.0
1630680457119,1.0,1.0,1.0,1.0
1630680457259,1.0,1.0,1.0,1.0
1630680457353,1.0,1.0,1.0,1.0
1630680457447,1.0,1.0,1.0,1.0
1630680457560,1.0,1.0,1.0,1.0
1630680457653,1.0,1.0,1.0,1.0
1630680457763,1.0,1.0,1.0,1.0
1630680457888,1.0,1.0,1.0,1.0
1630680457997,1.0,1.0,1.0,1.0
1630680458063,1.0,1.0,1.0,1.0
1630680458157,1.0,1.0,1.0,1.0
1630680458266,1.0,1.0,1.0,1.0
1630680458360,1.0,1.0,1.0,1.0
1630680458485,1.0,1.0,1.0,1.0
1630680458594,1.0,1.0,1.0,1.0
1630680458688,1.0,1.0,1.0,1.0
1630680458750,1.0,1.0,1.0,1.0
1630680458860,1.0,1.0,1.0,1.0
1630680458953,1.0,1.0,1.0,1.0
1630680459078,1.0,1.0,1.0,1.0
1630680459188,1.0,1.0,1.0,1.0
1630680459297,1.0,1.0,1.0,1.0
1630680459360,1.0,1.0,1.0,1.0
1630680459453,1.0,1.0,1.0,1.0
1630680459563,1.0,1.0,1.0,1.0
1630680459719,1.0,1.0,1.0,1.0
1630680459797,1.0,1.0,1.0,1.0
1630680459891,1.0,1.0,1.0,1.0
1630680459987,1.0,1.0,1.0,1.0
1630680460081,1.0,1.0,1.0,1.0
1630680460189,1.0,1.0,1.0,1.0
1630680460325,1.0,1.0,1.0,1.0
1630680460389,1.0,1.0,1.0,1.0
1630680460512,1.0,1.0,1.0,1.0
1630680460591,1.0,1.0,1.0,1.0
1630680460686,1.0,1.0,1.0,1.0
1630680460781,1.0,1.0,1.0,1.0
1630680460954,1.0,1.0,1.0,1.0
1630680461012,1.0,1.0,1.0,1.0
1630680461123,1.0,1.0,1.0,1.0
1630680461216,1.0,1.0,1.0,1.0
1630680461277,1.0,1.0,1.0,1.0
1630680461387,1.0,1.0,1.0,1.0
1630680461542,1.0,1.0,1.0,1.0
1630680461637,1.0,1.0,1.0,1.0
1630680461699,1.0,1.0,1.0,1.0
1630680461793,1.0,1.0,1.0,1.0
1630680461902,1.0,1.0,1.0,1.0
1630680462014,1.0,1.0,1.0,1.0
1630680462131,1.0,1.0,1.0,1.0
1630680462209,1.0,1.0,1.0,1.0
1630680462319,1.0,1.0,1.0,1.0
1630680462412,1.0,1.0,1.0,1.0
1630680462523,1.0,1.0,1.0,1.0
1630680462613,1.0,1.0,1.0,1.0
1630680462754,1.0,1.0,1.0,1.0
1630680462861,1.0,1.0,1.0,1.0
1630680462923,1.0,1.0,1.0,1.0
1630680463048,1.0,1.0,1.0,1.0
1630680463110,1.0,1.0,1.0,1.0
1630680463212,1.0,1.0,1.0,1.0
1630680463353,1.0,1.0,1.0,1.0
1630680463464,1.0,1.0,1.0,1.0
1630680463542,1.0,1.0,1.0,1.0
1630680463667,1.0,1.0,1.0,1.0
1630680463714,1.0,1.0,1.0,1.0
1630680463823,1.0,1.0,1.0,1.0
1630680463964,1.0,1.0,1.0,1.0
1630680464058,1.0,1.0,1.0,1.0
1630680464152,1.0,1.0,1.0,1.0
1630680464245,1.0,1.0,1.0,1.0
1630680464355,1.0,1.0,1.0,1.0
1630680464435,1.0,1.0,1.0,1.0
1630680464593,1.0,1.0,1.0,1.0
1630680464687,1.0,1.0,1.0,1.0
1630680464749,1.0,1.0,1.0,1.0
1630680464859,1.0,1.0,1.0,1.0
1630680464952,1.0,1.0,1.0,1.0
1630680465062,1.0,1.0,1.0,1.0
1630680465187,1.0,1.0,1.0,1.0
1630680465296,1.0,1.0,1.0,1.0
1630680465390,1.0,1.0,1.0,1.0
1630680465452,1.0,1.0,1.0,1.0
1630680465548,1.0,1.0,1.0,1.0
1630680465657,1.0,1.0,1.0,1.0
1630680465798,1.0,1.0,1.0,1.0
1630680465892,1.0,1.0,1.0,1.0
1630680465986,1.0,1.0,1.0,1.0
1630680466079,1.0,1.0,1.0,1.0
1630680466188,1.0,1.0,1.0,1.0
1630680466267,1.0,1.0,1.0,1.0
1630680466415,1.0,1.0,1.0,1.0
1630680466508,1.0,1.0,1.0,1.0
1630680466606,1.0,1.0,1.0,1.0
1630680466669,1.0,1.0,1.0,1.0
1630680466778,1.0,1.0,1.0,1.0
1630680466903,1.0,1.0,1.0,1.0
1630680467043,1.0,1.0,1.0,1.0
1630680467106,1.0,1.0,1.0,1.0
1630680467215,1.0,1.0,1.0,1.0
1630680467309,1.0,1.0,1.0,1.0
1630680467402,1.0,1.0,1.0,1.0
1630680467480,1.0,1.0,1.0,1.0
1630680467639,1.0,1.0,1.0,1.0
1630680467717,1.0,1.0,1.0,1.0
1630680467795,1.0,1.0,1.0,1.0
1630680467904,1.0,1.0,1.0,1.0
1630680467998,1.0,1.0,1.0,1.0
1630680468108,1.0,1.0,1.0,1.0
1630680468233,1.0,1.0,1.0,1.0
1630680468311,1.0,1.0,1.0,1.0
1630680468420,1.0,1.0,1.0,1.0
1630680468529,1.0,1.0,1.0,1.0
1630680468628,1.0,1.0,1.0,1.0
1630680468722,1.0,1.0,1.0,1.0
1630680468847,1.0,1.0,1.0,1.0
1630680468925,1.0,1.0,1.0,1.0
1630680469003,1.0,1.0,1.0,1.0
1630680469144,1.0,1.0,1.0,1.0
1630680469237,1.0,1.0,1.0,1.0
1630680469316,1.0,1.0,1.0,1.0
1630680469472,1.0,1.0,1.0,1.0
1630680469550,1.0,1.0,1.0,1.0
1630680469631,1.0,1.0,1.0,1.0
1630680469740,1.0,1.0,1.0,1.0
1630680469849,1.0,1.0,1.0,1.0
1630680469974,1.0,1.0,1.0,1.0
1630680470068,1.0,1.0,1.0,1.0
1630680470146,1.0,1.0,1.0,1.0
1630680470240,1.0,1.0,1.0,1.0
1630680470333,1.0,1.0,1.0,1.0
1630680470444,1.0,1.0,1.0,1.0
1630680470522,1.0,1.0,1.0,1.0
1630680470694,1.0,1.0,1.0,1.0
1630680470788,1.0,1.0,1.0,1.0
1630680470866,1.0,1.0,1.0,1.0
1630680470960,1.0,1.0,1.0,1.0
1630680471054,1.0,1.0,1.0,1.0
1630680471147,1.0,1.0,1.0,1.0
1630680471288,1.0,1.0,1.0,1.0
1630680471397,1.0,1.0,1.0,1.0
1630680471478,1.0,1.0,1.0,1.0
1630680471603,1.0,1.0,1.0,1.0
1630680471697,1.0,1.0,1.0,1.0
1630680471759,1.0,1.0,1.0,1.0
1630680471884,1.0,1.0,1.0,1.0
1630680471994,1.0,1.0,1.0,1.0
1630680472087,1.0,1.0,1.0,1.0
1630680472197,1.0,1.0,1.0,1.0
1630680472291,1.0,1.0,1.0,1.0
1630680472353,1.0,1.0,1.0,1.0
1630680472496,1.0,1.0,1.0,1.0
1630680472621,1.0,1.0,1.0,1.0
1630680472683,1.0,1.0,1.0,1.0
1630680472793,1.0,1.0,1.0,1.0
1630680472902,2.0,1.0,1.0,2.0
1630680472996,2.0,1.0,1.0,2.0
1630680473164,2.0,1.0,1.0,2.0
1630680473226,2.0,1.0,1.0,2.0
1630680473320,1.0,1.0,1.0,1.0
1630680473429,1.0,1.0,1.0,1.0
1630680473494,1.0,1.0,1.0,1.0
1630680473589,1.0,1.0,1.0,1.0
1630680473746,1.0,1.0,1.0,1.0
1630680473876,1.0,1.0,1.0,1.0
1630680473906,1.0,1.0,1.0,1.0
1630680474018,1.0,1.0,1.0,1.0
1630680474112,1.0,1.0,1.0,1.0
1630680474191,1.0,1.0,1.0,1.0
1630680474333,1.0,1.0,1.0,1.0
1630680474412,1.0,1.0,1.0,1.0
1630680474518,1.0,1.0,1.0,1.0
1630680474613,1.0,1.0,1.0,1.0
1630680474708,1.0,1.0,1.0,1.0
1630680474786,1.0,1.0,1.0,1.0
1630680474942,1.0,1.0,1.0,1.0
1630680475052,1.0,1.0,1.0,1.0
1630680475113,1.0,1.0,1.0,1.0
1630680475222,1.0,1.0,1.0,1.0
1630680475316,1.0,1.0,1.0,1.0
1630680475412,1.0,1.0,1.0,1.0
1630680475556,1.0,1.0,1.0,1.0
1630680475668,1.0,1.0,1.0,1.0
1630680475762,1.0,1.0,1.0,1.0
1630680475825,1.0,1.0,1.0,1.0
1630680475918,1.0,1.0,1.0,1.0
1630680476012,1.0,1.0,1.0,1.0
1630680476184,1.0,1.0,1.0,1.0
1630680476262,1.0,1.0,1.0,1.0
1630680476356,1.0,1.0,1.0,1.0
1630680476465,1.0,1.0,1.0,1.0
1630680476543,1.0,1.0,1.0,1.0
1630680476639,1.0,1.0,1.0,1.0
1630680476780,1.0,1.0,1.0,1.0
1630680476874,1.0,1.0,1.0,1.0
1630680476967,1.0,1.0,1.0,1.0
1630680477030,1.0,1.0,1.0,1.0
1630680477155,1.0,1.0,1.0,1.0
1630680477280,1.0,1.0,1.0,1.0
1630680477374,1.0,1.0,1.0,1.0
1630680477467,1.0,1.0,1.0,1.0
1630680477577,1.0,1.0,1.0,1.0
1630680477689,1.0,1.0,1.0,1.0
1630680477751,1.0,1.0,1.0,1.0
1630680477892,1.0,1.0,1.0,1.0
1630680477986,1.0,1.0,1.0,1.0
1630680478079,1.0,1.0,1.0,1.0
1630680478189,1.0,1.0,1.0,1.0
1630680478298,1.0,1.0,1.0,1.0
1630680478345,1.0,1.0,1.0,1.0
1630680478462,1.0,1.0,1.0,1.0
1630680478587,1.0,1.0,1.0,1.0
1630680478696,1.0,1.0,1.0,1.0
1630680478774,1.0,1.0,1.0,1.0
1630680478883,1.0,1.0,1.0,1.0
1630680478946,1.0,1.0,1.0,1.0
1630680479086,1.0,1.0,1.0,1.0
1630680479227,1.0,1.0,1.0,1.0
1630680479289,1.0,1.0,1.0,1.0
1630680479399,1.0,1.0,1.0,1.0
1630680479483,1.0,1.0,1.0,1.0
1630680479592,1.0,1.0,1.0,1.0
1630680479686,1.0,1.0,1.0,1.0
1630680479812,1.0,1.0,1.0,1.0
1630680479927,1.0,1.0,1.0,1.0
1630680479989,1.0,1.0,1.0,1.0
1630680480099,1.0,1.0,1.0,1.0
1630680480224,1.0,1.0,1.0,1.0
1630680480286,1.0,1.0,1.0,1.0
1630680480427,1.0,1.0,1.0,1.0
1630680480507,1.0,1.0,1.0,1.0
1630680480617,1.0,1.0,1.0,1.0
1630680480710,1.0,1.0,1.0,1.0
1630680480804,1.0,1.0,1.0,1.0
1630680480913,1.0,1.0,1.0,1.0
1630680481038,1.0,1.0,1.0,1.0
1630680481179,1.0,1.0,1.0,1.0
1630680481210,1.0,1.0,1.0,1.0
1630680481335,1.0,1.0,1.0,1.0
1630680481398,1.0,1.0,1.0,1.0
1630680481510,1.0,1.0,1.0,1.0
1630680481635,1.0,1.0,1.0,1.0
1630680481760,1.0,1.0,1.0,1.0
1630680481870,1.0,1.0,1.0,1.0
1630680481932,1.0,1.0,1.0,1.0
1630680482042,1.0,1.0,1.0,1.0
1630680482104,1.0,1.0,1.0,1.0
1630680482276,1.0,1.0,1.0,1.0
1630680482338,1.0,1.0,1.0,1.0
1630680482432,1.0,1.0,1.0,1.0
1630680482533,1.0,1.0,1.0,1.0
1630680482627,1.0,1.0,1.0,1.0
1630680482705,1.0,1.0,1.0,1.0
1630680482877,1.0,1.0,1.0,1.0
1630680482971,1.0,1.0,1.0,1.0
1630680483080,1.0,1.0,1.0,1.0
1630680483143,1.0,1.0,1.0,1.0
1630680483237,1.0,1.0,1.0,1.0
1630680483346,1.0,1.0,1.0,1.0
1630680483471,1.0,1.0,1.0,1.0
1630680483564,1.0,1.0,1.0,1.0
1630680483662,1.0,1.0,1.0,1.0
1630680483740,1.0,1.0,1.0,1.0
1630680483834,1.0,1.0,1.0,1.0
1630680483943,1.0,1.0,1.0,1.0
1630680484068,1.0,1.0,1.0,1.0
1630680484178,1.0,1.0,1.0,1.0
1630680484271,1.0,1.0,1.0,1.0
1630680484380,1.0,1.0,1.0,1.0
1630680484474,1.0,1.0,1.0,1.0
1630680484537,1.0,1.0,1.0,1.0
1630680484713,1.0,1.0,1.0,1.0
1630680484806,1.0,1.0,1.0,1.0
1630680484915,1.0,1.0,1.0,1.0
1630680484962,1.0,1.0,1.0,1.0
1630680485071,1.0,1.0,1.0,1.0
1630680485181,1.0,1.0,1.0,1.0
1630680485306,1.0,1.0,1.0,1.0
1630680485431,1.0,1.0,1.0,1.0
1630680485509,1.0,1.0,1.0,1.0
1630680485603,1.0,1.0,1.0,1.0
1630680485696,1.0,1.0,1.0,1.0
1630680485775,1.0,1.0,1.0,1.0
1630680485915,1.0,1.0,1.0,1.0
1630680486009,1.0,1.0,1.0,1.0
1630680486103,1.0,1.0,1.0,1.0
1630680486212,1.0,1.0,1.0,1.0
1630680486306,1.0,1.0,1.0,1.0
1630680486368,1.0,1.0,1.0,1.0
1630680486537,1.0,1.0,1.0,1.0
1630680486599,1.0,1.0,1.0,1.0
1630680486709,1.0,1.0,1.0,1.0
1630680486802,1.0,1.0,1.0,1.0
1630680486896,1.0,1.0,1.0,1.0
1630680487005,1.0,1.0,1.0,1.0
1630680487146,1.0,1.0,1.0,1.0
1630680487208,1.0,1.0,1.0,1.0
1630680487333,1.0,1.0,1.0,1.0
1630680487396,1.0,1.0,1.0,1.0
1630680487505,1.0,1.0,1.0,1.0
1630680487608,1.0,1.0,1.0,1.0
1630680487733,1.0,1.0,1.0,1.0
1630680487842,1.0,1.0,1.0,1.0
1630680487936,1.0,1.0,1.0,1.0
1630680487998,1.0,1.0,1.0,1.0
1630680488105,1.0,1.0,1.0,1.0
1630680488214,1.0,1.0,1.0,1.0
1630680488355,1.0,1.0,1.0,1.0
1630680488433,1.0,1.0,1.0,1.0
1630680488527,1.0,1.0,1.0,1.0
1630680488642,1.0,1.0,1.0,1.0
1630680488705,1.0,1.0,1.0,1.0
1630680488830,1.0,1.0,1.0,1.0
1630680488970,1.0,1.0,1.0,1.0
1630680489033,1.0,1.0,1.0,1.0
1630680489126,1.0,1.0,1.0,1.0
1630680489236,1.0,1.0,1.0,1.0
1630680489329,1.0,1.0,1.0,1.0
1630680489439,1.0,1.0,1.0,1.0
1630680489579,1.0,1.0,1.0,1.0
1630680489658,1.0,1.0,1.0,1.0
1630680489783,1.0,1.0,1.0,1.0
1630680489876,1.0,1.0,1.0,1.0
1630680489970,1.0,1.0,1.0,1.0
1630680490032,1.0,1.0,1.0,1.0
1630680490189,1.0,1.0,1.0,1.0
1630680490282,1.0,1.0,1.0,1.0
1630680490376,1.0,1.0,1.0,1.0
1630680490501,1.0,1.0,1.0,1.0
1630680490548,1.0,1.0,1.0,1.0
1630680490642,1.0,1.0,1.0,1.0
1630680490814,1.0,1.0,1.0,1.0
1630680490860,1.0,1.0,1.0,1.0
1630680491001,1.0,1.0,1.0,1.0
1630680491079,1.0,1.0,1.0,1.0
1630680491173,1.0,1.0,1.0,1.0
1630680491267,1.0,1.0,1.0,1.0
1630680491392,1.0,1.0,1.0,1.0
1630680491485,1.0,1.0,1.0,1.0
1630680491579,1.0,1.0,1.0,1.0
1630680491660,1.0,1.0,1.0,1.0
1630680491769,1.0,1.0,1.0,1.0
1630680491894,1.0,1.0,1.0,1.0
1630680492019,2.0,1.0,1.0,2.0
1630680492097,2.0,1.0,1.0,2.0
1630680492175,2.0,1.0,1.0,2.0
1630680492300,2.0,1.0,1.0,2.0
1630680492378,2.0,1.0,1.0,2.0
1630680492456,2.0,1.0,1.0,2.0
1630680492613,2.0,1.0,1.0,2.0
1630680492725,2.0,1.0,1.0,2.0
1630680492787,1.0,1.0,1.0,1.0
1630680492865,1.0,1.0,1.0,1.0
1630680493006,1.0,1.0,1.0,1.0
1630680493099,1.0,1.0,1.0,1.0
1630680493224,1.0,1.0,1.0,1.0
1630680493318,1.0,1.0,1.0,1.0
1630680493428,1.0,1.0,1.0,1.0
1630680493521,1.0,1.0,1.0,1.0
1630680493599,1.0,1.0,1.0,1.0
1630680493696,1.0,1.0,1.0,1.0
1630680493822,1.0,1.0,1.0,1.0
1630680493915,1.0,1.0,1.0,1.0
1630680494025,1.0,1.0,1.0,1.0
1630680494103,1.0,1.0,1.0,1.0
1630680494259,1.0,1.0,1.0,1.0
1630680494290,1.0,1.0,1.0,1.0
1630680494449,1.0,1.0,1.0,1.0
1630680494543,1.0,1.0,1.0,1.0
1630680494621,1.0,1.0,1.0,1.0
1630680494715,1.0,1.0,1.0,1.0
1630680494855,1.0,1.0,1.0,1.0
1630680494918,1.0,1.0,1.0,1.0
1630680495058,1.0,1.0,1.0,1.0
1630680495152,1.0,1.0,1.0,1.0
1630680495246,1.0,1.0,1.0,1.0
1630680495308,1.0,1.0,1.0,1.0
1630680495433,1.0,1.0,1.0,1.0
1630680495527,1.0,1.0,1.0,1.0
1630680495668,1.0,1.0,1.0,1.0
1630680495746,1.0,1.0,1.0,1.0
1630680495855,1.0,1.0,1.0,1.0
1630680495964,1.0,1.0,1.0,1.0
1630680496043,1.0,1.0,1.0,1.0
1630680496136,1.0,1.0,1.0,1.0
1630680496277,1.0,1.0,1.0,1.0
1630680496355,1.0,1.0,1.0,1.0
1630680496449,1.0,1.0,1.0,1.0
1630680496527,1.0,1.0,1.0,1.0
1630680496667,1.0,1.0,1.0,1.0
1630680496730,1.0,1.0,1.0,1.0
1630680496870,1.0,1.0,1.0,1.0
1630680496964,1.0,1.0,1.0,1.0
1630680497058,1.0,1.0,1.0,1.0
1630680497167,1.0,1.0,1.0,1.0
1630680497261,1.0,1.0,1.0,1.0
1630680497339,1.0,1.0,1.0,1.0
1630680497526,1.0,1.0,1.0,1.0
1630680497591,1.0,1.0,1.0,1.0
1630680497685,1.0,1.0,1.0,1.0
1630680497779,1.0,1.0,1.0,1.0
1630680497951,1.0,1.0,1.0,1.0
1630680497966,1.0,1.0,1.0,1.0
1630680498123,1.0,1.0,1.0,1.0
1630680498185,1.0,1.0,1.0,1.0
1630680498326,1.0,1.0,1.0,1.0
1630680498388,1.0,1.0,1.0,1.0
1630680498498,1.0,1.0,1.0,1.0
1630680498576,1.0,1.0,1.0,1.0
1630680498748,1.0,1.0,1.0,1.0
1630680498795,1.0,1.0,1.0,1.0
1630680498889,1.0,1.0,1.0,1.0
1630680498998,1.0,1.0,1.0,1.0
1630680499076,1.0,1.0,1.0,1.0
1630680499188,1.0,1.0,1.0,1.0
1630680499357,1.0,1.0,1.0,1.0
1630680499419,1.0,1.0,1.0,1.0
1630680499526,1.0,1.0,1.0,1.0
1630680499578,1.0,1.0,1.0,1.0
1630680499686,1.0,1.0,1.0,1.0
1630680499781,1.0,1.0,1.0,1.0
1630680499905,1.0,1.0,1.0,1.0
1630680500013,1.0,1.0,1.0,1.0
1630680500109,1.0,1.0,1.0,1.0
1630680500217,1.0,1.0,1.0,1.0
1630680500280,1.0,1.0,1.0,1.0
1630680500404,1.0,1.0,1.0,1.0
1630680500546,1.0,1.0,1.0,1.0
1630680500608,1.0,1.0,1.0,1.0
1630680500703,1.0,1.0,1.0,1.0
1630680500829,1.0,1.0,1.0,1.0
1630680500889,1.0,1.0,1.0,1.0
1630680500999,1.0,1.0,1.0,1.0
1630680501128,1.0,1.0,1.0,1.0
1630680501222,1.0,1.0,1.0,1.0
1630680501332,1.0,1.0,1.0,1.0
1630680501425,1.0,1.0,1.0,1.0
1630680501490,1.0,1.0,1.0,1.0
1630680501629,1.0,1.0,1.0,1.0
1630680501754,1.0,1.0,1.0,1.0
1630680501879,1.0,1.0,1.0,1.0
1630680501926,1.0,1.0,1.0,1.0
1630680502036,1.0,1.0,1.0,1.0
1630680502146,1.0,1.0,1.0,1.0
1630680502230,1.0,1.0,1.0,1.0
1630680502371,1.0,1.0,1.0,1.0
1630680502486,1.0,1.0,1.0,1.0
1630680502544,1.0,1.0,1.0,1.0
1630680502653,1.0,1.0,1.0,1.0
1630680502763,1.0,1.0,1.0,1.0
1630680502810,1.0,1.0,1.0,1.0
1630680502966,1.0,1.0,1.0,1.0
1630680503066,1.0,1.0,1.0,1.0
1630680503175,1.0,1.0,1.0,1.0
1630680503269,1.0,1.0,1.0,1.0
1630680503347,1.0,1.0,1.0,1.0
1630680503440,1.0,1.0,1.0,1.0
1630680503581,1.0,1.0,1.0,1.0
1630680503690,1.0,1.0,1.0,1.0
1630680503753,1.0,1.0,1.0,1.0
1630680503862,1.0,1.0,1.0,1.0
1630680503964,1.0,1.0,1.0,1.0
1630680504042,1.0,1.0,1.0,1.0
1630680504182,1.0,1.0,1.0,1.0
1630680504308,2.0,1.0,1.0,2.0
1630680504386,2.0,1.0,1.0,2.0
1630680504495,2.0,1.0,1.0,2.0
1630680504591,2.0,1.0,1.0,2.0
1630680504685,1.0,1.0,1.0,1.0
1630680504810,1.0,1.0,1.0,1.0
1630680504904,1.0,1.0,1.0,1.0
1630680504998,1.0,1.0,1.0,1.0
1630680505075,1.0,1.0,1.0,1.0
1630680505169,1.0,1.0,1.0,1.0
1630680505263,1.0,1.0,1.0,1.0
1630680505419,1.0,1.0,1.0,1.0
1630680505528,1.0,1.0,1.0,1.0
1630680505597,1.0,1.0,1.0,1.0
1630680505690,1.0,1.0,1.0,1.0
1630680505784,1.0,1.0,1.0,1.0
1630680505878,1.0,1.0,1.0,1.0
1630680506065,1.0,1.0,1.0,1.0
1630680506128,1.0,1.0,1.0,1.0
1630680506222,1.0,1.0,1.0,1.0
1630680506284,1.0,1.0,1.0,1.0
1630680506393,1.0,1.0,1.0,1.0
1630680506487,1.0,1.0,1.0,1.0
1630680506628,1.0,1.0,1.0,1.0
1630680506722,1.0,1.0,1.0,1.0
1630680506815,1.0,1.0,1.0,1.0
1630680506909,1.0,1.0,1.0,1.0
1630680507019,1.0,1.0,1.0,1.0
1630680507096,1.0,1.0,1.0,1.0
1630680507253,1.0,1.0,1.0,1.0
1630680507346,1.0,1.0,1.0,1.0
1630680507428,1.0,1.0,1.0,1.0
1630680507521,1.0,1.0,1.0,1.0
1630680507615,1.0,1.0,1.0,1.0
1630680507724,1.0,1.0,1.0,1.0
1630680507834,1.0,1.0,1.0,1.0
1630680507943,1.0,1.0,1.0,1.0
1630680508030,1.0,1.0,1.0,1.0
1630680508139,1.0,1.0,1.0,1.0
1630680508217,1.0,1.0,1.0,1.0
1630680508327,1.0,1.0,1.0,1.0
1630680508439,1.0,1.0,1.0,1.0
1630680508563,1.0,1.0,1.0,1.0
1630680508641,1.0,1.0,1.0,1.0
1630680508719,1.0,1.0,1.0,1.0
1630680508844,1.0,1.0,1.0,1.0
1630680508938,1.0,1.0,1.0,1.0
1630680509094,1.0,1.0,1.0,1.0
1630680509157,1.0,1.0,1.0,1.0
1630680509250,1.0,1.0,1.0,1.0
1630680509360,1.0,1.0,1.0,1.0
1630680509422,1.0,1.0,1.0,1.0
1630680509534,1.0,1.0,1.0,1.0
1630680509675,1.0,1.0,1.0,1.0
1630680509769,1.0,1.0,1.0,1.0
1630680509862,1.0,1.0,1.0,1.0
1630680509972,1.0,1.0,1.0,1.0
1630680510050,1.0,1.0,1.0,1.0
1630680510191,2.0,1.0,1.0,2.0
1630680510284,2.0,1.0,1.0,2.0
1630680510409,2.0,1.0,1.0,2.0
1630680510490,2.0,1.0,1.0,2.0
1630680510600,2.0,1.0,1.0,2.0
1630680510694,2.0,1.0,1.0,2.0
1630680510756,1.0,1.0,1.0,1.0
1630680510897,1.0,1.0,1.0,1.0
1630680510990,1.0,1.0,1.0,1.0
1630680511100,1.0,1.0,1.0,1.0
1630680511193,1.0,1.0,1.0,1.0
1630680511256,1.0,1.0,1.0,1.0
1630680511365,1.0,1.0,1.0,1.0
1630680511521,1.0,1.0,1.0,1.0
1630680511619,1.0,1.0,1.0,1.0
1630680511697,1.0,1.0,1.0,1.0
1630680511791,1.0,1.0,1.0,1.0
1630680511884,1.0,1.0,1.0,1.0
1630680511978,1.0,1.0,1.0,1.0
1630680512119,1.0,1.0,1.0,1.0
1630680512228,1.0,1.0,1.0,1.0
1630680512290,1.0,1.0,1.0,1.0
1630680512400,1.0,1.0,1.0,1.0
1630680512493,1.0,1.0,1.0,1.0
1630680512588,1.0,1.0,1.0,1.0
1630680512731,1.0,1.0,1.0,1.0
1630680512809,1.0,1.0,1.0,1.0
1630680512903,1.0,1.0,1.0,1.0
1630680512996,1.0,1.0,1.0,1.0
1630680513094,1.0,1.0,1.0,1.0
1630680513173,1.0,1.0,1.0,1.0
1630680513329,1.0,1.0,1.0,1.0
1630680513438,1.0,1.0,1.0,1.0
1630680513548,1.0,1.0,1.0,1.0
1630680513610,1.0,1.0,1.0,1.0
1630680513708,1.0,1.0,1.0,1.0
1630680513833,1.0,1.0,1.0,1.0
1630680513958,1.0,1.0,1.0,1.0
1630680514052,1.0,1.0,1.0,1.0
1630680514130,1.0,1.0,1.0,1.0
1630680514224,1.0,1.0,1.0,1.0
1630680514317,1.0,1.0,1.0,1.0
1630680514427,1.0,1.0,1.0,1.0
1630680514583,1.0,1.0,1.0,1.0
1630680514614,1.0,1.0,1.0,1.0
1630680514774,1.0,1.0,1.0,1.0
1630680514852,1.0,1.0,1.0,1.0
1630680514946,1.0,1.0,1.0,1.0
1630680515008,1.0,1.0,1.0,1.0
1630680515164,1.0,1.0,1.0,1.0
1630680515274,1.0,1.0,1.0,1.0
1630680515352,1.0,1.0,1.0,1.0
1630680515430,1.0,1.0,1.0,1.0
1630680515524,1.0,1.0,1.0,1.0
1630680515617,1.0,1.0,1.0,1.0
1630680515761,1.0,1.0,1.0,1.0
1630680515855,1.0,1.0,1.0,1.0
1630680515964,1.0,1.0,1.0,1.0
1630680516058,1.0,1.0,1.0,1.0
1630680516152,1.0,1.0,1.0,1.0
1630680516246,1.0,1.0,1.0,1.0
1630680516386,1.0,1.0,1.0,1.0
1630680516464,1.0,1.0,1.0,1.0
1630680516558,1.0,1.0,1.0,1.0
1630680516703,1.0,1.0,1.0,1.0
1630680516750,1.0,1.0,1.0,1.0
1630680516859,1.0,1.0,1.0,1.0
1630680517000,1.0,1.0,1.0,1.0
1630680517093,1.0,1.0,1.0,1.0
1630680517203,1.0,1.0,1.0,1.0
1630680517265,1.0,1.0,1.0,1.0
1630680517359,1.0,1.0,1.0,1.0
1630680517453,1.0,1.0,1.0,1.0
1630680517596,1.0,1.0,1.0,1.0
1630680517690,1.0,1.0,1.0,1.0
1630680517784,1.0,1.0,1.0,1.0
1630680517893,1.0,1.0,1.0,1.0
1630680517956,1.0,1.0,1.0,1.0
1630680518065,1.0,1.0,1.0,1.0
1630680518221,1.0,1.0,1.0,1.0
1630680518299,1.0,1.0,1.0,1.0
1630680518424,1.0,1.0,1.0,1.0
1630680518487,1.0,1.0,1.0,1.0
1630680518580,1.0,1.0,1.0,1.0
1630680518721,1.0,1.0,1.0,1.0
1630680518830,1.0,1.0,1.0,1.0
1630680518924,1.0,1.0,1.0,1.0
1630680519002,1.0,1.0,1.0,1.0
1630680519096,1.0,1.0,1.0,1.0
1630680519205,1.0,1.0,1.0,1.0
1630680519284,1.0,1.0,1.0,1.0
1630680519440,1.0,1.0,1.0,1.0
1630680519518,1.0,1.0,1.0,1.0
1630680519612,1.0,1.0,1.0,1.0
1630680519705,1.0,1.0,1.0,1.0
1630680519815,1.0,1.0,1.0,1.0
1630680519908,1.0,1.0,1.0,1.0
1630680520049,1.0,1.0,1.0,1.0
1630680520143,1.0,1.0,1.0,1.0
1630680520205,1.0,1.0,1.0,1.0
1630680520314,1.0,1.0,1.0,1.0
1630680520409,1.0,1.0,1.0,1.0
1630680520502,1.0,1.0,1.0,1.0
1630680520646,1.0,1.0,1.0,1.0
1630680520740,1.0,1.0,1.0,1.0
1630680520849,1.0,1.0,1.0,1.0
1630680520943,1.0,1.0,1.0,1.0
1630680521005,1.0,1.0,1.0,1.0
1630680521115,1.0,1.0,1.0,1.0
1630680521240,1.0,1.0,1.0,1.0
1630680521365,1.0,1.0,1.0,1.0
1630680521443,2.0,1.0,1.0,2.0
1630680521536,2.0,1.0,1.0,2.0
1630680521651,2.0,1.0,1.0,2.0
1630680521698,2.0,1.0,1.0,2.0
1630680521885,2.0,1.0,1.0,2.0
1630680521963,2.0,1.0,1.0,2.0
1630680522057,1.0,1.0,1.0,1.0
1630680522166,1.0,1.0,1.0,1.0
1630680522260,1.0,1.0,1.0,1.0
1630680522369,1.0,1.0,1.0,1.0
1630680522447,1.0,1.0,1.0,1.0
1630680522557,1.0,1.0,1.0,1.0
1630680522666,1.0,1.0,1.0,1.0
1630680522794,1.0,1.0,1.0,1.0
1630680522856,1.0,1.0,1.0,1.0
1630680522919,1.0,1.0,1.0,1.0
1630680523122,1.0,1.0,1.0,1.0
1630680523153,1.0,1.0,1.0,1.0
1630680523247,1.0,1.0,1.0,1.0
1630680523372,1.0,1.0,1.0,1.0
1630680523482,1.0,1.0,1.0,1.0
1630680523544,1.0,1.0,1.0,1.0
1630680523674,1.0,1.0,1.0,1.0
1630680523782,1.0,1.0,1.0,1.0
1630680523907,1.0,1.0,1.0,1.0
1630680523970,1.0,1.0,1.0,1.0
1630680524063,1.0,1.0,1.0,1.0
1630680524157,1.0,1.0,1.0,1.0
1630680524298,1.0,1.0,1.0,1.0
1630680524391,1.0,1.0,1.0,1.0
1630680524485,1.0,1.0,1.0,1.0
1630680524594,1.0,1.0,1.0,1.0
1630680524688,1.0,1.0,1.0,1.0
1630680524769,1.0,1.0,1.0,1.0
1630680524925,1.0,1.0,1.0,1.0
1630680525004,1.0,1.0,1.0,1.0
1630680525097,1.0,1.0,1.0,1.0
1630680525191,1.0,1.0,1.0,1.0
1630680525300,1.0,1.0,1.0,1.0
1630680525394,1.0,1.0,1.0,1.0
1630680525503,1.0,1.0,1.0,1.0
1630680525613,1.0,1.0,1.0,1.0
1630680525691,1.0,1.0,1.0,1.0
1630680525785,1.0,1.0,1.0,1.0
1630680525878,1.0,1.0,1.0,1.0
1630680526003,1.0,1.0,1.0,1.0
1630680526144,1.0,1.0,1.0,1.0
1630680526191,1.0,1.0,1.0,1.0
1630680526300,1.0,1.0,1.0,1.0
1630680526425,1.0,1.0,1.0,1.0
1630680526488,1.0,1.0,1.0,1.0
1630680526585,1.0,1.0,1.0,1.0
1630680526757,1.0,1.0,1.0,1.0
1630680526835,1.0,1.0,1.0,1.0
1630680526913,1.0,1.0,1.0,1.0
1630680527022,1.0,1.0,1.0,1.0
1630680527132,1.0,1.0,1.0,1.0
1630680527226,1.0,1.0,1.0,1.0
1630680527366,1.0,1.0,1.0,1.0
1630680527429,1.0,1.0,1.0,1.0
1630680527523,1.0,1.0,1.0,1.0
1630680527619,1.0,1.0,1.0,1.0
1630680527728,1.0,1.0,1.0,1.0
1630680527837,1.0,1.0,1.0,1.0
1630680527946,1.0,1.0,1.0,1.0
1630680528056,1.0,1.0,1.0,1.0
1630680528118,1.0,1.0,1.0,1.0
1630680528228,1.0,1.0,1.0,1.0
1630680528322,1.0,1.0,1.0,1.0
1630680528419,1.0,1.0,1.0,1.0
1630680528560,1.0,1.0,1.0,1.0
1630680528669,1.0,1.0,1.0,1.0
1630680528747,1.0,1.0,1.0,1.0
1630680528856,1.0,1.0,1.0,1.0
1630680528965,1.0,1.0,1.0,1.0
1630680529059,1.0,1.0,1.0,1.0
1630680529200,1.0,1.0,1.0,1.0
1630680529262,1.0,1.0,1.0,1.0
1630680529356,1.0,1.0,1.0,1.0
1630680529453,1.0,1.0,1.0,1.0
1630680529562,1.0,1.0,1.0,1.0
1630680529625,1.0,1.0,1.0,1.0
1630680529797,1.0,1.0,1.0,1.0
1630680529891,1.0,1.0,1.0,1.0
1630680529953,1.0,1.0,1.0,1.0
1630680530047,1.0,1.0,1.0,1.0
1630680530156,1.0,1.0,1.0,1.0
1630680530266,1.0,1.0,1.0,1.0
1630680530391,1.0,1.0,1.0,1.0
1630680530487,1.0,1.0,1.0,1.0
1630680530628,1.0,1.0,1.0,1.0
1630680530659,1.0,1.0,1.0,1.0
1630680530800,1.0,1.0,1.0,1.0
1630680530862,1.0,1.0,1.0,1.0
1630680531034,1.0,1.0,1.0,1.0
1630680531096,1.0,1.0,1.0,1.0
1630680531190,1.0,1.0,1.0,1.0
1630680531284,1.0,1.0,1.0,1.0
1630680531378,1.0,1.0,1.0,1.0
1630680531521,1.0,1.0,1.0,1.0
1630680531615,1.0,1.0,1.0,1.0
1630680531708,1.0,1.0,1.0,1.0
1630680531817,1.0,1.0,1.0,1.0
1630680531911,1.0,1.0,1.0,1.0
1630680532005,1.0,1.0,1.0,1.0
1630680532067,1.0,1.0,1.0,1.0
1630680532208,1.0,1.0,1.0,1.0
1630680532302,1.0,1.0,1.0,1.0
1630680532411,1.0,1.0,1.0,1.0
1630680532505,1.0,1.0,1.0,1.0
1630680532616,1.0,1.0,1.0,1.0
1630680532710,1.0,1.0,1.0,1.0
1630680532850,1.0,1.0,1.0,1.0
1630680532897,1.0,1.0,1.0,1.0
1630680533007,1.0,1.0,1.0,1.0
1630680533116,1.0,1.0,1.0,1.0
1630680533210,1.0,1.0,1.0,1.0
1630680533319,1.0,1.0,1.0,1.0
1630680533444,1.0,1.0,1.0,1.0
1630680533540,1.0,1.0,1.0,1.0
1630680533649,1.0,1.0,1.0,1.0
1630680533712,1.0,1.0,1.0,1.0
1630680533806,1.0,1.0,1.0,1.0
1630680533899,1.0,1.0,1.0,1.0
1630680534040,1.0,1.0,1.0,1.0
1630680534149,1.0,1.0,1.0,1.0
1630680534243,1.0,1.0,1.0,1.0
1630680534352,1.0,1.0,1.0,1.0
1630680534430,1.0,1.0,1.0,1.0
1630680534515,1.0,1.0,1.0,1.0
1630680534688,1.0,1.0,1.0,1.0
1630680534753,1.0,1.0,1.0,1.0
1630680534844,1.0,1.0,1.0,1.0
1630680534939,1.0,1.0,1.0,1.0
1630680535029,1.0,1.0,1.0,1.0
1630680535170,1.0,1.0,1.0,1.0
1630680535263,1.0,1.0,1.0,1.0
1630680535373,1.0,1.0,1.0,1.0
1630680535467,1.0,1.0,1.0,1.0
1630680535529,1.0,1.0,1.0,1.0
1630680535641,1.0,1.0,1.0,1.0
1630680535734,1.0,1.0,1.0,1.0
1630680535874,1.0,1.0,1.0,1.0
1630680535968,1.0,1.0,1.0,1.0
1630680536075,1.0,1.0,1.0,1.0
1630680536153,1.0,1.0,1.0,1.0
1630680536260,1.0,1.0,1.0,1.0
1630680536343,1.0,1.0,1.0,1.0
1630680536468,1.0,1.0,1.0,1.0
1630680536577,1.0,1.0,1.0,1.0
1630680536674,1.0,1.0,1.0,1.0
1630680536767,1.0,1.0,1.0,1.0
1630680536846,1.0,1.0,1.0,1.0
1630680536970,1.0,1.0,1.0,1.0
1630680537095,1.0,1.0,1.0,1.0
1630680537193,1.0,1.0,1.0,1.0
1630680537286,1.0,1.0,1.0,1.0
1630680537396,1.0,1.0,1.0,1.0
1630680537447,1.0,1.0,1.0,1.0
1630680537556,1.0,1.0,1.0,1.0
1630680537712,1.0,1.0,1.0,1.0
1630680537806,1.0,1.0,1.0,1.0
1630680537868,1.0,1.0,1.0,1.0
1630680538010,1.0,1.0,1.0,1.0
1630680538072,1.0,1.0,1.0,1.0
1630680538182,1.0,1.0,1.0,1.0
1630680538353,1.0,1.0,1.0,1.0
1630680538449,1.0,1.0,1.0,1.0
1630680538512,1.0,1.0,1.0,1.0
1630680538621,1.0,1.0,1.0,1.0
1630680538683,1.0,1.0,1.0,1.0
1630680538793,1.0,1.0,1.0,1.0
1630680538933,1.0,1.0,1.0,1.0
1630680539058,1.0,1.0,1.0,1.0
1630680539121,1.0,1.0,1.0,1.0
1630680539227,1.0,1.0,1.0,1.0
1630680539289,1.0,1.0,1.0,1.0
1630680539399,1.0,1.0,1.0,1.0
1630680539526,1.0,1.0,1.0,1.0
1630680539620,1.0,1.0,1.0,1.0
1630680539714,1.0,1.0,1.0,1.0
1630680539807,1.0,1.0,1.0,1.0
1630680539917,1.0,1.0,1.0,1.0
1630680540010,1.0,1.0,1.0,1.0
1630680540151,1.0,1.0,1.0,1.0
1630680540213,1.0,1.0,1.0,1.0
1630680540354,1.0,1.0,1.0,1.0
1630680540401,1.0,1.0,1.0,1.0
1630680540513,1.0,1.0,1.0,1.0
1630680540622,1.0,1.0,1.0,1.0
1630680540762,1.0,1.0,1.0,1.0
1630680540841,1.0,1.0,1.0,1.0
1630680540950,1.0,1.0,1.0,1.0
1630680541044,1.0,1.0,1.0,1.0
1630680541122,1.0,1.0,1.0,1.0
1630680541231,1.0,1.0,1.0,1.0
1630680541356,1.0,1.0,1.0,1.0
1630680541465,1.0,1.0,1.0,1.0
1630680541548,1.0,1.0,1.0,1.0
1630680541626,1.0,1.0,1.0,1.0
1630680541751,1.0,1.0,1.0,1.0
1630680541829,1.0,1.0,1.0,1.0
1630680541985,1.0,1.0,1.0,1.0
1630680542048,1.0,1.0,1.0,1.0
1630680542157,1.0,1.0,1.0,1.0
1630680542266,2.0,1.0,1.0,2.0
1630680542360,2.0,1.0,1.0,2.0
1630680542438,2.0,1.0,1.0,2.0
1630680542581,2.0,1.0,1.0,2.0
1630680542659,2.0,1.0,1.0,2.0
1630680542768,2.0,1.0,1.0,2.0
1630680542862,2.0,1.0,1.0,2.0
1630680542987,2.0,1.0,1.0,2.0
1630680543065,2.0,1.0,1.0,2.0
1630680543190,2.0,1.0,1.0,2.0
1630680543295,2.0,1.0,1.0,2.0
1630680543389,2.0,1.0,1.0,2.0
1630680543467,2.0,1.0,1.0,2.0
1630680543593,2.0,1.0,1.0,2.0
1630680543657,2.0,1.0,1.0,2.0
1630680543829,2.0,1.0,1.0,2.0
1630680543907,2.0,1.0,1.0,2.0
1630680544001,2.0,1.0,1.0,2.0
1630680544095,2.0,1.0,1.0,2.0
1630680544157,2.0,1.0,1.0,2.0
1630680544266,2.0,1.0,1.0,2.0
1630680544423,2.0,1.0,1.0,2.0
1630680544532,2.0,1.0,1.0,2.0
1630680544595,1.0,1.0,1.0,1.0
1630680544704,1.0,1.0,1.0,1.0
1630680544782,1.0,1.0,1.0,1.0
1630680544907,1.0,1.0,1.0,1.0
1630680545032,1.0,1.0,1.0,1.0
1630680545095,1.0,1.0,1.0,1.0
1630680545204,1.0,1.0,1.0,1.0
1630680545298,1.0,1.0,1.0,1.0
1630680545407,1.0,1.0,1.0,1.0
1630680545501,1.0,1.0,1.0,1.0
1630680545626,1.0,1.0,1.0,1.0
1630680545735,1.0,1.0,1.0,1.0
1630680545798,1.0,1.0,1.0,1.0
1630680545938,1.0,1.0,1.0,1.0
1630680546001,1.0,1.0,1.0,1.0
1630680546094,1.0,1.0,1.0,1.0
1630680546219,1.0,1.0,1.0,1.0
1630680546329,1.0,1.0,1.0,1.0
1630680546422,1.0,1.0,1.0,1.0
1630680546532,1.0,1.0,1.0,1.0
1630680546594,1.0,1.0,1.0,1.0
1630680546704,1.0,1.0,1.0,1.0
1630680546829,1.0,1.0,1.0,1.0
1630680546954,1.0,1.0,1.0,1.0
1630680547048,1.0,1.0,1.0,1.0
1630680547157,1.0,1.0,1.0,1.0
1630680547204,1.0,1.0,1.0,1.0
1630680547313,1.0,1.0,1.0,1.0
1630680547453,1.0,1.0,1.0,1.0
1630680547580,1.0,1.0,1.0,1.0
1630680547643,1.0,1.0,1.0,1.0
1630680547752,1.0,1.0,1.0,1.0
1630680547846,1.0,1.0,1.0,1.0
1630680547915,1.0,1.0,1.0,1.0
1630680548056,1.0,1.0,1.0,1.0
1630680548149,1.0,1.0,1.0,1.0
1630680548243,1.0,1.0,1.0,1.0
1630680548353,1.0,1.0,1.0,1.0
1630680548430,1.0,1.0,1.0,1.0
1630680548543,1.0,1.0,1.0,1.0
1630680548684,1.0,1.0,1.0,1.0
1630680548762,1.0,1.0,1.0,1.0
1630680548856,1.0,1.0,1.0,1.0
1630680548949,1.0,1.0,1.0,1.0
1630680549043,1.0,1.0,1.0,1.0
1630680549137,1.0,1.0,1.0,1.0
1630680549262,1.0,1.0,1.0,1.0
1630680549387,1.0,1.0,1.0,1.0
1630680549465,1.0,1.0,1.0,1.0
1630680549576,1.0,1.0,1.0,1.0
1630680549670,1.0,1.0,1.0,1.0
1630680549764,1.0,1.0,1.0,1.0
1630680549873,1.0,1.0,1.0,1.0
1630680549973,1.0,1.0,1.0,1.0
1630680550084,1.0,1.0,1.0,1.0
1630680550177,1.0,1.0,1.0,1.0
1630680550287,1.0,1.0,1.0,1.0
1630680550348,1.0,1.0,1.0,1.0
1630680550504,1.0,1.0,1.0,1.0
1630680550596,1.0,1.0,1.0,1.0
1630680550689,1.0,1.0,1.0,1.0
1630680550784,1.0,1.0,1.0,1.0
1630680550862,1.0,1.0,1.0,1.0
1630680550989,1.0,1.0,1.0,1.0
1630680551097,1.0,1.0,1.0,1.0
1630680551174,1.0,1.0,1.0,1.0
1630680551318,1.0,1.0,1.0,1.0
1630680551405,1.0,1.0,1.0,1.0
1630680551479,1.0,1.0,1.0,1.0
1630680551558,1.0,1.0,1.0,1.0
1630680551714,1.0,1.0,1.0,1.0
1630680551808,1.0,1.0,1.0,1.0
1630680551915,1.0,1.0,1.0,1.0
1630680552009,1.0,1.0,1.0,1.0
1630680552071,1.0,1.0,1.0,1.0
1630680552181,1.0,1.0,1.0,1.0
1630680552322,1.0,1.0,1.0,1.0
1630680552431,1.0,1.0,1.0,1.0
1630680552540,1.0,1.0,1.0,1.0
1630680552587,1.0,1.0,1.0,1.0
1630680552700,1.0,1.0,1.0,1.0
1630680552797,1.0,1.0,1.0,1.0
1630680552922,1.0,1.0,1.0,1.0
1630680553032,1.0,1.0,1.0,1.0
1630680553125,1.0,1.0,1.0,1.0
1630680553219,1.0,1.0,1.0,1.0
1630680553297,1.0,1.0,1.0,1.0
1630680553441,1.0,1.0,1.0,1.0
1630680553565,1.0,1.0,1.0,1.0
1630680553643,1.0,1.0,1.0,1.0
1630680553737,1.0,1.0,1.0,1.0
1630680553831,1.0,1.0,1.0,1.0
1630680553925,1.0,1.0,1.0,1.0
1630680554034,1.0,1.0,1.0,1.0
1630680554159,1.0,1.0,1.0,1.0
1630680554268,1.0,1.0,1.0,1.0
1630680554372,1.0,1.0,1.0,1.0
1630680554420,1.0,1.0,1.0,1.0
1630680554529,1.0,1.0,1.0,1.0
1630680554637,1.0,1.0,1.0,1.0
1630680554763,1.0,1.0,1.0,1.0
1630680554873,1.0,1.0,1.0,1.0
1630680554966,1.0,1.0,1.0,1.0
1630680555060,1.0,1.0,1.0,1.0
1630680555122,1.0,1.0,1.0,1.0
1630680555232,1.0,1.0,1.0,1.0
1630680555404,1.0,1.0,1.0,1.0
1630680555482,1.0,1.0,1.0,1.0
1630680555594,1.0,1.0,1.0,1.0
1630680555640,1.0,1.0,1.0,1.0
1630680555781,1.0,1.0,1.0,1.0
1630680555843,1.0,1.0,1.0,1.0
1630680555984,1.0,1.0,1.0,1.0
1630680556078,1.0,1.0,1.0,1.0
1630680556196,1.0,1.0,1.0,1.0
1630680556290,1.0,1.0,1.0,1.0
1630680556353,1.0,1.0,1.0,1.0
1630680556478,1.0,1.0,1.0,1.0
1630680556575,1.0,1.0,1.0,1.0
1630680556669,1.0,1.0,1.0,1.0
1630680556763,1.0,1.0,1.0,1.0
1630680556903,1.0,1.0,1.0,1.0
1630680556981,1.0,1.0,1.0,1.0
1630680557059,1.0,1.0,1.0,1.0
1630680557200,1.0,1.0,1.0,1.0
1630680557309,1.0,1.0,1.0,1.0
1630680557403,1.0,1.0,1.0,1.0
1630680557450,1.0,1.0,1.0,1.0
1630680557593,2.0,1.0,1.0,2.0
1630680557686,2.0,1.0,1.0,2.0
1630680557827,2.0,1.0,1.0,2.0
1630680557889,2.0,1.0,1.0,2.0
1630680557999,2.0,1.0,1.0,2.0
1630680558109,2.0,1.0,1.0,2.0
1630680558186,2.0,1.0,1.0,2.0
1630680558280,2.0,1.0,1.0,2.0
1630680558436,2.0,1.0,1.0,2.0
1630680558499,2.0,1.0,1.0,2.0
1630680558642,2.0,1.0,1.0,2.0
1630680558704,2.0,1.0,1.0,2.0
1630680558783,2.0,1.0,1.0,2.0
1630680558876,2.0,1.0,1.0,2.0
1630680559048,2.0,1.0,1.0,2.0
1630680559111,2.0,1.0,1.0,2.0
1630680559220,2.0,1.0,1.0,2.0
1630680559314,2.0,1.0,1.0,2.0
1630680559408,2.0,1.0,1.0,2.0
1630680559548,2.0,1.0,1.0,2.0
1630680559659,2.0,1.0,1.0,2.0
1630680559721,1.0,1.0,1.0,1.0
1630680559846,1.0,1.0,1.0,1.0
1630680559940,1.0,1.0,1.0,1.0
1630680560003,1.0,1.0,1.0,1.0
1630680560128,1.0,1.0,1.0,1.0
1630680560268,1.0,1.0,1.0,1.0
1630680560362,1.0,1.0,1.0,1.0
1630680560440,1.0,1.0,1.0,1.0
1630680560518,1.0,1.0,1.0,1.0
1630680560645,1.0,1.0,1.0,1.0
1630680560739,1.0,1.0,1.0,1.0
1630680560879,1.0,1.0,1.0,1.0
1630680560926,1.0,1.0,1.0,1.0
1630680561035,1.0,1.0,1.0,1.0
1630680561129,1.0,1.0,1.0,1.0
1630680561223,1.0,1.0,1.0,1.0
1630680561317,1.0,1.0,1.0,1.0
1630680561488,1.0,1.0,1.0,1.0
1630680561551,1.0,1.0,1.0,1.0
1630680561648,1.0,1.0,1.0,1.0
1630680561741,1.0,1.0,1.0,1.0
1630680561835,1.0,1.0,1.0,1.0
1630680561929,1.0,1.0,1.0,1.0
1630680562101,1.0,1.0,1.0,1.0
1630680562163,1.0,1.0,1.0,1.0
1630680562273,1.0,1.0,1.0,1.0
1630680562366,1.0,1.0,1.0,1.0
1630680562460,1.0,1.0,1.0,1.0
1630680562538,1.0,1.0,1.0,1.0
1630680562697,1.0,1.0,1.0,1.0
1630680562791,1.0,1.0,1.0,1.0
1630680562869,1.0,1.0,1.0,1.0
1630680562962,1.0,1.0,1.0,1.0
1630680563072,1.0,1.0,1.0,1.0
1630680563134,1.0,1.0,1.0,1.0
1630680563338,1.0,1.0,1.0,1.0
1630680563400,1.0,1.0,1.0,1.0
1630680563462,1.0,1.0,1.0,1.0
1630680563572,1.0,1.0,1.0,1.0
1630680563666,1.0,1.0,1.0,1.0
1630680563762,1.0,1.0,1.0,1.0
1630680563903,1.0,1.0,1.0,1.0
1630680564028,1.0,1.0,1.0,1.0
1630680564091,1.0,1.0,1.0,1.0
1630680564215,1.0,1.0,1.0,1.0
1630680564278,1.0,1.0,1.0,1.0
1630680564372,1.0,1.0,1.0,1.0
1630680564512,1.0,1.0,1.0,1.0
1630680564606,1.0,1.0,1.0,1.0
1630680564701,1.0,1.0,1.0,1.0
1630680564796,1.0,1.0,1.0,1.0
1630680564906,1.0,1.0,1.0,1.0
1630680564999,1.0,1.0,1.0,1.0
1630680565109,1.0,1.0,1.0,1.0
1630680565218,1.0,1.0,1.0,1.0
1630680565328,1.0,1.0,1.0,1.0
1630680565375,1.0,1.0,1.0,1.0
1630680565517,1.0,1.0,1.0,1.0
1630680565611,1.0,1.0,1.0,1.0
1630680565720,1.0,1.0,1.0,1.0
1630680565830,1.0,1.0,1.0,1.0
1630680565908,1.0,1.0,1.0,1.0
1630680566017,1.0,1.0,1.0,1.0
1630680566126,1.0,1.0,1.0,1.0
1630680566220,1.0,1.0,1.0,1.0
1630680566329,1.0,1.0,1.0,1.0
1630680566439,1.0,1.0,1.0,1.0
1630680566534,1.0,1.0,1.0,1.0
1630680566643,1.0,1.0,1.0,1.0
1630680566737,1.0,1.0,1.0,1.0
1630680566800,1.0,1.0,1.0,1.0
1630680566956,1.0,1.0,1.0,1.0
1630680567034,1.0,1.0,1.0,1.0
1630680567143,1.0,1.0,1.0,1.0
1630680567237,1.0,1.0,1.0,1.0
1630680567346,1.0,1.0,1.0,1.0
1630680567440,1.0,1.0,1.0,1.0
1630680567568,1.0,1.0,1.0,1.0
1630680567678,1.0,1.0,1.0,1.0
1630680567771,1.0,1.0,1.0,1.0
1630680567834,1.0,1.0,1.0,1.0
1630680567959,1.0,1.0,1.0,1.0
1630680568021,1.0,1.0,1.0,1.0
1630680568177,1.0,1.0,1.0,1.0
1630680568256,1.0,1.0,1.0,1.0
1630680568334,1.0,1.0,1.0,1.0
1630680568459,1.0,1.0,1.0,1.0
1630680568552,1.0,1.0,1.0,1.0
1630680568663,1.0,1.0,1.0,1.0
1630680568773,1.0,1.0,1.0,1.0
1630680568882,1.0,1.0,1.0,1.0
1630680568959,1.0,1.0,1.0,1.0
1630680569114,1.0,1.0,1.0,1.0
1630680569146,1.0,1.0,1.0,1.0
1630680569254,1.0,1.0,1.0,1.0
1630680569392,1.0,1.0,1.0,1.0
1630680569482,1.0,1.0,1.0,1.0
1630680569576,1.0,1.0,1.0,1.0
1630680569674,1.0,1.0,1.0,1.0
1630680569752,1.0,1.0,1.0,1.0
1630680569846,1.0,1.0,1.0,1.0
1630680570019,1.0,1.0,1.0,1.0
1630680570095,1.0,1.0,1.0,1.0
1630680570192,1.0,1.0,1.0,1.0
1630680570285,1.0,1.0,1.0,1.0
1630680570363,1.0,1.0,1.0,1.0
1630680570457,1.0,1.0,1.0,1.0
1630680570599,1.0,1.0,1.0,1.0
1630680570692,1.0,1.0,1.0,1.0
1630680570798,1.0,1.0,1.0,1.0
1630680570876,1.0,1.0,1.0,1.0
1630680570985,1.0,1.0,1.0,1.0
1630680571063,1.0,1.0,1.0,1.0
1630680571204,1.0,1.0,1.0,1.0
1630680571344,1.0,1.0,1.0,1.0
1630680571392,1.0,1.0,1.0,1.0
1630680571499,1.0,1.0,1.0,1.0
1630680571608,1.0,1.0,1.0,1.0
1630680571686,1.0,1.0,1.0,1.0
1630680571827,1.0,1.0,1.0,1.0
1630680571905,1.0,1.0,1.0,1.0
1630680572061,1.0,1.0,1.0,1.0
1630680572092,1.0,1.0,1.0,1.0
1630680572171,1.0,1.0,1.0,1.0
1630680572295,1.0,1.0,1.0,1.0
1630680572436,1.0,1.0,1.0,1.0
1630680572514,1.0,1.0,1.0,1.0
1630680572624,1.0,1.0,1.0,1.0
1630680572702,1.0,1.0,1.0,1.0
1630680572811,1.0,1.0,1.0,1.0
1630680572889,1.0,1.0,1.0,1.0
1630680573045,1.0,1.0,1.0,1.0
1630680573139,1.0,1.0,1.0,1.0
1630680573233,1.0,1.0,1.0,1.0
1630680573311,1.0,1.0,1.0,1.0
1630680573436,1.0,1.0,1.0,1.0
1630680573498,1.0,1.0,1.0,1.0
1630680573642,1.0,1.0,1.0,1.0
1630680573752,1.0,1.0,1.0,1.0
1630680573846,1.0,1.0,1.0,1.0
1630680573924,1.0,1.0,1.0,1.0
1630680574033,1.0,1.0,1.0,1.0
1630680574158,1.0,1.0,1.0,1.0
1630680574259,1.0,1.0,1.0,1.0
1630680574353,1.0,1.0,1.0,1.0
1630680574431,1.0,1.0,1.0,1.0
1630680574543,1.0,1.0,1.0,1.0
1630680574637,1.0,1.0,1.0,1.0
1630680574747,1.0,1.0,1.0,1.0
1630680574872,1.0,1.0,1.0,1.0
1630680574965,1.0,1.0,1.0,1.0
1630680575059,1.0,1.0,1.0,1.0
1630680575137,1.0,1.0,1.0,1.0
1630680575231,1.0,1.0,1.0,1.0
1630680575325,1.0,1.0,1.0,1.0
1630680575481,1.0,1.0,1.0,1.0
1630680575577,1.0,1.0,1.0,1.0
1630680575702,1.0,1.0,1.0,1.0
1630680575780,1.0,1.0,1.0,1.0
1630680575874,1.0,1.0,1.0,1.0
1630680575968,1.0,1.0,1.0,1.0
1630680576108,1.0,1.0,1.0,1.0
1630680576171,1.0,1.0,1.0,1.0
1630680576280,1.0,1.0,1.0,1.0
1630680576358,1.0,1.0,1.0,1.0
1630680576483,1.0,1.0,1.0,1.0
1630680576577,1.0,1.0,1.0,1.0
1630680576705,1.0,1.0,1.0,1.0
1630680576814,1.0,1.0,1.0,1.0
1630680576908,1.0,1.0,1.0,1.0
1630680576970,1.0,1.0,1.0,1.0
1630680577080,1.0,1.0,1.0,1.0
1630680577173,1.0,1.0,1.0,1.0
1630680577345,1.0,1.0,1.0,1.0
1630680577408,1.0,1.0,1.0,1.0
1630680577502,1.0,1.0,1.0,1.0
1630680577595,1.0,1.0,1.0,1.0
1630680577676,1.0,1.0,1.0,1.0
1630680577769,1.0,1.0,1.0,1.0
1630680577941,1.0,1.0,1.0,1.0
1630680578081,1.0,1.0,1.0,1.0
1630680578097,1.0,1.0,1.0,1.0
1630680578206,1.0,1.0,1.0,1.0
1630680578311,1.0,1.0,1.0,1.0
1630680578405,1.0,1.0,1.0,1.0
1630680578545,1.0,1.0,1.0,1.0
1630680578640,1.0,1.0,1.0,1.0
1630680578736,1.0,1.0,1.0,1.0
1630680578798,1.0,1.0,1.0,1.0
1630680578908,1.0,1.0,1.0,1.0
1630680579001,1.0,1.0,1.0,1.0
1630680579142,1.0,1.0,1.0,1.0
1630680579235,1.0,1.0,1.0,1.0
1630680579345,1.0,1.0,1.0,1.0
1630680579438,1.0,1.0,1.0,1.0
1630680579517,1.0,1.0,1.0,1.0
1630680579610,1.0,1.0,1.0,1.0
1630680579785,1.0,1.0,1.0,1.0
1630680579863,1.0,1.0,1.0,1.0
1630680579941,1.0,1.0,1.0,1.0
1630680580051,1.0,1.0,1.0,1.0
1630680580144,1.0,1.0,1.0,1.0
1630680580207,1.0,1.0,1.0,1.0
1630680580332,1.0,1.0,1.0,1.0
1630680580475,1.0,1.0,1.0,1.0
1630680580538,1.0,1.0,1.0,1.0
1630680580632,1.0,1.0,1.0,1.0
1630680580725,1.0,1.0,1.0,1.0
1630680580819,1.0,1.0,1.0,1.0
1630680580959,1.0,1.0,1.0,1.0
1630680581069,1.0,1.0,1.0,1.0
1630680581209,1.0,1.0,1.0,1.0
1630680581241,1.0,1.0,1.0,1.0
1630680581350,1.0,1.0,1.0,1.0
1630680581428,1.0,1.0,1.0,1.0
1630680581584,1.0,1.0,1.0,1.0
1630680581694,1.0,1.0,1.0,1.0
1630680581788,1.0,1.0,1.0,1.0
1630680581897,1.0,1.0,1.0,1.0
1630680581944,1.0,1.0,1.0,1.0
1630680582053,1.0,1.0,1.0,1.0
1630680582194,1.0,1.0,1.0,1.0
1630680582287,1.0,1.0,1.0,1.0
1630680582381,1.0,1.0,1.0,1.0
1630680582459,1.0,1.0,1.0,1.0
1630680582554,1.0,1.0,1.0,1.0
1630680582633,1.0,1.0,1.0,1.0
1630680582805,1.0,1.0,1.0,1.0
1630680582914,1.0,1.0,1.0,1.0
1630680583008,1.0,1.0,1.0,1.0
1630680583070,1.0,1.0,1.0,1.0
1630680583164,1.0,1.0,1.0,1.0
1630680583273,1.0,1.0,1.0,1.0
1630680583414,1.0,1.0,1.0,1.0
1630680583508,1.0,1.0,1.0,1.0
1630680583586,1.0,1.0,1.0,1.0
1630680583729,1.0,1.0,1.0,1.0
1630680583791,1.0,1.0,1.0,1.0
1630680583885,1.0,1.0,1.0,1.0
1630680584010,1.0,1.0,1.0,1.0
1630680584104,1.0,1.0,1.0,1.0
1630680584244,1.0,1.0,1.0,1.0
1630680584307,1.0,1.0,1.0,1.0
1630680584432,1.0,1.0,1.0,1.0
1630680584478,1.0,1.0,1.0,1.0
1630680584619,1.0,1.0,1.0,1.0
1630680584731,1.0,1.0,1.0,1.0
1630680584810,1.0,1.0,1.0,1.0
1630680584888,1.0,1.0,1.0,1.0
1630680584981,1.0,1.0,1.0,1.0
1630680585075,1.0,1.0,1.0,1.0
1630680585216,1.0,1.0,1.0,1.0
1630680585325,1.0,1.0,1.0,1.0
1630680585419,1.0,1.0,1.0,1.0
1630680585513,1.0,1.0,1.0,1.0
1630680585591,1.0,1.0,1.0,1.0
1630680585719,1.0,1.0,1.0,1.0
1630680585844,1.0,1.0,1.0,1.0
1630680585937,1.0,1.0,1.0,1.0
1630680586047,1.0,1.0,1.0,1.0
1630680586141,1.0,1.0,1.0,1.0
1630680586218,1.0,1.0,1.0,1.0
1630680586328,1.0,1.0,1.0,1.0
1630680586457,1.0,1.0,1.0,1.0
1630680586549,1.0,1.0,1.0,1.0
1630680586659,1.0,1.0,1.0,1.0
1630680586721,1.0,1.0,1.0,1.0
1630680586831,1.0,1.0,1.0,1.0
1630680586924,1.0,1.0,1.0,1.0
1630680587049,1.0,1.0,1.0,1.0
1630680587159,1.0,1.0,1.0,1.0
1630680587237,1.0,1.0,1.0,1.0
1630680587346,1.0,1.0,1.0,1.0
1630680587424,1.0,1.0,1.0,1.0
1630680587534,1.0,1.0,1.0,1.0
1630680587657,1.0,1.0,1.0,1.0
1630680587780,1.0,1.0,1.0,1.0
1630680587828,1.0,1.0,1.0,1.0
1630680587955,1.0,1.0,1.0,1.0
1630680588064,1.0,1.0,1.0,1.0
1630680588127,1.0,1.0,1.0,1.0
1630680588304,1.0,1.0,1.0,1.0
1630680588362,1.0,1.0,1.0,1.0
1630680588462,1.0,1.0,1.0,1.0
1630680588575,1.0,1.0,1.0,1.0
1630680588637,1.0,1.0,1.0,1.0
1630680588731,1.0,1.0,1.0,1.0
1630680588872,1.0,1.0,1.0,1.0
1630680588981,1.0,1.0,1.0,1.0
1630680589075,1.0,1.0,1.0,1.0
1630680589184,1.0,1.0,1.0,1.0
1630680589265,1.0,1.0,1.0,1.0
1630680589343,1.0,1.0,1.0,1.0
1630680589515,1.0,1.0,1.0,1.0
1630680589612,1.0,1.0,1.0,1.0
1630680589675,1.0,1.0,1.0,1.0
1630680589784,1.0,1.0,1.0,1.0
1630680589862,1.0,1.0,1.0,1.0
1630680589972,1.0,1.0,1.0,1.0
1630680590096,1.0,1.0,1.0,1.0
1630680590206,1.0,1.0,1.0,1.0
1630680590315,1.0,1.0,1.0,1.0
1630680590378,1.0,1.0,1.0,1.0
1630680590487,1.0,1.0,1.0,1.0
1630680590565,1.0,1.0,1.0,1.0
1630680590724,1.0,1.0,1.0,1.0
1630680590833,1.0,1.0,1.0,1.0
1630680590880,1.0,1.0,1.0,1.0
1630680591005,1.0,1.0,1.0,1.0
1630680591086,1.0,1.0,1.0,1.0
1630680591196,1.0,1.0,1.0,1.0
1630680591324,1.0,1.0,1.0,1.0
1630680591417,1.0,1.0,1.0,1.0
1630680591529,1.0,1.0,1.0,1.0
1630680591589,1.0,1.0,1.0,1.0
1630680591713,1.0,1.0,1.0,1.0
1630680591790,1.0,1.0,1.0,1.0
1630680591917,1.0,1.0,1.0,1.0
1630680592009,1.0,1.0,1.0,1.0
1630680592129,1.0,1.0,1.0,1.0
1630680592207,1.0,1.0,1.0,1.0
1630680592301,1.0,1.0,1.0,1.0
1630680592394,1.0,1.0,1.0,1.0
1630680592556,1.0,1.0,1.0,1.0
1630680592651,1.0,1.0,1.0,1.0
1630680592760,1.0,1.0,1.0,1.0
1630680592823,1.0,1.0,1.0,1.0
1630680592932,1.0,1.0,1.0,1.0
1630680593017,1.0,1.0,1.0,1.0
1630680593157,1.0,1.0,1.0,1.0
1630680593220,1.0,1.0,1.0,1.0
1630680593360,1.0,1.0,1.0,1.0
1630680593441,1.0,1.0,1.0,1.0
1630680593535,1.0,1.0,1.0,1.0
1630680593629,1.0,1.0,1.0,1.0
1630680593769,1.0,1.0,1.0,1.0
1630680593847,1.0,1.0,1.0,1.0
1630680593957,1.0,1.0,1.0,1.0
1630680594066,1.0,1.0,1.0,1.0
1630680594128,1.0,1.0,1.0,1.0
1630680594222,1.0,1.0,1.0,1.0
1630680594394,1.0,1.0,1.0,1.0
1630680594456,1.0,1.0,1.0,1.0
1630680594553,1.0,1.0,1.0,1.0
1630680594678,1.0,1.0,1.0,1.0
1630680594740,1.0,1.0,1.0,1.0
1630680594850,1.0,1.0,1.0,1.0
1630680594975,1.0,1.0,1.0,1.0
1630680595084,1.0,1.0,1.0,1.0
1630680595178,1.0,1.0,1.0,1.0
1630680595287,1.0,1.0,1.0,1.0
1630680595334,1.0,1.0,1.0,1.0
1630680595443,1.0,1.0,1.0,1.0
1630680595603,1.0,1.0,1.0,1.0
1630680595681,1.0,1.0,1.0,1.0
1630680595775,1.0,1.0,1.0,1.0
1630680595868,1.0,1.0,1.0,1.0
1630680595981,1.0,1.0,1.0,1.0
1630680596075,1.0,1.0,1.0,1.0
1630680596215,1.0,1.0,1.0,1.0
1630680596309,1.0,1.0,1.0,1.0
1630680596387,1.0,1.0,1.0,1.0
1630680596481,1.0,1.0,1.0,1.0
1630680596597,1.0,1.0,1.0,1.0
1630680596660,1.0,1.0,1.0,1.0
1630680596847,1.0,1.0,1.0,1.0
1630680596910,1.0,1.0,1.0,1.0
1630680597064,1.0,1.0,1.0,1.0
1630680597096,1.0,1.0,1.0,1.0
1630680597189,1.0,1.0,1.0,1.0
1630680597283,1.0,1.0,1.0,1.0
1630680597408,1.0,1.0,1.0,1.0
1630680597517,1.0,1.0,1.0,1.0
1630680597611,1.0,1.0,1.0,1.0
1630680597705,1.0,1.0,1.0,1.0
1630680597814,1.0,1.0,1.0,1.0
1630680597892,1.0,1.0,1.0,1.0
1630680598033,1.0,1.0,1.0,1.0
1630680598127,1.0,1.0,1.0,1.0
1630680598236,1.0,1.0,1.0,1.0
1630680598330,1.0,1.0,1.0,1.0
1630680598423,1.0,1.0,1.0,1.0
1630680598486,1.0,1.0,1.0,1.0
1630680598629,1.0,1.0,1.0,1.0
1630680598738,1.0,1.0,1.0,1.0
1630680598832,1.0,1.0,1.0,1.0
1630680598926,1.0,1.0,1.0,1.0
1630680599019,1.0,1.0,1.0,1.0
1630680599098,1.0,1.0,1.0,1.0
1630680599269,1.0,1.0,1.0,1.0
1630680599366,1.0,1.0,1.0,1.0
1630680599430,1.0,1.0,1.0,1.0
1630680599524,1.0,1.0,1.0,1.0
1630680599618,1.0,1.0,1.0,1.0
1630680599727,1.0,1.0,1.0,1.0
1630680599852,1.0,1.0,1.0,1.0
1630680599961,1.0,1.0,1.0,1.0
1630680600056,1.0,1.0,1.0,1.0
1630680600156,1.0,1.0,1.0,1.0
1630680600250,1.0,1.0,1.0,1.0
1630680600313,1.0,1.0,1.0,1.0
1630680600468,1.0,1.0,1.0,1.0
1630680600548,1.0,1.0,1.0,1.0
1630680600653,1.0,1.0,1.0,1.0
1630680600731,1.0,1.0,1.0,1.0
1630680600826,1.0,1.0,1.0,1.0
1630680600951,1.0,1.0,1.0,1.0
1630680601093,1.0,1.0,1.0,1.0
1630680601187,1.0,1.0,1.0,1.0
1630680601252,1.0,1.0,1.0,1.0
1630680601346,1.0,1.0,1.0,1.0
1630680601455,1.0,1.0,1.0,1.0
1630680601551,1.0,1.0,1.0,1.0
1630680601693,1.0,1.0,1.0,1.0
1630680601755,1.0,1.0,1.0,1.0
1630680601896,1.0,1.0,1.0,1.0
1630680601958,1.0,1.0,1.0,1.0
1630680602060,1.0,1.0,1.0,1.0
1630680602162,1.0,1.0,1.0,1.0
1630680602301,1.0,1.0,1.0,1.0
1630680602396,1.0,1.0,1.0,1.0
1630680602490,1.0,1.0,1.0,1.0
1630680602568,1.0,1.0,1.0,1.0
1630680602660,1.0,1.0,1.0,1.0
1630680602756,1.0,1.0,1.0,1.0
1630680602926,1.0,1.0,1.0,1.0
1630680602999,1.0,1.0,1.0,1.0
